72650,Auxerre,,1,47.800,3.550, 212
Date (MM/DD/YYYY),Time (HH:MM),ETR (W/m^2),ETRN (W/m^2),GHI (W/m^2),GHI source,GHI uncert (%),DNI (W/m^2),DNI source,DNI uncert (%),DHI (W/m^2),DHI source,DHI uncert (%),GH illum (lx),GH illum source,Global illum uncert (%),DN illum (lx),DN illum source,DN illum uncert (%),DH illum (lx),DH illum source,DH illum uncert (%),Zenith lum (cd/m^2),Zenith lum source,Zenith lum uncert (%),TotCld (tenths),TotCld source,TotCld uncert (code),OpqCld (tenths),OpqCld source,OpqCld uncert (code),Dry-bulb (C),Dry-bulb source,Dry-bulb uncert (code),Dew-point (C),Dew-point source,Dew-point uncert (code),RHum (%),RHum source,RHum uncert (code),Pressure (mbar),Pressure source,Pressure uncert (code),Wdir (degrees),Wdir source,Wdir uncert (code),Wspd (m/s),Wspd source,Wspd uncert (code),Hvis (m),Hvis source,Hvis uncert (code),CeilHgt (m),CeilHgt source,CeilHgt uncert (code),Pwat (cm),Pwat source,Pwat uncert (code),AOD (unitless),AOD source,AOD uncert (code),Alb (unitless),Alb source,Alb uncert (code),Lprecip depth (mm),Lprecip quantity (hr),Lprecip source,Lprecip uncert (code)
01/01/2005,01:00,0,0,0,3,0,0,3,0,0,3,0,0,3,0,0,3,0,0,3,0,-9990,0,0,10,E,8,9,E,8,10.1,E,8,8.2,E,8,88,E,8,986,E,8,218,E,8,1.8,E,8,-9990,0,0,-9990,0,0,1.649,E,8,0.095,E,8,0.20,E,8,2,-9990,0,0
01/01/2005,02:00,0,0,0,3,0,0,3,0,0,3,0,0,3,0,0,3,0,0,3,0,-9990,0,0,10,E,8,9,E,8,10.4,E,8,7.0,E,8,80,E,8,986,E,8,252,E,8,1.3,E,8,-9990,0,0,-9990,0,0,1.518,E,8,0.095,E,8,0.20,E,8,0,-9990,0,0
01/01/2005,03:00,0,0,0,3,0,0,3,0,0,3,0,0,3,0,0,3,0,0,3,0,-9990,0,0,10,E,8,9,E,8,10.2,E,8,6.6,E,8,78,E,8,986,E,8,249,E,8,1.1,E,8,-9990,0,0,-9990,0,0,1.469,E,8,0.095,E,8,0.20,E,8,0,-9990,0,0
01/01/2005,04:00,0,0,0,3,0,0,3,0,0,3,0,0,3,0,0,3,0,0,3,0,-9990,0,0,10,E,8,9,E,8,10.0,E,8,6.4,E,8,78,E,8,986,E,8,265,E,8,1.4,E,8,-9990,0,0,-9990,0,0,1.451,E,8,0.095,E,8,0.20,E,8,0,-9990,0,0
01/01/2005,05:00,0,0,0,3,0,0,3,0,0,3,0,0,3,0,0,3,0,0,3,0,-9990,0,0,10,E,8,9,E,8,9.9,E,8,6.1,E,8,77,E,8,986,E,8,263,E,8,1.3,E,8,-9990,0,0,-9990,0,0,1.426,E,8,0.095,E,8,0.20,E,8,0,-9990,0,0
01/01/2005,06:00,0,0,0,3,0,0,3,0,0,3,0,0,3,0,0,3,0,0,3,0,-9990,0,0,10,E,8,9,E,8,9.8,E,8,6.3,E,8,79,E,8,986,E,8,252,E,8,1.7,E,8,-9990,0,0,-9990,0,0,1.446,E,8,0.095,E,8,0.20,E,8,0,-9990,0,0
01/01/2005,07:00,0,0,0,3,0,0,3,0,0,3,0,0,3,0,0,3,0,0,3,0,-9990,0,0,10,E,8,9,E,8,9.7,E,8,6.1,E,8,78,E,8,986,E,8,276,E,8,1.3,E,8,-9990,0,0,-9990,0,0,1.418,E,8,0.095,E,8,0.20,E,8,0,-9990,0,0
01/01/2005,08:00,0,0,0,3,0,0,3,0,0,3,0,0,3,0,0,3,0,0,3,0,-9990,0,0,10,E,8,9,E,8,9.7,E,8,5.8,E,8,77,E,8,986,E,8,237,E,8,2.1,E,8,-9990,0,0,-9990,0,0,1.389,E,8,0.095,E,8,0.20,E,8,0,-9990,0,0
01/01/2005,09:00,10,217,1,3,10,0,3,20,1,3,10,75,3,10,8,3,20,75,3,10,-9990,0,0,10,E,8,9,E,8,9.7,E,8,6.1,E,8,78,E,8,986,E,8,214,E,8,1.7,E,8,-9990,0,0,-9990,0,0,1.422,E,8,0.095,E,8,0.20,E,8,0,-9990,0,0
01/01/2005,10:00,155,1412,28,3,10,0,3,20,28,3,10,3153,3,10,0,3,20,3153,3,10,-9990,0,0,10,E,8,9,E,8,10.2,E,8,6.3,E,8,77,E,8,986,E,8,298,E,8,3.5,E,8,-9990,0,0,-9990,0,0,1.444,E,8,0.095,E,8,0.20,E,8,0,-9990,0,0
01/01/2005,11:00,308,1412,63,3,10,0,3,20,63,3,10,7151,3,10,0,3,20,7151,3,10,-9990,0,0,10,E,8,9,E,8,10.8,E,8,5.6,E,8,70,E,8,986,E,8,185,E,8,2.8,E,8,-9990,0,0,-9990,0,0,1.369,E,8,0.095,E,8,0.20,E,8,0,-9990,0,0
01/01/2005,12:00,412,1412,99,3,10,0,3,20,99,3,10,11164,3,10,0,3,20,11164,3,10,-9990,0,0,10,E,8,9,E,8,11.4,E,8,5.7,E,8,68,E,8,986,E,8,271,E,8,2.6,E,8,-9990,0,0,-9990,0,0,1.386,E,8,0.095,E,8,0.20,E,8,0,-9990,0,0
01/01/2005,13:00,460,1412,100,3,10,0,3,20,100,3,10,11411,3,10,0,3,20,11411,3,10,-9990,0,0,10,E,8,9,E,8,11.8,E,8,5.9,E,8,67,E,8,986,E,8,235,E,8,3.0,E,8,-9990,0,0,-9990,0,0,1.403,E,8,0.095,E,8,0.20,E,8,0,-9990,0,0
01/01/2005,14:00,449,1412,78,3,10,0,3,20,78,3,10,9080,3,10,0,3,20,9080,3,10,-9990,0,0,10,E,8,9,E,8,12.0,E,8,5.7,E,8,66,E,8,986,E,8,193,E,8,3.5,E,8,-9990,0,0,-9990,0,0,1.387,E,8,0.095,E,8,0.20,E,8,0,-9990,0,0
01/01/2005,15:00,379,1412,59,3,10,0,3,20,59,3,10,6862,3,10,0,3,20,6862,3,10,-9990,0,0,10,E,8,9,E,8,11.9,E,8,5.9,E,8,67,E,8,986,E,8,190,E,8,2.8,E,8,-9990,0,0,-9990,0,0,1.405,E,8,0.095,E,8,0.20,E,8,0,-9990,0,0
01/01/2005,16:00,256,1412,35,3,10,0,3,20,35,3,10,4120,3,10,0,3,20,4120,3,10,-9990,0,0,10,E,8,9,E,8,11.7,E,8,6.4,E,8,70,E,8,986,E,8,266,E,8,4.1,E,8,-9990,0,0,-9990,0,0,1.450,E,8,0.095,E,8,0.20,E,8,0,-9990,0,0
01/01/2005,17:00,83,665,4,3,10,0,3,20,4,3,10,526,3,10,9,3,20,525,3,10,-9990,0,0,10,E,8,9,E,8,11.4,E,8,6.6,E,8,72,E,8,986,E,8,126,E,8,3.0,E,8,-9990,0,0,-9990,0,0,1.471,E,8,0.095,E,8,0.20,E,8,0,-9990,0,0
01/01/2005,18:00,0,0,0,3,0,0,3,0,0,3,0,0,3,0,0,3,0,0,3,0,-9990,0,0,10,E,8,9,E,8,11.0,E,8,8.2,E,8,83,E,8,986,E,8,245,E,8,3.5,E,8,-9990,0,0,-9990,0,0,1.645,E,8,0.095,E,8,0.20,E,8,0,-9990,0,0
01/01/2005,19:00,0,0,0,3,0,0,3,0,0,3,0,0,3,0,0,3,0,0,3,0,-9990,0,0,10,E,8,9,E,8,10.5,E,8,7.7,E,8,83,E,8,986,E,8,187,E,8,2.6,E,8,-9990,0,0,-9990,0,0,1.595,E,8,0.095,E,8,0.20,E,8,1,-9990,0,0
01/01/2005,20:00,0,0,0,3,0,0,3,0,0,3,0,0,3,0,0,3,0,0,3,0,-9990,0,0,10,E,8,9,E,8,10.3,E,8,7.6,E,8,83,E,8,985,E,8,236,E,8,2.6,E,8,-9990,0,0,-9990,0,0,1.576,E,8,0.095,E,8,0.20,E,8,0,-9990,0,0
01/01/2005,21:00,0,0,0,3,0,0,3,0,0,3,0,0,3,0,0,3,0,0,3,0,-9990,0,0,10,E,8,9,E,8,9.9,E,8,7.2,E,8,83,E,8,985,E,8,249,E,8,2.8,E,8,-9990,0,0,-9990,0,0,1.532,E,8,0.095,E,8,0.20,E,8,1,-9990,0,0
01/01/2005,22:00,0,0,0,3,0,0,3,0,0,3,0,0,3,0,0,3,0,0,3,0,-9990,0,0,10,E,8,9,E,8,9.6,E,8,6.9,E,8,83,E,8,985,E,8,210,E,8,1.8,E,8,-9990,0,0,-9990,0,0,1.505,E,8,0.095,E,8,0.20,E,8,0,-9990,0,0
01/01/2005,23:00,0,0,0,3,0,0,3,0,0,3,0,0,3,0,0,3,0,0,3,0,-9990,0,0,10,E,8,9,E,8,9.4,E,8,7.3,E,8,87,E,8,985,E,8,265,E,8,1.3,E,8,-9990,0,0,-9990,0,0,1.542,E,8,0.095,E,8,0.20,E,8,0,-9990,0,0
01/01/2005,24:00,0,0,0,3,0,0,3,0,0,3,0,0,3,0,0,3,0,0,3,0,-9990,0,0,10,E,8,9,E,8,9.0,E,8,6.9,E,8,87,E,8,985,E,8,216,E,8,1.2,E,8,-9990,0,0,-9990,0,0,1.508,E,8,0.095,E,8,0.20,E,8,0,-9990,0,0
01/02/2005,01:00,0,0,0,3,0,0,3,0,0,3,0,0,3,0,0,3,0,0,3,0,-9990,0,0,10,E,8,9,E,8,8.5,E,8,5.8,E,8,83,E,8,985,E,8,247,E,8,1.3,E,8,-9990,0,0,-9990,0,0,1.392,E,8,0.088,E,8,0.20,E,8,0,-9990,0,0
01/02/2005,02:00,0,0,0,3,0,0,3,0,0,3,0,0,3,0,0,3,0,0,3,0,-9990,0,0,10,E,8,9,E,8,7.8,E,8,5.7,E,8,87,E,8,985,E,8,220,E,8,2.6,E,8,-9990,0,0,-9990,0,0,1.387,E,8,0.088,E,8,0.20,E,8,1,-9990,0,0
01/02/2005,03:00,0,0,0,3,0,0,3,0,0,3,0,0,3,0,0,3,0,0,3,0,-9990,0,0,10,E,8,9,E,8,7.4,E,8,4.8,E,8,83,E,8,985,E,8,235,E,8,3.9,E,8,-9990,0,0,-9990,0,0,1.295,E,8,0.088,E,8,0.20,E,8,0,-9990,0,0
01/02/2005,04:00,0,0,0,3,0,0,3,0,0,3,0,0,3,0,0,3,0,0,3,0,-9990,0,0,10,E,8,9,E,8,7.2,E,8,5.2,E,8,87,E,8,985,E,8,110,E,8,3.5,E,8,-9990,0,0,-9990,0,0,1.332,E,8,0.088,E,8,0.20,E,8,0,-9990,0,0
01/02/2005,05:00,0,0,0,3,0,0,3,0,0,3,0,0,3,0,0,3,0,0,3,0,-9990,0,0,10,E,8,9,E,8,6.9,E,8,4.9,E,8,87,E,8,985,E,8,187,E,8,4.1,E,8,-9990,0,0,-9990,0,0,1.306,E,8,0.088,E,8,0.20,E,8,0,-9990,0,0
01/02/2005,06:00,0,0,0,3,0,0,3,0,0,3,0,0,3,0,0,3,0,0,3,0,-9990,0,0,10,E,8,9,E,8,6.6,E,8,4.6,E,8,87,E,8,985,E,8,125,E,8,3.3,E,8,-9990,0,0,-9990,0,0,1.281,E,8,0.088,E,8,0.20,E,8,0,-9990,0,0
01/02/2005,07:00,0,0,0,3,0,0,3,0,0,3,0,0,3,0,0,3,0,0,3,0,-9990,0,0,10,E,8,9,E,8,6.4,E,8,4.4,E,8,87,E,8,985,E,8,187,E,8,3.7,E,8,-9990,0,0,-9990,0,0,1.264,E,8,0.088,E,8,0.20,E,8,0,-9990,0,0
01/02/2005,08:00,0,0,0,3,0,0,3,0,0,3,0,0,3,0,0,3,0,0,3,0,-9990,0,0,10,E,8,9,E,8,6.2,E,8,4.2,E,8,87,E,8,985,E,8,164,E,8,2.1,E,8,-9990,0,0,-9990,0,0,1.244,E,8,0.088,E,8,0.20,E,8,0,-9990,0,0
01/02/2005,09:00,10,217,1,3,10,0,3,20,1,3,10,79,3,10,8,3,20,79,3,10,-9990,0,0,10,E,8,9,E,8,6.2,E,8,4.2,E,8,87,E,8,985,E,8,219,E,8,2.4,E,8,-9990,0,0,-9990,0,0,1.241,E,8,0.088,E,8,0.20,E,8,0,-9990,0,0
01/02/2005,10:00,155,1412,26,3,10,0,3,20,26,3,10,2937,3,10,0,3,20,2937,3,10,-9990,0,0,10,E,8,9,E,8,6.4,E,8,4.4,E,8,87,E,8,985,E,8,226,E,8,2.2,E,8,-9990,0,0,-9990,0,0,1.262,E,8,0.088,E,8,0.20,E,8,0,-9990,0,0
01/02/2005,11:00,309,1412,60,3,10,0,3,20,60,3,10,6827,3,10,0,3,20,6827,3,10,-9990,0,0,10,E,8,9,E,8,6.7,E,8,4.1,E,8,83,E,8,985,E,8,192,E,8,2.6,E,8,-9990,0,0,-9990,0,0,1.234,E,8,0.088,E,8,0.20,E,8,0,-9990,0,0
01/02/2005,12:00,413,1412,79,3,10,0,3,20,79,3,10,9075,3,10,0,3,20,9075,3,10,-9990,0,0,10,E,8,9,E,8,7.0,E,8,4.4,E,8,83,E,8,985,E,8,256,E,8,1.8,E,8,-9990,0,0,-9990,0,0,1.260,E,8,0.088,E,8,0.20,E,8,0,-9990,0,0
01/02/2005,13:00,462,1412,61,3,10,0,3,20,61,3,10,7233,3,10,0,3,20,7233,3,10,-9990,0,0,10,E,8,9,E,8,7.0,E,8,4.4,E,8,83,E,8,985,E,8,266,E,8,2.8,E,8,-9990,0,0,-9990,0,0,1.258,E,8,0.088,E,8,0.20,E,8,0,-9990,0,0
01/02/2005,14:00,451,1412,61,3,10,0,3,20,61,3,10,7237,3,10,0,3,20,7237,3,10,-9990,0,0,10,E,8,9,E,8,7.0,E,8,3.5,E,8,78,E,8,985,E,8,241,E,8,3.3,E,8,-9990,0,0,-9990,0,0,1.183,E,8,0.088,E,8,0.20,E,8,0,-9990,0,0
01/02/2005,15:00,382,1412,59,3,10,0,3,20,59,3,10,6877,3,10,0,3,20,6877,3,10,-9990,0,0,10,E,8,9,E,8,7.0,E,8,4.0,E,8,81,E,8,985,E,8,195,E,8,2.2,E,8,-9990,0,0,-9990,0,0,1.230,E,8,0.088,E,8,0.20,E,8,0,-9990,0,0
01/02/2005,16:00,259,1412,40,3,10,0,3,20,40,3,10,4603,3,10,0,3,20,4603,3,10,-9990,0,0,10,E,8,9,E,8,6.9,E,8,4.2,E,8,83,E,8,985,E,8,202,E,8,3.0,E,8,-9990,0,0,-9990,0,0,1.244,E,8,0.088,E,8,0.20,E,8,0,-9990,0,0
01/02/2005,17:00,86,677,9,3,10,0,3,20,9,3,10,1132,3,10,6,3,20,1132,3,10,-9990,0,0,10,E,8,9,E,8,6.7,E,8,4.2,E,8,84,E,8,985,E,8,246,E,8,2.2,E,8,-9990,0,0,-9990,0,0,1.243,E,8,0.088,E,8,0.20,E,8,0,-9990,0,0
01/02/2005,18:00,0,0,0,3,0,0,3,0,0,3,0,0,3,0,0,3,0,0,3,0,-9990,0,0,10,E,8,9,E,8,6.3,E,8,5.2,E,8,92,E,8,985,E,8,231,E,8,2.6,E,8,-9990,0,0,-9990,0,0,1.333,E,8,0.088,E,8,0.20,E,8,0,-9990,0,0
01/02/2005,19:00,0,0,0,3,0,0,3,0,0,3,0,0,3,0,0,3,0,0,3,0,-9990,0,0,10,E,8,9,E,8,6.0,E,8,4.2,E,8,88,E,8,986,E,8,242,E,8,1.6,E,8,-9990,0,0,-9990,0,0,1.243,E,8,0.088,E,8,0.20,E,8,0,-9990,0,0
01/02/2005,20:00,0,0,0,3,0,0,3,0,0,3,0,0,3,0,0,3,0,0,3,0,-9990,0,0,10,E,8,9,E,8,5.7,E,8,4.2,E,8,90,E,8,986,E,8,258,E,8,1.1,E,8,-9990,0,0,-9990,0,0,1.246,E,8,0.088,E,8,0.20,E,8,0,-9990,0,0
01/02/2005,21:00,0,0,0,3,0,0,3,0,0,3,0,0,3,0,0,3,0,0,3,0,-9990,0,0,10,E,8,9,E,8,5.4,E,8,5.2,E,8,98,E,8,986,E,8,243,E,8,0.8,E,8,-9990,0,0,-9990,0,0,1.332,E,8,0.088,E,8,0.20,E,8,0,-9990,0,0
01/02/2005,22:00,0,0,0,3,0,0,3,0,0,3,0,0,3,0,0,3,0,0,3,0,-9990,0,0,10,E,8,9,E,8,5.1,E,8,4.9,E,8,98,E,8,986,E,8,245,E,8,0.6,E,8,-9990,0,0,-9990,0,0,1.303,E,8,0.088,E,8,0.20,E,8,0,-9990,0,0
01/02/2005,23:00,0,0,0,3,0,0,3,0,0,3,0,0,3,0,0,3,0,0,3,0,-9990,0,0,10,E,8,9,E,8,4.7,E,8,4.2,E,8,97,E,8,986,E,8,267,E,8,0.4,E,8,-9990,0,0,-9990,0,0,1.247,E,8,0.088,E,8,0.20,E,8,1,-9990,0,0
01/02/2005,24:00,0,0,0,3,0,0,3,0,0,3,0,0,3,0,0,3,0,0,3,0,-9990,0,0,10,E,8,9,E,8,4.0,E,8,3.7,E,8,98,E,8,986,E,8,323,E,8,0.2,E,8,-9990,0,0,-9990,0,0,1.202,E,8,0.088,E,8,0.20,E,8,3,-9990,0,0
01/03/2005,01:00,0,0,0,3,0,0,3,0,0,3,0,0,3,0,0,3,0,0,3,0,-9990,0,0,10,E,8,9,E,8,4.4,E,8,4.1,E,8,98,E,8,986,E,8,299,E,8,0.2,E,8,-9990,0,0,-9990,0,0,1.238,E,8,0.084,E,8,0.20,E,8,0,-9990,0,0
01/03/2005,02:00,0,0,0,3,0,0,3,0,0,3,0,0,3,0,0,3,0,0,3,0,-9990,0,0,10,E,8,9,E,8,4.3,E,8,4.1,E,8,98,E,8,986,E,8,305,E,8,0.2,E,8,-9990,0,0,-9990,0,0,1.232,E,8,0.084,E,8,0.20,E,8,0,-9990,0,0
01/03/2005,03:00,0,0,0,3,0,0,3,0,0,3,0,0,3,0,0,3,0,0,3,0,-9990,0,0,10,E,8,9,E,8,4.2,E,8,4.0,E,8,98,E,8,987,E,8,302,E,8,0.3,E,8,-9990,0,0,-9990,0,0,1.227,E,8,0.084,E,8,0.20,E,8,0,-9990,0,0
01/03/2005,04:00,0,0,0,3,0,0,3,0,0,3,0,0,3,0,0,3,0,0,3,0,-9990,0,0,10,E,8,9,E,8,4.2,E,8,4.0,E,8,98,E,8,987,E,8,306,E,8,0.2,E,8,-9990,0,0,-9990,0,0,1.226,E,8,0.084,E,8,0.20,E,8,0,-9990,0,0
01/03/2005,05:00,0,0,0,3,0,0,3,0,0,3,0,0,3,0,0,3,0,0,3,0,-9990,0,0,10,E,8,9,E,8,4.2,E,8,4.0,E,8,98,E,8,987,E,8,309,E,8,0.3,E,8,-9990,0,0,-9990,0,0,1.225,E,8,0.084,E,8,0.20,E,8,0,-9990,0,0
01/03/2005,06:00,0,0,0,3,0,0,3,0,0,3,0,0,3,0,0,3,0,0,3,0,-9990,0,0,10,E,8,9,E,8,4.2,E,8,4.0,E,8,98,E,8,987,E,8,306,E,8,0.3,E,8,-9990,0,0,-9990,0,0,1.224,E,8,0.084,E,8,0.20,E,8,0,-9990,0,0
01/03/2005,07:00,0,0,0,3,0,0,3,0,0,3,0,0,3,0,0,3,0,0,3,0,-9990,0,0,10,E,8,9,E,8,4.2,E,8,4.0,E,8,98,E,8,987,E,8,308,E,8,0.4,E,8,-9990,0,0,-9990,0,0,1.225,E,8,0.084,E,8,0.20,E,8,0,-9990,0,0
01/03/2005,08:00,0,0,0,3,0,0,3,0,0,3,0,0,3,0,0,3,0,0,3,0,-9990,0,0,10,E,8,9,E,8,4.2,E,8,4.0,E,8,98,E,8,987,E,8,300,E,8,0.4,E,8,-9990,0,0,-9990,0,0,1.225,E,8,0.084,E,8,0.20,E,8,0,-9990,0,0
01/03/2005,09:00,10,218,0,3,10,0,3,20,0,3,10,71,3,10,7,3,20,70,3,10,-9990,0,0,10,E,8,9,E,8,4.3,E,8,4.0,E,8,98,E,8,987,E,8,306,E,8,0.6,E,8,-9990,0,0,-9990,0,0,1.231,E,8,0.084,E,8,0.20,E,8,0,-9990,0,0
01/03/2005,10:00,156,1412,34,3,10,0,3,20,34,3,10,3815,3,10,0,3,20,3815,3,10,-9990,0,0,10,E,8,9,E,8,5.1,E,8,4.9,E,8,98,E,8,987,E,8,282,E,8,0.7,E,8,-9990,0,0,-9990,0,0,1.304,E,8,0.084,E,8,0.20,E,8,0,-9990,0,0
01/03/2005,11:00,310,1412,23,3,10,0,3,20,23,3,10,2828,3,10,0,3,20,2828,3,10,-9990,0,0,10,E,8,9,E,8,5.3,E,8,4.4,E,8,94,E,8,987,E,8,238,E,8,1.3,E,8,-9990,0,0,-9990,0,0,1.263,E,8,0.084,E,8,0.20,E,8,0,-9990,0,0
01/03/2005,12:00,415,1412,81,3,10,0,3,20,81,3,10,9281,3,10,0,3,20,9281,3,10,-9990,0,0,10,E,8,9,E,8,6.0,E,8,4.6,E,8,91,E,8,988,E,8,250,E,8,1.4,E,8,-9990,0,0,-9990,0,0,1.281,E,8,0.084,E,8,0.20,E,8,0,-9990,0,0
01/03/2005,13:00,464,1412,154,3,10,55,3,20,136,3,10,17091,3,10,4766,3,20,15526,3,10,-9990,0,0,10,E,8,9,E,8,7.2,E,8,5.0,E,8,86,E,8,988,E,8,270,E,8,1.8,E,8,-9990,0,0,-9990,0,0,1.319,E,8,0.084,E,8,0.20,E,8,0,-9990,0,0
01/03/2005,14:00,453,1412,137,3,10,37,3,20,125,3,10,15144,3,10,2760,3,20,14257,3,10,-9990,0,0,10,E,8,9,E,8,7.9,E,8,5.6,E,8,85,E,8,988,E,8,194,E,8,1.6,E,8,-9990,0,0,-9990,0,0,1.369,E,8,0.084,E,8,0.20,E,8,0,-9990,0,0
01/03/2005,15:00,384,1412,253,3,10,482,3,20,122,3,10,25986,3,10,34346,3,20,16631,3,10,-9990,0,0,5,E,8,4,E,8,9.1,E,8,5.7,E,8,79,E,8,988,E,8,280,E,8,0.9,E,8,-9990,0,0,-9990,0,0,1.386,E,8,0.084,E,8,0.20,E,8,0,-9990,0,0
01/03/2005,16:00,262,1412,80,3,10,50,3,20,71,3,10,8816,3,10,4121,3,20,8052,3,10,-9990,0,0,10,E,8,9,E,8,9.0,E,8,5.0,E,8,76,E,8,988,E,8,249,E,8,1.3,E,8,-9990,0,0,-9990,0,0,1.313,E,8,0.084,E,8,0.20,E,8,0,-9990,0,0
01/03/2005,17:00,89,689,11,3,10,0,3,20,11,3,10,1349,3,10,3,3,20,1348,3,10,-9990,0,0,10,E,8,9,E,8,8.3,E,8,4.8,E,8,79,E,8,987,E,8,277,E,8,2.6,E,8,-9990,0,0,-9990,0,0,1.297,E,8,0.084,E,8,0.20,E,8,0,-9990,0,0
01/03/2005,18:00,0,0,0,3,0,0,3,0,0,3,0,0,3,0,0,3,0,0,3,0,-9990,0,0,10,E,8,9,E,8,7.9,E,8,4.9,E,8,81,E,8,987,E,8,249,E,8,4.4,E,8,-9990,0,0,-9990,0,0,1.311,E,8,0.084,E,8,0.20,E,8,0,-9990,0,0
01/03/2005,19:00,0,0,0,3,0,0,3,0,0,3,0,0,3,0,0,3,0,0,3,0,-9990,0,0,10,E,8,9,E,8,7.6,E,8,5.3,E,8,85,E,8,987,E,8,75,E,8,4.1,E,8,-9990,0,0,-9990,0,0,1.343,E,8,0.084,E,8,0.20,E,8,0,-9990,0,0
01/03/2005,20:00,0,0,0,3,0,0,3,0,0,3,0,0,3,0,0,3,0,0,3,0,-9990,0,0,10,E,8,9,E,8,7.3,E,8,4.8,E,8,84,E,8,987,E,8,67,E,8,3.0,E,8,-9990,0,0,-9990,0,0,1.303,E,8,0.084,E,8,0.20,E,8,0,-9990,0,0
01/03/2005,21:00,0,0,0,3,0,0,3,0,0,3,0,0,3,0,0,3,0,0,3,0,-9990,0,0,10,E,8,9,E,8,6.9,E,8,5.0,E,8,87,E,8,987,E,8,194,E,8,3.0,E,8,-9990,0,0,-9990,0,0,1.318,E,8,0.084,E,8,0.20,E,8,0,-9990,0,0
01/03/2005,22:00,0,0,0,3,0,0,3,0,0,3,0,0,3,0,0,3,0,0,3,0,-9990,0,0,10,E,8,9,E,8,6.6,E,8,5.1,E,8,90,E,8,987,E,8,223,E,8,3.5,E,8,-9990,0,0,-9990,0,0,1.325,E,8,0.084,E,8,0.20,E,8,0,-9990,0,0
01/03/2005,23:00,0,0,0,3,0,0,3,0,0,3,0,0,3,0,0,3,0,0,3,0,-9990,0,0,10,E,8,9,E,8,6.3,E,8,5.0,E,8,92,E,8,987,E,8,175,E,8,3.3,E,8,-9990,0,0,-9990,0,0,1.320,E,8,0.084,E,8,0.20,E,8,0,-9990,0,0
01/03/2005,24:00,0,0,0,3,0,0,3,0,0,3,0,0,3,0,0,3,0,0,3,0,-9990,0,0,10,E,8,9,E,8,5.9,E,8,5.4,E,8,96,E,8,987,E,8,160,E,8,3.3,E,8,-9990,0,0,-9990,0,0,1.352,E,8,0.084,E,8,0.20,E,8,0,-9990,0,0
01/04/2005,01:00,0,0,0,3,0,0,3,0,0,3,0,0,3,0,0,3,0,0,3,0,-9990,0,0,10,E,8,9,E,8,5.4,E,8,4.8,E,8,96,E,8,987,E,8,188,E,8,3.0,E,8,-9990,0,0,-9990,0,0,1.299,E,8,0.087,E,8,0.20,E,8,0,-9990,0,0
01/04/2005,02:00,0,0,0,3,0,0,3,0,0,3,0,0,3,0,0,3,0,0,3,0,-9990,0,0,10,E,8,9,E,8,4.9,E,8,4.4,E,8,97,E,8,987,E,8,195,E,8,3.0,E,8,-9990,0,0,-9990,0,0,1.262,E,8,0.087,E,8,0.20,E,8,0,-9990,0,0
01/04/2005,03:00,0,0,0,3,0,0,3,0,0,3,0,0,3,0,0,3,0,0,3,0,-9990,0,0,10,E,8,9,E,8,4.3,E,8,3.6,E,8,95,E,8,987,E,8,212,E,8,3.7,E,8,-9990,0,0,-9990,0,0,1.197,E,8,0.087,E,8,0.20,E,8,0,-9990,0,0
01/04/2005,04:00,0,0,0,3,0,0,3,0,0,3,0,0,3,0,0,3,0,0,3,0,-9990,0,0,10,E,8,9,E,8,3.9,E,8,2.9,E,8,94,E,8,987,E,8,153,E,8,4.1,E,8,-9990,0,0,-9990,0,0,1.140,E,8,0.087,E,8,0.20,E,8,1,-9990,0,0
01/04/2005,05:00,0,0,0,3,0,0,3,0,0,3,0,0,3,0,0,3,0,0,3,0,-9990,0,0,10,E,8,9,E,8,3.7,E,8,3.5,E,8,98,E,8,987,E,8,77,E,8,5.3,E,8,-9990,0,0,-9990,0,0,1.185,E,8,0.087,E,8,0.20,E,8,0,-9990,0,0
01/04/2005,06:00,0,0,0,3,0,0,3,0,0,3,0,0,3,0,0,3,0,0,3,0,-9990,0,0,10,E,8,9,E,8,3.4,E,8,3.2,E,8,98,E,8,987,E,8,65,E,8,3.7,E,8,-9990,0,0,-9990,0,0,1.160,E,8,0.087,E,8,0.20,E,8,0,-9990,0,0
01/04/2005,07:00,0,0,0,3,0,0,3,0,0,3,0,0,3,0,0,3,0,0,3,0,-9990,0,0,10,E,8,9,E,8,3.2,E,8,3.0,E,8,98,E,8,987,E,8,168,E,8,2.4,E,8,-9990,0,0,-9990,0,0,1.143,E,8,0.087,E,8,0.20,E,8,0,-9990,0,0
01/04/2005,08:00,0,0,0,3,0,0,3,0,0,3,0,0,3,0,0,3,0,0,3,0,-9990,0,0,10,E,8,9,E,8,3.0,E,8,2.8,E,8,98,E,8,987,E,8,236,E,8,2.1,E,8,-9990,0,0,-9990,0,0,1.126,E,8,0.087,E,8,0.20,E,8,0,-9990,0,0
01/04/2005,09:00,10,219,1,3,10,0,3,20,1,3,10,100,3,10,9,3,20,100,3,10,-9990,0,0,10,E,8,9,E,8,3.0,E,8,2.7,E,8,98,E,8,987,E,8,228,E,8,2.1,E,8,-9990,0,0,-9990,0,0,1.124,E,8,0.087,E,8,0.20,E,8,0,-9990,0,0
01/04/2005,10:00,157,1412,40,3,10,15,3,20,38,3,10,4437,3,10,242,3,20,4410,3,10,-9990,0,0,10,E,8,9,E,8,3.6,E,8,3.3,E,8,98,E,8,987,E,8,216,E,8,1.6,E,8,-9990,0,0,-9990,0,0,1.170,E,8,0.087,E,8,0.20,E,8,0,-9990,0,0
01/04/2005,11:00,311,1412,78,3,10,1,3,20,78,3,10,8756,3,10,0,3,20,8756,3,10,-9990,0,0,10,E,8,9,E,8,4.1,E,8,3.3,E,8,94,E,8,986,E,8,274,E,8,1.8,E,8,-9990,0,0,-9990,0,0,1.168,E,8,0.087,E,8,0.20,E,8,0,-9990,0,0
01/04/2005,12:00,416,1412,107,3,10,2,3,20,106,3,10,11949,3,10,50,3,20,11935,3,10,-9990,0,0,10,E,8,9,E,8,4.6,E,8,3.3,E,8,91,E,8,986,E,8,261,E,8,1.6,E,8,-9990,0,0,-9990,0,0,1.171,E,8,0.087,E,8,0.20,E,8,0,-9990,0,0
01/04/2005,13:00,466,1412,109,3,10,0,3,20,109,3,10,12345,3,10,0,3,20,12345,3,10,-9990,0,0,10,E,8,9,E,8,4.9,E,8,3.0,E,8,87,E,8,986,E,8,262,E,8,2.4,E,8,-9990,0,0,-9990,0,0,1.146,E,8,0.087,E,8,0.20,E,8,0,-9990,0,0
01/04/2005,14:00,456,1412,121,3,10,4,3,20,120,3,10,13571,3,10,336,3,20,13462,3,10,-9990,0,0,10,E,8,9,E,8,5.1,E,8,3.4,E,8,88,E,8,986,E,8,258,E,8,1.4,E,8,-9990,0,0,-9990,0,0,1.174,E,8,0.087,E,8,0.20,E,8,0,-9990,0,0
01/04/2005,15:00,387,1412,104,3,10,5,3,20,102,3,10,11553,3,10,386,3,20,11448,3,10,-9990,0,0,10,E,8,9,E,8,5.2,E,8,2.9,E,8,85,E,8,986,E,8,257,E,8,1.1,E,8,-9990,0,0,-9990,0,0,1.139,E,8,0.087,E,8,0.20,E,8,0,-9990,0,0
01/04/2005,16:00,265,1412,63,3,10,0,3,20,63,3,10,6983,3,10,0,3,20,6983,3,10,-9990,0,0,10,E,8,9,E,8,5.1,E,8,2.8,E,8,85,E,8,987,E,8,269,E,8,1.1,E,8,-9990,0,0,-9990,0,0,1.126,E,8,0.087,E,8,0.20,E,8,0,-9990,0,0
01/04/2005,17:00,92,702,4,3,10,0,3,20,4,3,10,590,3,10,9,3,20,589,3,10,-9990,0,0,10,E,8,9,E,8,4.6,E,8,2.0,E,8,83,E,8,987,E,8,267,E,8,1.2,E,8,-9990,0,0,-9990,0,0,1.066,E,8,0.087,E,8,0.20,E,8,0,-9990,0,0
01/04/2005,18:00,0,0,0,3,0,0,3,0,0,3,0,0,3,0,0,3,0,0,3,0,-9990,0,0,10,E,8,9,E,8,4.2,E,8,2.6,E,8,89,E,8,987,E,8,227,E,8,1.7,E,8,-9990,0,0,-9990,0,0,1.112,E,8,0.087,E,8,0.20,E,8,0,-9990,0,0
01/04/2005,19:00,0,0,0,3,0,0,3,0,0,3,0,0,3,0,0,3,0,0,3,0,-9990,0,0,10,E,8,9,E,8,3.9,E,8,3.2,E,8,95,E,8,987,E,8,265,E,8,1.8,E,8,-9990,0,0,-9990,0,0,1.160,E,8,0.087,E,8,0.20,E,8,0,-9990,0,0
01/04/2005,20:00,0,0,0,3,0,0,3,0,0,3,0,0,3,0,0,3,0,0,3,0,-9990,0,0,10,E,8,9,E,8,3.5,E,8,2.8,E,8,95,E,8,987,E,8,245,E,8,2.2,E,8,-9990,0,0,-9990,0,0,1.126,E,8,0.087,E,8,0.20,E,8,0,-9990,0,0
01/04/2005,21:00,0,0,0,3,0,0,3,0,0,3,0,0,3,0,0,3,0,0,3,0,-9990,0,0,10,E,8,9,E,8,3.1,E,8,2.8,E,8,97,E,8,987,E,8,214,E,8,1.4,E,8,-9990,0,0,-9990,0,0,1.127,E,8,0.087,E,8,0.20,E,8,0,-9990,0,0
01/04/2005,22:00,0,0,0,3,0,0,3,0,0,3,0,0,3,0,0,3,0,0,3,0,-9990,0,0,10,E,8,9,E,8,2.8,E,8,2.4,E,8,97,E,8,987,E,8,272,E,8,1.9,E,8,-9990,0,0,-9990,0,0,1.095,E,8,0.087,E,8,0.20,E,8,0,-9990,0,0
01/04/2005,23:00,0,0,0,3,0,0,3,0,0,3,0,0,3,0,0,3,0,0,3,0,-9990,0,0,10,E,8,9,E,8,2.4,E,8,2.0,E,8,97,E,8,987,E,8,232,E,8,1.8,E,8,-9990,0,0,-9990,0,0,1.065,E,8,0.087,E,8,0.20,E,8,0,-9990,0,0
01/04/2005,24:00,0,0,0,3,0,0,3,0,0,3,0,0,3,0,0,3,0,0,3,0,-9990,0,0,10,E,8,9,E,8,2.1,E,8,1.8,E,8,98,E,8,987,E,8,256,E,8,1.8,E,8,-9990,0,0,-9990,0,0,1.054,E,8,0.087,E,8,0.20,E,8,0,-9990,0,0
01/05/2005,01:00,0,0,0,3,0,0,3,0,0,3,0,0,3,0,0,3,0,0,3,0,-9990,0,0,10,E,8,9,E,8,1.8,E,8,1.4,E,8,97,E,8,987,E,8,244,E,8,3.3,E,8,-9990,0,0,-9990,0,0,1.024,E,8,0.097,E,8,0.20,E,8,0,-9990,0,0
01/05/2005,02:00,0,0,0,3,0,0,3,0,0,3,0,0,3,0,0,3,0,0,3,0,-9990,0,0,10,E,8,9,E,8,1.8,E,8,1.5,E,8,98,E,8,987,E,8,174,E,8,4.1,E,8,-9990,0,0,-9990,0,0,1.031,E,8,0.097,E,8,0.20,E,8,0,-9990,0,0
01/05/2005,03:00,0,0,0,3,0,0,3,0,0,3,0,0,3,0,0,3,0,0,3,0,-9990,0,0,10,E,8,9,E,8,1.6,E,8,1.4,E,8,98,E,8,987,E,8,52,E,8,3.3,E,8,-9990,0,0,-9990,0,0,1.020,E,8,0.097,E,8,0.20,E,8,0,-9990,0,0
01/05/2005,04:00,0,0,0,3,0,0,3,0,0,3,0,0,3,0,0,3,0,0,3,0,-9990,0,0,10,E,8,9,E,8,1.5,E,8,1.3,E,8,98,E,8,987,E,8,186,E,8,2.6,E,8,-9990,0,0,-9990,0,0,1.016,E,8,0.097,E,8,0.20,E,8,0,-9990,0,0
01/05/2005,05:00,0,0,0,3,0,0,3,0,0,3,0,0,3,0,0,3,0,0,3,0,-9990,0,0,10,E,8,9,E,8,1.5,E,8,1.2,E,8,98,E,8,987,E,8,240,E,8,4.1,E,8,-9990,0,0,-9990,0,0,1.011,E,8,0.097,E,8,0.20,E,8,0,-9990,0,0
01/05/2005,06:00,0,0,0,3,0,0,3,0,0,3,0,0,3,0,0,3,0,0,3,0,-9990,0,0,10,E,8,9,E,8,1.4,E,8,1.2,E,8,98,E,8,987,E,8,133,E,8,3.5,E,8,-9990,0,0,-9990,0,0,1.007,E,8,0.097,E,8,0.20,E,8,0,-9990,0,0
01/05/2005,07:00,0,0,0,3,0,0,3,0,0,3,0,0,3,0,0,3,0,0,3,0,-9990,0,0,10,E,8,9,E,8,1.4,E,8,1.1,E,8,98,E,8,987,E,8,190,E,8,4.1,E,8,-9990,0,0,-9990,0,0,1.000,E,8,0.097,E,8,0.20,E,8,0,-9990,0,0
01/05/2005,08:00,0,0,0,3,0,0,3,0,0,3,0,0,3,0,0,3,0,0,3,0,-9990,0,0,10,E,8,9,E,8,1.4,E,8,1.0,E,8,97,E,8,987,E,8,136,E,8,2.8,E,8,-9990,0,0,-9990,0,0,0.994,E,8,0.097,E,8,0.20,E,8,0,-9990,0,0
01/05/2005,09:00,10,221,1,3,10,0,3,20,1,3,10,108,3,10,9,3,20,108,3,10,-9990,0,0,10,E,8,9,E,8,1.4,E,8,1.0,E,8,97,E,8,987,E,8,277,E,8,2.6,E,8,-9990,0,0,-9990,0,0,0.996,E,8,0.097,E,8,0.20,E,8,0,-9990,0,0
01/05/2005,10:00,157,1412,45,3,10,27,3,20,42,3,10,4916,3,10,1584,3,20,4739,3,10,-9990,0,0,10,E,8,9,E,8,2.3,E,8,0.9,E,8,90,E,8,987,E,8,235,E,8,2.1,E,8,-9990,0,0,-9990,0,0,0.985,E,8,0.097,E,8,0.20,E,8,0,-9990,0,0
01/05/2005,11:00,312,1412,99,3,10,43,3,20,89,3,10,10862,3,10,3364,3,20,10118,3,10,-9990,0,0,10,E,8,9,E,8,3.4,E,8,1.4,E,8,87,E,8,987,E,8,220,E,8,1.6,E,8,-9990,0,0,-9990,0,0,1.023,E,8,0.097,E,8,0.20,E,8,0,-9990,0,0
01/05/2005,12:00,418,1412,157,3,10,90,3,20,131,3,10,17362,3,10,8644,3,20,14802,3,10,-9990,0,0,9,E,8,8,E,8,4.6,E,8,1.3,E,8,79,E,8,987,E,8,245,E,8,1.6,E,8,-9990,0,0,-9990,0,0,1.018,E,8,0.097,E,8,0.20,E,8,0,-9990,0,0
01/05/2005,13:00,468,1412,173,3,10,65,3,20,152,3,10,19122,3,10,5893,3,20,17168,3,10,-9990,0,0,10,E,8,9,E,8,5.4,E,8,1.1,E,8,74,E,8,987,E,8,257,E,8,1.4,E,8,-9990,0,0,-9990,0,0,1.002,E,8,0.097,E,8,0.20,E,8,0,-9990,0,0
01/05/2005,14:00,459,1412,168,3,10,89,3,20,139,3,10,18560,3,10,8566,3,20,15777,3,10,-9990,0,0,9,E,8,8,E,8,5.9,E,8,1.7,E,8,74,E,8,987,E,8,264,E,8,2.2,E,8,-9990,0,0,-9990,0,0,1.045,E,8,0.097,E,8,0.20,E,8,0,-9990,0,0
01/05/2005,15:00,390,1412,89,3,10,0,3,20,89,3,10,10044,3,10,0,3,20,10044,3,10,-9990,0,0,10,E,8,9,E,8,5.8,E,8,1.4,E,8,73,E,8,987,E,8,214,E,8,1.9,E,8,-9990,0,0,-9990,0,0,1.023,E,8,0.097,E,8,0.20,E,8,0,-9990,0,0
01/05/2005,16:00,268,1412,38,3,10,0,3,20,38,3,10,4422,3,10,0,3,20,4422,3,10,-9990,0,0,10,E,8,9,E,8,5.2,E,8,1.4,E,8,76,E,8,987,E,8,228,E,8,1.9,E,8,-9990,0,0,-9990,0,0,1.025,E,8,0.097,E,8,0.20,E,8,0,-9990,0,0
01/05/2005,17:00,100,1412,4,3,10,0,3,20,4,3,10,527,3,10,16,3,20,526,3,10,-9990,0,0,10,E,8,9,E,8,4.5,E,8,0.7,E,8,76,E,8,987,E,8,236,E,8,3.0,E,8,-9990,0,0,-9990,0,0,0.973,E,8,0.097,E,8,0.20,E,8,0,-9990,0,0
01/05/2005,18:00,0,0,0,3,10,0,3,20,0,3,10,0,3,10,0,3,20,0,3,10,-9990,0,0,10,E,8,9,E,8,3.9,E,8,0.0,E,8,75,E,8,987,E,8,236,E,8,3.7,E,8,-9990,0,0,-9990,0,0,0.926,E,8,0.097,E,8,0.20,E,8,0,-9990,0,0
01/05/2005,19:00,0,0,0,3,0,0,3,0,0,3,0,0,3,0,0,3,0,0,3,0,-9990,0,0,10,E,8,9,E,8,3.8,E,8,-0.3,E,8,75,E,8,987,E,8,118,E,8,3.7,E,8,-9990,0,0,-9990,0,0,0.910,E,8,0.097,E,8,0.20,E,8,0,-9990,0,0
01/05/2005,20:00,0,0,0,3,0,0,3,0,0,3,0,0,3,0,0,3,0,0,3,0,-9990,0,0,10,E,8,9,E,8,3.6,E,8,-0.3,E,8,75,E,8,987,E,8,162,E,8,2.2,E,8,-9990,0,0,-9990,0,0,0.908,E,8,0.097,E,8,0.20,E,8,0,-9990,0,0
01/05/2005,21:00,0,0,0,3,0,0,3,0,0,3,0,0,3,0,0,3,0,0,3,0,-9990,0,0,10,E,8,9,E,8,3.4,E,8,0.0,E,8,78,E,8,987,E,8,209,E,8,3.5,E,8,-9990,0,0,-9990,0,0,0.928,E,8,0.097,E,8,0.20,E,8,0,-9990,0,0
01/05/2005,22:00,0,0,0,3,0,0,3,0,0,3,0,0,3,0,0,3,0,0,3,0,-9990,0,0,10,E,8,9,E,8,3.3,E,8,-0.2,E,8,78,E,8,987,E,8,194,E,8,3.7,E,8,-9990,0,0,-9990,0,0,0.914,E,8,0.097,E,8,0.20,E,8,0,-9990,0,0
01/05/2005,23:00,0,0,0,3,0,0,3,0,0,3,0,0,3,0,0,3,0,0,3,0,-9990,0,0,10,E,8,9,E,8,3.1,E,8,-0.6,E,8,77,E,8,986,E,8,170,E,8,3.0,E,8,-9990,0,0,-9990,0,0,0.891,E,8,0.097,E,8,0.20,E,8,0,-9990,0,0
01/05/2005,24:00,0,0,0,3,0,0,3,0,0,3,0,0,3,0,0,3,0,0,3,0,-9990,0,0,10,E,8,9,E,8,2.9,E,8,-0.5,E,8,78,E,8,986,E,8,213,E,8,3.5,E,8,-9990,0,0,-9990,0,0,0.893,E,8,0.097,E,8,0.20,E,8,0,-9990,0,0
01/06/2005,01:00,0,0,0,3,0,0,3,0,0,3,0,0,3,0,0,3,0,0,3,0,-9990,0,0,10,E,8,9,E,8,2.5,E,8,0.0,E,8,83,E,8,986,E,8,183,E,8,4.9,E,8,-9990,0,0,-9990,0,0,0.929,E,8,0.092,E,8,0.20,E,8,1,-9990,0,0
01/06/2005,02:00,0,0,0,3,0,0,3,0,0,3,0,0,3,0,0,3,0,0,3,0,-9990,0,0,10,E,8,9,E,8,2.0,E,8,0.1,E,8,87,E,8,986,E,8,60,E,8,5.1,E,8,-9990,0,0,-9990,0,0,0.934,E,8,0.092,E,8,0.20,E,8,2,-9990,0,0
01/06/2005,03:00,0,0,0,3,0,0,3,0,0,3,0,0,3,0,0,3,0,0,3,0,-9990,0,0,10,E,8,9,E,8,2.1,E,8,-0.4,E,8,83,E,8,986,E,8,91,E,8,5.1,E,8,-9990,0,0,-9990,0,0,0.900,E,8,0.092,E,8,0.20,E,8,0,-9990,0,0
01/06/2005,04:00,0,0,0,3,0,0,3,0,0,3,0,0,3,0,0,3,0,0,3,0,-9990,0,0,10,E,8,9,E,8,2.0,E,8,0.1,E,8,87,E,8,986,E,8,94,E,8,4.9,E,8,-9990,0,0,-9990,0,0,0.934,E,8,0.092,E,8,0.20,E,8,0,-9990,0,0
01/06/2005,05:00,0,0,0,3,0,0,3,0,0,3,0,0,3,0,0,3,0,0,3,0,-9990,0,0,10,E,8,9,E,8,1.9,E,8,-0.6,E,8,83,E,8,986,E,8,73,E,8,4.7,E,8,-9990,0,0,-9990,0,0,0.887,E,8,0.092,E,8,0.20,E,8,0,-9990,0,0
01/06/2005,06:00,0,0,0,3,0,0,3,0,0,3,0,0,3,0,0,3,0,0,3,0,-9990,0,0,10,E,8,9,E,8,1.7,E,8,-0.2,E,8,87,E,8,986,E,8,57,E,8,4.4,E,8,-9990,0,0,-9990,0,0,0.917,E,8,0.092,E,8,0.20,E,8,0,-9990,0,0
01/06/2005,07:00,0,0,0,3,0,0,3,0,0,3,0,0,3,0,0,3,0,0,3,0,-9990,0,0,10,E,8,9,E,8,1.7,E,8,-0.3,E,8,87,E,8,986,E,8,124,E,8,4.4,E,8,-9990,0,0,-9990,0,0,0.911,E,8,0.092,E,8,0.20,E,8,0,-9990,0,0
01/06/2005,08:00,0,0,0,3,0,0,3,0,0,3,0,0,3,0,0,3,0,0,3,0,-9990,0,0,10,E,8,9,E,8,1.6,E,8,-0.3,E,8,87,E,8,986,E,8,93,E,8,4.4,E,8,-9990,0,0,-9990,0,0,0.906,E,8,0.092,E,8,0.20,E,8,0,-9990,0,0
01/06/2005,09:00,10,224,0,3,10,0,3,20,0,3,10,71,3,10,7,3,20,71,3,10,-9990,0,0,10,E,8,9,E,8,1.6,E,8,-0.3,E,8,87,E,8,986,E,8,99,E,8,3.9,E,8,-9990,0,0,-9990,0,0,0.907,E,8,0.092,E,8,0.20,E,8,0,-9990,0,0
01/06/2005,10:00,158,1412,17,3,10,0,3,20,17,3,10,2004,3,10,0,3,20,2004,3,10,-9990,0,0,10,E,8,9,E,8,1.9,E,8,0.0,E,8,87,E,8,985,E,8,160,E,8,2.6,E,8,-9990,0,0,-9990,0,0,0.928,E,8,0.092,E,8,0.20,E,8,0,-9990,0,0
01/06/2005,11:00,314,1412,25,3,10,0,3,20,25,3,10,3100,3,10,0,3,20,3100,3,10,-9990,0,0,10,E,8,9,E,8,2.1,E,8,-0.4,E,8,83,E,8,985,E,8,259,E,8,3.0,E,8,-9990,0,0,-9990,0,0,0.905,E,8,0.092,E,8,0.20,E,8,0,-9990,0,0
01/06/2005,12:00,420,1412,22,3,10,0,3,20,22,3,10,2811,3,10,0,3,20,2811,3,10,-9990,0,0,10,E,8,9,E,8,2.2,E,8,-0.3,E,8,83,E,8,985,E,8,261,E,8,3.7,E,8,-9990,0,0,-9990,0,0,0.909,E,8,0.092,E,8,0.20,E,8,0,-9990,0,0
01/06/2005,13:00,470,1412,25,3,10,0,3,20,25,3,10,3224,3,10,0,3,20,3224,3,10,-9990,0,0,10,E,8,9,E,8,2.3,E,8,-0.2,E,8,83,E,8,985,E,8,204,E,8,4.9,E,8,-9990,0,0,-9990,0,0,0.914,E,8,0.092,E,8,0.20,E,8,0,-9990,0,0
01/06/2005,14:00,461,1412,161,3,10,78,3,20,135,3,10,17747,3,10,7344,3,20,15347,3,10,-9990,0,0,10,E,8,9,E,8,3.3,E,8,0.8,E,8,83,E,8,985,E,8,75,E,8,5.5,E,8,-9990,0,0,-9990,0,0,0.978,E,8,0.092,E,8,0.20,E,8,0,-9990,0,0
01/06/2005,15:00,394,1412,138,3,10,56,3,20,122,3,10,15217,3,10,4886,3,20,13854,3,10,-9990,0,0,10,E,8,9,E,8,3.8,E,8,1.3,E,8,83,E,8,986,E,8,91,E,8,5.7,E,8,-9990,0,0,-9990,0,0,1.014,E,8,0.092,E,8,0.20,E,8,0,-9990,0,0
01/06/2005,16:00,272,1412,86,3,10,41,3,20,78,3,10,9466,3,10,3228,3,20,8845,3,10,-9990,0,0,10,E,8,9,E,8,4.0,E,8,-0.6,E,8,72,E,8,986,E,8,28,E,8,4.9,E,8,-9990,0,0,-9990,0,0,0.890,E,8,0.092,E,8,0.20,E,8,0,-9990,0,0
01/06/2005,17:00,104,1412,36,3,10,98,3,20,29,3,10,3990,3,10,2101,3,20,3835,3,10,-9990,0,0,9,E,8,8,E,8,3.8,E,8,-0.7,E,8,72,E,8,986,E,8,64,E,8,3.0,E,8,-9990,0,0,-9990,0,0,0.883,E,8,0.092,E,8,0.20,E,8,0,-9990,0,0
01/06/2005,18:00,0,0,0,3,10,0,3,20,0,3,10,0,3,10,0,3,20,0,3,10,-9990,0,0,9,E,8,8,E,8,3.4,E,8,-1.4,E,8,70,E,8,986,E,8,255,E,8,1.6,E,8,-9990,0,0,-9990,0,0,0.839,E,8,0.092,E,8,0.20,E,8,0,-9990,0,0
01/06/2005,19:00,0,0,0,3,0,0,3,0,0,3,0,0,3,0,0,3,0,0,3,0,-9990,0,0,9,E,8,8,E,8,3.1,E,8,-1.3,E,8,72,E,8,987,E,8,266,E,8,1.7,E,8,-9990,0,0,-9990,0,0,0.846,E,8,0.092,E,8,0.20,E,8,0,-9990,0,0
01/06/2005,20:00,0,0,0,3,0,0,3,0,0,3,0,0,3,0,0,3,0,0,3,0,-9990,0,0,9,E,8,8,E,8,2.8,E,8,-1.2,E,8,75,E,8,987,E,8,260,E,8,1.0,E,8,-9990,0,0,-9990,0,0,0.853,E,8,0.092,E,8,0.20,E,8,0,-9990,0,0
01/06/2005,21:00,0,0,0,3,0,0,3,0,0,3,0,0,3,0,0,3,0,0,3,0,-9990,0,0,8,E,8,6,E,8,2.5,E,8,-1.2,E,8,76,E,8,987,E,8,258,E,8,1.3,E,8,-9990,0,0,-9990,0,0,0.855,E,8,0.092,E,8,0.20,E,8,0,-9990,0,0
01/06/2005,22:00,0,0,0,3,0,0,3,0,0,3,0,0,3,0,0,3,0,0,3,0,-9990,0,0,8,E,8,6,E,8,2.2,E,8,-1.1,E,8,78,E,8,987,E,8,254,E,8,0.8,E,8,-9990,0,0,-9990,0,0,0.859,E,8,0.092,E,8,0.20,E,8,0,-9990,0,0
01/06/2005,23:00,0,0,0,3,0,0,3,0,0,3,0,0,3,0,0,3,0,0,3,0,-9990,0,0,8,E,8,6,E,8,1.9,E,8,-1.8,E,8,76,E,8,988,E,8,288,E,8,0.8,E,8,-9990,0,0,-9990,0,0,0.819,E,8,0.092,E,8,0.20,E,8,0,-9990,0,0
01/06/2005,24:00,0,0,0,3,0,0,3,0,0,3,0,0,3,0,0,3,0,0,3,0,-9990,0,0,8,E,8,6,E,8,1.7,E,8,-2.3,E,8,75,E,8,988,E,8,300,E,8,0.5,E,8,-9990,0,0,-9990,0,0,0.790,E,8,0.092,E,8,0.20,E,8,0,-9990,0,0
01/07/2005,01:00,0,0,0,3,0,0,3,0,0,3,0,0,3,0,0,3,0,0,3,0,-9990,0,0,6,E,8,5,E,8,1.4,E,8,-2.1,E,8,77,E,8,988,E,8,301,E,8,0.5,E,8,-9990,0,0,-9990,0,0,0.798,E,8,0.088,E,8,0.20,E,8,0,-9990,0,0
01/07/2005,02:00,0,0,0,3,0,0,3,0,0,3,0,0,3,0,0,3,0,0,3,0,-9990,0,0,6,E,8,6,E,8,1.1,E,8,-1.8,E,8,81,E,8,988,E,8,304,E,8,0.4,E,8,-9990,0,0,-9990,0,0,0.817,E,8,0.088,E,8,0.20,E,8,0,-9990,0,0
01/07/2005,03:00,0,0,0,3,0,0,3,0,0,3,0,0,3,0,0,3,0,0,3,0,-9990,0,0,6,E,8,6,E,8,0.8,E,8,-1.7,E,8,83,E,8,989,E,8,309,E,8,0.5,E,8,-9990,0,0,-9990,0,0,0.821,E,8,0.088,E,8,0.20,E,8,0,-9990,0,0
01/07/2005,04:00,0,0,0,3,0,0,3,0,0,3,0,0,3,0,0,3,0,0,3,0,-9990,0,0,6,E,8,5,E,8,0.7,E,8,-2.4,E,8,80,E,8,989,E,8,333,E,8,0.6,E,8,-9990,0,0,-9990,0,0,0.784,E,8,0.088,E,8,0.20,E,8,0,-9990,0,0
01/07/2005,05:00,0,0,0,3,0,0,3,0,0,3,0,0,3,0,0,3,0,0,3,0,-9990,0,0,5,E,8,5,E,8,0.6,E,8,-1.9,E,8,83,E,8,989,E,8,273,E,8,0.7,E,8,-9990,0,0,-9990,0,0,0.813,E,8,0.088,E,8,0.20,E,8,0,-9990,0,0
01/07/2005,06:00,0,0,0,3,0,0,3,0,0,3,0,0,3,0,0,3,0,0,3,0,-9990,0,0,5,E,8,5,E,8,0.4,E,8,-1.9,E,8,84,E,8,989,E,8,301,E,8,0.5,E,8,-9990,0,0,-9990,0,0,0.810,E,8,0.088,E,8,0.20,E,8,0,-9990,0,0
01/07/2005,07:00,0,0,0,3,0,0,3,0,0,3,0,0,3,0,0,3,0,0,3,0,-9990,0,0,5,E,8,5,E,8,0.4,E,8,-1.9,E,8,85,E,8,990,E,8,308,E,8,0.4,E,8,-9990,0,0,-9990,0,0,0.814,E,8,0.088,E,8,0.20,E,8,0,-9990,0,0
01/07/2005,08:00,0,0,0,3,0,0,3,0,0,3,0,0,3,0,0,3,0,0,3,0,-9990,0,0,5,E,8,5,E,8,0.3,E,8,-2.0,E,8,85,E,8,990,E,8,302,E,8,0.6,E,8,-9990,0,0,-9990,0,0,0.807,E,8,0.088,E,8,0.20,E,8,0,-9990,0,0
01/07/2005,09:00,11,227,1,3,10,0,3,20,1,3,10,179,3,10,12,3,20,179,3,10,-9990,0,0,4,E,8,3,E,8,0.4,E,8,-1.7,E,8,86,E,8,990,E,8,270,E,8,0.5,E,8,-9990,0,0,-9990,0,0,0.826,E,8,0.088,E,8,0.20,E,8,0,-9990,0,0
01/07/2005,10:00,160,1412,66,3,10,215,3,20,42,3,10,6867,3,10,9213,3,20,5825,3,10,-9990,0,0,4,E,8,3,E,8,1.9,E,8,-1.0,E,8,81,E,8,990,E,8,292,E,8,0.5,E,8,-9990,0,0,-9990,0,0,0.865,E,8,0.088,E,8,0.20,E,8,0,-9990,0,0
01/07/2005,11:00,315,1412,157,3,10,369,3,20,74,3,10,16520,3,10,26916,3,20,10508,3,10,-9990,0,0,4,E,8,3,E,8,3.9,E,8,0.3,E,8,77,E,8,991,E,8,272,E,8,0.7,E,8,-9990,0,0,-9990,0,0,0.946,E,8,0.088,E,8,0.20,E,8,0,-9990,0,0
01/07/2005,12:00,422,1412,221,3,10,438,3,20,90,3,10,23576,3,10,35734,3,20,12890,3,10,-9990,0,0,3,E,8,2,E,8,5.6,E,8,1.0,E,8,72,E,8,991,E,8,318,E,8,0.8,E,8,-9990,0,0,-9990,0,0,0.996,E,8,0.088,E,8,0.20,E,8,0,-9990,0,0
01/07/2005,13:00,473,1412,216,3,10,215,3,20,144,3,10,22913,3,10,16490,3,20,17387,3,10,-9990,0,0,8,E,8,6,E,8,6.6,E,8,2.0,E,8,73,E,8,991,E,8,237,E,8,0.6,E,8,-9990,0,0,-9990,0,0,1.069,E,8,0.088,E,8,0.20,E,8,0,-9990,0,0
01/07/2005,14:00,464,1412,242,3,10,415,3,20,105,3,10,25655,3,10,32623,3,20,14922,3,10,-9990,0,0,4,E,8,3,E,8,7.5,E,8,1.3,E,8,65,E,8,991,E,8,280,E,8,1.0,E,8,-9990,0,0,-9990,0,0,1.019,E,8,0.088,E,8,0.20,E,8,0,-9990,0,0
01/07/2005,15:00,397,1412,192,3,10,349,3,20,94,3,10,20205,3,10,24865,3,20,13213,3,10,-9990,0,0,5,E,8,4,E,8,7.7,E,8,1.6,E,8,65,E,8,991,E,8,266,E,8,1.1,E,8,-9990,0,0,-9990,0,0,1.035,E,8,0.088,E,8,0.20,E,8,0,-9990,0,0
01/07/2005,16:00,275,1412,138,3,10,394,3,20,61,3,10,14519,3,10,29954,3,20,8679,3,10,-9990,0,0,5,E,8,4,E,8,7.6,E,8,1.2,E,8,64,E,8,991,E,8,245,E,8,0.7,E,8,-9990,0,0,-9990,0,0,1.011,E,8,0.088,E,8,0.20,E,8,0,-9990,0,0
01/07/2005,17:00,107,1412,57,3,10,304,3,20,34,3,10,5946,3,10,8099,3,20,5330,3,10,-9990,0,0,5,E,8,4,E,8,6.7,E,8,1.2,E,8,67,E,8,991,E,8,260,E,8,0.9,E,8,-9990,0,0,-9990,0,0,1.006,E,8,0.088,E,8,0.20,E,8,0,-9990,0,0
01/07/2005,18:00,0,0,0,3,10,0,3,20,0,3,10,0,3,10,0,3,20,0,3,10,-9990,0,0,5,E,8,4,E,8,5.6,E,8,1.5,E,8,75,E,8,991,E,8,257,E,8,1.1,E,8,-9990,0,0,-9990,0,0,1.027,E,8,0.088,E,8,0.20,E,8,0,-9990,0,0
01/07/2005,19:00,0,0,0,3,0,0,3,0,0,3,0,0,3,0,0,3,0,0,3,0,-9990,0,0,6,E,8,6,E,8,5.2,E,8,2.1,E,8,81,E,8,990,E,8,236,E,8,1.4,E,8,-9990,0,0,-9990,0,0,1.075,E,8,0.088,E,8,0.20,E,8,0,-9990,0,0
01/07/2005,20:00,0,0,0,3,0,0,3,0,0,3,0,0,3,0,0,3,0,0,3,0,-9990,0,0,6,E,8,5,E,8,4.7,E,8,1.6,E,8,80,E,8,990,E,8,267,E,8,1.8,E,8,-9990,0,0,-9990,0,0,1.035,E,8,0.088,E,8,0.20,E,8,0,-9990,0,0
01/07/2005,21:00,0,0,0,3,0,0,3,0,0,3,0,0,3,0,0,3,0,0,3,0,-9990,0,0,6,E,8,5,E,8,4.3,E,8,1.1,E,8,80,E,8,990,E,8,223,E,8,1.7,E,8,-9990,0,0,-9990,0,0,1.000,E,8,0.088,E,8,0.20,E,8,0,-9990,0,0
01/07/2005,22:00,0,0,0,3,0,0,3,0,0,3,0,0,3,0,0,3,0,0,3,0,-9990,0,0,6,E,8,6,E,8,3.8,E,8,0.7,E,8,80,E,8,990,E,8,242,E,8,1.9,E,8,-9990,0,0,-9990,0,0,0.978,E,8,0.088,E,8,0.20,E,8,0,-9990,0,0
01/07/2005,23:00,0,0,0,3,0,0,3,0,0,3,0,0,3,0,0,3,0,0,3,0,-9990,0,0,6,E,8,6,E,8,3.4,E,8,0.5,E,8,81,E,8,990,E,8,217,E,8,1.8,E,8,-9990,0,0,-9990,0,0,0.962,E,8,0.088,E,8,0.20,E,8,0,-9990,0,0
01/07/2005,24:00,0,0,0,3,0,0,3,0,0,3,0,0,3,0,0,3,0,0,3,0,-9990,0,0,8,E,8,7,E,8,2.9,E,8,0.2,E,8,82,E,8,990,E,8,230,E,8,1.8,E,8,-9990,0,0,-9990,0,0,0.943,E,8,0.088,E,8,0.20,E,8,0,-9990,0,0
01/08/2005,01:00,0,0,0,3,0,0,3,0,0,3,0,0,3,0,0,3,0,0,3,0,-9990,0,0,8,E,8,6,E,8,2.4,E,8,-0.7,E,8,80,E,8,990,E,8,240,E,8,1.4,E,8,-9990,0,0,-9990,0,0,0.886,E,8,0.087,E,8,0.20,E,8,0,-9990,0,0
01/08/2005,02:00,0,0,0,3,0,0,3,0,0,3,0,0,3,0,0,3,0,0,3,0,-9990,0,0,8,E,8,7,E,8,1.9,E,8,-0.9,E,8,82,E,8,989,E,8,235,E,8,1.7,E,8,-9990,0,0,-9990,0,0,0.873,E,8,0.087,E,8,0.20,E,8,0,-9990,0,0
01/08/2005,03:00,0,0,0,3,0,0,3,0,0,3,0,0,3,0,0,3,0,0,3,0,-9990,0,0,8,E,8,7,E,8,1.4,E,8,-1.3,E,8,82,E,8,989,E,8,279,E,8,1.8,E,8,-9990,0,0,-9990,0,0,0.849,E,8,0.087,E,8,0.20,E,8,0,-9990,0,0
01/08/2005,04:00,0,0,0,3,0,0,3,0,0,3,0,0,3,0,0,3,0,0,3,0,-9990,0,0,9,E,8,8,E,8,1.1,E,8,-1.7,E,8,81,E,8,989,E,8,264,E,8,1.2,E,8,-9990,0,0,-9990,0,0,0.823,E,8,0.087,E,8,0.20,E,8,0,-9990,0,0
01/08/2005,05:00,0,0,0,3,0,0,3,0,0,3,0,0,3,0,0,3,0,0,3,0,-9990,0,0,9,E,8,8,E,8,0.9,E,8,-1.1,E,8,86,E,8,989,E,8,236,E,8,0.8,E,8,-9990,0,0,-9990,0,0,0.858,E,8,0.087,E,8,0.20,E,8,0,-9990,0,0
01/08/2005,06:00,0,0,0,3,0,0,3,0,0,3,0,0,3,0,0,3,0,0,3,0,-9990,0,0,9,E,8,8,E,8,0.6,E,8,-1.1,E,8,88,E,8,989,E,8,249,E,8,0.4,E,8,-9990,0,0,-9990,0,0,0.857,E,8,0.087,E,8,0.20,E,8,0,-9990,0,0
01/08/2005,07:00,0,0,0,3,0,0,3,0,0,3,0,0,3,0,0,3,0,0,3,0,-9990,0,0,9,E,8,8,E,8,0.4,E,8,-1.0,E,8,90,E,8,989,E,8,303,E,8,0.3,E,8,-9990,0,0,-9990,0,0,0.863,E,8,0.087,E,8,0.20,E,8,0,-9990,0,0
01/08/2005,08:00,0,0,0,3,0,0,3,0,0,3,0,0,3,0,0,3,0,0,3,0,-9990,0,0,9,E,8,8,E,8,0.2,E,8,-1.0,E,8,91,E,8,989,E,8,302,E,8,0.4,E,8,-9990,0,0,-9990,0,0,0.862,E,8,0.087,E,8,0.20,E,8,0,-9990,0,0
01/08/2005,09:00,11,231,1,3,10,0,3,20,1,3,10,78,3,10,7,3,20,78,3,10,-9990,0,0,10,E,8,9,E,8,0.2,E,8,-1.5,E,8,88,E,8,989,E,8,304,E,8,0.6,E,8,-9990,0,0,-9990,0,0,0.833,E,8,0.087,E,8,0.20,E,8,0,-9990,0,0
01/08/2005,10:00,161,1412,41,3,10,8,3,20,40,3,10,4517,3,10,762,3,20,4430,3,10,-9990,0,0,10,E,8,9,E,8,1.0,E,8,-1.3,E,8,85,E,8,988,E,8,268,E,8,0.8,E,8,-9990,0,0,-9990,0,0,0.848,E,8,0.087,E,8,0.20,E,8,0,-9990,0,0
01/08/2005,11:00,317,1412,98,3,10,33,3,20,91,3,10,10846,3,10,2324,3,20,10324,3,10,-9990,0,0,10,E,8,9,E,8,2.0,E,8,-1.2,E,8,80,E,8,988,E,8,241,E,8,1.7,E,8,-9990,0,0,-9990,0,0,0.855,E,8,0.087,E,8,0.20,E,8,0,-9990,0,0
01/08/2005,12:00,424,1412,148,3,10,51,3,20,132,3,10,16258,3,10,4373,3,20,14943,3,10,-9990,0,0,10,E,8,9,E,8,2.9,E,8,-0.6,E,8,78,E,8,988,E,8,238,E,8,2.1,E,8,-9990,0,0,-9990,0,0,0.889,E,8,0.087,E,8,0.20,E,8,0,-9990,0,0
01/08/2005,13:00,476,1412,174,3,10,61,3,20,154,3,10,19199,3,10,5480,3,20,17352,3,10,-9990,0,0,10,E,8,9,E,8,3.7,E,8,-0.1,E,8,76,E,8,988,E,8,220,E,8,3.0,E,8,-9990,0,0,-9990,0,0,0.921,E,8,0.087,E,8,0.20,E,8,0,-9990,0,0
01/08/2005,14:00,468,1412,170,3,10,59,3,20,150,3,10,18703,3,10,5274,3,20,16956,3,10,-9990,0,0,10,E,8,9,E,8,4.2,E,8,0.6,E,8,78,E,8,988,E,8,163,E,8,4.4,E,8,-9990,0,0,-9990,0,0,0.968,E,8,0.087,E,8,0.20,E,8,0,-9990,0,0
01/08/2005,15:00,400,1412,133,3,10,50,3,20,119,3,10,14627,3,10,4247,3,20,13422,3,10,-9990,0,0,10,E,8,9,E,8,4.3,E,8,0.0,E,8,73,E,8,988,E,8,71,E,8,3.3,E,8,-9990,0,0,-9990,0,0,0.927,E,8,0.087,E,8,0.20,E,8,0,-9990,0,0
01/08/2005,16:00,279,1412,90,3,10,55,3,20,79,3,10,9925,3,10,4748,3,20,8987,3,10,-9990,0,0,10,E,8,9,E,8,4.1,E,8,-0.3,E,8,73,E,8,989,E,8,194,E,8,1.7,E,8,-9990,0,0,-9990,0,0,0.906,E,8,0.087,E,8,0.20,E,8,0,-9990,0,0
01/08/2005,17:00,111,1412,31,3,10,23,3,20,29,3,10,3440,3,10,703,3,20,3384,3,10,-9990,0,0,9,E,8,8,E,8,3.5,E,8,-0.6,E,8,74,E,8,989,E,8,242,E,8,3.0,E,8,-9990,0,0,-9990,0,0,0.892,E,8,0.087,E,8,0.20,E,8,0,-9990,0,0
01/08/2005,18:00,0,0,0,3,10,0,3,20,0,3,10,0,3,10,0,3,20,0,3,10,-9990,0,0,9,E,8,8,E,8,2.9,E,8,-0.8,E,8,77,E,8,989,E,8,189,E,8,3.3,E,8,-9990,0,0,-9990,0,0,0.879,E,8,0.087,E,8,0.20,E,8,0,-9990,0,0
01/08/2005,19:00,0,0,0,3,0,0,3,0,0,3,0,0,3,0,0,3,0,0,3,0,-9990,0,0,8,E,8,6,E,8,2.3,E,8,-1.5,E,8,76,E,8,989,E,8,170,E,8,2.8,E,8,-9990,0,0,-9990,0,0,0.833,E,8,0.087,E,8,0.20,E,8,0,-9990,0,0
01/08/2005,20:00,0,0,0,3,0,0,3,0,0,3,0,0,3,0,0,3,0,0,3,0,-9990,0,0,8,E,8,6,E,8,1.7,E,8,-1.8,E,8,77,E,8,989,E,8,212,E,8,2.4,E,8,-9990,0,0,-9990,0,0,0.816,E,8,0.087,E,8,0.20,E,8,0,-9990,0,0
01/08/2005,21:00,0,0,0,3,0,0,3,0,0,3,0,0,3,0,0,3,0,0,3,0,-9990,0,0,8,E,8,7,E,8,1.1,E,8,-1.8,E,8,81,E,8,990,E,8,248,E,8,2.6,E,8,-9990,0,0,-9990,0,0,0.819,E,8,0.087,E,8,0.20,E,8,0,-9990,0,0
01/08/2005,22:00,0,0,0,3,0,0,3,0,0,3,0,0,3,0,0,3,0,0,3,0,-9990,0,0,6,E,8,6,E,8,0.6,E,8,-1.7,E,8,85,E,8,990,E,8,221,E,8,4.1,E,8,-9990,0,0,-9990,0,0,0.826,E,8,0.087,E,8,0.20,E,8,0,-9990,0,0
01/08/2005,23:00,0,0,0,3,0,0,3,0,0,3,0,0,3,0,0,3,0,0,3,0,-9990,0,0,6,E,8,6,E,8,0.0,E,8,-1.5,E,8,90,E,8,990,E,8,71,E,8,4.4,E,8,-9990,0,0,-9990,0,0,0.837,E,8,0.087,E,8,0.20,E,8,0,-9990,0,0
01/08/2005,24:00,0,0,0,3,0,0,3,0,0,3,0,0,3,0,0,3,0,0,3,0,-9990,0,0,5,E,8,5,E,8,-0.6,E,8,-1.8,E,8,92,E,8,990,E,8,70,E,8,5.3,E,8,-9990,0,0,-9990,0,0,0.820,E,8,0.087,E,8,0.20,E,8,0,-9990,0,0
01/09/2005,01:00,0,0,0,3,0,0,3,0,0,3,0,0,3,0,0,3,0,0,3,0,-9990,0,0,5,E,8,5,E,8,-1.1,E,8,-1.1,E,8,100,E,8,991,E,8,63,E,8,4.1,E,8,-9990,0,0,-9990,0,0,0.858,E,8,0.085,E,8,0.20,E,8,0,-9990,0,0
01/09/2005,02:00,0,0,0,3,0,0,3,0,0,3,0,0,3,0,0,3,0,0,3,0,-9990,0,0,5,E,8,5,E,8,-1.6,E,8,-1.6,E,8,100,E,8,991,E,8,121,E,8,4.9,E,8,-9990,0,0,-9990,0,0,0.828,E,8,0.085,E,8,0.20,E,8,0,-9990,0,0
01/09/2005,03:00,0,0,0,3,0,0,3,0,0,3,0,0,3,0,0,3,0,0,3,0,-9990,0,0,4,E,8,3,E,8,-2.1,E,8,-2.1,E,8,100,E,8,991,E,8,88,E,8,4.9,E,8,-9990,0,0,-9990,0,0,0.799,E,8,0.085,E,8,0.20,E,8,0,-9990,0,0
01/09/2005,04:00,0,0,0,3,0,0,3,0,0,3,0,0,3,0,0,3,0,0,3,0,-9990,0,0,4,E,8,3,E,8,-2.4,E,8,-2.6,E,8,99,E,8,991,E,8,80,E,8,4.7,E,8,-9990,0,0,-9990,0,0,0.775,E,8,0.085,E,8,0.20,E,8,0,-9990,0,0
01/09/2005,05:00,0,0,0,3,0,0,3,0,0,3,0,0,3,0,0,3,0,0,3,0,-9990,0,0,3,E,8,2,E,8,-2.6,E,8,-3.0,E,8,97,E,8,991,E,8,55,E,8,3.9,E,8,-9990,0,0,-9990,0,0,0.750,E,8,0.085,E,8,0.20,E,8,0,-9990,0,0
01/09/2005,06:00,0,0,0,3,0,0,3,0,0,3,0,0,3,0,0,3,0,0,3,0,-9990,0,0,3,E,8,2,E,8,-2.9,E,8,-3.5,E,8,96,E,8,992,E,8,99,E,8,3.3,E,8,-9990,0,0,-9990,0,0,0.726,E,8,0.085,E,8,0.20,E,8,0,-9990,0,0
01/09/2005,07:00,0,0,0,3,0,0,3,0,0,3,0,0,3,0,0,3,0,0,3,0,-9990,0,0,3,E,8,2,E,8,-3.1,E,8,-3.2,E,8,99,E,8,992,E,8,188,E,8,4.1,E,8,-9990,0,0,-9990,0,0,0.740,E,8,0.085,E,8,0.20,E,8,0,-9990,0,0
01/09/2005,08:00,0,0,0,3,0,0,3,0,0,3,0,0,3,0,0,3,0,0,3,0,-9990,0,0,1,E,8,1,E,8,-3.3,E,8,-3.3,E,8,100,E,8,992,E,8,121,E,8,4.1,E,8,-9990,0,0,-9990,0,0,0.739,E,8,0.085,E,8,0.20,E,8,0,-9990,0,0
01/09/2005,09:00,12,235,1,3,10,0,3,20,1,3,10,82,3,10,7,3,20,81,3,10,-9990,0,0,1,E,8,1,E,8,-3.2,E,8,-3.2,E,8,100,E,8,992,E,8,120,E,8,2.8,E,8,-9990,0,0,-9990,0,0,0.740,E,8,0.085,E,8,0.20,E,8,0,-9990,0,0
01/09/2005,10:00,163,1411,80,3,10,367,3,20,38,3,10,8166,3,10,21612,3,20,5676,3,10,-9990,0,0,0,E,8,0,E,8,-1.5,E,8,-2.7,E,8,92,E,8,993,E,8,195,E,8,3.7,E,8,-9990,0,0,-9990,0,0,0.770,E,8,0.085,E,8,0.20,E,8,0,-9990,0,0
01/09/2005,11:00,319,1411,180,3,10,577,3,20,50,3,10,18928,3,10,49461,3,20,7746,3,10,-9990,0,0,0,E,8,0,E,8,0.4,E,8,-1.5,E,8,87,E,8,993,E,8,165,E,8,3.9,E,8,-9990,0,0,-9990,0,0,0.835,E,8,0.085,E,8,0.20,E,8,0,-9990,0,0
01/09/2005,12:00,427,1411,269,3,10,716,3,20,52,3,10,28267,3,10,66202,3,20,8246,3,10,-9990,0,0,0,E,8,0,E,8,2.4,E,8,-1.2,E,8,77,E,8,993,E,8,151,E,8,4.1,E,8,-9990,0,0,-9990,0,0,0.851,E,8,0.085,E,8,0.20,E,8,0,-9990,0,0
01/09/2005,13:00,479,1411,319,3,10,783,3,20,53,3,10,33896,3,10,75227,3,20,8386,3,10,-9990,0,0,0,E,8,0,E,8,4.0,E,8,-1.1,E,8,69,E,8,993,E,8,151,E,8,3.0,E,8,-9990,0,0,-9990,0,0,0.858,E,8,0.085,E,8,0.20,E,8,0,-9990,0,0
01/09/2005,14:00,471,1411,324,3,10,752,3,20,73,3,10,34193,3,10,69200,3,20,11108,3,10,-9990,0,0,0,E,8,0,E,8,5.1,E,8,-1.2,E,8,64,E,8,993,E,8,266,E,8,2.4,E,8,-9990,0,0,-9990,0,0,0.854,E,8,0.085,E,8,0.20,E,8,0,-9990,0,0
01/09/2005,15:00,404,1411,247,3,10,552,3,20,89,3,10,25332,3,10,43965,3,20,12745,3,10,-9990,0,0,1,E,8,1,E,8,5.4,E,8,-1.4,E,8,61,E,8,993,E,8,218,E,8,2.8,E,8,-9990,0,0,-9990,0,0,0.840,E,8,0.085,E,8,0.20,E,8,0,-9990,0,0
01/09/2005,16:00,283,1411,130,3,10,302,3,20,70,3,10,13492,3,10,19325,3,20,9620,3,10,-9990,0,0,1,E,8,1,E,8,4.7,E,8,-0.4,E,8,69,E,8,993,E,8,234,E,8,2.2,E,8,-9990,0,0,-9990,0,0,0.903,E,8,0.085,E,8,0.20,E,8,0,-9990,0,0
01/09/2005,17:00,115,1411,44,3,10,202,3,20,28,3,10,4853,3,10,7743,3,20,4220,3,10,-9990,0,0,1,E,8,1,E,8,3.5,E,8,-0.6,E,8,74,E,8,992,E,8,195,E,8,2.4,E,8,-9990,0,0,-9990,0,0,0.888,E,8,0.085,E,8,0.20,E,8,0,-9990,0,0
01/09/2005,18:00,1,59,0,3,10,0,3,20,0,3,10,0,3,10,0,3,20,0,3,10,-9990,0,0,3,E,8,2,E,8,2.2,E,8,-1.2,E,8,78,E,8,992,E,8,200,E,8,3.9,E,8,-9990,0,0,-9990,0,0,0.854,E,8,0.085,E,8,0.20,E,8,0,-9990,0,0
01/09/2005,19:00,0,0,0,3,0,0,3,0,0,3,0,0,3,0,0,3,0,0,3,0,-9990,0,0,3,E,8,2,E,8,1.9,E,8,-0.6,E,8,83,E,8,992,E,8,108,E,8,4.7,E,8,-9990,0,0,-9990,0,0,0.888,E,8,0.085,E,8,0.20,E,8,0,-9990,0,0
01/09/2005,20:00,0,0,0,3,0,0,3,0,0,3,0,0,3,0,0,3,0,0,3,0,-9990,0,0,3,E,8,2,E,8,1.6,E,8,-0.8,E,8,84,E,8,992,E,8,63,E,8,4.1,E,8,-9990,0,0,-9990,0,0,0.876,E,8,0.085,E,8,0.20,E,8,0,-9990,0,0
01/09/2005,21:00,0,0,0,3,0,0,3,0,0,3,0,0,3,0,0,3,0,0,3,0,-9990,0,0,4,E,8,3,E,8,1.2,E,8,-0.2,E,8,90,E,8,992,E,8,137,E,8,3.9,E,8,-9990,0,0,-9990,0,0,0.914,E,8,0.085,E,8,0.20,E,8,0,-9990,0,0
01/09/2005,22:00,0,0,0,3,0,0,3,0,0,3,0,0,3,0,0,3,0,0,3,0,-9990,0,0,4,E,8,3,E,8,0.9,E,8,0.1,E,8,94,E,8,991,E,8,166,E,8,3.7,E,8,-9990,0,0,-9990,0,0,0.932,E,8,0.085,E,8,0.20,E,8,0,-9990,0,0
01/09/2005,23:00,0,0,0,3,0,0,3,0,0,3,0,0,3,0,0,3,0,0,3,0,-9990,0,0,4,E,8,3,E,8,0.6,E,8,0.1,E,8,96,E,8,991,E,8,181,E,8,2.8,E,8,-9990,0,0,-9990,0,0,0.932,E,8,0.085,E,8,0.20,E,8,0,-9990,0,0
01/09/2005,24:00,0,0,0,3,0,0,3,0,0,3,0,0,3,0,0,3,0,0,3,0,-9990,0,0,5,E,8,5,E,8,0.3,E,8,-0.3,E,8,96,E,8,991,E,8,219,E,8,3.0,E,8,-9990,0,0,-9990,0,0,0.909,E,8,0.085,E,8,0.20,E,8,0,-9990,0,0
01/10/2005,01:00,0,0,0,3,0,0,3,0,0,3,0,0,3,0,0,3,0,0,3,0,-9990,0,0,5,E,8,5,E,8,0.0,E,8,-0.7,E,8,95,E,8,991,E,8,258,E,8,2.8,E,8,-9990,0,0,-9990,0,0,0.885,E,8,0.083,E,8,0.20,E,8,0,-9990,0,0
01/10/2005,02:00,0,0,0,3,0,0,3,0,0,3,0,0,3,0,0,3,0,0,3,0,-9990,0,0,5,E,8,5,E,8,-0.3,E,8,-0.7,E,8,97,E,8,991,E,8,216,E,8,4.4,E,8,-9990,0,0,-9990,0,0,0.881,E,8,0.083,E,8,0.20,E,8,0,-9990,0,0
01/10/2005,03:00,0,0,0,3,0,0,3,0,0,3,0,0,3,0,0,3,0,0,3,0,-9990,0,0,6,E,8,6,E,8,-0.6,E,8,-0.6,E,8,100,E,8,990,E,8,129,E,8,3.0,E,8,-9990,0,0,-9990,0,0,0.890,E,8,0.083,E,8,0.20,E,8,0,-9990,0,0
01/10/2005,04:00,0,0,0,3,0,0,3,0,0,3,0,0,3,0,0,3,0,0,3,0,-9990,0,0,6,E,8,6,E,8,-0.8,E,8,-0.8,E,8,100,E,8,990,E,8,267,E,8,2.4,E,8,-9990,0,0,-9990,0,0,0.880,E,8,0.083,E,8,0.20,E,8,0,-9990,0,0
01/10/2005,05:00,0,0,0,3,0,0,3,0,0,3,0,0,3,0,0,3,0,0,3,0,-9990,0,0,8,E,8,7,E,8,-0.9,E,8,-0.9,E,8,100,E,8,990,E,8,236,E,8,2.8,E,8,-9990,0,0,-9990,0,0,0.871,E,8,0.083,E,8,0.20,E,8,0,-9990,0,0
01/10/2005,06:00,0,0,0,3,0,0,3,0,0,3,0,0,3,0,0,3,0,0,3,0,-9990,0,0,8,E,8,7,E,8,-1.1,E,8,-1.1,E,8,100,E,8,990,E,8,229,E,8,3.3,E,8,-9990,0,0,-9990,0,0,0.861,E,8,0.083,E,8,0.20,E,8,0,-9990,0,0
01/10/2005,07:00,0,0,0,3,0,0,3,0,0,3,0,0,3,0,0,3,0,0,3,0,-9990,0,0,8,E,8,7,E,8,-1.2,E,8,-1.2,E,8,100,E,8,990,E,8,192,E,8,2.8,E,8,-9990,0,0,-9990,0,0,0.855,E,8,0.083,E,8,0.20,E,8,0,-9990,0,0
01/10/2005,08:00,0,0,0,3,0,0,3,0,0,3,0,0,3,0,0,3,0,0,3,0,-9990,0,0,9,E,8,8,E,8,-1.3,E,8,-1.4,E,8,99,E,8,989,E,8,222,E,8,2.4,E,8,-9990,0,0,-9990,0,0,0.841,E,8,0.083,E,8,0.20,E,8,0,-9990,0,0
01/10/2005,09:00,12,239,1,3,10,0,3,20,1,3,10,87,3,10,7,3,20,86,3,10,-9990,0,0,9,E,8,8,E,8,-1.3,E,8,-1.3,E,8,100,E,8,989,E,8,201,E,8,2.6,E,8,-9990,0,0,-9990,0,0,0.849,E,8,0.083,E,8,0.20,E,8,0,-9990,0,0
01/10/2005,10:00,164,1411,49,3,10,42,3,20,44,3,10,5421,3,10,3223,3,20,5046,3,10,-9990,0,0,9,E,8,8,E,8,-0.2,E,8,-0.2,E,8,100,E,8,989,E,8,236,E,8,4.4,E,8,-9990,0,0,-9990,0,0,0.914,E,8,0.083,E,8,0.20,E,8,0,-9990,0,0
01/10/2005,11:00,321,1411,119,3,10,82,3,20,101,3,10,12941,3,10,5153,3,20,11768,3,10,-9990,0,0,10,E,8,9,E,8,1.2,E,8,0.8,E,8,97,E,8,989,E,8,105,E,8,5.7,E,8,-9990,0,0,-9990,0,0,0.979,E,8,0.083,E,8,0.20,E,8,0,-9990,0,0
01/10/2005,12:00,429,1411,167,3,10,101,3,20,136,3,10,18092,3,10,7506,3,20,15808,3,10,-9990,0,0,9,E,8,8,E,8,2.4,E,8,0.9,E,8,90,E,8,989,E,8,42,E,8,4.9,E,8,-9990,0,0,-9990,0,0,0.990,E,8,0.083,E,8,0.20,E,8,0,-9990,0,0
01/10/2005,13:00,482,1411,179,3,10,79,3,20,153,3,10,19784,3,10,7417,3,20,17253,3,10,-9990,0,0,10,E,8,9,E,8,3.3,E,8,1.6,E,8,89,E,8,989,E,8,70,E,8,5.7,E,8,-9990,0,0,-9990,0,0,1.038,E,8,0.083,E,8,0.20,E,8,0,-9990,0,0
01/10/2005,14:00,474,1411,183,3,10,77,3,20,157,3,10,20180,3,10,7272,3,20,17736,3,10,-9990,0,0,10,E,8,9,E,8,3.8,E,8,1.7,E,8,86,E,8,988,E,8,39,E,8,6.6,E,8,-9990,0,0,-9990,0,0,1.043,E,8,0.083,E,8,0.20,E,8,0,-9990,0,0
01/10/2005,15:00,408,1411,154,3,10,77,3,20,132,3,10,16940,3,10,7175,3,20,14866,3,10,-9990,0,0,10,E,8,9,E,8,4.1,E,8,1.6,E,8,84,E,8,988,E,8,52,E,8,8.4,E,8,-9990,0,0,-9990,0,0,1.038,E,8,0.083,E,8,0.20,E,8,0,-9990,0,0
01/10/2005,16:00,287,1411,99,3,10,61,3,20,86,3,10,10841,3,10,5438,3,20,9736,3,10,-9990,0,0,10,E,8,9,E,8,3.8,E,8,1.7,E,8,86,E,8,988,E,8,356,E,8,8.4,E,8,-9990,0,0,-9990,0,0,1.046,E,8,0.083,E,8,0.20,E,8,0,-9990,0,0
01/10/2005,17:00,120,1411,34,3,10,31,3,20,31,3,10,3821,3,10,0,3,20,3821,3,10,-9990,0,0,10,E,8,9,E,8,3.1,E,8,1.9,E,8,92,E,8,988,E,8,358,E,8,6.6,E,8,-9990,0,0,-9990,0,0,1.060,E,8,0.083,E,8,0.20,E,8,0,-9990,0,0
01/10/2005,18:00,1,72,0,3,10,0,3,20,0,3,10,0,3,10,0,3,20,0,3,10,-9990,0,0,10,E,8,9,E,8,2.3,E,8,1.3,E,8,93,E,8,988,E,8,355,E,8,11.1,E,8,-9990,0,0,-9990,0,0,1.016,E,8,0.083,E,8,0.20,E,8,0,-9990,0,0
01/10/2005,19:00,0,0,0,3,0,0,3,0,0,3,0,0,3,0,0,3,0,0,3,0,-9990,0,0,10,E,8,9,E,8,2.1,E,8,1.4,E,8,95,E,8,988,E,8,348,E,8,10.1,E,8,-9990,0,0,-9990,0,0,1.026,E,8,0.083,E,8,0.20,E,8,0,-9990,0,0
01/10/2005,20:00,0,0,0,3,0,0,3,0,0,3,0,0,3,0,0,3,0,0,3,0,-9990,0,0,10,E,8,9,E,8,1.9,E,8,1.4,E,8,96,E,8,988,E,8,353,E,8,8.4,E,8,-9990,0,0,-9990,0,0,1.022,E,8,0.083,E,8,0.20,E,8,0,-9990,0,0
01/10/2005,21:00,0,0,0,3,0,0,3,0,0,3,0,0,3,0,0,3,0,0,3,0,-9990,0,0,10,E,8,9,E,8,1.8,E,8,1.8,E,8,100,E,8,988,E,8,0,E,8,5.9,E,8,-9990,0,0,-9990,0,0,1.049,E,8,0.083,E,8,0.20,E,8,0,-9990,0,0
01/10/2005,22:00,0,0,0,3,0,0,3,0,0,3,0,0,3,0,0,3,0,0,3,0,-9990,0,0,10,E,8,9,E,8,1.6,E,8,1.3,E,8,98,E,8,987,E,8,38,E,8,3.9,E,8,-9990,0,0,-9990,0,0,1.019,E,8,0.083,E,8,0.20,E,8,0,-9990,0,0
01/10/2005,23:00,0,0,0,3,0,0,3,0,0,3,0,0,3,0,0,3,0,0,3,0,-9990,0,0,10,E,8,9,E,8,1.4,E,8,0.1,E,8,91,E,8,987,E,8,190,E,8,3.7,E,8,-9990,0,0,-9990,0,0,0.937,E,8,0.083,E,8,0.20,E,8,0,-9990,0,0
01/10/2005,24:00,0,0,0,3,0,0,3,0,0,3,0,0,3,0,0,3,0,0,3,0,-9990,0,0,10,E,8,9,E,8,1.3,E,8,-0.7,E,8,87,E,8,987,E,8,168,E,8,4.7,E,8,-9990,0,0,-9990,0,0,0.884,E,8,0.083,E,8,0.20,E,8,0,-9990,0,0
01/11/2005,01:00,0,0,0,3,0,0,3,0,0,3,0,0,3,0,0,3,0,0,3,0,-9990,0,0,10,E,8,9,E,8,1.1,E,8,-0.7,E,8,88,E,8,987,E,8,147,E,8,3.9,E,8,-9990,0,0,-9990,0,0,0.886,E,8,0.089,E,8,0.20,E,8,0,-9990,0,0
01/11/2005,02:00,0,0,0,3,0,0,3,0,0,3,0,0,3,0,0,3,0,0,3,0,-9990,0,0,10,E,8,9,E,8,1.0,E,8,-0.6,E,8,89,E,8,987,E,8,188,E,8,3.9,E,8,-9990,0,0,-9990,0,0,0.890,E,8,0.089,E,8,0.20,E,8,0,-9990,0,0
01/11/2005,03:00,0,0,0,3,0,0,3,0,0,3,0,0,3,0,0,3,0,0,3,0,-9990,0,0,10,E,8,9,E,8,0.9,E,8,-0.2,E,8,92,E,8,987,E,8,199,E,8,4.4,E,8,-9990,0,0,-9990,0,0,0.917,E,8,0.089,E,8,0.20,E,8,0,-9990,0,0
01/11/2005,04:00,0,0,0,3,0,0,3,0,0,3,0,0,3,0,0,3,0,0,3,0,-9990,0,0,10,E,8,9,E,8,0.9,E,8,0.0,E,8,94,E,8,987,E,8,145,E,8,3.7,E,8,-9990,0,0,-9990,0,0,0.931,E,8,0.089,E,8,0.20,E,8,0,-9990,0,0
01/11/2005,05:00,0,0,0,3,0,0,3,0,0,3,0,0,3,0,0,3,0,0,3,0,-9990,0,0,10,E,8,9,E,8,0.9,E,8,0.2,E,8,95,E,8,987,E,8,176,E,8,4.1,E,8,-9990,0,0,-9990,0,0,0.941,E,8,0.089,E,8,0.20,E,8,0,-9990,0,0
01/11/2005,06:00,0,0,0,3,0,0,3,0,0,3,0,0,3,0,0,3,0,0,3,0,-9990,0,0,10,E,8,9,E,8,0.8,E,8,0.6,E,8,98,E,8,986,E,8,161,E,8,5.1,E,8,-9990,0,0,-9990,0,0,0.965,E,8,0.089,E,8,0.20,E,8,0,-9990,0,0
01/11/2005,07:00,0,0,0,3,0,0,3,0,0,3,0,0,3,0,0,3,0,0,3,0,-9990,0,0,10,E,8,9,E,8,0.8,E,8,0.5,E,8,98,E,8,986,E,8,84,E,8,4.9,E,8,-9990,0,0,-9990,0,0,0.964,E,8,0.089,E,8,0.20,E,8,0,-9990,0,0
01/11/2005,08:00,0,0,0,3,0,0,3,0,0,3,0,0,3,0,0,3,0,0,3,0,-9990,0,0,10,E,8,9,E,8,0.8,E,8,0.5,E,8,98,E,8,986,E,8,65,E,8,4.1,E,8,-9990,0,0,-9990,0,0,0.963,E,8,0.089,E,8,0.20,E,8,0,-9990,0,0
01/11/2005,09:00,13,245,2,3,10,0,3,20,2,3,10,246,3,10,12,3,20,245,3,10,-9990,0,0,10,E,8,9,E,8,0.9,E,8,0.4,E,8,97,E,8,986,E,8,117,E,8,5.9,E,8,-9990,0,0,-9990,0,0,0.954,E,8,0.089,E,8,0.20,E,8,0,-9990,0,0
01/11/2005,10:00,166,1411,38,3,10,0,3,20,38,3,10,4226,3,10,0,3,20,4226,3,10,-9990,0,0,10,E,8,9,E,8,1.7,E,8,0.6,E,8,92,E,8,986,E,8,16,E,8,5.9,E,8,-9990,0,0,-9990,0,0,0.965,E,8,0.089,E,8,0.20,E,8,0,-9990,0,0
01/11/2005,11:00,324,1411,87,3,10,6,3,20,85,3,10,9620,3,10,560,3,20,9491,3,10,-9990,0,0,10,E,8,9,E,8,2.8,E,8,0.7,E,8,86,E,8,986,E,8,32,E,8,5.3,E,8,-9990,0,0,-9990,0,0,0.975,E,8,0.089,E,8,0.20,E,8,0,-9990,0,0
01/11/2005,12:00,432,1411,100,3,10,0,3,20,100,3,10,11235,3,10,0,3,20,11235,3,10,-9990,0,0,10,E,8,9,E,8,3.5,E,8,0.1,E,8,79,E,8,986,E,8,86,E,8,4.1,E,8,-9990,0,0,-9990,0,0,0.937,E,8,0.089,E,8,0.20,E,8,0,-9990,0,0
01/11/2005,13:00,485,1411,117,3,10,0,3,20,117,3,10,13213,3,10,0,3,20,13213,3,10,-9990,0,0,10,E,8,9,E,8,4.0,E,8,0.2,E,8,76,E,8,986,E,8,188,E,8,4.4,E,8,-9990,0,0,-9990,0,0,0.943,E,8,0.089,E,8,0.20,E,8,0,-9990,0,0
01/11/2005,14:00,478,1411,95,3,10,0,3,20,95,3,10,10814,3,10,0,3,20,10814,3,10,-9990,0,0,10,E,8,9,E,8,4.3,E,8,0.0,E,8,74,E,8,986,E,8,123,E,8,2.2,E,8,-9990,0,0,-9990,0,0,0.928,E,8,0.089,E,8,0.20,E,8,0,-9990,0,0
01/11/2005,15:00,412,1411,74,3,10,0,3,20,74,3,10,8460,3,10,0,3,20,8460,3,10,-9990,0,0,10,E,8,9,E,8,4.3,E,8,0.1,E,8,74,E,8,986,E,8,227,E,8,5.5,E,8,-9990,0,0,-9990,0,0,0.935,E,8,0.089,E,8,0.20,E,8,0,-9990,0,0
01/11/2005,16:00,291,1411,52,3,10,0,3,20,52,3,10,5858,3,10,0,3,20,5858,3,10,-9990,0,0,10,E,8,9,E,8,4.1,E,8,0.3,E,8,76,E,8,986,E,8,92,E,8,5.9,E,8,-9990,0,0,-9990,0,0,0.946,E,8,0.089,E,8,0.20,E,8,0,-9990,0,0
01/11/2005,17:00,124,1411,24,3,10,0,3,20,24,3,10,2810,3,10,0,3,20,2810,3,10,-9990,0,0,10,E,8,9,E,8,3.7,E,8,-0.3,E,8,75,E,8,986,E,8,18,E,8,6.2,E,8,-9990,0,0,-9990,0,0,0.907,E,8,0.089,E,8,0.20,E,8,0,-9990,0,0
01/11/2005,18:00,2,86,0,3,10,0,3,20,0,3,10,0,3,10,0,3,20,0,3,10,-9990,0,0,10,E,8,9,E,8,3.0,E,8,1.0,E,8,87,E,8,987,E,8,9,E,8,7.8,E,8,-9990,0,0,-9990,0,0,0.998,E,8,0.089,E,8,0.20,E,8,1,-9990,0,0
01/11/2005,19:00,0,0,0,3,0,0,3,0,0,3,0,0,3,0,0,3,0,0,3,0,-9990,0,0,9,E,8,8,E,8,2.8,E,8,0.9,E,8,87,E,8,987,E,8,358,E,8,6.6,E,8,-9990,0,0,-9990,0,0,0.988,E,8,0.089,E,8,0.20,E,8,0,-9990,0,0
01/11/2005,20:00,0,0,0,3,0,0,3,0,0,3,0,0,3,0,0,3,0,0,3,0,-9990,0,0,9,E,8,8,E,8,2.4,E,8,0.5,E,8,87,E,8,987,E,8,27,E,8,5.9,E,8,-9990,0,0,-9990,0,0,0.960,E,8,0.089,E,8,0.20,E,8,0,-9990,0,0
01/11/2005,21:00,0,0,0,3,0,0,3,0,0,3,0,0,3,0,0,3,0,0,3,0,-9990,0,0,9,E,8,8,E,8,2.0,E,8,0.1,E,8,87,E,8,987,E,8,10,E,8,5.5,E,8,-9990,0,0,-9990,0,0,0.934,E,8,0.089,E,8,0.20,E,8,0,-9990,0,0
01/11/2005,22:00,0,0,0,3,0,0,3,0,0,3,0,0,3,0,0,3,0,0,3,0,-9990,0,0,9,E,8,8,E,8,1.6,E,8,-0.3,E,8,87,E,8,988,E,8,87,E,8,5.5,E,8,-9990,0,0,-9990,0,0,0.908,E,8,0.089,E,8,0.20,E,8,0,-9990,0,0
01/11/2005,23:00,0,0,0,3,0,0,3,0,0,3,0,0,3,0,0,3,0,0,3,0,-9990,0,0,9,E,8,8,E,8,1.2,E,8,-0.7,E,8,87,E,8,988,E,8,100,E,8,5.3,E,8,-9990,0,0,-9990,0,0,0.883,E,8,0.089,E,8,0.20,E,8,0,-9990,0,0
01/11/2005,24:00,0,0,0,3,0,0,3,0,0,3,0,0,3,0,0,3,0,0,3,0,-9990,0,0,8,E,8,7,E,8,0.8,E,8,-1.1,E,8,87,E,8,988,E,8,68,E,8,5.9,E,8,-9990,0,0,-9990,0,0,0.858,E,8,0.089,E,8,0.20,E,8,0,-9990,0,0
01/12/2005,01:00,0,0,0,3,0,0,3,0,0,3,0,0,3,0,0,3,0,0,3,0,-9990,0,0,8,E,8,7,E,8,-0.2,E,8,-2.1,E,8,87,E,8,988,E,8,42,E,8,7.8,E,8,-9990,0,0,-9990,0,0,0.802,E,8,0.089,E,8,0.20,E,8,0,-9990,0,0
01/12/2005,02:00,0,0,0,3,0,0,3,0,0,3,0,0,3,0,0,3,0,0,3,0,-9990,0,0,8,E,8,7,E,8,-1.4,E,8,-2.5,E,8,92,E,8,988,E,8,3,E,8,7.0,E,8,-9990,0,0,-9990,0,0,0.779,E,8,0.089,E,8,0.20,E,8,0,-9990,0,0
01/12/2005,03:00,0,0,0,3,0,0,3,0,0,3,0,0,3,0,0,3,0,0,3,0,-9990,0,0,8,E,8,7,E,8,-2.5,E,8,-3.1,E,8,96,E,8,989,E,8,355,E,8,5.3,E,8,-9990,0,0,-9990,0,0,0.745,E,8,0.089,E,8,0.20,E,8,0,-9990,0,0
01/12/2005,04:00,0,0,0,3,0,0,3,0,0,3,0,0,3,0,0,3,0,0,3,0,-9990,0,0,8,E,8,7,E,8,-3.2,E,8,-3.4,E,8,98,E,8,989,E,8,64,E,8,3.9,E,8,-9990,0,0,-9990,0,0,0.731,E,8,0.089,E,8,0.20,E,8,0,-9990,0,0
01/12/2005,05:00,0,0,0,3,0,0,3,0,0,3,0,0,3,0,0,3,0,0,3,0,-9990,0,0,6,E,8,6,E,8,-3.8,E,8,-5.0,E,8,91,E,8,989,E,8,174,E,8,3.7,E,8,-9990,0,0,-9990,0,0,0.654,E,8,0.089,E,8,0.20,E,8,0,-9990,0,0
01/12/2005,06:00,0,0,0,3,0,0,3,0,0,3,0,0,3,0,0,3,0,0,3,0,-9990,0,0,6,E,8,6,E,8,-4.5,E,8,-5.1,E,8,96,E,8,989,E,8,177,E,8,3.7,E,8,-9990,0,0,-9990,0,0,0.651,E,8,0.089,E,8,0.20,E,8,0,-9990,0,0
01/12/2005,07:00,0,0,0,3,0,0,3,0,0,3,0,0,3,0,0,3,0,0,3,0,-9990,0,0,6,E,8,6,E,8,-5.0,E,8,-5.0,E,8,100,E,8,989,E,8,206,E,8,4.7,E,8,-9990,0,0,-9990,0,0,0.656,E,8,0.089,E,8,0.20,E,8,0,-9990,0,0
01/12/2005,08:00,0,0,0,3,0,0,3,0,0,3,0,0,3,0,0,3,0,0,3,0,-9990,0,0,6,E,8,6,E,8,-5.4,E,8,-5.4,E,8,100,E,8,990,E,8,126,E,8,2.4,E,8,-9990,0,0,-9990,0,0,0.634,E,8,0.089,E,8,0.20,E,8,0,-9990,0,0
01/12/2005,09:00,13,250,1,3,10,0,3,20,1,3,10,85,3,10,7,3,20,84,3,10,-9990,0,0,6,E,8,6,E,8,-5.6,E,8,-5.6,E,8,100,E,8,990,E,8,197,E,8,2.1,E,8,-9990,0,0,-9990,0,0,0.628,E,8,0.089,E,8,0.20,E,8,0,-9990,0,0
01/12/2005,10:00,168,1411,63,3,10,174,3,20,42,3,10,6541,3,10,5737,3,20,5857,3,10,-9990,0,0,5,E,8,5,E,8,-4.8,E,8,-5.2,E,8,97,E,8,990,E,8,262,E,8,2.1,E,8,-9990,0,0,-9990,0,0,0.643,E,8,0.089,E,8,0.20,E,8,0,-9990,0,0
01/12/2005,11:00,326,1411,153,3,10,307,3,20,83,3,10,15933,3,10,20022,3,20,11307,3,10,-9990,0,0,5,E,8,5,E,8,-3.8,E,8,-5.1,E,8,90,E,8,990,E,8,235,E,8,1.9,E,8,-9990,0,0,-9990,0,0,0.647,E,8,0.089,E,8,0.20,E,8,0,-9990,0,0
01/12/2005,12:00,435,1411,218,3,10,374,3,20,103,3,10,22928,3,10,28097,3,20,14262,3,10,-9990,0,0,5,E,8,5,E,8,-2.9,E,8,-4.9,E,8,86,E,8,990,E,8,285,E,8,1.3,E,8,-9990,0,0,-9990,0,0,0.658,E,8,0.089,E,8,0.20,E,8,0,-9990,0,0
01/12/2005,13:00,488,1411,262,3,10,421,3,20,117,3,10,27524,3,10,33127,3,20,16061,3,10,-9990,0,0,4,E,8,3,E,8,-2.1,E,8,-5.3,E,8,79,E,8,991,E,8,245,E,8,2.1,E,8,-9990,0,0,-9990,0,0,0.642,E,8,0.089,E,8,0.20,E,8,0,-9990,0,0
01/12/2005,14:00,482,1411,257,3,10,397,3,20,122,3,10,26819,3,10,29901,3,20,16613,3,10,-9990,0,0,5,E,8,4,E,8,-1.7,E,8,-4.9,E,8,79,E,8,991,E,8,235,E,8,2.2,E,8,-9990,0,0,-9990,0,0,0.660,E,8,0.089,E,8,0.20,E,8,0,-9990,0,0
01/12/2005,15:00,416,1411,213,3,10,367,3,20,105,3,10,22061,3,10,26575,3,20,14230,3,10,-9990,0,0,5,E,8,4,E,8,-1.6,E,8,-4.8,E,8,79,E,8,991,E,8,221,E,8,1.9,E,8,-9990,0,0,-9990,0,0,0.662,E,8,0.089,E,8,0.20,E,8,0,-9990,0,0
01/12/2005,16:00,295,1411,140,3,10,362,3,20,64,3,10,14597,3,10,27292,3,20,8887,3,10,-9990,0,0,3,E,8,2,E,8,-1.9,E,8,-5.3,E,8,77,E,8,991,E,8,220,E,8,1.7,E,8,-9990,0,0,-9990,0,0,0.639,E,8,0.089,E,8,0.20,E,8,0,-9990,0,0
01/12/2005,17:00,128,1411,55,3,10,197,3,20,37,3,10,5816,3,10,5748,3,20,5294,3,10,-9990,0,0,3,E,8,2,E,8,-2.7,E,8,-4.7,E,8,86,E,8,991,E,8,272,E,8,2.1,E,8,-9990,0,0,-9990,0,0,0.668,E,8,0.089,E,8,0.20,E,8,0,-9990,0,0
01/12/2005,18:00,2,101,0,3,10,0,3,20,0,3,10,0,3,10,0,3,20,0,3,10,-9990,0,0,3,E,8,2,E,8,-3.6,E,8,-5.2,E,8,89,E,8,991,E,8,228,E,8,3.0,E,8,-9990,0,0,-9990,0,0,0.646,E,8,0.089,E,8,0.20,E,8,0,-9990,0,0
01/12/2005,19:00,0,0,0,3,0,0,3,0,0,3,0,0,3,0,0,3,0,0,3,0,-9990,0,0,3,E,8,2,E,8,-4.1,E,8,-6.0,E,8,87,E,8,991,E,8,252,E,8,3.9,E,8,-9990,0,0,-9990,0,0,0.611,E,8,0.089,E,8,0.20,E,8,0,-9990,0,0
01/12/2005,20:00,0,0,0,3,0,0,3,0,0,3,0,0,3,0,0,3,0,0,3,0,-9990,0,0,3,E,8,2,E,8,-4.7,E,8,-6.3,E,8,88,E,8,991,E,8,186,E,8,1.9,E,8,-9990,0,0,-9990,0,0,0.595,E,8,0.089,E,8,0.20,E,8,0,-9990,0,0
01/12/2005,21:00,0,0,0,3,0,0,3,0,0,3,0,0,3,0,0,3,0,0,3,0,-9990,0,0,3,E,8,2,E,8,-5.3,E,8,-6.3,E,8,92,E,8,991,E,8,271,E,8,2.1,E,8,-9990,0,0,-9990,0,0,0.597,E,8,0.089,E,8,0.20,E,8,0,-9990,0,0
01/12/2005,22:00,0,0,0,3,0,0,3,0,0,3,0,0,3,0,0,3,0,0,3,0,-9990,0,0,3,E,8,2,E,8,-5.8,E,8,-6.8,E,8,93,E,8,991,E,8,259,E,8,1.6,E,8,-9990,0,0,-9990,0,0,0.576,E,8,0.089,E,8,0.20,E,8,0,-9990,0,0
01/12/2005,23:00,0,0,0,3,0,0,3,0,0,3,0,0,3,0,0,3,0,0,3,0,-9990,0,0,4,E,8,3,E,8,-6.4,E,8,-7.1,E,8,95,E,8,990,E,8,263,E,8,1.1,E,8,-9990,0,0,-9990,0,0,0.564,E,8,0.089,E,8,0.20,E,8,0,-9990,0,0
01/12/2005,24:00,0,0,0,3,0,0,3,0,0,3,0,0,3,0,0,3,0,0,3,0,-9990,0,0,4,E,8,3,E,8,-7.0,E,8,-7.2,E,8,98,E,8,990,E,8,287,E,8,0.5,E,8,-9990,0,0,-9990,0,0,0.561,E,8,0.089,E,8,0.20,E,8,0,-9990,0,0
01/13/2005,01:00,0,0,0,3,0,0,3,0,0,3,0,0,3,0,0,3,0,0,3,0,-9990,0,0,4,E,8,3,E,8,-6.9,E,8,-6.9,E,8,100,E,8,990,E,8,319,E,8,0.8,E,8,-9990,0,0,-9990,0,0,0.571,E,8,0.092,E,8,0.20,E,8,0,-9990,0,0
01/13/2005,02:00,0,0,0,3,0,0,3,0,0,3,0,0,3,0,0,3,0,0,3,0,-9990,0,0,4,E,8,3,E,8,-6.8,E,8,-6.8,E,8,100,E,8,990,E,8,310,E,8,1.0,E,8,-9990,0,0,-9990,0,0,0.576,E,8,0.092,E,8,0.20,E,8,0,-9990,0,0
01/13/2005,03:00,0,0,0,3,0,0,3,0,0,3,0,0,3,0,0,3,0,0,3,0,-9990,0,0,4,E,8,3,E,8,-6.7,E,8,-6.7,E,8,100,E,8,990,E,8,284,E,8,1.6,E,8,-9990,0,0,-9990,0,0,0.579,E,8,0.092,E,8,0.20,E,8,0,-9990,0,0
01/13/2005,04:00,0,0,0,3,0,0,3,0,0,3,0,0,3,0,0,3,0,0,3,0,-9990,0,0,4,E,8,3,E,8,-6.6,E,8,-6.6,E,8,100,E,8,990,E,8,243,E,8,2.8,E,8,-9990,0,0,-9990,0,0,0.585,E,8,0.092,E,8,0.20,E,8,0,-9990,0,0
01/13/2005,05:00,0,0,0,3,0,0,3,0,0,3,0,0,3,0,0,3,0,0,3,0,-9990,0,0,4,E,8,3,E,8,-6.5,E,8,-6.5,E,8,100,E,8,990,E,8,251,E,8,2.4,E,8,-9990,0,0,-9990,0,0,0.590,E,8,0.092,E,8,0.20,E,8,0,-9990,0,0
01/13/2005,06:00,0,0,0,3,0,0,3,0,0,3,0,0,3,0,0,3,0,0,3,0,-9990,0,0,4,E,8,3,E,8,-6.4,E,8,-6.4,E,8,100,E,8,990,E,8,239,E,8,3.3,E,8,-9990,0,0,-9990,0,0,0.595,E,8,0.092,E,8,0.20,E,8,0,-9990,0,0
01/13/2005,07:00,0,0,0,3,0,0,3,0,0,3,0,0,3,0,0,3,0,0,3,0,-9990,0,0,4,E,8,3,E,8,-6.2,E,8,-6.2,E,8,100,E,8,990,E,8,206,E,8,3.9,E,8,-9990,0,0,-9990,0,0,0.599,E,8,0.092,E,8,0.20,E,8,0,-9990,0,0
01/13/2005,08:00,0,0,0,3,0,0,3,0,0,3,0,0,3,0,0,3,0,0,3,0,-9990,0,0,4,E,8,3,E,8,-6.1,E,8,-6.1,E,8,100,E,8,990,E,8,118,E,8,3.5,E,8,-9990,0,0,-9990,0,0,0.603,E,8,0.092,E,8,0.20,E,8,0,-9990,0,0
01/13/2005,09:00,14,257,1,3,10,0,3,20,1,3,10,84,3,10,7,3,20,84,3,10,-9990,0,0,4,E,8,3,E,8,-6.0,E,8,-6.0,E,8,100,E,8,990,E,8,184,E,8,3.0,E,8,-9990,0,0,-9990,0,0,0.609,E,8,0.092,E,8,0.20,E,8,0,-9990,0,0
01/13/2005,10:00,170,1411,69,3,10,246,3,20,39,3,10,7215,3,10,14062,3,20,5516,3,10,-9990,0,0,4,E,8,3,E,8,-4.4,E,8,-4.7,E,8,98,E,8,990,E,8,240,E,8,3.3,E,8,-9990,0,0,-9990,0,0,0.667,E,8,0.092,E,8,0.20,E,8,0,-9990,0,0
01/13/2005,11:00,329,1411,176,3,10,391,3,20,85,3,10,18261,3,10,28340,3,20,11659,3,10,-9990,0,0,4,E,8,3,E,8,-2.2,E,8,-3.5,E,8,91,E,8,990,E,8,173,E,8,3.5,E,8,-9990,0,0,-9990,0,0,0.728,E,8,0.092,E,8,0.20,E,8,0,-9990,0,0
01/13/2005,12:00,438,1411,294,3,10,667,3,20,87,3,10,30333,3,10,57302,3,20,12533,3,10,-9990,0,0,0,E,8,0,E,8,0.2,E,8,-2.5,E,8,82,E,8,990,E,8,198,E,8,2.4,E,8,-9990,0,0,-9990,0,0,0.778,E,8,0.092,E,8,0.20,E,8,0,-9990,0,0
01/13/2005,13:00,492,1411,323,3,10,648,3,20,98,3,10,33446,3,10,55818,3,20,13990,3,10,-9990,0,0,0,E,8,0,E,8,2.0,E,8,-1.8,E,8,76,E,8,990,E,8,234,E,8,2.4,E,8,-9990,0,0,-9990,0,0,0.821,E,8,0.092,E,8,0.20,E,8,0,-9990,0,0
01/13/2005,14:00,486,1411,266,3,10,391,3,20,132,3,10,27554,3,10,28273,3,20,17824,3,10,-9990,0,0,5,E,8,4,E,8,2.8,E,8,-1.5,E,8,73,E,8,990,E,8,218,E,8,2.2,E,8,-9990,0,0,-9990,0,0,0.836,E,8,0.092,E,8,0.20,E,8,0,-9990,0,0
01/13/2005,15:00,420,1411,162,3,10,130,3,20,123,3,10,17533,3,10,11002,3,20,14258,3,10,-9990,0,0,9,E,8,8,E,8,2.6,E,8,-2.4,E,8,70,E,8,990,E,8,204,E,8,1.8,E,8,-9990,0,0,-9990,0,0,0.786,E,8,0.092,E,8,0.20,E,8,0,-9990,0,0
01/13/2005,16:00,300,1411,13,3,10,0,3,20,13,3,10,1662,3,10,3,3,20,1662,3,10,-9990,0,0,10,E,8,9,E,8,1.1,E,8,-2.9,E,8,75,E,8,990,E,8,283,E,8,1.6,E,8,-9990,0,0,-9990,0,0,0.758,E,8,0.092,E,8,0.20,E,8,0,-9990,0,0
01/13/2005,17:00,133,1411,5,3,10,0,3,20,5,3,10,665,3,10,12,3,20,664,3,10,-9990,0,0,10,E,8,9,E,8,-0.1,E,8,-3.2,E,8,79,E,8,990,E,8,229,E,8,1.7,E,8,-9990,0,0,-9990,0,0,0.740,E,8,0.092,E,8,0.20,E,8,0,-9990,0,0
01/13/2005,18:00,3,115,0,3,10,0,3,20,0,3,10,0,3,10,0,3,20,0,3,10,-9990,0,0,10,E,8,9,E,8,-1.1,E,8,-3.9,E,8,81,E,8,989,E,8,275,E,8,2.2,E,8,-9990,0,0,-9990,0,0,0.705,E,8,0.092,E,8,0.20,E,8,0,-9990,0,0
01/13/2005,19:00,0,0,0,3,0,0,3,0,0,3,0,0,3,0,0,3,0,0,3,0,-9990,0,0,10,E,8,9,E,8,-1.1,E,8,-3.6,E,8,83,E,8,989,E,8,220,E,8,4.4,E,8,-9990,0,0,-9990,0,0,0.723,E,8,0.092,E,8,0.20,E,8,0,-9990,0,0
01/13/2005,20:00,0,0,0,3,0,0,3,0,0,3,0,0,3,0,0,3,0,0,3,0,-9990,0,0,10,E,8,9,E,8,-1.1,E,8,-3.5,E,8,84,E,8,989,E,8,74,E,8,3.5,E,8,-9990,0,0,-9990,0,0,0.729,E,8,0.092,E,8,0.20,E,8,0,-9990,0,0
01/13/2005,21:00,0,0,0,3,0,0,3,0,0,3,0,0,3,0,0,3,0,0,3,0,-9990,0,0,10,E,8,9,E,8,-1.1,E,8,-3.7,E,8,82,E,8,989,E,8,167,E,8,2.6,E,8,-9990,0,0,-9990,0,0,0.715,E,8,0.092,E,8,0.20,E,8,0,-9990,0,0
01/13/2005,22:00,0,0,0,3,0,0,3,0,0,3,0,0,3,0,0,3,0,0,3,0,-9990,0,0,10,E,8,9,E,8,-1.1,E,8,-2.8,E,8,88,E,8,989,E,8,235,E,8,2.4,E,8,-9990,0,0,-9990,0,0,0.764,E,8,0.092,E,8,0.20,E,8,0,-9990,0,0
01/13/2005,23:00,0,0,0,3,0,0,3,0,0,3,0,0,3,0,0,3,0,0,3,0,-9990,0,0,10,E,8,9,E,8,-1.1,E,8,-3.1,E,8,86,E,8,989,E,8,218,E,8,3.9,E,8,-9990,0,0,-9990,0,0,0.745,E,8,0.092,E,8,0.20,E,8,0,-9990,0,0
01/13/2005,24:00,0,0,0,3,0,0,3,0,0,3,0,0,3,0,0,3,0,0,3,0,-9990,0,0,10,E,8,9,E,8,-1.1,E,8,-3.4,E,8,84,E,8,988,E,8,113,E,8,2.6,E,8,-9990,0,0,-9990,0,0,0.730,E,8,0.092,E,8,0.20,E,8,0,-9990,0,0
01/14/2005,01:00,0,0,0,3,0,0,3,0,0,3,0,0,3,0,0,3,0,0,3,0,-9990,0,0,10,E,8,9,E,8,-1.5,E,8,-3.6,E,8,85,E,8,988,E,8,227,E,8,2.4,E,8,-9990,0,0,-9990,0,0,0.721,E,8,0.086,E,8,0.20,E,8,0,-9990,0,0
01/14/2005,02:00,0,0,0,3,0,0,3,0,0,3,0,0,3,0,0,3,0,0,3,0,-9990,0,0,10,E,8,9,E,8,-2.0,E,8,-3.9,E,8,87,E,8,988,E,8,226,E,8,2.2,E,8,-9990,0,0,-9990,0,0,0.706,E,8,0.086,E,8,0.22,E,8,0,-9990,0,0
01/14/2005,03:00,0,0,0,3,0,0,3,0,0,3,0,0,3,0,0,3,0,0,3,0,-9990,0,0,10,E,8,9,E,8,-2.2,E,8,-3.0,E,8,94,E,8,988,E,8,196,E,8,1.0,E,8,-9990,0,0,-9990,0,0,0.752,E,8,0.086,E,8,0.22,E,8,0,-9990,0,0
01/14/2005,04:00,0,0,0,3,0,0,3,0,0,3,0,0,3,0,0,3,0,0,3,0,-9990,0,0,10,E,8,9,E,8,-2.4,E,8,-3.2,E,8,94,E,8,988,E,8,273,E,8,0.8,E,8,-9990,0,0,-9990,0,0,0.741,E,8,0.086,E,8,0.21,E,8,0,-9990,0,0
01/14/2005,05:00,0,0,0,3,0,0,3,0,0,3,0,0,3,0,0,3,0,0,3,0,-9990,0,0,10,E,8,9,E,8,-2.6,E,8,-3.4,E,8,94,E,8,988,E,8,260,E,8,0.8,E,8,-9990,0,0,-9990,0,0,0.731,E,8,0.086,E,8,0.21,E,8,0,-9990,0,0
01/14/2005,06:00,0,0,0,3,0,0,3,0,0,3,0,0,3,0,0,3,0,0,3,0,-9990,0,0,10,E,8,9,E,8,-2.8,E,8,-3.9,E,8,92,E,8,987,E,8,238,E,8,0.7,E,8,-9990,0,0,-9990,0,0,0.705,E,8,0.086,E,8,0.21,E,8,0,-9990,0,0
01/14/2005,07:00,0,0,0,3,0,0,3,0,0,3,0,0,3,0,0,3,0,0,3,0,-9990,0,0,10,E,8,9,E,8,-2.9,E,8,-4.1,E,8,91,E,8,987,E,8,314,E,8,0.5,E,8,-9990,0,0,-9990,0,0,0.696,E,8,0.086,E,8,0.21,E,8,0,-9990,0,0
01/14/2005,08:00,0,0,0,3,0,0,3,0,0,3,0,0,3,0,0,3,0,0,3,0,-9990,0,0,10,E,8,9,E,8,-3.0,E,8,-4.1,E,8,92,E,8,987,E,8,307,E,8,0.6,E,8,-9990,0,0,-9990,0,0,0.696,E,8,0.086,E,8,0.21,E,8,0,-9990,0,0
01/14/2005,09:00,15,263,3,3,10,0,3,20,3,3,10,335,3,10,12,3,20,335,3,10,-9990,0,0,10,E,8,9,E,8,-2.9,E,8,-4.1,E,8,91,E,8,987,E,8,287,E,8,0.9,E,8,-9990,0,0,-9990,0,0,0.694,E,8,0.086,E,8,0.21,E,8,0,-9990,0,0
01/14/2005,10:00,173,1411,49,3,10,29,3,20,46,3,10,5395,3,10,1871,3,20,5166,3,10,-9990,0,0,10,E,8,9,E,8,-2.1,E,8,-4.5,E,8,84,E,8,987,E,8,285,E,8,1.1,E,8,-9990,0,0,-9990,0,0,0.678,E,8,0.086,E,8,0.21,E,8,0,-9990,0,0
01/14/2005,11:00,332,1411,115,3,10,67,3,20,99,3,10,12587,3,10,6116,3,20,11150,3,10,-9990,0,0,10,E,8,9,E,8,-1.0,E,8,-3.4,E,8,84,E,8,987,E,8,262,E,8,0.8,E,8,-9990,0,0,-9990,0,0,0.730,E,8,0.086,E,8,0.21,E,8,0,-9990,0,0
01/14/2005,12:00,442,1411,118,3,10,7,3,20,115,3,10,13125,3,10,627,3,20,12929,3,10,-9990,0,0,10,E,8,9,E,8,-0.4,E,8,-4.3,E,8,75,E,8,986,E,8,239,E,8,0.7,E,8,-9990,0,0,-9990,0,0,0.685,E,8,0.086,E,8,0.21,E,8,0,-9990,0,0
01/14/2005,13:00,496,1411,106,3,10,0,3,20,106,3,10,12097,3,10,0,3,20,12097,3,10,-9990,0,0,10,E,8,9,E,8,-0.2,E,8,-4.9,E,8,70,E,8,986,E,8,291,E,8,0.3,E,8,-9990,0,0,-9990,0,0,0.660,E,8,0.086,E,8,0.21,E,8,0,-9990,0,0
01/14/2005,14:00,490,1411,190,3,10,122,3,20,148,3,10,20620,3,10,10343,3,20,17030,3,10,-9990,0,0,9,E,8,8,E,8,0.5,E,8,-4.8,E,8,67,E,8,986,E,8,311,E,8,0.1,E,8,-9990,0,0,-9990,0,0,0.661,E,8,0.086,E,8,0.21,E,8,0,-9990,0,0
01/14/2005,15:00,424,1411,117,3,10,17,3,20,112,3,10,12979,3,10,1768,3,20,12447,3,10,-9990,0,0,10,E,8,9,E,8,0.6,E,8,-4.9,E,8,66,E,8,986,E,8,299,E,8,0.4,E,8,-9990,0,0,-9990,0,0,0.659,E,8,0.086,E,8,0.21,E,8,0,-9990,0,0
01/14/2005,16:00,304,1411,24,3,10,0,3,20,24,3,10,2924,3,10,0,3,20,2924,3,10,-9990,0,0,10,E,8,9,E,8,0.0,E,8,-5.0,E,8,69,E,8,986,E,8,313,E,8,0.6,E,8,-9990,0,0,-9990,0,0,0.652,E,8,0.086,E,8,0.21,E,8,0,-9990,0,0
01/14/2005,17:00,137,1411,24,3,10,0,3,20,24,3,10,2852,3,10,0,3,20,2852,3,10,-9990,0,0,10,E,8,9,E,8,-0.4,E,8,-5.4,E,8,69,E,8,986,E,8,271,E,8,0.7,E,8,-9990,0,0,-9990,0,0,0.634,E,8,0.086,E,8,0.20,E,8,0,-9990,0,0
01/14/2005,18:00,4,130,1,3,10,0,3,20,1,3,10,0,3,10,0,3,20,0,3,10,-9990,0,0,10,E,8,9,E,8,-0.9,E,8,-5.5,E,8,71,E,8,986,E,8,285,E,8,0.9,E,8,-9990,0,0,-9990,0,0,0.630,E,8,0.086,E,8,0.20,E,8,0,-9990,0,0
01/14/2005,19:00,0,0,0,3,0,0,3,0,0,3,0,0,3,0,0,3,0,0,3,0,-9990,0,0,10,E,8,9,E,8,-1.4,E,8,-6.2,E,8,70,E,8,986,E,8,254,E,8,0.9,E,8,-9990,0,0,-9990,0,0,0.602,E,8,0.086,E,8,0.20,E,8,0,-9990,0,0
01/14/2005,20:00,0,0,0,3,0,0,3,0,0,3,0,0,3,0,0,3,0,0,3,0,-9990,0,0,10,E,8,9,E,8,-1.8,E,8,-5.8,E,8,74,E,8,986,E,8,271,E,8,1.4,E,8,-9990,0,0,-9990,0,0,0.617,E,8,0.086,E,8,0.20,E,8,0,-9990,0,0
01/14/2005,21:00,0,0,0,3,0,0,3,0,0,3,0,0,3,0,0,3,0,0,3,0,-9990,0,0,10,E,8,9,E,8,-2.3,E,8,-6.3,E,8,74,E,8,986,E,8,248,E,8,2.2,E,8,-9990,0,0,-9990,0,0,0.597,E,8,0.086,E,8,0.20,E,8,0,-9990,0,0
01/14/2005,22:00,0,0,0,3,0,0,3,0,0,3,0,0,3,0,0,3,0,0,3,0,-9990,0,0,10,E,8,9,E,8,-2.7,E,8,-6.0,E,8,78,E,8,986,E,8,248,E,8,1.8,E,8,-9990,0,0,-9990,0,0,0.608,E,8,0.086,E,8,0.20,E,8,0,-9990,0,0
01/14/2005,23:00,0,0,0,3,0,0,3,0,0,3,0,0,3,0,0,3,0,0,3,0,-9990,0,0,10,E,8,9,E,8,-3.2,E,8,-6.2,E,8,79,E,8,986,E,8,229,E,8,1.9,E,8,-9990,0,0,-9990,0,0,0.600,E,8,0.086,E,8,0.20,E,8,0,-9990,0,0
01/14/2005,24:00,0,0,0,3,0,0,3,0,0,3,0,0,3,0,0,3,0,0,3,0,-9990,0,0,10,E,8,9,E,8,-3.7,E,8,-6.2,E,8,83,E,8,986,E,8,221,E,8,1.9,E,8,-9990,0,0,-9990,0,0,0.602,E,8,0.086,E,8,0.20,E,8,0,-9990,0,0
01/15/2005,01:00,0,0,0,3,0,0,3,0,0,3,0,0,3,0,0,3,0,0,3,0,-9990,0,0,10,E,8,9,E,8,-4.1,E,8,-5.7,E,8,89,E,8,986,E,8,196,E,8,2.1,E,8,-9990,0,0,-9990,0,0,0.624,E,8,0.079,E,8,0.20,E,8,0,-9990,0,0
01/15/2005,02:00,0,0,0,3,0,0,3,0,0,3,0,0,3,0,0,3,0,0,3,0,-9990,0,0,10,E,8,9,E,8,-4.6,E,8,-6.1,E,8,89,E,8,986,E,8,211,E,8,2.4,E,8,-9990,0,0,-9990,0,0,0.604,E,8,0.079,E,8,0.20,E,8,0,-9990,0,0
01/15/2005,03:00,0,0,0,3,0,0,3,0,0,3,0,0,3,0,0,3,0,0,3,0,-9990,0,0,10,E,8,9,E,8,-5.1,E,8,-6.6,E,8,89,E,8,986,E,8,232,E,8,2.8,E,8,-9990,0,0,-9990,0,0,0.584,E,8,0.079,E,8,0.20,E,8,0,-9990,0,0
01/15/2005,04:00,0,0,0,3,0,0,3,0,0,3,0,0,3,0,0,3,0,0,3,0,-9990,0,0,10,E,8,9,E,8,-5.4,E,8,-7.8,E,8,83,E,8,986,E,8,212,E,8,3.9,E,8,-9990,0,0,-9990,0,0,0.538,E,8,0.079,E,8,0.20,E,8,0,-9990,0,0
01/15/2005,05:00,0,0,0,3,0,0,3,0,0,3,0,0,3,0,0,3,0,0,3,0,-9990,0,0,10,E,8,9,E,8,-5.7,E,8,-7.3,E,8,88,E,8,986,E,8,111,E,8,4.4,E,8,-9990,0,0,-9990,0,0,0.557,E,8,0.079,E,8,0.20,E,8,0,-9990,0,0
01/15/2005,06:00,0,0,0,3,0,0,3,0,0,3,0,0,3,0,0,3,0,0,3,0,-9990,0,0,10,E,8,9,E,8,-5.9,E,8,-8.4,E,8,83,E,8,986,E,8,65,E,8,4.7,E,8,-9990,0,0,-9990,0,0,0.515,E,8,0.079,E,8,0.20,E,8,0,-9990,0,0
01/15/2005,07:00,0,0,0,3,0,0,3,0,0,3,0,0,3,0,0,3,0,0,3,0,-9990,0,0,10,E,8,9,E,8,-6.2,E,8,-9.3,E,8,78,E,8,986,E,8,58,E,8,4.9,E,8,-9990,0,0,-9990,0,0,0.484,E,8,0.079,E,8,0.20,E,8,0,-9990,0,0
01/15/2005,08:00,0,0,0,3,0,0,3,0,0,3,0,0,3,0,0,3,0,0,3,0,-9990,0,0,10,E,8,9,E,8,-6.4,E,8,-9.7,E,8,77,E,8,986,E,8,85,E,8,5.5,E,8,-9990,0,0,-9990,0,0,0.470,E,8,0.079,E,8,0.20,E,8,0,-9990,0,0
01/15/2005,09:00,16,271,1,3,10,0,3,20,1,3,10,108,3,10,7,3,20,107,3,10,-9990,0,0,10,E,8,9,E,8,-6.4,E,8,-9.0,E,8,82,E,8,986,E,8,40,E,8,4.1,E,8,-9990,0,0,-9990,0,0,0.495,E,8,0.079,E,8,0.20,E,8,0,-9990,0,0
01/15/2005,10:00,175,1411,8,3,10,0,3,20,8,3,10,1034,3,10,6,3,20,1034,3,10,-9990,0,0,10,E,8,9,E,8,-6.5,E,8,-8.3,E,8,87,E,8,986,E,8,125,E,8,3.5,E,8,-9990,0,0,-9990,0,0,0.520,E,8,0.079,E,8,0.22,E,8,0,-9990,0,0
01/15/2005,11:00,335,1411,42,3,10,0,3,20,42,3,10,4974,3,10,0,3,20,4974,3,10,-9990,0,0,10,E,8,9,E,8,-5.9,E,8,-7.4,E,8,89,E,8,986,E,8,178,E,8,2.1,E,8,-9990,0,0,-9990,0,0,0.552,E,8,0.079,E,8,0.22,E,8,0,-9990,0,0
01/15/2005,12:00,445,1411,81,3,10,0,3,20,81,3,10,9271,3,10,0,3,20,9271,3,10,-9990,0,0,10,E,8,9,E,8,-5.3,E,8,-6.6,E,8,90,E,8,986,E,8,214,E,8,1.6,E,8,-9990,0,0,-9990,0,0,0.583,E,8,0.079,E,8,0.22,E,8,0,-9990,0,0
01/15/2005,13:00,499,1411,86,3,10,0,3,20,86,3,10,9931,3,10,0,3,20,9931,3,10,-9990,0,0,10,E,8,9,E,8,-4.9,E,8,-6.7,E,8,87,E,8,986,E,8,264,E,8,1.4,E,8,-9990,0,0,-9990,0,0,0.578,E,8,0.079,E,8,0.22,E,8,0,-9990,0,0
01/15/2005,14:00,494,1411,151,3,10,25,3,20,142,3,10,16681,3,10,2591,3,20,15774,3,10,-9990,0,0,10,E,8,9,E,8,-4.2,E,8,-6.8,E,8,82,E,8,986,E,8,251,E,8,1.8,E,8,-9990,0,0,-9990,0,0,0.576,E,8,0.079,E,8,0.22,E,8,0,-9990,0,0
01/15/2005,15:00,429,1411,142,3,10,46,3,20,128,3,10,15634,3,10,3974,3,20,14426,3,10,-9990,0,0,10,E,8,9,E,8,-3.8,E,8,-6.0,E,8,85,E,8,986,E,8,248,E,8,3.0,E,8,-9990,0,0,-9990,0,0,0.609,E,8,0.079,E,8,0.22,E,8,0,-9990,0,0
01/15/2005,16:00,309,1411,112,3,10,122,3,20,86,3,10,12132,3,10,10024,3,20,9937,3,10,-9990,0,0,9,E,8,8,E,8,-3.7,E,8,-6.6,E,8,80,E,8,986,E,8,222,E,8,4.9,E,8,-9990,0,0,-9990,0,0,0.584,E,8,0.079,E,8,0.22,E,8,0,-9990,0,0
01/15/2005,17:00,142,1411,75,3,10,239,3,20,51,3,10,7666,3,10,7963,3,20,6865,3,10,-9990,0,0,9,E,8,8,E,8,-3.8,E,8,-6.5,E,8,81,E,8,986,E,8,87,E,8,4.7,E,8,-9990,0,0,-9990,0,0,0.587,E,8,0.079,E,8,0.22,E,8,0,-9990,0,0
01/15/2005,18:00,5,146,1,3,10,0,3,20,1,3,10,0,3,10,0,3,20,0,3,10,-9990,0,0,9,E,8,8,E,8,-4.4,E,8,-7.4,E,8,79,E,8,986,E,8,69,E,8,5.3,E,8,-9990,0,0,-9990,0,0,0.554,E,8,0.079,E,8,0.22,E,8,0,-9990,0,0
01/15/2005,19:00,0,0,0,3,0,0,3,0,0,3,0,0,3,0,0,3,0,0,3,0,-9990,0,0,9,E,8,8,E,8,-4.4,E,8,-7.8,E,8,77,E,8,986,E,8,77,E,8,6.6,E,8,-9990,0,0,-9990,0,0,0.539,E,8,0.079,E,8,0.22,E,8,0,-9990,0,0
01/15/2005,20:00,0,0,0,3,0,0,3,0,0,3,0,0,3,0,0,3,0,0,3,0,-9990,0,0,9,E,8,8,E,8,-4.5,E,8,-7.6,E,8,79,E,8,986,E,8,57,E,8,7.4,E,8,-9990,0,0,-9990,0,0,0.544,E,8,0.079,E,8,0.22,E,8,0,-9990,0,0
01/15/2005,21:00,0,0,0,3,0,0,3,0,0,3,0,0,3,0,0,3,0,0,3,0,-9990,0,0,9,E,8,8,E,8,-4.6,E,8,-7.1,E,8,83,E,8,986,E,8,7,E,8,7.0,E,8,-9990,0,0,-9990,0,0,0.564,E,8,0.079,E,8,0.21,E,8,0,-9990,0,0
01/15/2005,22:00,0,0,0,3,0,0,3,0,0,3,0,0,3,0,0,3,0,0,3,0,-9990,0,0,9,E,8,8,E,8,-4.7,E,8,-6.9,E,8,84,E,8,986,E,8,37,E,8,7.4,E,8,-9990,0,0,-9990,0,0,0.573,E,8,0.079,E,8,0.21,E,8,0,-9990,0,0
01/15/2005,23:00,0,0,0,3,0,0,3,0,0,3,0,0,3,0,0,3,0,0,3,0,-9990,0,0,9,E,8,8,E,8,-4.8,E,8,-6.6,E,8,87,E,8,986,E,8,4,E,8,7.0,E,8,-9990,0,0,-9990,0,0,0.583,E,8,0.079,E,8,0.21,E,8,0,-9990,0,0
01/15/2005,24:00,0,0,0,3,0,0,3,0,0,3,0,0,3,0,0,3,0,0,3,0,-9990,0,0,9,E,8,8,E,8,-4.8,E,8,-6.9,E,8,85,E,8,986,E,8,56,E,8,5.5,E,8,-9990,0,0,-9990,0,0,0.570,E,8,0.079,E,8,0.21,E,8,0,-9990,0,0
01/16/2005,01:00,0,0,0,3,0,0,3,0,0,3,0,0,3,0,0,3,0,0,3,0,-9990,0,0,9,E,8,8,E,8,-4.7,E,8,-6.8,E,8,85,E,8,986,E,8,85,E,8,4.7,E,8,-9990,0,0,-9990,0,0,0.577,E,8,0.079,E,8,0.21,E,8,0,-9990,0,0
01/16/2005,02:00,0,0,0,3,0,0,3,0,0,3,0,0,3,0,0,3,0,0,3,0,-9990,0,0,10,E,8,9,E,8,-4.5,E,8,-7.0,E,8,82,E,8,986,E,8,80,E,8,5.1,E,8,-9990,0,0,-9990,0,0,0.569,E,8,0.079,E,8,0.21,E,8,0,-9990,0,0
01/16/2005,03:00,0,0,0,3,0,0,3,0,0,3,0,0,3,0,0,3,0,0,3,0,-9990,0,0,10,E,8,9,E,8,-4.3,E,8,-7.4,E,8,78,E,8,987,E,8,69,E,8,4.1,E,8,-9990,0,0,-9990,0,0,0.552,E,8,0.079,E,8,0.21,E,8,0,-9990,0,0
01/16/2005,04:00,0,0,0,3,0,0,3,0,0,3,0,0,3,0,0,3,0,0,3,0,-9990,0,0,10,E,8,9,E,8,-4.1,E,8,-7.2,E,8,79,E,8,987,E,8,117,E,8,2.2,E,8,-9990,0,0,-9990,0,0,0.560,E,8,0.079,E,8,0.21,E,8,0,-9990,0,0
01/16/2005,05:00,0,0,0,3,0,0,3,0,0,3,0,0,3,0,0,3,0,0,3,0,-9990,0,0,10,E,8,9,E,8,-4.0,E,8,-6.5,E,8,82,E,8,987,E,8,231,E,8,2.1,E,8,-9990,0,0,-9990,0,0,0.588,E,8,0.079,E,8,0.21,E,8,0,-9990,0,0
01/16/2005,06:00,0,0,0,3,0,0,3,0,0,3,0,0,3,0,0,3,0,0,3,0,-9990,0,0,10,E,8,9,E,8,-3.8,E,8,-6.2,E,8,84,E,8,987,E,8,262,E,8,2.4,E,8,-9990,0,0,-9990,0,0,0.602,E,8,0.079,E,8,0.21,E,8,0,-9990,0,0
01/16/2005,07:00,0,0,0,3,0,0,3,0,0,3,0,0,3,0,0,3,0,0,3,0,-9990,0,0,10,E,8,9,E,8,-3.7,E,8,-5.1,E,8,90,E,8,987,E,8,201,E,8,3.0,E,8,-9990,0,0,-9990,0,0,0.648,E,8,0.079,E,8,0.21,E,8,0,-9990,0,0
01/16/2005,08:00,0,0,0,3,0,0,3,0,0,3,0,0,3,0,0,3,0,0,3,0,-9990,0,0,10,E,8,9,E,8,-3.6,E,8,-5.2,E,8,88,E,8,987,E,8,262,E,8,2.8,E,8,-9990,0,0,-9990,0,0,0.644,E,8,0.079,E,8,0.21,E,8,0,-9990,0,0
01/16/2005,09:00,16,278,1,3,10,0,3,20,1,3,10,107,3,10,7,3,20,107,3,10,-9990,0,0,10,E,8,9,E,8,-3.5,E,8,-5.7,E,8,84,E,8,987,E,8,239,E,8,2.4,E,8,-9990,0,0,-9990,0,0,0.622,E,8,0.079,E,8,0.21,E,8,0,-9990,0,0
01/16/2005,10:00,178,1411,42,3,10,0,3,20,42,3,10,4626,3,10,0,3,20,4626,3,10,-9990,0,0,10,E,8,9,E,8,-2.3,E,8,-4.9,E,8,82,E,8,987,E,8,198,E,8,3.7,E,8,-9990,0,0,-9990,0,0,0.658,E,8,0.079,E,8,0.21,E,8,0,-9990,0,0
01/16/2005,11:00,338,1411,101,3,10,16,3,20,97,3,10,11043,3,10,1623,3,20,10655,3,10,-9990,0,0,10,E,8,9,E,8,-0.8,E,8,-3.7,E,8,80,E,8,987,E,8,187,E,8,3.0,E,8,-9990,0,0,-9990,0,0,0.714,E,8,0.079,E,8,0.21,E,8,0,-9990,0,0
01/16/2005,12:00,449,1411,145,3,10,24,3,20,138,3,10,15994,3,10,2389,3,20,15234,3,10,-9990,0,0,10,E,8,9,E,8,0.7,E,8,-2.5,E,8,79,E,8,987,E,8,253,E,8,3.0,E,8,-9990,0,0,-9990,0,0,0.781,E,8,0.079,E,8,0.21,E,8,0,-9990,0,0
01/16/2005,13:00,503,1411,173,3,10,48,3,20,156,3,10,19010,3,10,4115,3,20,17542,3,10,-9990,0,0,10,E,8,9,E,8,1.8,E,8,-2.4,E,8,73,E,8,987,E,8,265,E,8,3.3,E,8,-9990,0,0,-9990,0,0,0.786,E,8,0.079,E,8,0.20,E,8,0,-9990,0,0
01/16/2005,14:00,498,1411,165,3,10,37,3,20,152,3,10,18189,3,10,2918,3,20,17158,3,10,-9990,0,0,10,E,8,9,E,8,2.6,E,8,-2.4,E,8,69,E,8,987,E,8,211,E,8,1.7,E,8,-9990,0,0,-9990,0,0,0.783,E,8,0.079,E,8,0.20,E,8,0,-9990,0,0
01/16/2005,15:00,434,1411,137,3,10,21,3,20,131,3,10,14977,3,10,2053,3,20,14346,3,10,-9990,0,0,10,E,8,9,E,8,2.9,E,8,-3.3,E,8,63,E,8,987,E,8,237,E,8,2.1,E,8,-9990,0,0,-9990,0,0,0.736,E,8,0.079,E,8,0.20,E,8,0,-9990,0,0
01/16/2005,16:00,314,1411,91,3,10,14,3,20,88,3,10,9842,3,10,1305,3,20,9551,3,10,-9990,0,0,10,E,8,9,E,8,2.8,E,8,-3.2,E,8,65,E,8,988,E,8,236,E,8,3.3,E,8,-9990,0,0,-9990,0,0,0.742,E,8,0.079,E,8,0.20,E,8,0,-9990,0,0
01/16/2005,17:00,147,1411,36,3,10,1,3,20,36,3,10,4035,3,10,0,3,20,4035,3,10,-9990,0,0,10,E,8,9,E,8,2.1,E,8,-2.7,E,8,70,E,8,988,E,8,190,E,8,2.2,E,8,-9990,0,0,-9990,0,0,0.768,E,8,0.079,E,8,0.20,E,8,0,-9990,0,0
01/16/2005,18:00,6,162,0,3,10,0,3,20,0,3,10,0,3,10,0,3,20,0,3,10,-9990,0,0,10,E,8,9,E,8,1.2,E,8,-3.1,E,8,73,E,8,988,E,8,207,E,8,1.6,E,8,-9990,0,0,-9990,0,0,0.745,E,8,0.079,E,8,0.20,E,8,0,-9990,0,0
01/16/2005,19:00,0,0,0,3,0,0,3,0,0,3,0,0,3,0,0,3,0,0,3,0,-9990,0,0,10,E,8,9,E,8,1.1,E,8,-2.6,E,8,76,E,8,988,E,8,267,E,8,2.6,E,8,-9990,0,0,-9990,0,0,0.771,E,8,0.079,E,8,0.20,E,8,0,-9990,0,0
01/16/2005,20:00,0,0,0,3,0,0,3,0,0,3,0,0,3,0,0,3,0,0,3,0,-9990,0,0,10,E,8,9,E,8,1.0,E,8,-2.8,E,8,76,E,8,988,E,8,245,E,8,2.6,E,8,-9990,0,0,-9990,0,0,0.763,E,8,0.079,E,8,0.20,E,8,0,-9990,0,0
01/16/2005,21:00,0,0,0,3,0,0,3,0,0,3,0,0,3,0,0,3,0,0,3,0,-9990,0,0,10,E,8,9,E,8,0.8,E,8,-2.7,E,8,77,E,8,988,E,8,219,E,8,1.8,E,8,-9990,0,0,-9990,0,0,0.765,E,8,0.079,E,8,0.20,E,8,0,-9990,0,0
01/16/2005,22:00,0,0,0,3,0,0,3,0,0,3,0,0,3,0,0,3,0,0,3,0,-9990,0,0,10,E,8,9,E,8,0.7,E,8,-2.6,E,8,79,E,8,988,E,8,283,E,8,1.4,E,8,-9990,0,0,-9990,0,0,0.775,E,8,0.079,E,8,0.20,E,8,0,-9990,0,0
01/16/2005,23:00,0,0,0,3,0,0,3,0,0,3,0,0,3,0,0,3,0,0,3,0,-9990,0,0,10,E,8,9,E,8,0.6,E,8,-2.5,E,8,80,E,8,988,E,8,244,E,8,1.9,E,8,-9990,0,0,-9990,0,0,0.780,E,8,0.079,E,8,0.20,E,8,0,-9990,0,0
01/16/2005,24:00,0,0,0,3,0,0,3,0,0,3,0,0,3,0,0,3,0,0,3,0,-9990,0,0,10,E,8,9,E,8,0.5,E,8,-2.7,E,8,79,E,8,988,E,8,239,E,8,2.1,E,8,-9990,0,0,-9990,0,0,0.766,E,8,0.079,E,8,0.20,E,8,0,-9990,0,0
01/17/2005,01:00,0,0,0,3,0,0,3,0,0,3,0,0,3,0,0,3,0,0,3,0,-9990,0,0,10,E,8,9,E,8,0.1,E,8,-3.3,E,8,78,E,8,989,E,8,214,E,8,2.6,E,8,-9990,0,0,-9990,0,0,0.737,E,8,0.082,E,8,0.20,E,8,0,-9990,0,0
01/17/2005,02:00,0,0,0,3,0,0,3,0,0,3,0,0,3,0,0,3,0,0,3,0,-9990,0,0,10,E,8,9,E,8,-0.3,E,8,-3.3,E,8,80,E,8,989,E,8,226,E,8,2.8,E,8,-9990,0,0,-9990,0,0,0.735,E,8,0.082,E,8,0.20,E,8,0,-9990,0,0
01/17/2005,03:00,0,0,0,3,0,0,3,0,0,3,0,0,3,0,0,3,0,0,3,0,-9990,0,0,10,E,8,9,E,8,-0.7,E,8,-3.9,E,8,79,E,8,989,E,8,223,E,8,3.3,E,8,-9990,0,0,-9990,0,0,0.707,E,8,0.082,E,8,0.20,E,8,0,-9990,0,0
01/17/2005,04:00,0,0,0,3,0,0,3,0,0,3,0,0,3,0,0,3,0,0,3,0,-9990,0,0,10,E,8,9,E,8,-0.9,E,8,-4.3,E,8,78,E,8,989,E,8,186,E,8,2.8,E,8,-9990,0,0,-9990,0,0,0.688,E,8,0.082,E,8,0.20,E,8,0,-9990,0,0
01/17/2005,05:00,0,0,0,3,0,0,3,0,0,3,0,0,3,0,0,3,0,0,3,0,-9990,0,0,10,E,8,9,E,8,-1.2,E,8,-4.2,E,8,80,E,8,989,E,8,238,E,8,2.1,E,8,-9990,0,0,-9990,0,0,0.692,E,8,0.082,E,8,0.20,E,8,0,-9990,0,0
01/17/2005,06:00,0,0,0,3,0,0,3,0,0,3,0,0,3,0,0,3,0,0,3,0,-9990,0,0,10,E,8,9,E,8,-1.4,E,8,-3.2,E,8,87,E,8,989,E,8,216,E,8,1.7,E,8,-9990,0,0,-9990,0,0,0.743,E,8,0.082,E,8,0.20,E,8,0,-9990,0,0
01/17/2005,07:00,0,0,0,3,0,0,3,0,0,3,0,0,3,0,0,3,0,0,3,0,-9990,0,0,10,E,8,9,E,8,-1.5,E,8,-2.7,E,8,92,E,8,989,E,8,247,E,8,1.3,E,8,-9990,0,0,-9990,0,0,0.769,E,8,0.082,E,8,0.20,E,8,0,-9990,0,0
01/17/2005,08:00,0,0,0,3,0,0,3,0,0,3,0,0,3,0,0,3,0,0,3,0,-9990,0,0,10,E,8,9,E,8,-1.7,E,8,-2.5,E,8,94,E,8,989,E,8,238,E,8,2.2,E,8,-9990,0,0,-9990,0,0,0.777,E,8,0.082,E,8,0.20,E,8,0,-9990,0,0
01/17/2005,09:00,17,287,2,3,10,0,3,20,2,3,10,281,3,10,11,3,20,280,3,10,-9990,0,0,10,E,8,9,E,8,-1.6,E,8,-2.8,E,8,92,E,8,989,E,8,203,E,8,3.0,E,8,-9990,0,0,-9990,0,0,0.765,E,8,0.082,E,8,0.20,E,8,0,-9990,0,0
01/17/2005,10:00,181,1411,55,3,10,44,3,20,49,3,10,6046,3,10,3523,3,20,5594,3,10,-9990,0,0,10,E,8,9,E,8,-0.4,E,8,-1.4,E,8,93,E,8,990,E,8,215,E,8,3.7,E,8,-9990,0,0,-9990,0,0,0.839,E,8,0.082,E,8,0.20,E,8,0,-9990,0,0
01/17/2005,11:00,341,1411,123,3,10,69,3,20,106,3,10,13485,3,10,6308,3,20,11960,3,10,-9990,0,0,10,E,8,9,E,8,1.1,E,8,-0.4,E,8,90,E,8,990,E,8,160,E,8,2.1,E,8,-9990,0,0,-9990,0,0,0.905,E,8,0.082,E,8,0.20,E,8,0,-9990,0,0
01/17/2005,12:00,452,1411,168,3,10,79,3,20,143,3,10,18533,3,10,7480,3,20,16135,3,10,-9990,0,0,10,E,8,9,E,8,2.3,E,8,-0.2,E,8,83,E,8,990,E,8,223,E,8,3.0,E,8,-9990,0,0,-9990,0,0,0.913,E,8,0.082,E,8,0.20,E,8,0,-9990,0,0
01/17/2005,13:00,507,1411,240,3,10,196,3,20,170,3,10,25950,3,10,17767,3,20,19558,3,10,-9990,0,0,9,E,8,8,E,8,3.7,E,8,0.8,E,8,81,E,8,990,E,8,205,E,8,2.8,E,8,-9990,0,0,-9990,0,0,0.984,E,8,0.082,E,8,0.20,E,8,0,-9990,0,0
01/17/2005,14:00,503,1411,229,3,10,161,3,20,172,3,10,24663,3,10,13916,3,20,19704,3,10,-9990,0,0,9,E,8,8,E,8,4.6,E,8,1.0,E,8,78,E,8,990,E,8,215,E,8,3.5,E,8,-9990,0,0,-9990,0,0,0.997,E,8,0.082,E,8,0.20,E,8,0,-9990,0,0
01/17/2005,15:00,438,1411,206,3,10,302,3,20,112,3,10,21792,3,10,26360,3,20,13602,3,10,-9990,0,0,6,E,8,5,E,8,5.0,E,8,0.4,E,8,72,E,8,990,E,8,201,E,8,5.1,E,8,-9990,0,0,-9990,0,0,0.954,E,8,0.082,E,8,0.20,E,8,0,-9990,0,0
01/17/2005,16:00,319,1411,157,3,10,359,3,20,76,3,10,16104,3,10,25700,3,20,10300,3,10,-9990,0,0,5,E,8,4,E,8,5.1,E,8,0.0,E,8,70,E,8,990,E,8,86,E,8,5.1,E,8,-9990,0,0,-9990,0,0,0.928,E,8,0.082,E,8,0.20,E,8,0,-9990,0,0
01/17/2005,17:00,152,1411,86,3,10,305,3,20,53,3,10,8803,3,10,14576,3,20,7234,3,10,-9990,0,0,5,E,8,4,E,8,4.5,E,8,-0.6,E,8,69,E,8,990,E,8,74,E,8,4.7,E,8,-9990,0,0,-9990,0,0,0.889,E,8,0.082,E,8,0.20,E,8,0,-9990,0,0
01/17/2005,18:00,7,178,2,3,10,0,3,20,2,3,10,0,3,10,0,3,20,0,3,10,-9990,0,0,5,E,8,4,E,8,3.3,E,8,-0.5,E,8,76,E,8,990,E,8,78,E,8,3.3,E,8,-9990,0,0,-9990,0,0,0.895,E,8,0.082,E,8,0.20,E,8,0,-9990,0,0
01/17/2005,19:00,0,0,0,3,0,0,3,0,0,3,0,0,3,0,0,3,0,0,3,0,-9990,0,0,5,E,8,4,E,8,3.1,E,8,-0.6,E,8,77,E,8,990,E,8,217,E,8,3.0,E,8,-9990,0,0,-9990,0,0,0.890,E,8,0.082,E,8,0.20,E,8,0,-9990,0,0
01/17/2005,20:00,0,0,0,3,0,0,3,0,0,3,0,0,3,0,0,3,0,0,3,0,-9990,0,0,5,E,8,4,E,8,2.9,E,8,-0.9,E,8,76,E,8,990,E,8,254,E,8,2.1,E,8,-9990,0,0,-9990,0,0,0.870,E,8,0.082,E,8,0.20,E,8,0,-9990,0,0
01/17/2005,21:00,0,0,0,3,0,0,3,0,0,3,0,0,3,0,0,3,0,0,3,0,-9990,0,0,6,E,8,5,E,8,2.6,E,8,-0.9,E,8,78,E,8,990,E,8,255,E,8,2.4,E,8,-9990,0,0,-9990,0,0,0.872,E,8,0.082,E,8,0.20,E,8,0,-9990,0,0
01/17/2005,22:00,0,0,0,3,0,0,3,0,0,3,0,0,3,0,0,3,0,0,3,0,-9990,0,0,6,E,8,5,E,8,2.4,E,8,-1.1,E,8,78,E,8,990,E,8,216,E,8,3.7,E,8,-9990,0,0,-9990,0,0,0.861,E,8,0.082,E,8,0.20,E,8,0,-9990,0,0
01/17/2005,23:00,0,0,0,3,0,0,3,0,0,3,0,0,3,0,0,3,0,0,3,0,-9990,0,0,6,E,8,6,E,8,2.1,E,8,-0.4,E,8,83,E,8,990,E,8,186,E,8,4.4,E,8,-9990,0,0,-9990,0,0,0.899,E,8,0.082,E,8,0.20,E,8,0,-9990,0,0
01/17/2005,24:00,0,0,0,3,0,0,3,0,0,3,0,0,3,0,0,3,0,0,3,0,-9990,0,0,6,E,8,6,E,8,1.9,E,8,-0.8,E,8,83,E,8,990,E,8,84,E,8,4.1,E,8,-9990,0,0,-9990,0,0,0.880,E,8,0.082,E,8,0.20,E,8,0,-9990,0,0
01/18/2005,01:00,0,0,0,3,0,0,3,0,0,3,0,0,3,0,0,3,0,0,3,0,-9990,0,0,8,E,8,7,E,8,1.7,E,8,-0.3,E,8,86,E,8,990,E,8,140,E,8,3.7,E,8,-9990,0,0,-9990,0,0,0.907,E,8,0.083,E,8,0.20,E,8,0,-9990,0,0
01/18/2005,02:00,0,0,0,3,0,0,3,0,0,3,0,0,3,0,0,3,0,0,3,0,-9990,0,0,8,E,8,7,E,8,1.6,E,8,-0.4,E,8,86,E,8,989,E,8,173,E,8,2.6,E,8,-9990,0,0,-9990,0,0,0.903,E,8,0.083,E,8,0.20,E,8,0,-9990,0,0
01/18/2005,03:00,0,0,0,3,0,0,3,0,0,3,0,0,3,0,0,3,0,0,3,0,-9990,0,0,8,E,8,7,E,8,1.5,E,8,0.4,E,8,93,E,8,989,E,8,233,E,8,2.8,E,8,-9990,0,0,-9990,0,0,0.955,E,8,0.083,E,8,0.20,E,8,0,-9990,0,0
01/18/2005,04:00,0,0,0,3,0,0,3,0,0,3,0,0,3,0,0,3,0,0,3,0,-9990,0,0,8,E,8,7,E,8,1.4,E,8,0.8,E,8,96,E,8,989,E,8,243,E,8,1.2,E,8,-9990,0,0,-9990,0,0,0.980,E,8,0.083,E,8,0.20,E,8,0,-9990,0,0
01/18/2005,05:00,0,0,0,3,0,0,3,0,0,3,0,0,3,0,0,3,0,0,3,0,-9990,0,0,9,E,8,8,E,8,1.3,E,8,0.8,E,8,96,E,8,989,E,8,258,E,8,1.2,E,8,-9990,0,0,-9990,0,0,0.983,E,8,0.083,E,8,0.20,E,8,0,-9990,0,0
01/18/2005,06:00,0,0,0,3,0,0,3,0,0,3,0,0,3,0,0,3,0,0,3,0,-9990,0,0,9,E,8,8,E,8,1.3,E,8,1.1,E,8,98,E,8,989,E,8,256,E,8,2.1,E,8,-9990,0,0,-9990,0,0,0.999,E,8,0.083,E,8,0.20,E,8,0,-9990,0,0
01/18/2005,07:00,0,0,0,3,0,0,3,0,0,3,0,0,3,0,0,3,0,0,3,0,-9990,0,0,9,E,8,8,E,8,1.2,E,8,0.7,E,8,96,E,8,989,E,8,220,E,8,1.2,E,8,-9990,0,0,-9990,0,0,0.973,E,8,0.083,E,8,0.20,E,8,0,-9990,0,0
01/18/2005,08:00,0,0,0,3,0,0,3,0,0,3,0,0,3,0,0,3,0,0,3,0,-9990,0,0,9,E,8,8,E,8,1.2,E,8,0.4,E,8,94,E,8,989,E,8,248,E,8,1.9,E,8,-9990,0,0,-9990,0,0,0.953,E,8,0.083,E,8,0.20,E,8,0,-9990,0,0
01/18/2005,09:00,19,295,1,3,10,0,3,20,1,3,10,121,3,10,7,3,20,120,3,10,-9990,0,0,9,E,8,8,E,8,1.2,E,8,0.2,E,8,93,E,8,989,E,8,254,E,8,1.9,E,8,-9990,0,0,-9990,0,0,0.940,E,8,0.083,E,8,0.20,E,8,0,-9990,0,0
01/18/2005,10:00,184,1410,53,3,10,30,3,20,49,3,10,5814,3,10,2043,3,20,5548,3,10,-9990,0,0,10,E,8,9,E,8,2.6,E,8,0.5,E,8,86,E,8,989,E,8,254,E,8,1.4,E,8,-9990,0,0,-9990,0,0,0.962,E,8,0.083,E,8,0.20,E,8,0,-9990,0,0
01/18/2005,11:00,344,1410,117,3,10,61,3,20,102,3,10,12839,3,10,5520,3,20,11491,3,10,-9990,0,0,10,E,8,9,E,8,4.1,E,8,0.7,E,8,78,E,8,989,E,8,258,E,8,2.8,E,8,-9990,0,0,-9990,0,0,0.972,E,8,0.083,E,8,0.20,E,8,0,-9990,0,0
01/18/2005,12:00,456,1410,179,3,10,102,3,20,146,3,10,19693,3,10,9991,3,20,16462,3,10,-9990,0,0,9,E,8,8,E,8,5.6,E,8,1.1,E,8,73,E,8,989,E,8,237,E,8,4.4,E,8,-9990,0,0,-9990,0,0,0.999,E,8,0.083,E,8,0.20,E,8,0,-9990,0,0
01/18/2005,13:00,512,1410,198,3,10,84,3,20,168,3,10,21865,3,10,8097,3,20,18928,3,10,-9990,0,0,10,E,8,9,E,8,6.7,E,8,1.5,E,8,69,E,8,989,E,8,51,E,8,4.7,E,8,-9990,0,0,-9990,0,0,1.029,E,8,0.083,E,8,0.20,E,8,0,-9990,0,0
01/18/2005,14:00,507,1410,218,3,10,128,3,20,172,3,10,23454,3,10,10344,3,20,19734,3,10,-9990,0,0,9,E,8,8,E,8,7.6,E,8,1.4,E,8,65,E,8,989,E,8,81,E,8,3.5,E,8,-9990,0,0,-9990,0,0,1.022,E,8,0.083,E,8,0.20,E,8,0,-9990,0,0
01/18/2005,15:00,443,1410,182,3,10,124,3,20,143,3,10,19539,3,10,9829,3,20,16451,3,10,-9990,0,0,9,E,8,8,E,8,8.0,E,8,1.3,E,8,62,E,8,989,E,8,190,E,8,4.1,E,8,-9990,0,0,-9990,0,0,1.013,E,8,0.083,E,8,0.20,E,8,0,-9990,0,0
01/18/2005,16:00,324,1410,129,3,10,126,3,20,100,3,10,13787,3,10,9706,3,20,11561,3,10,-9990,0,0,9,E,8,8,E,8,7.9,E,8,1.7,E,8,64,E,8,989,E,8,96,E,8,5.7,E,8,-9990,0,0,-9990,0,0,1.043,E,8,0.083,E,8,0.20,E,8,0,-9990,0,0
01/18/2005,17:00,157,1410,55,3,10,152,3,20,38,3,10,5873,3,10,2750,3,20,5567,3,10,-9990,0,0,9,E,8,8,E,8,7.2,E,8,1.3,E,8,66,E,8,989,E,8,22,E,8,4.7,E,8,-9990,0,0,-9990,0,0,1.016,E,8,0.083,E,8,0.20,E,8,0,-9990,0,0
01/18/2005,18:00,8,194,0,3,10,0,3,20,0,3,10,0,3,10,0,3,20,0,3,10,-9990,0,0,9,E,8,8,E,8,6.1,E,8,1.5,E,8,72,E,8,989,E,8,82,E,8,5.1,E,8,-9990,0,0,-9990,0,0,1.033,E,8,0.083,E,8,0.20,E,8,0,-9990,0,0
01/18/2005,19:00,0,0,0,3,0,0,3,0,0,3,0,0,3,0,0,3,0,0,3,0,-9990,0,0,9,E,8,8,E,8,6.1,E,8,1.5,E,8,72,E,8,989,E,8,56,E,8,4.7,E,8,-9990,0,0,-9990,0,0,1.028,E,8,0.083,E,8,0.20,E,8,0,-9990,0,0
01/18/2005,20:00,0,0,0,3,0,0,3,0,0,3,0,0,3,0,0,3,0,0,3,0,-9990,0,0,9,E,8,8,E,8,6.0,E,8,1.3,E,8,72,E,8,989,E,8,75,E,8,5.5,E,8,-9990,0,0,-9990,0,0,1.017,E,8,0.083,E,8,0.20,E,8,0,-9990,0,0
01/18/2005,21:00,0,0,0,3,0,0,3,0,0,3,0,0,3,0,0,3,0,0,3,0,-9990,0,0,9,E,8,8,E,8,6.0,E,8,1.8,E,8,74,E,8,989,E,8,18,E,8,5.7,E,8,-9990,0,0,-9990,0,0,1.053,E,8,0.083,E,8,0.20,E,8,0,-9990,0,0
01/18/2005,22:00,0,0,0,3,0,0,3,0,0,3,0,0,3,0,0,3,0,0,3,0,-9990,0,0,9,E,8,8,E,8,5.9,E,8,1.8,E,8,74,E,8,989,E,8,54,E,8,6.2,E,8,-9990,0,0,-9990,0,0,1.049,E,8,0.083,E,8,0.20,E,8,0,-9990,0,0
01/18/2005,23:00,0,0,0,3,0,0,3,0,0,3,0,0,3,0,0,3,0,0,3,0,-9990,0,0,9,E,8,8,E,8,5.9,E,8,2.2,E,8,77,E,8,989,E,8,28,E,8,7.0,E,8,-9990,0,0,-9990,0,0,1.083,E,8,0.083,E,8,0.20,E,8,0,-9990,0,0
01/18/2005,24:00,0,0,0,3,0,0,3,0,0,3,0,0,3,0,0,3,0,0,3,0,-9990,0,0,9,E,8,8,E,8,5.8,E,8,3.2,E,8,83,E,8,989,E,8,50,E,8,6.6,E,8,-9990,0,0,-9990,0,0,1.157,E,8,0.083,E,8,0.20,E,8,0,-9990,0,0
01/19/2005,01:00,0,0,0,3,0,0,3,0,0,3,0,0,3,0,0,3,0,0,3,0,-9990,0,0,9,E,8,8,E,8,5.8,E,8,2.3,E,8,78,E,8,989,E,8,11,E,8,8.4,E,8,-9990,0,0,-9990,0,0,1.088,E,8,0.085,E,8,0.20,E,8,0,-9990,0,0
01/19/2005,02:00,0,0,0,3,0,0,3,0,0,3,0,0,3,0,0,3,0,0,3,0,-9990,0,0,10,E,8,9,E,8,5.7,E,8,2.3,E,8,78,E,8,989,E,8,340,E,8,5.7,E,8,-9990,0,0,-9990,0,0,1.089,E,8,0.085,E,8,0.20,E,8,0,-9990,0,0
01/19/2005,03:00,0,0,0,3,0,0,3,0,0,3,0,0,3,0,0,3,0,0,3,0,-9990,0,0,10,E,8,9,E,8,5.7,E,8,3.0,E,8,83,E,8,989,E,8,86,E,8,4.4,E,8,-9990,0,0,-9990,0,0,1.147,E,8,0.085,E,8,0.20,E,8,0,-9990,0,0
01/19/2005,04:00,0,0,0,3,0,0,3,0,0,3,0,0,3,0,0,3,0,0,3,0,-9990,0,0,10,E,8,9,E,8,5.7,E,8,2.8,E,8,81,E,8,989,E,8,138,E,8,4.1,E,8,-9990,0,0,-9990,0,0,1.125,E,8,0.085,E,8,0.20,E,8,0,-9990,0,0
01/19/2005,05:00,0,0,0,3,0,0,3,0,0,3,0,0,3,0,0,3,0,0,3,0,-9990,0,0,10,E,8,9,E,8,5.7,E,8,2.6,E,8,81,E,8,989,E,8,104,E,8,5.1,E,8,-9990,0,0,-9990,0,0,1.117,E,8,0.085,E,8,0.20,E,8,0,-9990,0,0
01/19/2005,06:00,0,0,0,3,0,0,3,0,0,3,0,0,3,0,0,3,0,0,3,0,-9990,0,0,10,E,8,9,E,8,5.7,E,8,3.5,E,8,86,E,8,988,E,8,66,E,8,4.7,E,8,-9990,0,0,-9990,0,0,1.188,E,8,0.085,E,8,0.20,E,8,0,-9990,0,0
01/19/2005,07:00,0,0,0,3,0,0,3,0,0,3,0,0,3,0,0,3,0,0,3,0,-9990,0,0,10,E,8,9,E,8,5.7,E,8,3.8,E,8,88,E,8,988,E,8,58,E,8,5.5,E,8,-9990,0,0,-9990,0,0,1.210,E,8,0.085,E,8,0.20,E,8,0,-9990,0,0
01/19/2005,08:00,0,0,0,3,0,0,3,0,0,3,0,0,3,0,0,3,0,0,3,0,-9990,0,0,10,E,8,9,E,8,5.7,E,8,3.8,E,8,87,E,8,988,E,8,81,E,8,5.1,E,8,-9990,0,0,-9990,0,0,1.207,E,8,0.085,E,8,0.20,E,8,0,-9990,0,0
01/19/2005,09:00,20,305,1,3,10,0,3,20,1,3,10,120,3,10,7,3,20,120,3,10,-9990,0,0,10,E,8,9,E,8,5.7,E,8,3.5,E,8,85,E,8,988,E,8,84,E,8,5.5,E,8,-9990,0,0,-9990,0,0,1.184,E,8,0.085,E,8,0.20,E,8,0,-9990,0,0
01/19/2005,10:00,187,1410,44,3,10,0,3,20,44,3,10,4827,3,10,0,3,20,4827,3,10,-9990,0,0,10,E,8,9,E,8,6.9,E,8,2.8,E,8,75,E,8,988,E,8,82,E,8,5.9,E,8,-9990,0,0,-9990,0,0,1.132,E,8,0.085,E,8,0.20,E,8,0,-9990,0,0
01/19/2005,11:00,348,1410,101,3,10,14,3,20,98,3,10,11060,3,10,1355,3,20,10726,3,10,-9990,0,0,10,E,8,9,E,8,8.2,E,8,3.2,E,8,71,E,8,988,E,8,46,E,8,5.9,E,8,-9990,0,0,-9990,0,0,1.162,E,8,0.085,E,8,0.20,E,8,0,-9990,0,0
01/19/2005,12:00,460,1410,150,3,10,26,3,20,142,3,10,16449,3,10,2613,3,20,15596,3,10,-9990,0,0,10,E,8,9,E,8,9.5,E,8,3.9,E,8,68,E,8,988,E,8,25,E,8,7.4,E,8,-9990,0,0,-9990,0,0,1.216,E,8,0.085,E,8,0.20,E,8,0,-9990,0,0
01/19/2005,13:00,516,1410,185,3,10,58,3,20,163,3,10,20372,3,10,5199,3,20,18469,3,10,-9990,0,0,10,E,8,9,E,8,10.7,E,8,4.2,E,8,64,E,8,988,E,8,62,E,8,7.4,E,8,-9990,0,0,-9990,0,0,1.247,E,8,0.085,E,8,0.20,E,8,0,-9990,0,0
01/19/2005,14:00,512,1410,173,3,10,40,3,20,159,3,10,19115,3,10,3253,3,20,17933,3,10,-9990,0,0,10,E,8,9,E,8,11.4,E,8,4.2,E,8,61,E,8,988,E,8,50,E,8,5.9,E,8,-9990,0,0,-9990,0,0,1.242,E,8,0.085,E,8,0.20,E,8,0,-9990,0,0
01/19/2005,15:00,448,1410,144,3,10,23,3,20,137,3,10,15697,3,10,2266,3,20,14977,3,10,-9990,0,0,10,E,8,9,E,8,11.6,E,8,4.7,E,8,62,E,8,988,E,8,37,E,8,5.9,E,8,-9990,0,0,-9990,0,0,1.293,E,8,0.085,E,8,0.20,E,8,0,-9990,0,0
01/19/2005,16:00,329,1410,102,3,10,38,3,20,93,3,10,11200,3,10,3017,3,20,10497,3,10,-9990,0,0,10,E,8,9,E,8,11.5,E,8,4.4,E,8,61,E,8,988,E,8,29,E,8,5.3,E,8,-9990,0,0,-9990,0,0,1.263,E,8,0.085,E,8,0.20,E,8,0,-9990,0,0
01/19/2005,17:00,162,1410,44,3,10,22,3,20,42,3,10,4873,3,10,905,3,20,4769,3,10,-9990,0,0,10,E,8,9,E,8,10.9,E,8,4.2,E,8,63,E,8,988,E,8,93,E,8,5.1,E,8,-9990,0,0,-9990,0,0,1.243,E,8,0.085,E,8,0.20,E,8,0,-9990,0,0
01/19/2005,18:00,10,210,1,3,10,0,3,20,1,3,10,0,3,10,0,3,20,0,3,10,-9990,0,0,10,E,8,9,E,8,10.0,E,8,4.6,E,8,69,E,8,987,E,8,86,E,8,5.7,E,8,-9990,0,0,-9990,0,0,1.279,E,8,0.085,E,8,0.20,E,8,0,-9990,0,0
01/19/2005,19:00,0,0,0,3,0,0,3,0,0,3,0,0,3,0,0,3,0,0,3,0,-9990,0,0,10,E,8,9,E,8,9.8,E,8,4.5,E,8,69,E,8,987,E,8,26,E,8,5.5,E,8,-9990,0,0,-9990,0,0,1.273,E,8,0.085,E,8,0.20,E,8,0,-9990,0,0
01/19/2005,20:00,0,0,0,3,0,0,3,0,0,3,0,0,3,0,0,3,0,0,3,0,-9990,0,0,10,E,8,9,E,8,9.6,E,8,5.1,E,8,73,E,8,987,E,8,91,E,8,6.4,E,8,-9990,0,0,-9990,0,0,1.326,E,8,0.085,E,8,0.20,E,8,0,-9990,0,0
01/19/2005,21:00,0,0,0,3,0,0,3,0,0,3,0,0,3,0,0,3,0,0,3,0,-9990,0,0,10,E,8,9,E,8,9.4,E,8,4.3,E,8,70,E,8,987,E,8,9,E,8,6.2,E,8,-9990,0,0,-9990,0,0,1.254,E,8,0.085,E,8,0.20,E,8,0,-9990,0,0
01/19/2005,22:00,0,0,0,3,0,0,3,0,0,3,0,0,3,0,0,3,0,0,3,0,-9990,0,0,10,E,8,9,E,8,9.2,E,8,4.7,E,8,74,E,8,987,E,8,32,E,8,5.7,E,8,-9990,0,0,-9990,0,0,1.292,E,8,0.085,E,8,0.20,E,8,0,-9990,0,0
01/19/2005,23:00,0,0,0,3,0,0,3,0,0,3,0,0,3,0,0,3,0,0,3,0,-9990,0,0,10,E,8,9,E,8,8.9,E,8,5.0,E,8,76,E,8,987,E,8,98,E,8,6.6,E,8,-9990,0,0,-9990,0,0,1.318,E,8,0.085,E,8,0.20,E,8,0,-9990,0,0
01/19/2005,24:00,0,0,0,3,0,0,3,0,0,3,0,0,3,0,0,3,0,0,3,0,-9990,0,0,10,E,8,9,E,8,8.7,E,8,4.3,E,8,74,E,8,987,E,8,16,E,8,6.2,E,8,-9990,0,0,-9990,0,0,1.255,E,8,0.085,E,8,0.20,E,8,0,-9990,0,0
01/20/2005,01:00,0,0,0,3,0,0,3,0,0,3,0,0,3,0,0,3,0,0,3,0,-9990,0,0,10,E,8,9,E,8,8.4,E,8,4.4,E,8,76,E,8,986,E,8,30,E,8,5.5,E,8,-9990,0,0,-9990,0,0,1.261,E,8,0.092,E,8,0.20,E,8,0,-9990,0,0
01/20/2005,02:00,0,0,0,3,0,0,3,0,0,3,0,0,3,0,0,3,0,0,3,0,-9990,0,0,10,E,8,9,E,8,8.0,E,8,5.3,E,8,83,E,8,986,E,8,79,E,8,5.3,E,8,-9990,0,0,-9990,0,0,1.342,E,8,0.092,E,8,0.20,E,8,0,-9990,0,0
01/20/2005,03:00,0,0,0,3,0,0,3,0,0,3,0,0,3,0,0,3,0,0,3,0,-9990,0,0,10,E,8,9,E,8,7.5,E,8,5.1,E,8,85,E,8,986,E,8,69,E,8,4.4,E,8,-9990,0,0,-9990,0,0,1.323,E,8,0.092,E,8,0.20,E,8,1,-9990,0,0
01/20/2005,04:00,0,0,0,3,0,0,3,0,0,3,0,0,3,0,0,3,0,0,3,0,-9990,0,0,10,E,8,9,E,8,7.4,E,8,4.9,E,8,84,E,8,986,E,8,95,E,8,3.7,E,8,-9990,0,0,-9990,0,0,1.312,E,8,0.092,E,8,0.20,E,8,0,-9990,0,0
01/20/2005,05:00,0,0,0,3,0,0,3,0,0,3,0,0,3,0,0,3,0,0,3,0,-9990,0,0,10,E,8,9,E,8,7.2,E,8,5.2,E,8,87,E,8,986,E,8,190,E,8,3.0,E,8,-9990,0,0,-9990,0,0,1.339,E,8,0.092,E,8,0.20,E,8,0,-9990,0,0
01/20/2005,06:00,0,0,0,3,0,0,3,0,0,3,0,0,3,0,0,3,0,0,3,0,-9990,0,0,10,E,8,9,E,8,7.0,E,8,5.4,E,8,89,E,8,986,E,8,231,E,8,3.3,E,8,-9990,0,0,-9990,0,0,1.358,E,8,0.092,E,8,0.20,E,8,0,-9990,0,0
01/20/2005,07:00,0,0,0,3,0,0,3,0,0,3,0,0,3,0,0,3,0,0,3,0,-9990,0,0,10,E,8,9,E,8,6.9,E,8,6.1,E,8,95,E,8,985,E,8,261,E,8,2.6,E,8,-9990,0,0,-9990,0,0,1.427,E,8,0.092,E,8,0.20,E,8,0,-9990,0,0
01/20/2005,08:00,0,0,0,3,0,0,3,0,0,3,0,0,3,0,0,3,0,0,3,0,-9990,0,0,10,E,8,9,E,8,6.8,E,8,5.5,E,8,92,E,8,985,E,8,201,E,8,3.3,E,8,-9990,0,0,-9990,0,0,1.368,E,8,0.092,E,8,0.20,E,8,0,-9990,0,0
01/20/2005,09:00,21,314,1,3,10,0,3,20,1,3,10,122,3,10,7,3,20,122,3,10,-9990,0,0,10,E,8,9,E,8,6.8,E,8,5.4,E,8,91,E,8,985,E,8,246,E,8,4.4,E,8,-9990,0,0,-9990,0,0,1.356,E,8,0.092,E,8,0.20,E,8,0,-9990,0,0
01/20/2005,10:00,190,1410,23,3,10,0,3,20,23,3,10,2668,3,10,0,3,20,2668,3,10,-9990,0,0,10,E,8,9,E,8,7.1,E,8,5.9,E,8,92,E,8,985,E,8,127,E,8,3.5,E,8,-9990,0,0,-9990,0,0,1.399,E,8,0.092,E,8,0.20,E,8,0,-9990,0,0
01/20/2005,11:00,352,1410,52,3,10,0,3,20,52,3,10,6021,3,10,0,3,20,6021,3,10,-9990,0,0,10,E,8,9,E,8,7.5,E,8,6.1,E,8,90,E,8,985,E,8,213,E,8,3.5,E,8,-9990,0,0,-9990,0,0,1.418,E,8,0.092,E,8,0.20,E,8,0,-9990,0,0
01/20/2005,12:00,464,1410,69,3,10,0,3,20,69,3,10,7967,3,10,0,3,20,7967,3,10,-9990,0,0,10,E,8,9,E,8,7.9,E,8,6.6,E,8,92,E,8,985,E,8,201,E,8,3.3,E,8,-9990,0,0,-9990,0,0,1.474,E,8,0.092,E,8,0.20,E,8,0,-9990,0,0
01/20/2005,13:00,521,1410,65,3,10,0,3,20,65,3,10,7673,3,10,0,3,20,7673,3,10,-9990,0,0,10,E,8,9,E,8,8.0,E,8,6.5,E,8,90,E,8,985,E,8,241,E,8,3.5,E,8,-9990,0,0,-9990,0,0,1.459,E,8,0.092,E,8,0.20,E,8,0,-9990,0,0
01/20/2005,14:00,517,1410,69,3,10,0,3,20,69,3,10,8109,3,10,0,3,20,8109,3,10,-9990,0,0,10,E,8,9,E,8,8.1,E,8,6.6,E,8,90,E,8,985,E,8,192,E,8,4.9,E,8,-9990,0,0,-9990,0,0,1.472,E,8,0.092,E,8,0.20,E,8,0,-9990,0,0
01/20/2005,15:00,453,1410,68,3,10,0,3,20,68,3,10,7855,3,10,0,3,20,7855,3,10,-9990,0,0,10,E,8,9,E,8,8.2,E,8,6.1,E,8,87,E,8,985,E,8,86,E,8,5.1,E,8,-9990,0,0,-9990,0,0,1.426,E,8,0.092,E,8,0.20,E,8,0,-9990,0,0
01/20/2005,16:00,334,1410,44,3,10,0,3,20,44,3,10,5081,3,10,0,3,20,5081,3,10,-9990,0,0,10,E,8,9,E,8,8.1,E,8,6.0,E,8,87,E,8,985,E,8,87,E,8,5.7,E,8,-9990,0,0,-9990,0,0,1.415,E,8,0.092,E,8,0.20,E,8,0,-9990,0,0
01/20/2005,17:00,167,1410,21,3,10,0,3,20,21,3,10,2506,3,10,0,3,20,2506,3,10,-9990,0,0,10,E,8,9,E,8,7.9,E,8,5.4,E,8,84,E,8,985,E,8,65,E,8,6.4,E,8,-9990,0,0,-9990,0,0,1.350,E,8,0.092,E,8,0.20,E,8,0,-9990,0,0
01/20/2005,18:00,11,227,1,3,10,0,3,20,1,3,10,0,3,10,0,3,20,0,3,10,-9990,0,0,10,E,8,9,E,8,7.5,E,8,5.3,E,8,85,E,8,986,E,8,13,E,8,5.9,E,8,-9990,0,0,-9990,0,0,1.342,E,8,0.092,E,8,0.20,E,8,1,-9990,0,0
01/20/2005,19:00,0,0,0,3,0,0,3,0,0,3,0,0,3,0,0,3,0,0,3,0,-9990,0,0,10,E,8,9,E,8,7.1,E,8,6.0,E,8,93,E,8,986,E,8,27,E,8,4.4,E,8,-9990,0,0,-9990,0,0,1.409,E,8,0.092,E,8,0.20,E,8,1,-9990,0,0
01/20/2005,20:00,0,0,0,3,0,0,3,0,0,3,0,0,3,0,0,3,0,0,3,0,-9990,0,0,10,E,8,9,E,8,6.5,E,8,6.2,E,8,98,E,8,986,E,8,102,E,8,3.3,E,8,-9990,0,0,-9990,0,0,1.431,E,8,0.092,E,8,0.20,E,8,3,-9990,0,0
01/20/2005,21:00,0,0,0,3,0,0,3,0,0,3,0,0,3,0,0,3,0,0,3,0,-9990,0,0,10,E,8,9,E,8,6.7,E,8,5.7,E,8,94,E,8,986,E,8,217,E,8,3.5,E,8,-9990,0,0,-9990,0,0,1.385,E,8,0.092,E,8,0.20,E,8,1,-9990,0,0
01/20/2005,22:00,0,0,0,3,0,0,3,0,0,3,0,0,3,0,0,3,0,0,3,0,-9990,0,0,10,E,8,9,E,8,6.5,E,8,5.4,E,8,93,E,8,987,E,8,204,E,8,3.0,E,8,-9990,0,0,-9990,0,0,1.352,E,8,0.092,E,8,0.20,E,8,0,-9990,0,0
01/20/2005,23:00,0,0,0,3,0,0,3,0,0,3,0,0,3,0,0,3,0,0,3,0,-9990,0,0,10,E,8,9,E,8,6.3,E,8,6.0,E,8,98,E,8,987,E,8,215,E,8,2.1,E,8,-9990,0,0,-9990,0,0,1.408,E,8,0.092,E,8,0.20,E,8,0,-9990,0,0
01/20/2005,24:00,0,0,0,3,0,0,3,0,0,3,0,0,3,0,0,3,0,0,3,0,-9990,0,0,10,E,8,9,E,8,6.0,E,8,5.7,E,8,98,E,8,987,E,8,231,E,8,1.7,E,8,-9990,0,0,-9990,0,0,1.385,E,8,0.092,E,8,0.20,E,8,0,-9990,0,0
01/21/2005,01:00,0,0,0,3,0,0,3,0,0,3,0,0,3,0,0,3,0,0,3,0,-9990,0,0,9,E,8,8,E,8,5.8,E,8,5.6,E,8,98,E,8,987,E,8,273,E,8,2.2,E,8,-9990,0,0,-9990,0,0,1.371,E,8,0.094,E,8,0.20,E,8,0,-9990,0,0
01/21/2005,02:00,0,0,0,3,0,0,3,0,0,3,0,0,3,0,0,3,0,0,3,0,-9990,0,0,9,E,8,8,E,8,5.7,E,8,5.5,E,8,98,E,8,987,E,8,235,E,8,3.0,E,8,-9990,0,0,-9990,0,0,1.360,E,8,0.094,E,8,0.20,E,8,0,-9990,0,0
01/21/2005,03:00,0,0,0,3,0,0,3,0,0,3,0,0,3,0,0,3,0,0,3,0,-9990,0,0,9,E,8,8,E,8,5.6,E,8,5.3,E,8,98,E,8,988,E,8,247,E,8,3.3,E,8,-9990,0,0,-9990,0,0,1.348,E,8,0.094,E,8,0.20,E,8,0,-9990,0,0
01/21/2005,04:00,0,0,0,3,0,0,3,0,0,3,0,0,3,0,0,3,0,0,3,0,-9990,0,0,9,E,8,8,E,8,5.6,E,8,5.3,E,8,98,E,8,988,E,8,203,E,8,4.1,E,8,-9990,0,0,-9990,0,0,1.344,E,8,0.094,E,8,0.20,E,8,0,-9990,0,0
01/21/2005,05:00,0,0,0,3,0,0,3,0,0,3,0,0,3,0,0,3,0,0,3,0,-9990,0,0,9,E,8,8,E,8,5.5,E,8,5.3,E,8,98,E,8,988,E,8,154,E,8,5.1,E,8,-9990,0,0,-9990,0,0,1.340,E,8,0.094,E,8,0.20,E,8,0,-9990,0,0
01/21/2005,06:00,0,0,0,3,0,0,3,0,0,3,0,0,3,0,0,3,0,0,3,0,-9990,0,0,9,E,8,8,E,8,5.5,E,8,5.2,E,8,98,E,8,988,E,8,88,E,8,5.1,E,8,-9990,0,0,-9990,0,0,1.336,E,8,0.094,E,8,0.20,E,8,0,-9990,0,0
01/21/2005,07:00,0,0,0,3,0,0,3,0,0,3,0,0,3,0,0,3,0,0,3,0,-9990,0,0,9,E,8,8,E,8,5.5,E,8,5.2,E,8,98,E,8,989,E,8,65,E,8,5.1,E,8,-9990,0,0,-9990,0,0,1.334,E,8,0.094,E,8,0.20,E,8,0,-9990,0,0
01/21/2005,08:00,0,0,0,3,0,0,3,0,0,3,0,0,3,0,0,3,0,0,3,0,-9990,0,0,9,E,8,8,E,8,5.4,E,8,5.2,E,8,98,E,8,989,E,8,69,E,8,5.5,E,8,-9990,0,0,-9990,0,0,1.333,E,8,0.094,E,8,0.20,E,8,0,-9990,0,0
01/21/2005,09:00,23,325,1,3,10,0,3,20,1,3,10,171,3,10,8,3,20,171,3,10,-9990,0,0,9,E,8,8,E,8,5.5,E,8,5.5,E,8,100,E,8,989,E,8,90,E,8,6.4,E,8,-9990,0,0,-9990,0,0,1.366,E,8,0.094,E,8,0.20,E,8,0,-9990,0,0
01/21/2005,10:00,194,1410,69,3,10,89,3,20,57,3,10,7440,3,10,5362,3,20,6702,3,10,-9990,0,0,9,E,8,8,E,8,7.2,E,8,6.2,E,8,93,E,8,989,E,8,7,E,8,6.6,E,8,-9990,0,0,-9990,0,0,1.433,E,8,0.094,E,8,0.20,E,8,0,-9990,0,0
01/21/2005,11:00,356,1410,152,3,10,135,3,20,118,3,10,16361,3,10,10279,3,20,13768,3,10,-9990,0,0,9,E,8,8,E,8,9.2,E,8,6.5,E,8,84,E,8,989,E,8,48,E,8,5.9,E,8,-9990,0,0,-9990,0,0,1.466,E,8,0.094,E,8,0.20,E,8,0,-9990,0,0
01/21/2005,12:00,469,1410,211,3,10,172,3,20,154,3,10,22803,3,10,14738,3,20,17903,3,10,-9990,0,0,9,E,8,8,E,8,10.9,E,8,5.9,E,8,71,E,8,990,E,8,5,E,8,7.8,E,8,-9990,0,0,-9990,0,0,1.400,E,8,0.094,E,8,0.20,E,8,0,-9990,0,0
01/21/2005,13:00,525,1410,232,3,10,149,3,20,177,3,10,25102,3,10,12219,3,20,20548,3,10,-9990,0,0,9,E,8,8,E,8,12.1,E,8,6.6,E,8,69,E,8,990,E,8,360,E,8,11.1,E,8,-9990,0,0,-9990,0,0,1.475,E,8,0.094,E,8,0.20,E,8,0,-9990,0,0
01/21/2005,14:00,522,1410,205,3,10,93,3,20,171,3,10,22636,3,10,9056,3,20,19283,3,10,-9990,0,0,10,E,8,9,E,8,12.8,E,8,6.6,E,8,66,E,8,990,E,8,340,E,8,10.1,E,8,-9990,0,0,-9990,0,0,1.472,E,8,0.094,E,8,0.20,E,8,0,-9990,0,0
01/21/2005,15:00,458,1410,183,3,10,108,3,20,147,3,10,20157,3,10,10771,3,20,16655,3,10,-9990,0,0,9,E,8,8,E,8,13.1,E,8,7.1,E,8,67,E,8,990,E,8,330,E,8,9.2,E,8,-9990,0,0,-9990,0,0,1.525,E,8,0.094,E,8,0.20,E,8,0,-9990,0,0
01/21/2005,16:00,339,1410,131,3,10,112,3,20,104,3,10,14007,3,10,7839,3,20,12121,3,10,-9990,0,0,9,E,8,8,E,8,12.9,E,8,6.7,E,8,66,E,8,990,E,8,352,E,8,7.0,E,8,-9990,0,0,-9990,0,0,1.488,E,8,0.094,E,8,0.20,E,8,0,-9990,0,0
01/21/2005,17:00,173,1410,53,3,10,49,3,20,47,3,10,5872,3,10,1247,3,20,5719,3,10,-9990,0,0,9,E,8,8,E,8,12.0,E,8,6.0,E,8,67,E,8,990,E,8,7,E,8,7.4,E,8,-9990,0,0,-9990,0,0,1.413,E,8,0.094,E,8,0.20,E,8,0,-9990,0,0
01/21/2005,18:00,13,244,1,3,10,0,3,20,1,3,10,0,3,10,0,3,20,0,3,10,-9990,0,0,9,E,8,8,E,8,10.9,E,8,5.9,E,8,71,E,8,990,E,8,64,E,8,6.4,E,8,-9990,0,0,-9990,0,0,1.398,E,8,0.094,E,8,0.20,E,8,0,-9990,0,0
01/21/2005,19:00,0,0,0,3,0,0,3,0,0,3,0,0,3,0,0,3,0,0,3,0,-9990,0,0,8,E,8,6,E,8,10.5,E,8,6.3,E,8,75,E,8,991,E,8,22,E,8,5.9,E,8,-9990,0,0,-9990,0,0,1.438,E,8,0.094,E,8,0.20,E,8,0,-9990,0,0
01/21/2005,20:00,0,0,0,3,0,0,3,0,0,3,0,0,3,0,0,3,0,0,3,0,-9990,0,0,8,E,8,6,E,8,10.2,E,8,6.3,E,8,77,E,8,991,E,8,44,E,8,6.2,E,8,-9990,0,0,-9990,0,0,1.440,E,8,0.094,E,8,0.20,E,8,0,-9990,0,0
01/21/2005,21:00,0,0,0,3,0,0,3,0,0,3,0,0,3,0,0,3,0,0,3,0,-9990,0,0,8,E,8,6,E,8,9.8,E,8,5.6,E,8,75,E,8,991,E,8,30,E,8,7.0,E,8,-9990,0,0,-9990,0,0,1.374,E,8,0.094,E,8,0.20,E,8,0,-9990,0,0
01/21/2005,22:00,0,0,0,3,0,0,3,0,0,3,0,0,3,0,0,3,0,0,3,0,-9990,0,0,6,E,8,5,E,8,9.4,E,8,6.1,E,8,80,E,8,991,E,8,4,E,8,6.2,E,8,-9990,0,0,-9990,0,0,1.418,E,8,0.094,E,8,0.20,E,8,0,-9990,0,0
01/21/2005,23:00,0,0,0,3,0,0,3,0,0,3,0,0,3,0,0,3,0,0,3,0,-9990,0,0,6,E,8,6,E,8,9.0,E,8,6.2,E,8,83,E,8,991,E,8,26,E,8,7.8,E,8,-9990,0,0,-9990,0,0,1.436,E,8,0.094,E,8,0.20,E,8,0,-9990,0,0
01/21/2005,24:00,0,0,0,3,0,0,3,0,0,3,0,0,3,0,0,3,0,0,3,0,-9990,0,0,6,E,8,6,E,8,8.6,E,8,6.4,E,8,86,E,8,991,E,8,58,E,8,7.0,E,8,-9990,0,0,-9990,0,0,1.449,E,8,0.094,E,8,0.20,E,8,0,-9990,0,0
01/22/2005,01:00,0,0,0,3,0,0,3,0,0,3,0,0,3,0,0,3,0,0,3,0,-9990,0,0,6,E,8,6,E,8,8.1,E,8,6.2,E,8,88,E,8,991,E,8,352,E,8,8.4,E,8,-9990,0,0,-9990,0,0,1.431,E,8,0.089,E,8,0.20,E,8,0,-9990,0,0
01/22/2005,02:00,0,0,0,3,0,0,3,0,0,3,0,0,3,0,0,3,0,0,3,0,-9990,0,0,5,E,8,5,E,8,7.7,E,8,6.2,E,8,90,E,8,991,E,8,6,E,8,6.2,E,8,-9990,0,0,-9990,0,0,1.432,E,8,0.089,E,8,0.20,E,8,0,-9990,0,0
01/22/2005,03:00,0,0,0,3,0,0,3,0,0,3,0,0,3,0,0,3,0,0,3,0,-9990,0,0,5,E,8,5,E,8,7.2,E,8,5.7,E,8,90,E,8,991,E,8,33,E,8,7.8,E,8,-9990,0,0,-9990,0,0,1.379,E,8,0.089,E,8,0.20,E,8,0,-9990,0,0
01/22/2005,04:00,0,0,0,3,0,0,3,0,0,3,0,0,3,0,0,3,0,0,3,0,-9990,0,0,5,E,8,5,E,8,7.0,E,8,6.1,E,8,94,E,8,992,E,8,59,E,8,5.7,E,8,-9990,0,0,-9990,0,0,1.425,E,8,0.089,E,8,0.20,E,8,0,-9990,0,0
01/22/2005,05:00,0,0,0,3,0,0,3,0,0,3,0,0,3,0,0,3,0,0,3,0,-9990,0,0,5,E,8,5,E,8,6.8,E,8,5.9,E,8,94,E,8,992,E,8,80,E,8,5.7,E,8,-9990,0,0,-9990,0,0,1.404,E,8,0.089,E,8,0.20,E,8,0,-9990,0,0
01/22/2005,06:00,0,0,0,3,0,0,3,0,0,3,0,0,3,0,0,3,0,0,3,0,-9990,0,0,4,E,8,3,E,8,6.6,E,8,6.4,E,8,99,E,8,992,E,8,78,E,8,5.5,E,8,-9990,0,0,-9990,0,0,1.455,E,8,0.089,E,8,0.20,E,8,0,-9990,0,0
01/22/2005,07:00,0,0,0,3,0,0,3,0,0,3,0,0,3,0,0,3,0,0,3,0,-9990,0,0,4,E,8,3,E,8,6.5,E,8,6.1,E,8,97,E,8,992,E,8,69,E,8,2.6,E,8,-9990,0,0,-9990,0,0,1.422,E,8,0.089,E,8,0.20,E,8,0,-9990,0,0
01/22/2005,08:00,0,0,0,3,0,0,3,0,0,3,0,0,3,0,0,3,0,0,3,0,-9990,0,0,4,E,8,3,E,8,6.4,E,8,6.1,E,8,98,E,8,992,E,8,204,E,8,2.6,E,8,-9990,0,0,-9990,0,0,1.422,E,8,0.089,E,8,0.20,E,8,0,-9990,0,0
01/22/2005,09:00,24,335,3,3,10,0,3,20,3,3,10,332,3,10,9,3,20,331,3,10,-9990,0,0,3,E,8,2,E,8,6.6,E,8,5.9,E,8,95,E,8,992,E,8,219,E,8,1.8,E,8,-9990,0,0,-9990,0,0,1.401,E,8,0.089,E,8,0.20,E,8,0,-9990,0,0
01/22/2005,10:00,198,1409,90,3,10,286,3,20,50,3,10,9269,3,10,16249,3,20,6991,3,10,-9990,0,0,3,E,8,2,E,8,8.2,E,8,6.8,E,8,91,E,8,992,E,8,267,E,8,1.9,E,8,-9990,0,0,-9990,0,0,1.497,E,8,0.089,E,8,0.20,E,8,0,-9990,0,0
01/22/2005,11:00,360,1409,192,3,10,438,3,20,80,3,10,20159,3,10,34107,3,20,11456,3,10,-9990,0,0,3,E,8,2,E,8,10.1,E,8,7.1,E,8,82,E,8,992,E,8,267,E,8,1.8,E,8,-9990,0,0,-9990,0,0,1.520,E,8,0.089,E,8,0.20,E,8,0,-9990,0,0
01/22/2005,12:00,473,1409,274,3,10,562,3,20,85,3,10,28578,3,10,47626,3,20,12591,3,10,-9990,0,0,0,E,8,0,E,8,11.7,E,8,7.1,E,8,73,E,8,992,E,8,237,E,8,1.3,E,8,-9990,0,0,-9990,0,0,1.522,E,8,0.089,E,8,0.20,E,8,0,-9990,0,0
01/22/2005,13:00,530,1409,302,3,10,517,3,20,107,3,10,32223,3,10,44303,3,20,15558,3,10,-9990,0,0,3,E,8,2,E,8,13.0,E,8,7.1,E,8,67,E,8,992,E,8,253,E,8,1.3,E,8,-9990,0,0,-9990,0,0,1.521,E,8,0.089,E,8,0.20,E,8,0,-9990,0,0
01/22/2005,14:00,527,1409,293,3,10,453,3,20,123,3,10,30702,3,10,35596,3,20,17394,3,10,-9990,0,0,4,E,8,3,E,8,13.8,E,8,7.0,E,8,64,E,8,992,E,8,249,E,8,1.3,E,8,-9990,0,0,-9990,0,0,1.516,E,8,0.089,E,8,0.20,E,8,0,-9990,0,0
01/22/2005,15:00,464,1409,248,3,10,405,3,20,115,3,10,25716,3,10,29399,3,20,16045,3,10,-9990,0,0,5,E,8,4,E,8,14.1,E,8,8.1,E,8,67,E,8,992,E,8,258,E,8,1.3,E,8,-9990,0,0,-9990,0,0,1.639,E,8,0.089,E,8,0.20,E,8,0,-9990,0,0
01/22/2005,16:00,345,1409,173,3,10,367,3,20,83,3,10,17697,3,10,25474,3,20,11468,3,10,-9990,0,0,4,E,8,3,E,8,14.0,E,8,8.0,E,8,67,E,8,992,E,8,244,E,8,2.2,E,8,-9990,0,0,-9990,0,0,1.620,E,8,0.089,E,8,0.20,E,8,0,-9990,0,0
01/22/2005,17:00,178,1409,74,3,10,219,3,20,47,3,10,7773,3,10,8297,3,20,6725,3,10,-9990,0,0,5,E,8,4,E,8,13.2,E,8,8.8,E,8,75,E,8,991,E,8,215,E,8,2.4,E,8,-9990,0,0,-9990,0,0,1.717,E,8,0.089,E,8,0.20,E,8,0,-9990,0,0
01/22/2005,18:00,15,262,1,3,10,0,3,20,1,3,10,0,3,10,0,3,20,0,3,10,-9990,0,0,5,E,8,4,E,8,12.1,E,8,8.2,E,8,77,E,8,991,E,8,213,E,8,3.7,E,8,-9990,0,0,-9990,0,0,1.648,E,8,0.089,E,8,0.20,E,8,0,-9990,0,0
01/22/2005,19:00,0,0,0,3,0,0,3,0,0,3,0,0,3,0,0,3,0,0,3,0,-9990,0,0,5,E,8,5,E,8,11.6,E,8,8.8,E,8,83,E,8,991,E,8,169,E,8,5.3,E,8,-9990,0,0,-9990,0,0,1.719,E,8,0.089,E,8,0.20,E,8,0,-9990,0,0
01/22/2005,20:00,0,0,0,3,0,0,3,0,0,3,0,0,3,0,0,3,0,0,3,0,-9990,0,0,5,E,8,5,E,8,11.1,E,8,8.0,E,8,81,E,8,991,E,8,84,E,8,3.9,E,8,-9990,0,0,-9990,0,0,1.630,E,8,0.089,E,8,0.20,E,8,0,-9990,0,0
01/22/2005,21:00,0,0,0,3,0,0,3,0,0,3,0,0,3,0,0,3,0,0,3,0,-9990,0,0,6,E,8,6,E,8,10.6,E,8,7.8,E,8,83,E,8,990,E,8,148,E,8,4.4,E,8,-9990,0,0,-9990,0,0,1.607,E,8,0.089,E,8,0.20,E,8,0,-9990,0,0
01/22/2005,22:00,0,0,0,3,0,0,3,0,0,3,0,0,3,0,0,3,0,0,3,0,-9990,0,0,6,E,8,6,E,8,10.1,E,8,7.3,E,8,83,E,8,990,E,8,129,E,8,3.3,E,8,-9990,0,0,-9990,0,0,1.544,E,8,0.089,E,8,0.20,E,8,0,-9990,0,0
01/22/2005,23:00,0,0,0,3,0,0,3,0,0,3,0,0,3,0,0,3,0,0,3,0,-9990,0,0,6,E,8,6,E,8,9.6,E,8,6.6,E,8,81,E,8,990,E,8,266,E,8,3.5,E,8,-9990,0,0,-9990,0,0,1.469,E,8,0.089,E,8,0.20,E,8,0,-9990,0,0
01/22/2005,24:00,0,0,0,3,0,0,3,0,0,3,0,0,3,0,0,3,0,0,3,0,-9990,0,0,6,E,8,6,E,8,9.1,E,8,6.6,E,8,84,E,8,989,E,8,190,E,8,3.3,E,8,-9990,0,0,-9990,0,0,1.470,E,8,0.089,E,8,0.20,E,8,0,-9990,0,0
01/23/2005,01:00,0,0,0,3,0,0,3,0,0,3,0,0,3,0,0,3,0,0,3,0,-9990,0,0,8,E,8,7,E,8,8.4,E,8,6.7,E,8,89,E,8,989,E,8,227,E,8,3.7,E,8,-9990,0,0,-9990,0,0,1.486,E,8,0.069,E,8,0.20,E,8,0,-9990,0,0
01/23/2005,02:00,0,0,0,3,0,0,3,0,0,3,0,0,3,0,0,3,0,0,3,0,-9990,0,0,8,E,8,7,E,8,7.6,E,8,6.6,E,8,93,E,8,989,E,8,202,E,8,2.4,E,8,-9990,0,0,-9990,0,0,1.477,E,8,0.069,E,8,0.20,E,8,0,-9990,0,0
01/23/2005,03:00,0,0,0,3,0,0,3,0,0,3,0,0,3,0,0,3,0,0,3,0,-9990,0,0,8,E,8,7,E,8,6.9,E,8,6.3,E,8,96,E,8,989,E,8,220,E,8,1.1,E,8,-9990,0,0,-9990,0,0,1.446,E,8,0.069,E,8,0.20,E,8,0,-9990,0,0
01/23/2005,04:00,0,0,0,3,0,0,3,0,0,3,0,0,3,0,0,3,0,0,3,0,-9990,0,0,8,E,8,7,E,8,6.5,E,8,6.5,E,8,100,E,8,988,E,8,274,E,8,1.7,E,8,-9990,0,0,-9990,0,0,1.458,E,8,0.069,E,8,0.20,E,8,0,-9990,0,0
01/23/2005,05:00,0,0,0,3,0,0,3,0,0,3,0,0,3,0,0,3,0,0,3,0,-9990,0,0,9,E,8,8,E,8,6.0,E,8,6.0,E,8,100,E,8,988,E,8,250,E,8,1.4,E,8,-9990,0,0,-9990,0,0,1.416,E,8,0.069,E,8,0.20,E,8,0,-9990,0,0
01/23/2005,06:00,0,0,0,3,0,0,3,0,0,3,0,0,3,0,0,3,0,0,3,0,-9990,0,0,9,E,8,8,E,8,5.6,E,8,5.3,E,8,98,E,8,988,E,8,262,E,8,1.7,E,8,-9990,0,0,-9990,0,0,1.342,E,8,0.069,E,8,0.20,E,8,0,-9990,0,0
01/23/2005,07:00,0,0,0,3,0,0,3,0,0,3,0,0,3,0,0,3,0,0,3,0,-9990,0,0,9,E,8,8,E,8,5.3,E,8,4.8,E,8,96,E,8,988,E,8,264,E,8,1.3,E,8,-9990,0,0,-9990,0,0,1.296,E,8,0.069,E,8,0.20,E,8,0,-9990,0,0
01/23/2005,08:00,0,0,0,3,0,0,3,0,0,3,0,0,3,0,0,3,0,0,3,0,-9990,0,0,9,E,8,8,E,8,5.0,E,8,4.0,E,8,93,E,8,987,E,8,224,E,8,1.0,E,8,-9990,0,0,-9990,0,0,1.225,E,8,0.069,E,8,0.20,E,8,0,-9990,0,0
01/23/2005,09:00,26,346,1,3,10,0,3,20,1,3,10,150,3,10,7,3,20,149,3,10,-9990,0,0,10,E,8,9,E,8,5.0,E,8,4.2,E,8,95,E,8,987,E,8,283,E,8,1.4,E,8,-9990,0,0,-9990,0,0,1.246,E,8,0.069,E,8,0.20,E,8,0,-9990,0,0
01/23/2005,10:00,201,1409,33,3,10,0,3,20,33,3,10,3677,3,10,0,3,20,3677,3,10,-9990,0,0,10,E,8,9,E,8,5.4,E,8,4.2,E,8,92,E,8,987,E,8,254,E,8,1.4,E,8,-9990,0,0,-9990,0,0,1.245,E,8,0.069,E,8,0.20,E,8,0,-9990,0,0
01/23/2005,11:00,364,1409,91,3,10,0,3,20,91,3,10,10029,3,10,0,3,20,10029,3,10,-9990,0,0,10,E,8,9,E,8,6.0,E,8,4.2,E,8,88,E,8,986,E,8,276,E,8,1.9,E,8,-9990,0,0,-9990,0,0,1.241,E,8,0.069,E,8,0.20,E,8,0,-9990,0,0
01/23/2005,12:00,478,1409,136,3,10,10,3,20,132,3,10,14970,3,10,945,3,20,14650,3,10,-9990,0,0,10,E,8,9,E,8,6.6,E,8,3.3,E,8,80,E,8,986,E,8,221,E,8,1.1,E,8,-9990,0,0,-9990,0,0,1.170,E,8,0.069,E,8,0.20,E,8,0,-9990,0,0
01/23/2005,13:00,535,1409,130,3,10,0,3,20,130,3,10,14518,3,10,0,3,20,14518,3,10,-9990,0,0,10,E,8,9,E,8,6.9,E,8,3.4,E,8,78,E,8,986,E,8,254,E,8,1.4,E,8,-9990,0,0,-9990,0,0,1.178,E,8,0.069,E,8,0.20,E,8,0,-9990,0,0
01/23/2005,14:00,532,1409,89,3,10,0,3,20,89,3,10,10225,3,10,0,3,20,10225,3,10,-9990,0,0,10,E,8,9,E,8,6.9,E,8,3.5,E,8,79,E,8,986,E,8,280,E,8,1.4,E,8,-9990,0,0,-9990,0,0,1.187,E,8,0.069,E,8,0.20,E,8,0,-9990,0,0
01/23/2005,15:00,469,1409,95,3,10,0,3,20,95,3,10,10676,3,10,0,3,20,10676,3,10,-9990,0,0,10,E,8,9,E,8,6.9,E,8,3.1,E,8,77,E,8,986,E,8,266,E,8,1.4,E,8,-9990,0,0,-9990,0,0,1.152,E,8,0.069,E,8,0.20,E,8,0,-9990,0,0
01/23/2005,16:00,350,1409,66,3,10,0,3,20,66,3,10,7324,3,10,0,3,20,7324,3,10,-9990,0,0,10,E,8,9,E,8,6.7,E,8,2.8,E,8,76,E,8,986,E,8,262,E,8,0.9,E,8,-9990,0,0,-9990,0,0,1.126,E,8,0.069,E,8,0.20,E,8,0,-9990,0,0
01/23/2005,17:00,184,1409,38,3,10,0,3,20,38,3,10,4237,3,10,0,3,20,4237,3,10,-9990,0,0,10,E,8,9,E,8,6.4,E,8,1.2,E,8,69,E,8,986,E,8,280,E,8,0.9,E,8,-9990,0,0,-9990,0,0,1.009,E,8,0.069,E,8,0.20,E,8,0,-9990,0,0
01/23/2005,18:00,17,279,1,3,10,0,3,20,1,3,10,0,3,10,0,3,20,0,3,10,-9990,0,0,10,E,8,9,E,8,6.0,E,8,0.7,E,8,69,E,8,987,E,8,273,E,8,0.5,E,8,-9990,0,0,-9990,0,0,0.977,E,8,0.069,E,8,0.20,E,8,0,-9990,0,0
01/23/2005,19:00,0,0,0,3,0,0,3,0,0,3,0,0,3,0,0,3,0,0,3,0,-9990,0,0,10,E,8,9,E,8,5.3,E,8,-0.2,E,8,67,E,8,987,E,8,302,E,8,0.3,E,8,-9990,0,0,-9990,0,0,0.913,E,8,0.069,E,8,0.20,E,8,0,-9990,0,0
01/23/2005,20:00,0,0,0,3,0,0,3,0,0,3,0,0,3,0,0,3,0,0,3,0,-9990,0,0,10,E,8,9,E,8,4.7,E,8,-1.0,E,8,67,E,8,987,E,8,317,E,8,0.2,E,8,-9990,0,0,-9990,0,0,0.866,E,8,0.069,E,8,0.20,E,8,0,-9990,0,0
01/23/2005,21:00,0,0,0,3,0,0,3,0,0,3,0,0,3,0,0,3,0,0,3,0,-9990,0,0,10,E,8,9,E,8,3.9,E,8,1.3,E,8,83,E,8,987,E,8,297,E,8,0.3,E,8,-9990,0,0,-9990,0,0,1.018,E,8,0.069,E,8,0.20,E,8,0,-9990,0,0
01/23/2005,22:00,0,0,0,3,0,0,3,0,0,3,0,0,3,0,0,3,0,0,3,0,-9990,0,0,10,E,8,9,E,8,3.3,E,8,0.7,E,8,83,E,8,987,E,8,317,E,8,0.1,E,8,-9990,0,0,-9990,0,0,0.976,E,8,0.069,E,8,0.20,E,8,0,-9990,0,0
01/23/2005,23:00,0,0,0,3,0,0,3,0,0,3,0,0,3,0,0,3,0,0,3,0,-9990,0,0,10,E,8,9,E,8,2.6,E,8,0.7,E,8,87,E,8,987,E,8,300,E,8,0.3,E,8,-9990,0,0,-9990,0,0,0.975,E,8,0.069,E,8,0.20,E,8,0,-9990,0,0
01/23/2005,24:00,0,0,0,3,0,0,3,0,0,3,0,0,3,0,0,3,0,0,3,0,-9990,0,0,10,E,8,9,E,8,1.7,E,8,-0.2,E,8,87,E,8,987,E,8,311,E,8,0.3,E,8,-9990,0,0,-9990,0,0,0.912,E,8,0.069,E,8,0.20,E,8,2,-9990,0,0
01/24/2005,01:00,0,0,0,3,0,0,3,0,0,3,0,0,3,0,0,3,0,0,3,0,-9990,0,0,10,E,8,9,E,8,1.2,E,8,0.1,E,8,92,E,8,987,E,8,312,E,8,0.2,E,8,-9990,0,0,-9990,0,0,0.933,E,8,0.074,E,8,0.20,E,8,0,-9990,0,0
01/24/2005,02:00,0,0,0,3,0,0,3,0,0,3,0,0,3,0,0,3,0,0,3,0,-9990,0,0,10,E,8,9,E,8,0.5,E,8,-0.8,E,8,91,E,8,987,E,8,295,E,8,0.2,E,8,-9990,0,0,-9990,0,0,0.880,E,8,0.074,E,8,0.20,E,8,0,-9990,0,0
01/24/2005,03:00,0,0,0,3,0,0,3,0,0,3,0,0,3,0,0,3,0,0,3,0,-9990,0,0,9,E,8,8,E,8,-0.3,E,8,-1.3,E,8,93,E,8,988,E,8,290,E,8,0.1,E,8,-9990,0,0,-9990,0,0,0.848,E,8,0.074,E,8,0.20,E,8,0,-9990,0,0
01/24/2005,04:00,0,0,0,3,0,0,3,0,0,3,0,0,3,0,0,3,0,0,3,0,-9990,0,0,9,E,8,8,E,8,-0.8,E,8,-1.4,E,8,95,E,8,988,E,8,308,E,8,0.0,E,8,-9990,0,0,-9990,0,0,0.840,E,8,0.074,E,8,0.20,E,8,0,-9990,0,0
01/24/2005,05:00,0,0,0,3,0,0,3,0,0,3,0,0,3,0,0,3,0,0,3,0,-9990,0,0,9,E,8,8,E,8,-1.2,E,8,-1.6,E,8,97,E,8,988,E,8,310,E,8,0.2,E,8,-9990,0,0,-9990,0,0,0.828,E,8,0.074,E,8,0.20,E,8,0,-9990,0,0
01/24/2005,06:00,0,0,0,3,0,0,3,0,0,3,0,0,3,0,0,3,0,0,3,0,-9990,0,0,9,E,8,8,E,8,-1.6,E,8,-2.5,E,8,94,E,8,988,E,8,297,E,8,0.4,E,8,-9990,0,0,-9990,0,0,0.778,E,8,0.074,E,8,0.20,E,8,0,-9990,0,0
01/24/2005,07:00,0,0,0,3,0,0,3,0,0,3,0,0,3,0,0,3,0,0,3,0,-9990,0,0,9,E,8,8,E,8,-1.9,E,8,-2.5,E,8,96,E,8,988,E,8,322,E,8,0.5,E,8,-9990,0,0,-9990,0,0,0.777,E,8,0.074,E,8,0.20,E,8,0,-9990,0,0
01/24/2005,08:00,0,0,0,3,0,0,3,0,0,3,0,0,3,0,0,3,0,0,3,0,-9990,0,0,9,E,8,8,E,8,-2.3,E,8,-2.5,E,8,98,E,8,988,E,8,285,E,8,0.7,E,8,-9990,0,0,-9990,0,0,0.778,E,8,0.074,E,8,0.20,E,8,0,-9990,0,0
01/24/2005,09:00,28,358,3,3,10,0,3,20,3,3,10,394,3,10,8,3,20,393,3,10,-9990,0,0,9,E,8,8,E,8,-2.2,E,8,-2.6,E,8,97,E,8,988,E,8,231,E,8,0.8,E,8,-9990,0,0,-9990,0,0,0.772,E,8,0.074,E,8,0.20,E,8,0,-9990,0,0
01/24/2005,10:00,205,1409,76,3,10,106,3,20,60,3,10,8101,3,10,7677,3,20,6982,3,10,-9990,0,0,9,E,8,8,E,8,-0.9,E,8,-2.1,E,8,91,E,8,988,E,8,281,E,8,0.7,E,8,-9990,0,0,-9990,0,0,0.798,E,8,0.074,E,8,0.20,E,8,0,-9990,0,0
01/24/2005,11:00,368,1409,150,3,10,134,3,20,115,3,10,16113,3,10,11008,3,20,13237,3,10,-9990,0,0,9,E,8,8,E,8,0.4,E,8,-2.8,E,8,79,E,8,989,E,8,240,E,8,0.4,E,8,-9990,0,0,-9990,0,0,0.762,E,8,0.074,E,8,0.20,E,8,0,-9990,0,0
01/24/2005,12:00,482,1409,203,3,10,122,3,20,161,3,10,21802,3,10,9870,3,20,18422,3,10,-9990,0,0,9,E,8,8,E,8,1.5,E,8,-2.3,E,8,76,E,8,989,E,8,325,E,8,0.3,E,8,-9990,0,0,-9990,0,0,0.787,E,8,0.074,E,8,0.20,E,8,0,-9990,0,0
01/24/2005,13:00,540,1409,243,3,10,146,3,20,186,3,10,26006,3,10,12487,3,20,21219,3,10,-9990,0,0,9,E,8,8,E,8,2.4,E,8,-1.8,E,8,74,E,8,989,E,8,306,E,8,0.4,E,8,-9990,0,0,-9990,0,0,0.821,E,8,0.074,E,8,0.20,E,8,0,-9990,0,0
01/24/2005,14:00,538,1409,223,3,10,114,3,20,179,3,10,24485,3,10,11452,3,20,20116,3,10,-9990,0,0,10,E,8,9,E,8,2.9,E,8,-1.2,E,8,75,E,8,989,E,8,311,E,8,0.5,E,8,-9990,0,0,-9990,0,0,0.856,E,8,0.074,E,8,0.20,E,8,0,-9990,0,0
01/24/2005,15:00,475,1409,169,3,10,61,3,20,148,3,10,18527,3,10,5710,3,20,16604,3,10,-9990,0,0,10,E,8,9,E,8,2.9,E,8,-0.6,E,8,77,E,8,989,E,8,308,E,8,0.6,E,8,-9990,0,0,-9990,0,0,0.888,E,8,0.074,E,8,0.20,E,8,0,-9990,0,0
01/24/2005,16:00,356,1409,103,3,10,14,3,20,99,3,10,11017,3,10,1274,3,20,10696,3,10,-9990,0,0,10,E,8,9,E,8,2.4,E,8,-0.8,E,8,79,E,8,988,E,8,300,E,8,0.9,E,8,-9990,0,0,-9990,0,0,0.878,E,8,0.074,E,8,0.20,E,8,0,-9990,0,0
01/24/2005,17:00,189,1409,52,3,10,18,3,20,49,3,10,5683,3,10,647,3,20,5596,3,10,-9990,0,0,10,E,8,9,E,8,1.7,E,8,-0.6,E,8,84,E,8,988,E,8,252,E,8,1.0,E,8,-9990,0,0,-9990,0,0,0.888,E,8,0.074,E,8,0.20,E,8,0,-9990,0,0
01/24/2005,18:00,19,297,1,3,10,0,3,20,1,3,10,0,3,10,0,3,20,0,3,10,-9990,0,0,10,E,8,9,E,8,0.8,E,8,-0.7,E,8,90,E,8,988,E,8,245,E,8,0.8,E,8,-9990,0,0,-9990,0,0,0.886,E,8,0.074,E,8,0.20,E,8,0,-9990,0,0
01/24/2005,19:00,0,0,0,3,0,0,3,0,0,3,0,0,3,0,0,3,0,0,3,0,-9990,0,0,10,E,8,9,E,8,0.4,E,8,-1.4,E,8,88,E,8,988,E,8,268,E,8,0.8,E,8,-9990,0,0,-9990,0,0,0.842,E,8,0.074,E,8,0.20,E,8,0,-9990,0,0
01/24/2005,20:00,0,0,0,3,0,0,3,0,0,3,0,0,3,0,0,3,0,0,3,0,-9990,0,0,10,E,8,9,E,8,0.1,E,8,-1.0,E,8,92,E,8,988,E,8,273,E,8,1.0,E,8,-9990,0,0,-9990,0,0,0.862,E,8,0.074,E,8,0.20,E,8,0,-9990,0,0
01/24/2005,21:00,0,0,0,3,0,0,3,0,0,3,0,0,3,0,0,3,0,0,3,0,-9990,0,0,10,E,8,9,E,8,-0.3,E,8,-0.9,E,8,95,E,8,988,E,8,255,E,8,1.3,E,8,-9990,0,0,-9990,0,0,0.870,E,8,0.074,E,8,0.20,E,8,0,-9990,0,0
01/24/2005,22:00,0,0,0,3,0,0,3,0,0,3,0,0,3,0,0,3,0,0,3,0,-9990,0,0,10,E,8,9,E,8,-0.6,E,8,-0.7,E,8,99,E,8,988,E,8,265,E,8,1.4,E,8,-9990,0,0,-9990,0,0,0.885,E,8,0.074,E,8,0.20,E,8,0,-9990,0,0
01/24/2005,23:00,0,0,0,3,0,0,3,0,0,3,0,0,3,0,0,3,0,0,3,0,-9990,0,0,10,E,8,9,E,8,-0.9,E,8,-0.9,E,8,100,E,8,988,E,8,265,E,8,2.1,E,8,-9990,0,0,-9990,0,0,0.869,E,8,0.074,E,8,0.20,E,8,0,-9990,0,0
01/24/2005,24:00,0,0,0,3,0,0,3,0,0,3,0,0,3,0,0,3,0,0,3,0,-9990,0,0,10,E,8,9,E,8,-1.3,E,8,-1.3,E,8,100,E,8,988,E,8,241,E,8,1.6,E,8,-9990,0,0,-9990,0,0,0.848,E,8,0.074,E,8,0.20,E,8,0,-9990,0,0
01/25/2005,01:00,0,0,0,3,0,0,3,0,0,3,0,0,3,0,0,3,0,0,3,0,-9990,0,0,10,E,8,9,E,8,-1.3,E,8,-1.3,E,8,100,E,8,987,E,8,261,E,8,2.1,E,8,-9990,0,0,-9990,0,0,0.845,E,8,0.085,E,8,0.20,E,8,0,-9990,0,0
01/25/2005,02:00,0,0,0,3,0,0,3,0,0,3,0,0,3,0,0,3,0,0,3,0,-9990,0,0,10,E,8,9,E,8,-1.7,E,8,-1.9,E,8,98,E,8,987,E,8,223,E,8,1.2,E,8,-9990,0,0,-9990,0,0,0.812,E,8,0.085,E,8,0.23,E,8,0,-9990,0,0
01/25/2005,03:00,0,0,0,3,0,0,3,0,0,3,0,0,3,0,0,3,0,0,3,0,-9990,0,0,10,E,8,9,E,8,-1.6,E,8,-2.0,E,8,97,E,8,987,E,8,252,E,8,1.2,E,8,-9990,0,0,-9990,0,0,0.805,E,8,0.085,E,8,0.24,E,8,0,-9990,0,0
01/25/2005,04:00,0,0,0,3,0,0,3,0,0,3,0,0,3,0,0,3,0,0,3,0,-9990,0,0,10,E,8,9,E,8,-1.7,E,8,-1.9,E,8,98,E,8,987,E,8,262,E,8,0.8,E,8,-9990,0,0,-9990,0,0,0.812,E,8,0.085,E,8,0.24,E,8,0,-9990,0,0
01/25/2005,05:00,0,0,0,3,0,0,3,0,0,3,0,0,3,0,0,3,0,0,3,0,-9990,0,0,10,E,8,9,E,8,-1.7,E,8,-2.0,E,8,98,E,8,987,E,8,252,E,8,1.0,E,8,-9990,0,0,-9990,0,0,0.807,E,8,0.085,E,8,0.24,E,8,0,-9990,0,0
01/25/2005,06:00,0,0,0,3,0,0,3,0,0,3,0,0,3,0,0,3,0,0,3,0,-9990,0,0,10,E,8,9,E,8,-1.8,E,8,-2.1,E,8,98,E,8,987,E,8,252,E,8,1.2,E,8,-9990,0,0,-9990,0,0,0.802,E,8,0.085,E,8,0.24,E,8,0,-9990,0,0
01/25/2005,07:00,0,0,0,3,0,0,3,0,0,3,0,0,3,0,0,3,0,0,3,0,-9990,0,0,10,E,8,9,E,8,-1.9,E,8,-2.2,E,8,98,E,8,987,E,8,262,E,8,1.8,E,8,-9990,0,0,-9990,0,0,0.798,E,8,0.085,E,8,0.24,E,8,0,-9990,0,0
01/25/2005,08:00,0,0,0,3,0,0,3,0,0,3,0,0,3,0,0,3,0,0,3,0,-9990,0,0,10,E,8,9,E,8,-2.0,E,8,-2.2,E,8,98,E,8,987,E,8,220,E,8,1.8,E,8,-9990,0,0,-9990,0,0,0.794,E,8,0.085,E,8,0.23,E,8,0,-9990,0,0
01/25/2005,09:00,30,370,2,3,10,0,3,20,2,3,10,229,3,10,8,3,20,228,3,10,-9990,0,0,10,E,8,9,E,8,-2.0,E,8,-2.2,E,8,98,E,8,987,E,8,263,E,8,1.3,E,8,-9990,0,0,-9990,0,0,0.795,E,8,0.085,E,8,0.23,E,8,0,-9990,0,0
01/25/2005,10:00,209,1409,45,3,10,0,3,20,45,3,10,4894,3,10,0,3,20,4894,3,10,-9990,0,0,10,E,8,9,E,8,-0.9,E,8,-1.2,E,8,98,E,8,986,E,8,261,E,8,1.7,E,8,-9990,0,0,-9990,0,0,0.855,E,8,0.085,E,8,0.23,E,8,0,-9990,0,0
01/25/2005,11:00,373,1409,85,3,10,0,3,20,85,3,10,9406,3,10,0,3,20,9406,3,10,-9990,0,0,10,E,8,9,E,8,0.1,E,8,-0.7,E,8,95,E,8,986,E,8,280,E,8,0.9,E,8,-9990,0,0,-9990,0,0,0.883,E,8,0.085,E,8,0.23,E,8,0,-9990,0,0
01/25/2005,12:00,487,1409,123,3,10,2,3,20,122,3,10,13657,3,10,60,3,20,13636,3,10,-9990,0,0,10,E,8,9,E,8,1.0,E,8,-0.1,E,8,92,E,8,986,E,8,287,E,8,1.2,E,8,-9990,0,0,-9990,0,0,0.921,E,8,0.085,E,8,0.23,E,8,0,-9990,0,0
01/25/2005,13:00,545,1409,137,3,10,2,3,20,136,3,10,15242,3,10,89,3,20,15207,3,10,-9990,0,0,10,E,8,9,E,8,1.7,E,8,0.0,E,8,88,E,8,986,E,8,223,E,8,0.7,E,8,-9990,0,0,-9990,0,0,0.930,E,8,0.085,E,8,0.23,E,8,0,-9990,0,0
01/25/2005,14:00,543,1409,144,3,10,6,3,20,141,3,10,15887,3,10,501,3,20,15694,3,10,-9990,0,0,10,E,8,9,E,8,2.2,E,8,0.0,E,8,85,E,8,986,E,8,281,E,8,1.0,E,8,-9990,0,0,-9990,0,0,0.929,E,8,0.085,E,8,0.23,E,8,0,-9990,0,0
01/25/2005,15:00,480,1409,126,3,10,4,3,20,125,3,10,13841,3,10,215,3,20,13768,3,10,-9990,0,0,10,E,8,9,E,8,2.4,E,8,-0.6,E,8,81,E,8,986,E,8,253,E,8,0.8,E,8,-9990,0,0,-9990,0,0,0.893,E,8,0.085,E,8,0.23,E,8,0,-9990,0,0
01/25/2005,16:00,362,1409,90,3,10,0,3,20,90,3,10,9711,3,10,0,3,20,9711,3,10,-9990,0,0,10,E,8,9,E,8,2.3,E,8,0.1,E,8,85,E,8,986,E,8,240,E,8,0.8,E,8,-9990,0,0,-9990,0,0,0.937,E,8,0.085,E,8,0.22,E,8,0,-9990,0,0
01/25/2005,17:00,195,1409,39,3,10,0,3,20,39,3,10,4371,3,10,0,3,20,4371,3,10,-9990,0,0,10,E,8,9,E,8,1.7,E,8,1.2,E,8,96,E,8,985,E,8,239,E,8,1.3,E,8,-9990,0,0,-9990,0,0,1.010,E,8,0.085,E,8,0.22,E,8,0,-9990,0,0
01/25/2005,18:00,22,315,1,3,10,0,3,20,1,3,10,0,3,10,0,3,20,0,3,10,-9990,0,0,10,E,8,9,E,8,0.9,E,8,0.9,E,8,100,E,8,985,E,8,264,E,8,1.3,E,8,-9990,0,0,-9990,0,0,0.989,E,8,0.085,E,8,0.22,E,8,0,-9990,0,0
01/25/2005,19:00,0,0,0,3,0,0,3,0,0,3,0,0,3,0,0,3,0,0,3,0,-9990,0,0,10,E,8,9,E,8,1.7,E,8,1.7,E,8,100,E,8,985,E,8,274,E,8,1.6,E,8,-9990,0,0,-9990,0,0,1.048,E,8,0.085,E,8,0.22,E,8,0,-9990,0,0
01/25/2005,20:00,0,0,0,3,0,0,3,0,0,3,0,0,3,0,0,3,0,0,3,0,-9990,0,0,10,E,8,9,E,8,2.6,E,8,2.6,E,8,100,E,8,985,E,8,284,E,8,1.1,E,8,-9990,0,0,-9990,0,0,1.111,E,8,0.085,E,8,0.21,E,8,0,-9990,0,0
01/25/2005,21:00,0,0,0,3,0,0,3,0,0,3,0,0,3,0,0,3,0,0,3,0,-9990,0,0,10,E,8,9,E,8,3.4,E,8,2.9,E,8,96,E,8,985,E,8,241,E,8,1.3,E,8,-9990,0,0,-9990,0,0,1.134,E,8,0.085,E,8,0.21,E,8,0,-9990,0,0
01/25/2005,22:00,0,0,0,3,0,0,3,0,0,3,0,0,3,0,0,3,0,0,3,0,-9990,0,0,10,E,8,9,E,8,4.2,E,8,3.4,E,8,95,E,8,985,E,8,283,E,8,1.2,E,8,-9990,0,0,-9990,0,0,1.181,E,8,0.085,E,8,0.20,E,8,0,-9990,0,0
01/25/2005,23:00,0,0,0,3,0,0,3,0,0,3,0,0,3,0,0,3,0,0,3,0,-9990,0,0,10,E,8,9,E,8,5.1,E,8,4.0,E,8,93,E,8,985,E,8,256,E,8,1.1,E,8,-9990,0,0,-9990,0,0,1.231,E,8,0.085,E,8,0.20,E,8,0,-9990,0,0
01/25/2005,24:00,0,0,0,3,0,0,3,0,0,3,0,0,3,0,0,3,0,0,3,0,-9990,0,0,10,E,8,9,E,8,5.9,E,8,5.1,E,8,94,E,8,984,E,8,255,E,8,1.3,E,8,-9990,0,0,-9990,0,0,1.323,E,8,0.085,E,8,0.20,E,8,0,-9990,0,0
01/26/2005,01:00,0,0,0,3,0,0,3,0,0,3,0,0,3,0,0,3,0,0,3,0,-9990,0,0,10,E,8,9,E,8,5.0,E,8,4.7,E,8,98,E,8,984,E,8,263,E,8,0.8,E,8,-9990,0,0,-9990,0,0,1.286,E,8,0.091,E,8,0.20,E,8,5,-9990,0,0
01/26/2005,02:00,0,0,0,3,0,0,3,0,0,3,0,0,3,0,0,3,0,0,3,0,-9990,0,0,10,E,8,9,E,8,5.8,E,8,5.5,E,8,98,E,8,984,E,8,236,E,8,0.9,E,8,-9990,0,0,-9990,0,0,1.364,E,8,0.091,E,8,0.20,E,8,3,-9990,0,0
01/26/2005,03:00,0,0,0,3,0,0,3,0,0,3,0,0,3,0,0,3,0,0,3,0,-9990,0,0,10,E,8,9,E,8,6.3,E,8,5.7,E,8,96,E,8,984,E,8,277,E,8,1.8,E,8,-9990,0,0,-9990,0,0,1.383,E,8,0.091,E,8,0.20,E,8,1,-9990,0,0
01/26/2005,04:00,0,0,0,3,0,0,3,0,0,3,0,0,3,0,0,3,0,0,3,0,-9990,0,0,10,E,8,9,E,8,6.5,E,8,5.4,E,8,93,E,8,984,E,8,223,E,8,2.1,E,8,-9990,0,0,-9990,0,0,1.358,E,8,0.091,E,8,0.20,E,8,0,-9990,0,0
01/26/2005,05:00,0,0,0,3,0,0,3,0,0,3,0,0,3,0,0,3,0,0,3,0,-9990,0,0,10,E,8,9,E,8,6.7,E,8,5.6,E,8,93,E,8,984,E,8,207,E,8,1.0,E,8,-9990,0,0,-9990,0,0,1.374,E,8,0.091,E,8,0.20,E,8,0,-9990,0,0
01/26/2005,06:00,0,0,0,3,0,0,3,0,0,3,0,0,3,0,0,3,0,0,3,0,-9990,0,0,10,E,8,9,E,8,6.8,E,8,6.3,E,8,97,E,8,984,E,8,263,E,8,0.8,E,8,-9990,0,0,-9990,0,0,1.445,E,8,0.091,E,8,0.20,E,8,0,-9990,0,0
01/26/2005,07:00,0,0,0,3,0,0,3,0,0,3,0,0,3,0,0,3,0,0,3,0,-9990,0,0,10,E,8,9,E,8,6.9,E,8,6.3,E,8,96,E,8,983,E,8,246,E,8,1.2,E,8,-9990,0,0,-9990,0,0,1.444,E,8,0.091,E,8,0.20,E,8,0,-9990,0,0
01/26/2005,08:00,0,0,0,3,0,0,3,0,0,3,0,0,3,0,0,3,0,0,3,0,-9990,0,0,10,E,8,9,E,8,7.0,E,8,5.7,E,8,92,E,8,983,E,8,246,E,8,1.2,E,8,-9990,0,0,-9990,0,0,1.386,E,8,0.091,E,8,0.20,E,8,0,-9990,0,0
01/26/2005,09:00,32,383,1,3,10,0,3,20,1,3,10,178,3,10,7,3,20,178,3,10,-9990,0,0,10,E,8,9,E,8,7.2,E,8,6.1,E,8,93,E,8,983,E,8,244,E,8,1.1,E,8,-9990,0,0,-9990,0,0,1.422,E,8,0.091,E,8,0.20,E,8,0,-9990,0,0
01/26/2005,10:00,214,1408,9,3,10,0,3,20,9,3,10,1126,3,10,4,3,20,1125,3,10,-9990,0,0,10,E,8,9,E,8,7.5,E,8,4.9,E,8,84,E,8,983,E,8,231,E,8,1.6,E,8,-9990,0,0,-9990,0,0,1.305,E,8,0.091,E,8,0.20,E,8,0,-9990,0,0
01/26/2005,11:00,377,1408,19,3,10,0,3,20,19,3,10,2324,3,10,0,3,20,2324,3,10,-9990,0,0,10,E,8,9,E,8,7.9,E,8,5.2,E,8,83,E,8,983,E,8,279,E,8,2.1,E,8,-9990,0,0,-9990,0,0,1.337,E,8,0.091,E,8,0.20,E,8,0,-9990,0,0
01/26/2005,12:00,492,1408,26,3,10,0,3,20,26,3,10,3278,3,10,0,3,20,3278,3,10,-9990,0,0,10,E,8,9,E,8,8.1,E,8,5.4,E,8,83,E,8,983,E,8,199,E,8,2.1,E,8,-9990,0,0,-9990,0,0,1.351,E,8,0.091,E,8,0.20,E,8,1,-9990,0,0
01/26/2005,13:00,551,1408,30,3,10,0,3,20,30,3,10,3783,3,10,0,3,20,3783,3,10,-9990,0,0,10,E,8,9,E,8,8.5,E,8,5.7,E,8,83,E,8,982,E,8,193,E,8,3.5,E,8,-9990,0,0,-9990,0,0,1.387,E,8,0.091,E,8,0.20,E,8,1,-9990,0,0
01/26/2005,14:00,549,1408,30,3,10,0,3,20,30,3,10,3759,3,10,0,3,20,3759,3,10,-9990,0,0,10,E,8,9,E,8,8.4,E,8,6.4,E,8,87,E,8,983,E,8,168,E,8,2.6,E,8,-9990,0,0,-9990,0,0,1.447,E,8,0.091,E,8,0.20,E,8,2,-9990,0,0
01/26/2005,15:00,486,1408,26,3,10,0,3,20,26,3,10,3223,3,10,0,3,20,3223,3,10,-9990,0,0,10,E,8,9,E,8,8.9,E,8,6.1,E,8,83,E,8,983,E,8,238,E,8,3.5,E,8,-9990,0,0,-9990,0,0,1.426,E,8,0.091,E,8,0.20,E,8,0,-9990,0,0
01/26/2005,16:00,367,1408,18,3,10,0,3,20,18,3,10,2229,3,10,0,3,20,2229,3,10,-9990,0,0,10,E,8,9,E,8,8.6,E,8,6.6,E,8,87,E,8,984,E,8,153,E,8,3.0,E,8,-9990,0,0,-9990,0,0,1.468,E,8,0.091,E,8,0.20,E,8,1,-9990,0,0
01/26/2005,17:00,201,1408,9,3,10,0,3,20,9,3,10,1076,3,10,5,3,20,1075,3,10,-9990,0,0,10,E,8,9,E,8,8.6,E,8,5.9,E,8,83,E,8,984,E,8,177,E,8,2.8,E,8,-9990,0,0,-9990,0,0,1.404,E,8,0.091,E,8,0.20,E,8,1,-9990,0,0
01/26/2005,18:00,24,334,1,3,10,0,3,20,1,3,10,0,3,10,0,3,20,0,3,10,-9990,0,0,9,E,8,8,E,8,8.6,E,8,6.7,E,8,88,E,8,985,E,8,225,E,8,4.1,E,8,-9990,0,0,-9990,0,0,1.481,E,8,0.091,E,8,0.20,E,8,0,-9990,0,0
01/26/2005,19:00,0,0,0,3,0,0,3,0,0,3,0,0,3,0,0,3,0,0,3,0,-9990,0,0,9,E,8,8,E,8,8.5,E,8,5.8,E,8,83,E,8,985,E,8,57,E,8,4.9,E,8,-9990,0,0,-9990,0,0,1.392,E,8,0.091,E,8,0.20,E,8,0,-9990,0,0
01/26/2005,20:00,0,0,0,3,0,0,3,0,0,3,0,0,3,0,0,3,0,0,3,0,-9990,0,0,8,E,8,7,E,8,8.4,E,8,5.8,E,8,83,E,8,985,E,8,89,E,8,4.1,E,8,-9990,0,0,-9990,0,0,1.389,E,8,0.091,E,8,0.20,E,8,0,-9990,0,0
01/26/2005,21:00,0,0,0,3,0,0,3,0,0,3,0,0,3,0,0,3,0,0,3,0,-9990,0,0,8,E,8,7,E,8,8.4,E,8,6.3,E,8,87,E,8,986,E,8,65,E,8,4.1,E,8,-9990,0,0,-9990,0,0,1.440,E,8,0.091,E,8,0.20,E,8,0,-9990,0,0
01/26/2005,22:00,0,0,0,3,0,0,3,0,0,3,0,0,3,0,0,3,0,0,3,0,-9990,0,0,6,E,8,6,E,8,8.3,E,8,5.8,E,8,84,E,8,986,E,8,114,E,8,3.7,E,8,-9990,0,0,-9990,0,0,1.389,E,8,0.091,E,8,0.20,E,8,0,-9990,0,0
01/26/2005,23:00,0,0,0,3,0,0,3,0,0,3,0,0,3,0,0,3,0,0,3,0,-9990,0,0,6,E,8,6,E,8,8.2,E,8,5.5,E,8,83,E,8,987,E,8,177,E,8,2.6,E,8,-9990,0,0,-9990,0,0,1.367,E,8,0.091,E,8,0.20,E,8,0,-9990,0,0
01/26/2005,24:00,0,0,0,3,0,0,3,0,0,3,0,0,3,0,0,3,0,0,3,0,-9990,0,0,6,E,8,6,E,8,8.2,E,8,5.5,E,8,83,E,8,987,E,8,237,E,8,3.3,E,8,-9990,0,0,-9990,0,0,1.361,E,8,0.091,E,8,0.20,E,8,0,-9990,0,0
01/27/2005,01:00,0,0,0,3,0,0,3,0,0,3,0,0,3,0,0,3,0,0,3,0,-9990,0,0,5,E,8,5,E,8,7.3,E,8,5.6,E,8,89,E,8,988,E,8,181,E,8,3.5,E,8,-9990,0,0,-9990,0,0,1.373,E,8,0.106,E,8,0.20,E,8,0,-9990,0,0
01/27/2005,02:00,0,0,0,3,0,0,3,0,0,3,0,0,3,0,0,3,0,0,3,0,-9990,0,0,5,E,8,5,E,8,6.3,E,8,5.4,E,8,94,E,8,988,E,8,180,E,8,4.4,E,8,-9990,0,0,-9990,0,0,1.354,E,8,0.106,E,8,0.20,E,8,0,-9990,0,0
01/27/2005,03:00,0,0,0,3,0,0,3,0,0,3,0,0,3,0,0,3,0,0,3,0,-9990,0,0,4,E,8,3,E,8,5.4,E,8,4.9,E,8,97,E,8,988,E,8,62,E,8,4.1,E,8,-9990,0,0,-9990,0,0,1.306,E,8,0.106,E,8,0.20,E,8,0,-9990,0,0
01/27/2005,04:00,0,0,0,3,0,0,3,0,0,3,0,0,3,0,0,3,0,0,3,0,-9990,0,0,4,E,8,3,E,8,4.9,E,8,4.7,E,8,99,E,8,989,E,8,101,E,8,5.3,E,8,-9990,0,0,-9990,0,0,1.291,E,8,0.106,E,8,0.20,E,8,0,-9990,0,0
01/27/2005,05:00,0,0,0,3,0,0,3,0,0,3,0,0,3,0,0,3,0,0,3,0,-9990,0,0,4,E,8,3,E,8,4.4,E,8,4.4,E,8,100,E,8,989,E,8,95,E,8,5.9,E,8,-9990,0,0,-9990,0,0,1.259,E,8,0.106,E,8,0.20,E,8,0,-9990,0,0
01/27/2005,06:00,0,0,0,3,0,0,3,0,0,3,0,0,3,0,0,3,0,0,3,0,-9990,0,0,3,E,8,2,E,8,3.8,E,8,3.8,E,8,100,E,8,990,E,8,21,E,8,6.4,E,8,-9990,0,0,-9990,0,0,1.214,E,8,0.106,E,8,0.20,E,8,0,-9990,0,0
01/27/2005,07:00,0,0,0,3,0,0,3,0,0,3,0,0,3,0,0,3,0,0,3,0,-9990,0,0,3,E,8,2,E,8,3.5,E,8,3.5,E,8,100,E,8,990,E,8,32,E,8,7.4,E,8,-9990,0,0,-9990,0,0,1.184,E,8,0.106,E,8,0.20,E,8,0,-9990,0,0
01/27/2005,08:00,0,0,0,3,0,0,3,0,0,3,0,0,3,0,0,3,0,0,3,0,-9990,0,0,1,E,8,1,E,8,3.1,E,8,3.1,E,8,100,E,8,991,E,8,350,E,8,7.4,E,8,-9990,0,0,-9990,0,0,1.155,E,8,0.106,E,8,0.20,E,8,0,-9990,0,0
01/27/2005,09:00,34,396,6,3,10,0,3,20,6,3,10,776,3,10,2,3,20,776,3,10,-9990,0,0,1,E,8,1,E,8,3.3,E,8,3.3,E,8,100,E,8,991,E,8,345,E,8,7.0,E,8,-9990,0,0,-9990,0,0,1.171,E,8,0.106,E,8,0.20,E,8,0,-9990,0,0
01/27/2005,10:00,218,1408,111,3,10,427,3,20,45,3,10,11240,3,10,29936,3,20,6607,3,10,-9990,0,0,0,E,8,0,E,8,5.5,E,8,5.3,E,8,99,E,8,991,E,8,38,E,8,8.4,E,8,-9990,0,0,-9990,0,0,1.342,E,8,0.106,E,8,0.20,E,8,0,-9990,0,0
01/27/2005,11:00,382,1408,215,3,10,554,3,20,65,3,10,22295,3,10,46451,3,20,9692,3,10,-9990,0,0,0,E,8,0,E,8,7.6,E,8,5.5,E,8,86,E,8,992,E,8,346,E,8,7.4,E,8,-9990,0,0,-9990,0,0,1.360,E,8,0.106,E,8,0.20,E,8,0,-9990,0,0
01/27/2005,12:00,497,1408,297,3,10,600,3,20,86,3,10,31003,3,10,52061,3,20,12613,3,10,-9990,0,0,0,E,8,0,E,8,9.5,E,8,5.7,E,8,77,E,8,992,E,8,333,E,8,7.0,E,8,-9990,0,0,-9990,0,0,1.383,E,8,0.106,E,8,0.20,E,8,0,-9990,0,0
01/27/2005,13:00,556,1408,348,3,10,634,3,20,97,3,10,36269,3,10,55959,3,20,14169,3,10,-9990,0,0,0,E,8,0,E,8,11.0,E,8,5.7,E,8,70,E,8,993,E,8,44,E,8,8.4,E,8,-9990,0,0,-9990,0,0,1.381,E,8,0.106,E,8,0.20,E,8,0,-9990,0,0
01/27/2005,14:00,554,1408,313,3,10,474,3,20,126,3,10,32672,3,10,38392,3,20,17562,3,10,-9990,0,0,3,E,8,2,E,8,11.8,E,8,5.1,E,8,64,E,8,993,E,8,337,E,8,9.6,E,8,-9990,0,0,-9990,0,0,1.328,E,8,0.106,E,8,0.20,E,8,0,-9990,0,0
01/27/2005,15:00,492,1408,242,3,10,293,3,20,140,3,10,25240,3,10,24155,3,20,16803,3,10,-9990,0,0,6,E,8,5,E,8,11.8,E,8,4.9,E,8,62,E,8,992,E,8,345,E,8,9.6,E,8,-9990,0,0,-9990,0,0,1.309,E,8,0.106,E,8,0.20,E,8,0,-9990,0,0
01/27/2005,16:00,373,1408,204,3,10,468,3,20,80,3,10,20877,3,10,37572,3,20,10920,3,10,-9990,0,0,0,E,8,0,E,8,11.6,E,8,4.3,E,8,61,E,8,992,E,8,359,E,8,7.8,E,8,-9990,0,0,-9990,0,0,1.255,E,8,0.106,E,8,0.20,E,8,0,-9990,0,0
01/27/2005,17:00,206,1408,108,3,10,346,3,20,57,3,10,11003,3,10,21847,3,20,7801,3,10,-9990,0,0,0,E,8,0,E,8,10.7,E,8,3.6,E,8,61,E,8,992,E,8,34,E,8,6.6,E,8,-9990,0,0,-9990,0,0,1.196,E,8,0.106,E,8,0.20,E,8,0,-9990,0,0
01/27/2005,18:00,27,352,3,3,10,0,3,20,3,3,10,0,3,10,0,3,20,0,3,10,-9990,0,0,1,E,8,1,E,8,9.2,E,8,2.8,E,8,64,E,8,992,E,8,14,E,8,10.1,E,8,-9990,0,0,-9990,0,0,1.129,E,8,0.106,E,8,0.20,E,8,0,-9990,0,0
01/27/2005,19:00,0,0,0,3,0,0,3,0,0,3,0,0,3,0,0,3,0,0,3,0,-9990,0,0,1,E,8,1,E,8,8.3,E,8,2.2,E,8,65,E,8,992,E,8,348,E,8,13.1,E,8,-9990,0,0,-9990,0,0,1.083,E,8,0.106,E,8,0.20,E,8,0,-9990,0,0
01/27/2005,20:00,0,0,0,3,0,0,3,0,0,3,0,0,3,0,0,3,0,0,3,0,-9990,0,0,3,E,8,2,E,8,7.4,E,8,1.9,E,8,68,E,8,992,E,8,348,E,8,8.4,E,8,-9990,0,0,-9990,0,0,1.063,E,8,0.106,E,8,0.20,E,8,0,-9990,0,0
01/27/2005,21:00,0,0,0,3,0,0,3,0,0,3,0,0,3,0,0,3,0,0,3,0,-9990,0,0,3,E,8,2,E,8,6.5,E,8,1.8,E,8,72,E,8,992,E,8,359,E,8,7.8,E,8,-9990,0,0,-9990,0,0,1.051,E,8,0.106,E,8,0.20,E,8,0,-9990,0,0
01/27/2005,22:00,0,0,0,3,0,0,3,0,0,3,0,0,3,0,0,3,0,0,3,0,-9990,0,0,3,E,8,2,E,8,5.6,E,8,1.0,E,8,72,E,8,991,E,8,55,E,8,6.6,E,8,-9990,0,0,-9990,0,0,0.993,E,8,0.106,E,8,0.20,E,8,0,-9990,0,0
01/27/2005,23:00,0,0,0,3,0,0,3,0,0,3,0,0,3,0,0,3,0,0,3,0,-9990,0,0,4,E,8,3,E,8,4.7,E,8,0.4,E,8,74,E,8,991,E,8,12,E,8,9.2,E,8,-9990,0,0,-9990,0,0,0.955,E,8,0.106,E,8,0.20,E,8,0,-9990,0,0
01/27/2005,24:00,0,0,0,3,0,0,3,0,0,3,0,0,3,0,0,3,0,0,3,0,-9990,0,0,4,E,8,3,E,8,3.8,E,8,-0.1,E,8,76,E,8,991,E,8,343,E,8,7.0,E,8,-9990,0,0,-9990,0,0,0.923,E,8,0.106,E,8,0.20,E,8,0,-9990,0,0
01/28/2005,01:00,0,0,0,3,0,0,3,0,0,3,0,0,3,0,0,3,0,0,3,0,-9990,0,0,5,E,8,5,E,8,3.1,E,8,0.1,E,8,80,E,8,991,E,8,23,E,8,8.4,E,8,-9990,0,0,-9990,0,0,0.932,E,8,0.098,E,8,0.20,E,8,0,-9990,0,0
01/28/2005,02:00,0,0,0,3,0,0,3,0,0,3,0,0,3,0,0,3,0,0,3,0,-9990,0,0,5,E,8,5,E,8,2.4,E,8,0.0,E,8,84,E,8,991,E,8,14,E,8,6.2,E,8,-9990,0,0,-9990,0,0,0.927,E,8,0.098,E,8,0.20,E,8,0,-9990,0,0
01/28/2005,03:00,0,0,0,3,0,0,3,0,0,3,0,0,3,0,0,3,0,0,3,0,-9990,0,0,5,E,8,5,E,8,1.7,E,8,-0.9,E,8,83,E,8,991,E,8,29,E,8,7.0,E,8,-9990,0,0,-9990,0,0,0.872,E,8,0.098,E,8,0.20,E,8,0,-9990,0,0
01/28/2005,04:00,0,0,0,3,0,0,3,0,0,3,0,0,3,0,0,3,0,0,3,0,-9990,0,0,6,E,8,6,E,8,1.3,E,8,0.0,E,8,91,E,8,991,E,8,22,E,8,6.6,E,8,-9990,0,0,-9990,0,0,0.926,E,8,0.098,E,8,0.20,E,8,0,-9990,0,0
01/28/2005,05:00,0,0,0,3,0,0,3,0,0,3,0,0,3,0,0,3,0,0,3,0,-9990,0,0,6,E,8,6,E,8,0.9,E,8,0.2,E,8,95,E,8,990,E,8,12,E,8,8.4,E,8,-9990,0,0,-9990,0,0,0.940,E,8,0.098,E,8,0.20,E,8,0,-9990,0,0
01/28/2005,06:00,0,0,0,3,0,0,3,0,0,3,0,0,3,0,0,3,0,0,3,0,-9990,0,0,8,E,8,7,E,8,0.5,E,8,-0.4,E,8,94,E,8,990,E,8,36,E,8,11.1,E,8,-9990,0,0,-9990,0,0,0.902,E,8,0.098,E,8,0.20,E,8,0,-9990,0,0
01/28/2005,07:00,0,0,0,3,0,0,3,0,0,3,0,0,3,0,0,3,0,0,3,0,-9990,0,0,8,E,8,7,E,8,0.2,E,8,-0.5,E,8,95,E,8,990,E,8,351,E,8,9.2,E,8,-9990,0,0,-9990,0,0,0.894,E,8,0.098,E,8,0.20,E,8,0,-9990,0,0
01/28/2005,08:00,0,0,0,3,0,0,3,0,0,3,0,0,3,0,0,3,0,0,3,0,-9990,0,0,8,E,8,7,E,8,-0.1,E,8,-0.7,E,8,96,E,8,990,E,8,343,E,8,8.4,E,8,-9990,0,0,-9990,0,0,0.886,E,8,0.098,E,8,0.20,E,8,0,-9990,0,0
01/28/2005,09:00,36,409,2,3,10,0,3,20,2,3,10,228,3,10,7,3,20,227,3,10,-9990,0,0,9,E,8,8,E,8,-0.1,E,8,-0.8,E,8,95,E,8,990,E,8,326,E,8,8.4,E,8,-9990,0,0,-9990,0,0,0.876,E,8,0.098,E,8,0.20,E,8,0,-9990,0,0
01/28/2005,10:00,222,1408,59,3,10,56,3,20,50,3,10,6359,3,10,3141,3,20,5862,3,10,-9990,0,0,9,E,8,8,E,8,1.1,E,8,-0.5,E,8,89,E,8,990,E,8,9,E,8,7.0,E,8,-9990,0,0,-9990,0,0,0.899,E,8,0.098,E,8,0.20,E,8,0,-9990,0,0
01/28/2005,11:00,387,1408,126,3,10,55,3,20,111,3,10,13895,3,10,4974,3,20,12528,3,10,-9990,0,0,10,E,8,9,E,8,2.4,E,8,0.4,E,8,86,E,8,990,E,8,5,E,8,5.1,E,8,-9990,0,0,-9990,0,0,0.953,E,8,0.098,E,8,0.20,E,8,0,-9990,0,0
01/28/2005,12:00,503,1408,123,3,10,0,3,20,123,3,10,13627,3,10,0,3,20,13627,3,10,-9990,0,0,10,E,8,9,E,8,3.0,E,8,-0.2,E,8,79,E,8,989,E,8,70,E,8,4.1,E,8,-9990,0,0,-9990,0,0,0.917,E,8,0.098,E,8,0.20,E,8,0,-9990,0,0
01/28/2005,13:00,562,1408,182,3,10,33,3,20,168,3,10,19991,3,10,2625,3,20,18944,3,10,-9990,0,0,10,E,8,9,E,8,3.9,E,8,-0.2,E,8,74,E,8,989,E,8,179,E,8,4.7,E,8,-9990,0,0,-9990,0,0,0.912,E,8,0.098,E,8,0.20,E,8,0,-9990,0,0
01/28/2005,14:00,560,1408,233,3,10,134,3,20,180,3,10,25025,3,10,11225,3,20,20560,3,10,-9990,0,0,9,E,8,8,E,8,4.8,E,8,0.6,E,8,74,E,8,989,E,8,140,E,8,3.7,E,8,-9990,0,0,-9990,0,0,0.967,E,8,0.098,E,8,0.20,E,8,0,-9990,0,0
01/28/2005,15:00,498,1408,243,3,10,263,3,20,150,3,10,25126,3,10,21173,3,20,17640,3,10,-9990,0,0,8,E,8,6,E,8,5.5,E,8,1.3,E,8,74,E,8,989,E,8,218,E,8,4.7,E,8,-9990,0,0,-9990,0,0,1.015,E,8,0.098,E,8,0.20,E,8,0,-9990,0,0
01/28/2005,16:00,379,1408,247,3,10,634,3,20,77,3,10,24825,3,10,52302,3,20,10739,3,10,-9990,0,0,0,E,8,0,E,8,6.0,E,8,1.3,E,8,71,E,8,989,E,8,148,E,8,4.4,E,8,-9990,0,0,-9990,0,0,1.015,E,8,0.098,E,8,0.20,E,8,0,-9990,0,0
01/28/2005,17:00,212,1408,119,3,10,485,3,20,46,3,10,12089,3,10,35195,3,20,6781,3,10,-9990,0,0,0,E,8,0,E,8,5.7,E,8,1.0,E,8,72,E,8,989,E,8,154,E,8,3.5,E,8,-9990,0,0,-9990,0,0,0.995,E,8,0.098,E,8,0.20,E,8,0,-9990,0,0
01/28/2005,18:00,30,371,13,3,10,0,3,20,13,3,10,0,3,10,0,3,20,0,3,10,-9990,0,0,1,E,8,1,E,8,4.6,E,8,1.9,E,8,83,E,8,989,E,8,243,E,8,2.6,E,8,-9990,0,0,-9990,0,0,1.063,E,8,0.098,E,8,0.20,E,8,0,-9990,0,0
01/28/2005,19:00,0,0,0,3,0,0,3,0,0,3,0,0,3,0,0,3,0,0,3,0,-9990,0,0,1,E,8,1,E,8,4.3,E,8,1.7,E,8,83,E,8,988,E,8,230,E,8,3.3,E,8,-9990,0,0,-9990,0,0,1.046,E,8,0.098,E,8,0.20,E,8,0,-9990,0,0
01/28/2005,20:00,0,0,0,3,0,0,3,0,0,3,0,0,3,0,0,3,0,0,3,0,-9990,0,0,3,E,8,2,E,8,4.0,E,8,1.1,E,8,81,E,8,988,E,8,228,E,8,4.9,E,8,-9990,0,0,-9990,0,0,1.001,E,8,0.098,E,8,0.20,E,8,0,-9990,0,0
01/28/2005,21:00,0,0,0,3,0,0,3,0,0,3,0,0,3,0,0,3,0,0,3,0,-9990,0,0,3,E,8,2,E,8,3.7,E,8,0.6,E,8,80,E,8,988,E,8,49,E,8,4.1,E,8,-9990,0,0,-9990,0,0,0.965,E,8,0.098,E,8,0.20,E,8,0,-9990,0,0
01/28/2005,22:00,0,0,0,3,0,0,3,0,0,3,0,0,3,0,0,3,0,0,3,0,-9990,0,0,4,E,8,3,E,8,3.4,E,8,0.2,E,8,80,E,8,988,E,8,159,E,8,2.6,E,8,-9990,0,0,-9990,0,0,0.941,E,8,0.098,E,8,0.20,E,8,0,-9990,0,0
01/28/2005,23:00,0,0,0,3,0,0,3,0,0,3,0,0,3,0,0,3,0,0,3,0,-9990,0,0,4,E,8,3,E,8,3.1,E,8,0.9,E,8,85,E,8,988,E,8,217,E,8,3.3,E,8,-9990,0,0,-9990,0,0,0.987,E,8,0.098,E,8,0.20,E,8,0,-9990,0,0
01/28/2005,24:00,0,0,0,3,0,0,3,0,0,3,0,0,3,0,0,3,0,0,3,0,-9990,0,0,5,E,8,5,E,8,2.8,E,8,1.4,E,8,91,E,8,988,E,8,222,E,8,2.6,E,8,-9990,0,0,-9990,0,0,1.024,E,8,0.098,E,8,0.20,E,8,0,-9990,0,0
01/29/2005,01:00,0,0,0,3,0,0,3,0,0,3,0,0,3,0,0,3,0,0,3,0,-9990,0,0,5,E,8,5,E,8,2.7,E,8,1.7,E,8,93,E,8,988,E,8,211,E,8,2.8,E,8,-9990,0,0,-9990,0,0,1.047,E,8,0.104,E,8,0.20,E,8,0,-9990,0,0
01/29/2005,02:00,0,0,0,3,0,0,3,0,0,3,0,0,3,0,0,3,0,0,3,0,-9990,0,0,5,E,8,5,E,8,2.7,E,8,1.1,E,8,89,E,8,987,E,8,231,E,8,3.9,E,8,-9990,0,0,-9990,0,0,1.001,E,8,0.104,E,8,0.20,E,8,0,-9990,0,0
01/29/2005,03:00,0,0,0,3,0,0,3,0,0,3,0,0,3,0,0,3,0,0,3,0,-9990,0,0,6,E,8,6,E,8,2.8,E,8,0.3,E,8,84,E,8,987,E,8,178,E,8,3.7,E,8,-9990,0,0,-9990,0,0,0.947,E,8,0.104,E,8,0.20,E,8,0,-9990,0,0
01/29/2005,04:00,0,0,0,3,0,0,3,0,0,3,0,0,3,0,0,3,0,0,3,0,-9990,0,0,6,E,8,6,E,8,2.8,E,8,0.1,E,8,82,E,8,987,E,8,176,E,8,4.7,E,8,-9990,0,0,-9990,0,0,0.933,E,8,0.104,E,8,0.20,E,8,0,-9990,0,0
01/29/2005,05:00,0,0,0,3,0,0,3,0,0,3,0,0,3,0,0,3,0,0,3,0,-9990,0,0,8,E,8,7,E,8,2.8,E,8,0.3,E,8,83,E,8,987,E,8,77,E,8,3.9,E,8,-9990,0,0,-9990,0,0,0.946,E,8,0.104,E,8,0.20,E,8,0,-9990,0,0
01/29/2005,06:00,0,0,0,3,0,0,3,0,0,3,0,0,3,0,0,3,0,0,3,0,-9990,0,0,8,E,8,7,E,8,2.9,E,8,0.4,E,8,84,E,8,987,E,8,171,E,8,3.3,E,8,-9990,0,0,-9990,0,0,0.955,E,8,0.104,E,8,0.20,E,8,0,-9990,0,0
01/29/2005,07:00,0,0,0,3,0,0,3,0,0,3,0,0,3,0,0,3,0,0,3,0,-9990,0,0,9,E,8,8,E,8,2.9,E,8,0.8,E,8,86,E,8,987,E,8,267,E,8,3.0,E,8,-9990,0,0,-9990,0,0,0.981,E,8,0.104,E,8,0.20,E,8,0,-9990,0,0
01/29/2005,08:00,0,0,0,3,0,0,3,0,0,3,0,0,3,0,0,3,0,0,3,0,-9990,0,0,9,E,8,8,E,8,3.0,E,8,0.6,E,8,84,E,8,987,E,8,232,E,8,3.9,E,8,-9990,0,0,-9990,0,0,0.965,E,8,0.104,E,8,0.20,E,8,0,-9990,0,0
01/29/2005,09:00,39,423,2,3,10,0,3,20,2,3,10,205,3,10,6,3,20,205,3,10,-9990,0,0,10,E,8,9,E,8,3.0,E,8,0.5,E,8,83,E,8,986,E,8,190,E,8,4.1,E,8,-9990,0,0,-9990,0,0,0.961,E,8,0.104,E,8,0.20,E,8,0,-9990,0,0
01/29/2005,10:00,227,1407,12,3,10,0,3,20,12,3,10,1456,3,10,0,3,20,1456,3,10,-9990,0,0,10,E,8,9,E,8,3.4,E,8,1.2,E,8,85,E,8,986,E,8,165,E,8,3.7,E,8,-9990,0,0,-9990,0,0,1.008,E,8,0.104,E,8,0.20,E,8,0,-9990,0,0
01/29/2005,11:00,392,1407,19,3,10,0,3,20,19,3,10,2345,3,10,0,3,20,2345,3,10,-9990,0,0,10,E,8,9,E,8,3.7,E,8,1.9,E,8,88,E,8,986,E,8,178,E,8,3.3,E,8,-9990,0,0,-9990,0,0,1.062,E,8,0.104,E,8,0.20,E,8,0,-9990,0,0
01/29/2005,12:00,508,1407,26,3,10,0,3,20,26,3,10,3291,3,10,0,3,20,3291,3,10,-9990,0,0,10,E,8,9,E,8,3.9,E,8,2.6,E,8,91,E,8,986,E,8,220,E,8,2.8,E,8,-9990,0,0,-9990,0,0,1.111,E,8,0.104,E,8,0.20,E,8,1,-9990,0,0
01/29/2005,13:00,567,1407,32,3,10,0,3,20,32,3,10,4038,3,10,0,3,20,4038,3,10,-9990,0,0,10,E,8,9,E,8,3.9,E,8,3.6,E,8,98,E,8,986,E,8,237,E,8,1.8,E,8,-9990,0,0,-9990,0,0,1.196,E,8,0.104,E,8,0.20,E,8,2,-9990,0,0
01/29/2005,14:00,566,1407,233,3,10,142,3,20,176,3,10,25140,3,10,11981,3,20,20323,3,10,-9990,0,0,9,E,8,8,E,8,6.2,E,8,4.2,E,8,87,E,8,986,E,8,260,E,8,2.2,E,8,-9990,0,0,-9990,0,0,1.242,E,8,0.104,E,8,0.20,E,8,0,-9990,0,0
01/29/2005,15:00,504,1407,204,3,10,101,3,20,168,3,10,22470,3,10,10141,3,20,18840,3,10,-9990,0,0,9,E,8,8,E,8,7.5,E,8,4.9,E,8,84,E,8,986,E,8,196,E,8,2.4,E,8,-9990,0,0,-9990,0,0,1.311,E,8,0.104,E,8,0.20,E,8,0,-9990,0,0
01/29/2005,16:00,385,1407,142,3,10,85,3,20,119,3,10,15578,3,10,8433,3,20,13270,3,10,-9990,0,0,9,E,8,8,E,8,8.0,E,8,4.3,E,8,77,E,8,986,E,8,198,E,8,1.9,E,8,-9990,0,0,-9990,0,0,1.251,E,8,0.104,E,8,0.20,E,8,0,-9990,0,0
01/29/2005,17:00,218,1407,64,3,10,32,3,20,59,3,10,7054,3,10,2346,3,20,6690,3,10,-9990,0,0,9,E,8,8,E,8,7.8,E,8,3.6,E,8,74,E,8,986,E,8,265,E,8,1.9,E,8,-9990,0,0,-9990,0,0,1.192,E,8,0.104,E,8,0.20,E,8,0,-9990,0,0
01/29/2005,18:00,33,389,1,3,10,0,3,20,1,3,10,0,3,10,0,3,20,0,3,10,-9990,0,0,9,E,8,8,E,8,7.1,E,8,3.7,E,8,79,E,8,987,E,8,267,E,8,3.3,E,8,-9990,0,0,-9990,0,0,1.203,E,8,0.104,E,8,0.20,E,8,0,-9990,0,0
01/29/2005,19:00,0,0,0,3,0,0,3,0,0,3,0,0,3,0,0,3,0,0,3,0,-9990,0,0,9,E,8,8,E,8,6.8,E,8,4.3,E,8,84,E,8,987,E,8,207,E,8,2.8,E,8,-9990,0,0,-9990,0,0,1.253,E,8,0.104,E,8,0.20,E,8,0,-9990,0,0
01/29/2005,20:00,0,0,0,3,0,0,3,0,0,3,0,0,3,0,0,3,0,0,3,0,-9990,0,0,9,E,8,8,E,8,6.5,E,8,4.1,E,8,85,E,8,987,E,8,239,E,8,2.6,E,8,-9990,0,0,-9990,0,0,1.240,E,8,0.104,E,8,0.20,E,8,0,-9990,0,0
01/29/2005,21:00,0,0,0,3,0,0,3,0,0,3,0,0,3,0,0,3,0,0,3,0,-9990,0,0,8,E,8,7,E,8,6.2,E,8,3.9,E,8,85,E,8,987,E,8,230,E,8,2.2,E,8,-9990,0,0,-9990,0,0,1.217,E,8,0.104,E,8,0.20,E,8,0,-9990,0,0
01/29/2005,22:00,0,0,0,3,0,0,3,0,0,3,0,0,3,0,0,3,0,0,3,0,-9990,0,0,8,E,8,7,E,8,5.9,E,8,3.2,E,8,83,E,8,987,E,8,195,E,8,2.4,E,8,-9990,0,0,-9990,0,0,1.163,E,8,0.104,E,8,0.20,E,8,0,-9990,0,0
01/29/2005,23:00,0,0,0,3,0,0,3,0,0,3,0,0,3,0,0,3,0,0,3,0,-9990,0,0,8,E,8,6,E,8,5.5,E,8,2.2,E,8,79,E,8,987,E,8,224,E,8,3.7,E,8,-9990,0,0,-9990,0,0,1.084,E,8,0.104,E,8,0.20,E,8,0,-9990,0,0
01/29/2005,24:00,0,0,0,3,0,0,3,0,0,3,0,0,3,0,0,3,0,0,3,0,-9990,0,0,8,E,8,6,E,8,5.2,E,8,2.0,E,8,79,E,8,987,E,8,164,E,8,5.1,E,8,-9990,0,0,-9990,0,0,1.065,E,8,0.104,E,8,0.20,E,8,0,-9990,0,0
01/30/2005,01:00,0,0,0,3,0,0,3,0,0,3,0,0,3,0,0,3,0,0,3,0,-9990,0,0,8,E,8,7,E,8,4.7,E,8,1.7,E,8,81,E,8,988,E,8,86,E,8,6.4,E,8,-9990,0,0,-9990,0,0,1.042,E,8,0.102,E,8,0.20,E,8,0,-9990,0,0
01/30/2005,02:00,0,0,0,3,0,0,3,0,0,3,0,0,3,0,0,3,0,0,3,0,-9990,0,0,6,E,8,6,E,8,4.1,E,8,2.0,E,8,86,E,8,988,E,8,3,E,8,6.2,E,8,-9990,0,0,-9990,0,0,1.066,E,8,0.102,E,8,0.20,E,8,0,-9990,0,0
01/30/2005,03:00,0,0,0,3,0,0,3,0,0,3,0,0,3,0,0,3,0,0,3,0,-9990,0,0,6,E,8,6,E,8,3.5,E,8,2.2,E,8,92,E,8,988,E,8,20,E,8,4.9,E,8,-9990,0,0,-9990,0,0,1.085,E,8,0.102,E,8,0.20,E,8,0,-9990,0,0
01/30/2005,04:00,0,0,0,3,0,0,3,0,0,3,0,0,3,0,0,3,0,0,3,0,-9990,0,0,6,E,8,6,E,8,3.2,E,8,1.8,E,8,91,E,8,988,E,8,71,E,8,5.3,E,8,-9990,0,0,-9990,0,0,1.056,E,8,0.102,E,8,0.20,E,8,0,-9990,0,0
01/30/2005,05:00,0,0,0,3,0,0,3,0,0,3,0,0,3,0,0,3,0,0,3,0,-9990,0,0,6,E,8,6,E,8,2.8,E,8,1.0,E,8,88,E,8,988,E,8,88,E,8,4.1,E,8,-9990,0,0,-9990,0,0,0.994,E,8,0.102,E,8,0.20,E,8,0,-9990,0,0
01/30/2005,06:00,0,0,0,3,0,0,3,0,0,3,0,0,3,0,0,3,0,0,3,0,-9990,0,0,6,E,8,6,E,8,2.5,E,8,1.5,E,8,93,E,8,988,E,8,102,E,8,2.6,E,8,-9990,0,0,-9990,0,0,1.029,E,8,0.102,E,8,0.20,E,8,0,-9990,0,0
01/30/2005,07:00,0,0,0,3,0,0,3,0,0,3,0,0,3,0,0,3,0,0,3,0,-9990,0,0,5,E,8,5,E,8,2.3,E,8,1.8,E,8,96,E,8,988,E,8,234,E,8,3.0,E,8,-9990,0,0,-9990,0,0,1.050,E,8,0.102,E,8,0.20,E,8,0,-9990,0,0
01/30/2005,08:00,0,0,0,3,0,0,3,0,0,3,0,0,3,0,0,3,0,0,3,0,-9990,0,0,5,E,8,5,E,8,2.1,E,8,2.1,E,8,100,E,8,989,E,8,230,E,8,2.4,E,8,-9990,0,0,-9990,0,0,1.071,E,8,0.102,E,8,0.20,E,8,0,-9990,0,0
01/30/2005,09:00,42,437,22,3,10,0,3,20,22,3,10,2456,3,10,0,3,20,2456,3,10,-9990,0,0,5,E,8,5,E,8,2.9,E,8,2.9,E,8,100,E,8,989,E,8,225,E,8,3.0,E,8,-9990,0,0,-9990,0,0,1.134,E,8,0.102,E,8,0.20,E,8,0,-9990,0,0
01/30/2005,10:00,232,1407,128,3,10,302,3,20,78,3,10,12873,3,10,22232,3,20,9208,3,10,-9990,0,0,5,E,8,5,E,8,4.9,E,8,3.3,E,8,90,E,8,989,E,8,224,E,8,2.4,E,8,-9990,0,0,-9990,0,0,1.167,E,8,0.102,E,8,0.20,E,8,0,-9990,0,0
01/30/2005,11:00,397,1407,192,3,10,313,3,20,104,3,10,20060,3,10,26506,3,20,12579,3,10,-9990,0,0,5,E,8,4,E,8,6.3,E,8,2.9,E,8,79,E,8,989,E,8,218,E,8,1.9,E,8,-9990,0,0,-9990,0,0,1.135,E,8,0.102,E,8,0.20,E,8,0,-9990,0,0
01/30/2005,12:00,513,1407,260,3,10,336,3,20,137,3,10,27323,3,10,29624,3,20,16512,3,10,-9990,0,0,5,E,8,4,E,8,7.7,E,8,3.3,E,8,74,E,8,989,E,8,234,E,8,1.2,E,8,-9990,0,0,-9990,0,0,1.172,E,8,0.102,E,8,0.20,E,8,0,-9990,0,0
01/30/2005,13:00,573,1407,293,3,10,306,3,20,168,3,10,30639,3,10,26110,3,20,20006,3,10,-9990,0,0,6,E,8,5,E,8,8.7,E,8,4.2,E,8,73,E,8,989,E,8,244,E,8,0.9,E,8,-9990,0,0,-9990,0,0,1.246,E,8,0.102,E,8,0.20,E,8,0,-9990,0,0
01/30/2005,14:00,572,1407,215,3,10,86,3,20,180,3,10,23711,3,10,8446,3,20,20278,3,10,-9990,0,0,10,E,8,9,E,8,8.9,E,8,4.1,E,8,71,E,8,989,E,8,250,E,8,1.6,E,8,-9990,0,0,-9990,0,0,1.232,E,8,0.102,E,8,0.20,E,8,0,-9990,0,0
01/30/2005,15:00,510,1407,180,3,10,68,3,20,155,3,10,19758,3,10,6510,3,20,17400,3,10,-9990,0,0,10,E,8,9,E,8,8.8,E,8,3.4,E,8,69,E,8,989,E,8,267,E,8,1.4,E,8,-9990,0,0,-9990,0,0,1.177,E,8,0.102,E,8,0.20,E,8,0,-9990,0,0
01/30/2005,16:00,391,1407,63,3,10,0,3,20,63,3,10,7052,3,10,0,3,20,7052,3,10,-9990,0,0,10,E,8,9,E,8,7.8,E,8,3.2,E,8,73,E,8,989,E,8,246,E,8,1.1,E,8,-9990,0,0,-9990,0,0,1.161,E,8,0.102,E,8,0.20,E,8,0,-9990,0,0
01/30/2005,17:00,224,1407,21,3,10,0,3,20,21,3,10,2523,3,10,0,3,20,2523,3,10,-9990,0,0,10,E,8,9,E,8,6.6,E,8,3.1,E,8,78,E,8,989,E,8,281,E,8,1.2,E,8,-9990,0,0,-9990,0,0,1.151,E,8,0.102,E,8,0.20,E,8,0,-9990,0,0
01/30/2005,18:00,37,408,2,3,10,0,3,20,2,3,10,0,3,10,0,3,20,0,3,10,-9990,0,0,10,E,8,9,E,8,5.6,E,8,3.0,E,8,83,E,8,989,E,8,269,E,8,1.7,E,8,-9990,0,0,-9990,0,0,1.142,E,8,0.102,E,8,0.20,E,8,0,-9990,0,0
01/30/2005,19:00,0,0,0,3,0,0,3,0,0,3,0,0,3,0,0,3,0,0,3,0,-9990,0,0,10,E,8,9,E,8,5.5,E,8,3.5,E,8,87,E,8,989,E,8,239,E,8,1.9,E,8,-9990,0,0,-9990,0,0,1.186,E,8,0.102,E,8,0.20,E,8,0,-9990,0,0
01/30/2005,20:00,0,0,0,3,0,0,3,0,0,3,0,0,3,0,0,3,0,0,3,0,-9990,0,0,10,E,8,9,E,8,5.5,E,8,3.6,E,8,88,E,8,989,E,8,256,E,8,3.5,E,8,-9990,0,0,-9990,0,0,1.198,E,8,0.102,E,8,0.20,E,8,0,-9990,0,0
01/30/2005,21:00,0,0,0,3,0,0,3,0,0,3,0,0,3,0,0,3,0,0,3,0,-9990,0,0,10,E,8,9,E,8,5.4,E,8,3.1,E,8,85,E,8,989,E,8,189,E,8,2.2,E,8,-9990,0,0,-9990,0,0,1.156,E,8,0.102,E,8,0.20,E,8,0,-9990,0,0
01/30/2005,22:00,0,0,0,3,0,0,3,0,0,3,0,0,3,0,0,3,0,0,3,0,-9990,0,0,10,E,8,9,E,8,5.3,E,8,3.8,E,8,90,E,8,989,E,8,192,E,8,3.3,E,8,-9990,0,0,-9990,0,0,1.210,E,8,0.102,E,8,0.20,E,8,0,-9990,0,0
01/30/2005,23:00,0,0,0,3,0,0,3,0,0,3,0,0,3,0,0,3,0,0,3,0,-9990,0,0,10,E,8,9,E,8,5.3,E,8,3.9,E,8,91,E,8,988,E,8,186,E,8,3.7,E,8,-9990,0,0,-9990,0,0,1.216,E,8,0.102,E,8,0.20,E,8,0,-9990,0,0
01/30/2005,24:00,0,0,0,3,0,0,3,0,0,3,0,0,3,0,0,3,0,0,3,0,-9990,0,0,10,E,8,9,E,8,5.2,E,8,3.2,E,8,87,E,8,988,E,8,119,E,8,3.0,E,8,-9990,0,0,-9990,0,0,1.163,E,8,0.102,E,8,0.20,E,8,0,-9990,0,0
01/31/2005,01:00,0,0,0,3,0,0,3,0,0,3,0,0,3,0,0,3,0,0,3,0,-9990,0,0,10,E,8,9,E,8,5.3,E,8,2.8,E,8,84,E,8,988,E,8,250,E,8,4.4,E,8,-9990,0,0,-9990,0,0,1.130,E,8,0.107,E,8,0.20,E,8,0,-9990,0,0
01/31/2005,02:00,0,0,0,3,0,0,3,0,0,3,0,0,3,0,0,3,0,0,3,0,-9990,0,0,10,E,8,9,E,8,5.5,E,8,3.7,E,8,88,E,8,988,E,8,46,E,8,4.1,E,8,-9990,0,0,-9990,0,0,1.202,E,8,0.107,E,8,0.20,E,8,0,-9990,0,0
01/31/2005,03:00,0,0,0,3,0,0,3,0,0,3,0,0,3,0,0,3,0,0,3,0,-9990,0,0,10,E,8,9,E,8,5.7,E,8,3.3,E,8,85,E,8,988,E,8,133,E,8,4.7,E,8,-9990,0,0,-9990,0,0,1.172,E,8,0.107,E,8,0.20,E,8,0,-9990,0,0
01/31/2005,04:00,0,0,0,3,0,0,3,0,0,3,0,0,3,0,0,3,0,0,3,0,-9990,0,0,10,E,8,9,E,8,5.7,E,8,3.7,E,8,87,E,8,988,E,8,65,E,8,3.0,E,8,-9990,0,0,-9990,0,0,1.201,E,8,0.107,E,8,0.20,E,8,0,-9990,0,0
01/31/2005,05:00,0,0,0,3,0,0,3,0,0,3,0,0,3,0,0,3,0,0,3,0,-9990,0,0,10,E,8,9,E,8,5.9,E,8,4.1,E,8,88,E,8,988,E,8,261,E,8,3.5,E,8,-9990,0,0,-9990,0,0,1.234,E,8,0.107,E,8,0.20,E,8,0,-9990,0,0
01/31/2005,06:00,0,0,0,3,0,0,3,0,0,3,0,0,3,0,0,3,0,0,3,0,-9990,0,0,10,E,8,9,E,8,6.1,E,8,4.9,E,8,92,E,8,988,E,8,186,E,8,2.8,E,8,-9990,0,0,-9990,0,0,1.311,E,8,0.107,E,8,0.20,E,8,0,-9990,0,0
01/31/2005,07:00,0,0,0,3,0,0,3,0,0,3,0,0,3,0,0,3,0,0,3,0,-9990,0,0,10,E,8,9,E,8,6.2,E,8,5.6,E,8,96,E,8,988,E,8,237,E,8,2.2,E,8,-9990,0,0,-9990,0,0,1.369,E,8,0.107,E,8,0.20,E,8,0,-9990,0,0
01/31/2005,08:00,0,0,0,3,0,0,3,0,0,3,0,0,3,0,0,3,0,0,3,0,-9990,0,0,10,E,8,9,E,8,6.3,E,8,5.8,E,8,97,E,8,988,E,8,188,E,8,2.4,E,8,-9990,0,0,-9990,0,0,1.390,E,8,0.107,E,8,0.20,E,8,0,-9990,0,0
01/31/2005,09:00,45,451,2,3,10,0,3,20,2,3,10,236,3,10,6,3,20,236,3,10,-9990,0,0,10,E,8,9,E,8,6.4,E,8,6.2,E,8,98,E,8,988,E,8,226,E,8,3.3,E,8,-9990,0,0,-9990,0,0,1.430,E,8,0.107,E,8,0.20,E,8,0,-9990,0,0
01/31/2005,10:00,237,1407,50,3,10,0,3,20,50,3,10,5452,3,10,0,3,20,5452,3,10,-9990,0,0,10,E,8,9,E,8,7.9,E,8,6.5,E,8,91,E,8,988,E,8,196,E,8,3.0,E,8,-9990,0,0,-9990,0,0,1.462,E,8,0.107,E,8,0.20,E,8,0,-9990,0,0
01/31/2005,11:00,402,1407,92,3,10,0,3,20,92,3,10,10138,3,10,0,3,20,10138,3,10,-9990,0,0,10,E,8,9,E,8,9.2,E,8,5.9,E,8,79,E,8,987,E,8,258,E,8,2.8,E,8,-9990,0,0,-9990,0,0,1.401,E,8,0.107,E,8,0.20,E,8,0,-9990,0,0
01/31/2005,12:00,519,1407,134,3,10,3,3,20,133,3,10,14763,3,10,206,3,20,14687,3,10,-9990,0,0,10,E,8,9,E,8,10.5,E,8,5.4,E,8,70,E,8,987,E,8,240,E,8,2.4,E,8,-9990,0,0,-9990,0,0,1.355,E,8,0.107,E,8,0.20,E,8,0,-9990,0,0
01/31/2005,13:00,579,1407,167,3,10,12,3,20,162,3,10,18276,3,10,1078,3,20,17832,3,10,-9990,0,0,10,E,8,9,E,8,11.7,E,8,5.7,E,8,66,E,8,987,E,8,202,E,8,1.4,E,8,-9990,0,0,-9990,0,0,1.383,E,8,0.107,E,8,0.20,E,8,0,-9990,0,0
01/31/2005,14:00,578,1407,171,3,10,17,3,20,164,3,10,18641,3,10,1644,3,20,17966,3,10,-9990,0,0,10,E,8,9,E,8,12.6,E,8,6.1,E,8,64,E,8,988,E,8,249,E,8,0.7,E,8,-9990,0,0,-9990,0,0,1.418,E,8,0.107,E,8,0.20,E,8,0,-9990,0,0
01/31/2005,15:00,516,1407,156,3,10,17,3,20,150,3,10,16846,3,10,1655,3,20,16239,3,10,-9990,0,0,10,E,8,9,E,8,13.1,E,8,5.9,E,8,62,E,8,988,E,8,281,E,8,0.9,E,8,-9990,0,0,-9990,0,0,1.405,E,8,0.107,E,8,0.20,E,8,0,-9990,0,0
01/31/2005,16:00,397,1407,123,3,10,20,3,20,117,3,10,12966,3,10,1921,3,20,12423,3,10,-9990,0,0,10,E,8,9,E,8,13.2,E,8,6.1,E,8,62,E,8,988,E,8,239,E,8,0.8,E,8,-9990,0,0,-9990,0,0,1.425,E,8,0.107,E,8,0.20,E,8,0,-9990,0,0
01/31/2005,17:00,230,1407,59,3,10,32,3,20,54,3,10,6522,3,10,2374,3,20,6133,3,10,-9990,0,0,10,E,8,9,E,8,12.7,E,8,5.5,E,8,61,E,8,988,E,8,261,E,8,1.3,E,8,-9990,0,0,-9990,0,0,1.360,E,8,0.107,E,8,0.20,E,8,0,-9990,0,0
01/31/2005,18:00,40,427,4,3,10,0,3,20,4,3,10,0,3,10,0,3,20,0,3,10,-9990,0,0,10,E,8,9,E,8,11.8,E,8,5.0,E,8,63,E,8,988,E,8,260,E,8,1.9,E,8,-9990,0,0,-9990,0,0,1.321,E,8,0.107,E,8,0.20,E,8,0,-9990,0,0
01/31/2005,19:00,0,0,0,3,0,0,3,0,0,3,0,0,3,0,0,3,0,0,3,0,-9990,0,0,10,E,8,9,E,8,11.5,E,8,4.9,E,8,64,E,8,989,E,8,232,E,8,2.4,E,8,-9990,0,0,-9990,0,0,1.311,E,8,0.107,E,8,0.20,E,8,0,-9990,0,0
01/31/2005,20:00,0,0,0,3,0,0,3,0,0,3,0,0,3,0,0,3,0,0,3,0,-9990,0,0,10,E,8,9,E,8,11.1,E,8,4.1,E,8,62,E,8,989,E,8,230,E,8,3.3,E,8,-9990,0,0,-9990,0,0,1.239,E,8,0.107,E,8,0.20,E,8,0,-9990,0,0
01/31/2005,21:00,0,0,0,3,0,0,3,0,0,3,0,0,3,0,0,3,0,0,3,0,-9990,0,0,10,E,8,9,E,8,10.8,E,8,3.6,E,8,61,E,8,989,E,8,172,E,8,3.0,E,8,-9990,0,0,-9990,0,0,1.192,E,8,0.107,E,8,0.20,E,8,0,-9990,0,0
01/31/2005,22:00,0,0,0,3,0,0,3,0,0,3,0,0,3,0,0,3,0,0,3,0,-9990,0,0,10,E,8,9,E,8,10.4,E,8,4.0,E,8,64,E,8,989,E,8,225,E,8,1.7,E,8,-9990,0,0,-9990,0,0,1.224,E,8,0.107,E,8,0.20,E,8,0,-9990,0,0
01/31/2005,23:00,0,0,0,3,0,0,3,0,0,3,0,0,3,0,0,3,0,0,3,0,-9990,0,0,10,E,8,9,E,8,10.1,E,8,4.2,E,8,67,E,8,989,E,8,263,E,8,1.8,E,8,-9990,0,0,-9990,0,0,1.247,E,8,0.107,E,8,0.20,E,8,0,-9990,0,0
01/31/2005,24:00,0,0,0,3,0,0,3,0,0,3,0,0,3,0,0,3,0,0,3,0,-9990,0,0,10,E,8,9,E,8,9.7,E,8,4.8,E,8,71,E,8,990,E,8,250,E,8,1.4,E,8,-9990,0,0,-9990,0,0,1.300,E,8,0.107,E,8,0.20,E,8,0,-9990,0,0
02/01/2005,01:00,0,0,0,3,0,0,3,0,0,3,0,0,3,0,0,3,0,0,3,0,-9990,0,0,6,E,8,5,E,8,9.1,E,8,4.9,E,8,75,E,8,989,E,8,156,E,8,2.0,E,8,-9990,0,0,-9990,0,0,1.312,E,8,0.168,E,8,0.20,E,8,0,-9990,0,0
02/01/2005,02:00,0,0,0,3,0,0,3,0,0,3,0,0,3,0,0,3,0,0,3,0,-9990,0,0,6,E,8,5,E,8,8.5,E,8,4.8,E,8,77,E,8,989,E,8,93,E,8,0.5,E,8,-9990,0,0,-9990,0,0,1.296,E,8,0.168,E,8,0.20,E,8,0,-9990,0,0
02/01/2005,03:00,0,0,0,3,0,0,3,0,0,3,0,0,3,0,0,3,0,0,3,0,-9990,0,0,6,E,8,6,E,8,7.8,E,8,4.8,E,8,81,E,8,989,E,8,134,E,8,2.4,E,8,-9990,0,0,-9990,0,0,1.301,E,8,0.168,E,8,0.20,E,8,0,-9990,0,0
02/01/2005,04:00,0,0,0,3,0,0,3,0,0,3,0,0,3,0,0,3,0,0,3,0,-9990,0,0,6,E,8,6,E,8,7.5,E,8,5.0,E,8,84,E,8,990,E,8,110,E,8,2.0,E,8,-9990,0,0,-9990,0,0,1.315,E,8,0.168,E,8,0.20,E,8,0,-9990,0,0
02/01/2005,05:00,0,0,0,3,0,0,3,0,0,3,0,0,3,0,0,3,0,0,3,0,-9990,0,0,6,E,8,6,E,8,7.1,E,8,5.0,E,8,86,E,8,990,E,8,87,E,8,1.7,E,8,-9990,0,0,-9990,0,0,1.315,E,8,0.168,E,8,0.20,E,8,0,-9990,0,0
02/01/2005,06:00,0,0,0,3,0,0,3,0,0,3,0,0,3,0,0,3,0,0,3,0,-9990,0,0,6,E,8,6,E,8,6.8,E,8,4.8,E,8,87,E,8,990,E,8,118,E,8,3.4,E,8,-9990,0,0,-9990,0,0,1.303,E,8,0.168,E,8,0.20,E,8,0,-9990,0,0
02/01/2005,07:00,0,0,0,3,0,0,3,0,0,3,0,0,3,0,0,3,0,0,3,0,-9990,0,0,6,E,8,6,E,8,6.6,E,8,4.9,E,8,89,E,8,990,E,8,155,E,8,2.8,E,8,-9990,0,0,-9990,0,0,1.308,E,8,0.168,E,8,0.20,E,8,0,-9990,0,0
02/01/2005,08:00,0,0,0,3,0,0,3,0,0,3,0,0,3,0,0,3,0,0,3,0,-9990,0,0,6,E,8,6,E,8,6.3,E,8,5.6,E,8,95,E,8,990,E,8,191,E,8,2.4,E,8,-9990,0,0,-9990,0,0,1.370,E,8,0.168,E,8,0.20,E,8,0,-9990,0,0
02/01/2005,09:00,48,466,2,3,10,0,3,20,2,3,10,259,3,10,8,3,20,258,3,10,-9990,0,0,6,E,8,6,E,8,6.4,E,8,5.2,E,8,92,E,8,991,E,8,144,E,8,3.0,E,8,-9990,0,0,-9990,0,0,1.335,E,8,0.168,E,8,0.20,E,8,0,-9990,0,0
02/01/2005,10:00,242,1406,93,3,10,200,3,20,59,3,10,9948,3,10,14226,3,20,7501,3,10,-9990,0,0,6,E,8,6,E,8,7.7,E,8,5.5,E,8,86,E,8,991,E,8,108,E,8,1.4,E,8,-9990,0,0,-9990,0,0,1.366,E,8,0.168,E,8,0.20,E,8,0,-9990,0,0
02/01/2005,11:00,408,1406,212,3,10,394,3,20,98,3,10,22508,3,10,29051,3,20,14084,3,10,-9990,0,0,4,E,8,3,E,8,9.3,E,8,6.0,E,8,80,E,8,991,E,8,123,E,8,1.2,E,8,-9990,0,0,-9990,0,0,1.411,E,8,0.168,E,8,0.20,E,8,0,-9990,0,0
02/01/2005,12:00,525,1406,329,3,10,652,3,20,86,3,10,35044,3,10,59082,3,20,12998,3,10,-9990,0,0,0,E,8,0,E,8,10.9,E,8,5.5,E,8,69,E,8,991,E,8,95,E,8,2.0,E,8,-9990,0,0,-9990,0,0,1.366,E,8,0.168,E,8,0.20,E,8,0,-9990,0,0
02/01/2005,13:00,585,1406,375,3,10,670,3,20,96,3,10,39994,3,10,61581,3,20,14384,3,10,-9990,0,0,0,E,8,0,E,8,12.2,E,8,6.0,E,8,66,E,8,992,E,8,306,E,8,1.7,E,8,-9990,0,0,-9990,0,0,1.414,E,8,0.168,E,8,0.20,E,8,0,-9990,0,0
02/01/2005,14:00,584,1406,328,3,10,417,3,20,155,3,10,34688,3,10,30893,3,20,21860,3,10,-9990,0,0,5,E,8,4,E,8,12.7,E,8,6.1,E,8,64,E,8,991,E,8,70,E,8,1.7,E,8,-9990,0,0,-9990,0,0,1.419,E,8,0.168,E,8,0.20,E,8,0,-9990,0,0
02/01/2005,15:00,522,1406,253,3,10,267,3,20,154,3,10,27028,3,10,21803,3,20,18932,3,10,-9990,0,0,6,E,8,5,E,8,12.8,E,8,7.4,E,8,70,E,8,991,E,8,69,E,8,3.6,E,8,-9990,0,0,-9990,0,0,1.561,E,8,0.168,E,8,0.20,E,8,0,-9990,0,0
02/01/2005,16:00,404,1406,149,3,10,98,3,20,121,3,10,16295,3,10,6858,3,20,14327,3,10,-9990,0,0,9,E,8,8,E,8,12.3,E,8,7.3,E,8,71,E,8,991,E,8,140,E,8,3.4,E,8,-9990,0,0,-9990,0,0,1.545,E,8,0.168,E,8,0.20,E,8,0,-9990,0,0
02/01/2005,17:00,237,1406,68,3,10,34,3,20,62,3,10,7506,3,10,2338,3,20,7113,3,10,-9990,0,0,6,E,8,5,E,8,11.4,E,8,7.7,E,8,78,E,8,991,E,8,130,E,8,3.6,E,8,-9990,0,0,-9990,0,0,1.590,E,8,0.168,E,8,0.20,E,8,0,-9990,0,0
02/01/2005,18:00,44,446,11,3,10,0,3,20,11,3,10,1299,3,10,0,3,20,1299,3,10,-9990,0,0,6,E,8,5,E,8,10.4,E,8,7.1,E,8,80,E,8,991,E,8,142,E,8,4.6,E,8,-9990,0,0,-9990,0,0,1.522,E,8,0.168,E,8,0.20,E,8,0,-9990,0,0
02/01/2005,19:00,0,0,0,3,0,0,3,0,0,3,0,0,3,0,0,3,0,0,3,0,-9990,0,0,6,E,8,6,E,8,9.9,E,8,6.8,E,8,81,E,8,991,E,8,151,E,8,5.5,E,8,-9990,0,0,-9990,0,0,1.494,E,8,0.168,E,8,0.20,E,8,0,-9990,0,0
02/01/2005,20:00,0,0,0,3,0,0,3,0,0,3,0,0,3,0,0,3,0,0,3,0,-9990,0,0,6,E,8,6,E,8,9.5,E,8,6.6,E,8,82,E,8,991,E,8,147,E,8,4.6,E,8,-9990,0,0,-9990,0,0,1.473,E,8,0.168,E,8,0.20,E,8,0,-9990,0,0
02/01/2005,21:00,0,0,0,3,0,0,3,0,0,3,0,0,3,0,0,3,0,0,3,0,-9990,0,0,6,E,8,6,E,8,9.0,E,8,6.1,E,8,82,E,8,991,E,8,206,E,8,4.3,E,8,-9990,0,0,-9990,0,0,1.420,E,8,0.168,E,8,0.20,E,8,0,-9990,0,0
02/01/2005,22:00,0,0,0,3,0,0,3,0,0,3,0,0,3,0,0,3,0,0,3,0,-9990,0,0,6,E,8,5,E,8,8.5,E,8,5.1,E,8,79,E,8,990,E,8,262,E,8,4.8,E,8,-9990,0,0,-9990,0,0,1.330,E,8,0.168,E,8,0.20,E,8,0,-9990,0,0
02/01/2005,23:00,0,0,0,3,0,0,3,0,0,3,0,0,3,0,0,3,0,0,3,0,-9990,0,0,6,E,8,5,E,8,8.0,E,8,4.5,E,8,79,E,8,990,E,8,281,E,8,4.0,E,8,-9990,0,0,-9990,0,0,1.275,E,8,0.168,E,8,0.20,E,8,0,-9990,0,0
02/01/2005,24:00,0,0,0,3,0,0,3,0,0,3,0,0,3,0,0,3,0,0,3,0,-9990,0,0,6,E,8,5,E,8,7.5,E,8,4.0,E,8,78,E,8,990,E,8,315,E,8,3.8,E,8,-9990,0,0,-9990,0,0,1.228,E,8,0.168,E,8,0.20,E,8,0,-9990,0,0
02/02/2005,01:00,0,0,0,3,0,0,3,0,0,3,0,0,3,0,0,3,0,0,3,0,-9990,0,0,6,E,8,5,E,8,7.1,E,8,3.9,E,8,80,E,8,990,E,8,321,E,8,2.0,E,8,-9990,0,0,-9990,0,0,1.217,E,8,0.171,E,8,0.20,E,8,0,-9990,0,0
02/02/2005,02:00,0,0,0,3,0,0,3,0,0,3,0,0,3,0,0,3,0,0,3,0,-9990,0,0,6,E,8,5,E,8,6.8,E,8,3.0,E,8,77,E,8,990,E,8,251,E,8,1.2,E,8,-9990,0,0,-9990,0,0,1.147,E,8,0.171,E,8,0.20,E,8,0,-9990,0,0
02/02/2005,03:00,0,0,0,3,0,0,3,0,0,3,0,0,3,0,0,3,0,0,3,0,-9990,0,0,8,E,8,6,E,8,6.4,E,8,3.2,E,8,80,E,8,990,E,8,151,E,8,0.7,E,8,-9990,0,0,-9990,0,0,1.159,E,8,0.171,E,8,0.20,E,8,0,-9990,0,0
02/02/2005,04:00,0,0,0,3,0,0,3,0,0,3,0,0,3,0,0,3,0,0,3,0,-9990,0,0,8,E,8,7,E,8,6.2,E,8,3.7,E,8,84,E,8,990,E,8,153,E,8,2.6,E,8,-9990,0,0,-9990,0,0,1.206,E,8,0.171,E,8,0.20,E,8,0,-9990,0,0
02/02/2005,05:00,0,0,0,3,0,0,3,0,0,3,0,0,3,0,0,3,0,0,3,0,-9990,0,0,8,E,8,7,E,8,6.0,E,8,3.5,E,8,84,E,8,990,E,8,250,E,8,2.4,E,8,-9990,0,0,-9990,0,0,1.184,E,8,0.171,E,8,0.20,E,8,0,-9990,0,0
02/02/2005,06:00,0,0,0,3,0,0,3,0,0,3,0,0,3,0,0,3,0,0,3,0,-9990,0,0,8,E,8,7,E,8,5.8,E,8,3.1,E,8,83,E,8,990,E,8,264,E,8,2.6,E,8,-9990,0,0,-9990,0,0,1.156,E,8,0.171,E,8,0.20,E,8,0,-9990,0,0
02/02/2005,07:00,0,0,0,3,0,0,3,0,0,3,0,0,3,0,0,3,0,0,3,0,-9990,0,0,8,E,8,7,E,8,5.7,E,8,3.3,E,8,85,E,8,989,E,8,266,E,8,2.8,E,8,-9990,0,0,-9990,0,0,1.171,E,8,0.171,E,8,0.20,E,8,0,-9990,0,0
02/02/2005,08:00,0,0,0,3,0,0,3,0,0,3,0,0,3,0,0,3,0,0,3,0,-9990,0,0,8,E,8,7,E,8,5.6,E,8,2.9,E,8,83,E,8,989,E,8,162,E,8,4.3,E,8,-9990,0,0,-9990,0,0,1.137,E,8,0.171,E,8,0.20,E,8,0,-9990,0,0
02/02/2005,09:00,51,482,4,3,10,0,3,20,4,3,10,491,3,10,9,3,20,490,3,10,-9990,0,0,8,E,8,6,E,8,5.7,E,8,2.1,E,8,77,E,8,989,E,8,275,E,8,6.6,E,8,-9990,0,0,-9990,0,0,1.073,E,8,0.171,E,8,0.20,E,8,0,-9990,0,0
02/02/2005,10:00,247,1406,89,3,10,130,3,20,66,3,10,9453,3,10,6577,3,20,8297,3,10,-9990,0,0,8,E,8,6,E,8,7.1,E,8,3.0,E,8,75,E,8,989,E,8,295,E,8,5.1,E,8,-9990,0,0,-9990,0,0,1.142,E,8,0.171,E,8,0.20,E,8,0,-9990,0,0
02/02/2005,11:00,413,1406,161,3,10,105,3,20,130,3,10,17582,3,10,7845,3,20,15276,3,10,-9990,0,0,9,E,8,8,E,8,8.4,E,8,3.6,E,8,72,E,8,989,E,8,169,E,8,5.9,E,8,-9990,0,0,-9990,0,0,1.191,E,8,0.171,E,8,0.20,E,8,0,-9990,0,0
02/02/2005,12:00,531,1406,235,3,10,140,3,20,182,3,10,25568,3,10,11769,3,20,21127,3,10,-9990,0,0,9,E,8,8,E,8,9.6,E,8,3.6,E,8,66,E,8,989,E,8,244,E,8,5.5,E,8,-9990,0,0,-9990,0,0,1.189,E,8,0.171,E,8,0.20,E,8,0,-9990,0,0
02/02/2005,13:00,591,1406,273,3,10,153,3,20,208,3,10,29644,3,10,13244,3,20,24078,3,10,-9990,0,0,9,E,8,8,E,8,10.6,E,8,3.8,E,8,63,E,8,989,E,8,268,E,8,5.9,E,8,-9990,0,0,-9990,0,0,1.209,E,8,0.171,E,8,0.20,E,8,0,-9990,0,0
02/02/2005,14:00,590,1406,243,3,10,124,3,20,191,3,10,26611,3,10,10412,3,20,22240,3,10,-9990,0,0,9,E,8,8,E,8,11.1,E,8,4.0,E,8,62,E,8,989,E,8,322,E,8,5.9,E,8,-9990,0,0,-9990,0,0,1.229,E,8,0.171,E,8,0.20,E,8,0,-9990,0,0
02/02/2005,15:00,529,1406,166,3,10,29,3,20,155,3,10,18405,3,10,1979,3,20,17661,3,10,-9990,0,0,10,E,8,9,E,8,11.0,E,8,4.4,E,8,63,E,8,989,E,8,319,E,8,4.6,E,8,-9990,0,0,-9990,0,0,1.258,E,8,0.171,E,8,0.20,E,8,0,-9990,0,0
02/02/2005,16:00,410,1406,155,3,10,88,3,20,129,3,10,17076,3,10,8409,3,20,14623,3,10,-9990,0,0,9,E,8,8,E,8,10.9,E,8,4.2,E,8,63,E,8,989,E,8,312,E,8,6.9,E,8,-9990,0,0,-9990,0,0,1.244,E,8,0.171,E,8,0.20,E,8,0,-9990,0,0
02/02/2005,17:00,243,1406,79,3,10,74,3,20,66,3,10,8627,3,10,4460,3,20,7857,3,10,-9990,0,0,9,E,8,8,E,8,10.4,E,8,3.2,E,8,61,E,8,989,E,8,309,E,8,5.1,E,8,-9990,0,0,-9990,0,0,1.158,E,8,0.171,E,8,0.20,E,8,0,-9990,0,0
02/02/2005,18:00,48,466,2,3,10,0,3,20,2,3,10,281,3,10,8,3,20,280,3,10,-9990,0,0,9,E,8,8,E,8,9.5,E,8,3.0,E,8,64,E,8,989,E,8,303,E,8,3.0,E,8,-9990,0,0,-9990,0,0,1.145,E,8,0.171,E,8,0.20,E,8,0,-9990,0,0
02/02/2005,19:00,0,0,0,3,0,0,3,0,0,3,0,0,3,0,0,3,0,0,3,0,-9990,0,0,9,E,8,8,E,8,9.0,E,8,3.3,E,8,68,E,8,989,E,8,316,E,8,3.8,E,8,-9990,0,0,-9990,0,0,1.170,E,8,0.171,E,8,0.20,E,8,0,-9990,0,0
02/02/2005,20:00,0,0,0,3,0,0,3,0,0,3,0,0,3,0,0,3,0,0,3,0,-9990,0,0,9,E,8,8,E,8,8.4,E,8,3.1,E,8,69,E,8,989,E,8,291,E,8,4.3,E,8,-9990,0,0,-9990,0,0,1.149,E,8,0.171,E,8,0.20,E,8,0,-9990,0,0
02/02/2005,21:00,0,0,0,3,0,0,3,0,0,3,0,0,3,0,0,3,0,0,3,0,-9990,0,0,9,E,8,8,E,8,7.9,E,8,3.0,E,8,71,E,8,989,E,8,273,E,8,2.6,E,8,-9990,0,0,-9990,0,0,1.147,E,8,0.171,E,8,0.20,E,8,0,-9990,0,0
02/02/2005,22:00,0,0,0,3,0,0,3,0,0,3,0,0,3,0,0,3,0,0,3,0,-9990,0,0,9,E,8,8,E,8,7.4,E,8,2.1,E,8,69,E,8,989,E,8,307,E,8,2.0,E,8,-9990,0,0,-9990,0,0,1.074,E,8,0.171,E,8,0.20,E,8,0,-9990,0,0
02/02/2005,23:00,0,0,0,3,0,0,3,0,0,3,0,0,3,0,0,3,0,0,3,0,-9990,0,0,9,E,8,8,E,8,6.8,E,8,1.9,E,8,71,E,8,988,E,8,296,E,8,1.7,E,8,-9990,0,0,-9990,0,0,1.058,E,8,0.171,E,8,0.20,E,8,0,-9990,0,0
02/02/2005,24:00,0,0,0,3,0,0,3,0,0,3,0,0,3,0,0,3,0,0,3,0,-9990,0,0,9,E,8,8,E,8,6.3,E,8,1.8,E,8,73,E,8,988,E,8,221,E,8,0.4,E,8,-9990,0,0,-9990,0,0,1.052,E,8,0.171,E,8,0.20,E,8,0,-9990,0,0
02/03/2005,01:00,0,0,0,3,0,0,3,0,0,3,0,0,3,0,0,3,0,0,3,0,-9990,0,0,9,E,8,8,E,8,5.8,E,8,1.9,E,8,76,E,8,988,E,8,175,E,8,0.7,E,8,-9990,0,0,-9990,0,0,1.060,E,8,0.201,E,8,0.20,E,8,0,-9990,0,0
02/03/2005,02:00,0,0,0,3,0,0,3,0,0,3,0,0,3,0,0,3,0,0,3,0,-9990,0,0,9,E,8,8,E,8,5.3,E,8,1.7,E,8,78,E,8,988,E,8,157,E,8,0.4,E,8,-9990,0,0,-9990,0,0,1.049,E,8,0.201,E,8,0.20,E,8,0,-9990,0,0
02/03/2005,03:00,0,0,0,3,0,0,3,0,0,3,0,0,3,0,0,3,0,0,3,0,-9990,0,0,9,E,8,8,E,8,4.7,E,8,1.6,E,8,80,E,8,988,E,8,106,E,8,0.1,E,8,-9990,0,0,-9990,0,0,1.041,E,8,0.201,E,8,0.20,E,8,0,-9990,0,0
02/03/2005,04:00,0,0,0,3,0,0,3,0,0,3,0,0,3,0,0,3,0,0,3,0,-9990,0,0,9,E,8,8,E,8,4.5,E,8,1.1,E,8,78,E,8,988,E,8,348,E,8,0.1,E,8,-9990,0,0,-9990,0,0,0.999,E,8,0.201,E,8,0.20,E,8,0,-9990,0,0
02/03/2005,05:00,0,0,0,3,0,0,3,0,0,3,0,0,3,0,0,3,0,0,3,0,-9990,0,0,9,E,8,8,E,8,4.2,E,8,0.9,E,8,79,E,8,988,E,8,98,E,8,0.1,E,8,-9990,0,0,-9990,0,0,0.988,E,8,0.201,E,8,0.20,E,8,0,-9990,0,0
02/03/2005,06:00,0,0,0,3,0,0,3,0,0,3,0,0,3,0,0,3,0,0,3,0,-9990,0,0,9,E,8,8,E,8,3.9,E,8,0.8,E,8,80,E,8,988,E,8,119,E,8,0.2,E,8,-9990,0,0,-9990,0,0,0.982,E,8,0.201,E,8,0.20,E,8,0,-9990,0,0
02/03/2005,07:00,0,0,0,3,0,0,3,0,0,3,0,0,3,0,0,3,0,0,3,0,-9990,0,0,9,E,8,8,E,8,3.8,E,8,0.9,E,8,81,E,8,988,E,8,135,E,8,0.3,E,8,-9990,0,0,-9990,0,0,0.985,E,8,0.201,E,8,0.20,E,8,0,-9990,0,0
02/03/2005,08:00,0,0,0,3,0,0,3,0,0,3,0,0,3,0,0,3,0,0,3,0,-9990,0,0,9,E,8,8,E,8,3.6,E,8,0.8,E,8,82,E,8,988,E,8,133,E,8,0.4,E,8,-9990,0,0,-9990,0,0,0.982,E,8,0.201,E,8,0.20,E,8,0,-9990,0,0
02/03/2005,09:00,55,498,7,3,10,0,3,20,7,3,10,860,3,10,7,3,20,860,3,10,-9990,0,0,9,E,8,8,E,8,3.8,E,8,0.5,E,8,79,E,8,988,E,8,202,E,8,0.7,E,8,-9990,0,0,-9990,0,0,0.960,E,8,0.201,E,8,0.20,E,8,0,-9990,0,0
02/03/2005,10:00,252,1406,77,3,10,52,3,20,67,3,10,8436,3,10,4425,3,20,7641,3,10,-9990,0,0,9,E,8,8,E,8,4.8,E,8,1.3,E,8,78,E,8,988,E,8,149,E,8,1.2,E,8,-9990,0,0,-9990,0,0,1.015,E,8,0.201,E,8,0.20,E,8,0,-9990,0,0
02/03/2005,11:00,419,1406,143,3,10,47,3,20,129,3,10,15765,3,10,3863,3,20,14613,3,10,-9990,0,0,10,E,8,9,E,8,5.8,E,8,1.4,E,8,73,E,8,988,E,8,129,E,8,0.8,E,8,-9990,0,0,-9990,0,0,1.027,E,8,0.201,E,8,0.20,E,8,0,-9990,0,0
02/03/2005,12:00,537,1406,199,3,10,66,3,20,174,3,10,21923,3,10,6002,3,20,19632,3,10,-9990,0,0,10,E,8,9,E,8,6.8,E,8,2.0,E,8,71,E,8,988,E,8,103,E,8,0.5,E,8,-9990,0,0,-9990,0,0,1.065,E,8,0.201,E,8,0.20,E,8,0,-9990,0,0
02/03/2005,13:00,597,1406,227,3,10,68,3,20,198,3,10,25023,3,10,6332,3,20,22333,3,10,-9990,0,0,10,E,8,9,E,8,7.5,E,8,1.6,E,8,66,E,8,988,E,8,199,E,8,0.4,E,8,-9990,0,0,-9990,0,0,1.037,E,8,0.201,E,8,0.20,E,8,0,-9990,0,0
02/03/2005,14:00,597,1406,232,3,10,76,3,20,200,3,10,25585,3,10,7154,3,20,22549,3,10,-9990,0,0,10,E,8,9,E,8,8.0,E,8,1.3,E,8,62,E,8,988,E,8,184,E,8,0.7,E,8,-9990,0,0,-9990,0,0,1.013,E,8,0.201,E,8,0.20,E,8,0,-9990,0,0
02/03/2005,15:00,535,1406,210,3,10,85,3,20,178,3,10,23164,3,10,8183,3,20,20050,3,10,-9990,0,0,10,E,8,9,E,8,8.2,E,8,0.6,E,8,58,E,8,988,E,8,124,E,8,0.5,E,8,-9990,0,0,-9990,0,0,0.966,E,8,0.201,E,8,0.20,E,8,0,-9990,0,0
02/03/2005,16:00,416,1406,155,3,10,70,3,20,134,3,10,17035,3,10,6457,3,20,15123,3,10,-9990,0,0,10,E,8,9,E,8,8.2,E,8,0.9,E,8,60,E,8,988,E,8,127,E,8,1.1,E,8,-9990,0,0,-9990,0,0,0.987,E,8,0.201,E,8,0.20,E,8,0,-9990,0,0
02/03/2005,17:00,249,1406,82,3,10,83,3,20,67,3,10,8938,3,10,5637,3,20,7939,3,10,-9990,0,0,9,E,8,8,E,8,7.8,E,8,0.7,E,8,61,E,8,988,E,8,1,E,8,1.7,E,8,-9990,0,0,-9990,0,0,0.972,E,8,0.201,E,8,0.20,E,8,0,-9990,0,0
02/03/2005,18:00,52,485,2,3,10,0,3,20,2,3,10,276,3,10,8,3,20,276,3,10,-9990,0,0,9,E,8,8,E,8,7.0,E,8,-0.1,E,8,60,E,8,988,E,8,7,E,8,1.1,E,8,-9990,0,0,-9990,0,0,0.921,E,8,0.201,E,8,0.20,E,8,0,-9990,0,0
02/03/2005,19:00,0,0,0,3,0,0,3,0,0,3,0,0,3,0,0,3,0,0,3,0,-9990,0,0,9,E,8,8,E,8,6.2,E,8,-0.6,E,8,62,E,8,988,E,8,13,E,8,1.2,E,8,-9990,0,0,-9990,0,0,0.888,E,8,0.201,E,8,0.20,E,8,0,-9990,0,0
02/03/2005,20:00,0,0,0,3,0,0,3,0,0,3,0,0,3,0,0,3,0,0,3,0,-9990,0,0,9,E,8,8,E,8,5.4,E,8,-1.1,E,8,63,E,8,988,E,8,2,E,8,0.4,E,8,-9990,0,0,-9990,0,0,0.857,E,8,0.201,E,8,0.20,E,8,0,-9990,0,0
02/03/2005,21:00,0,0,0,3,0,0,3,0,0,3,0,0,3,0,0,3,0,0,3,0,-9990,0,0,9,E,8,8,E,8,4.5,E,8,-1.5,E,8,65,E,8,988,E,8,78,E,8,0.8,E,8,-9990,0,0,-9990,0,0,0.837,E,8,0.201,E,8,0.20,E,8,0,-9990,0,0
02/03/2005,22:00,0,0,0,3,0,0,3,0,0,3,0,0,3,0,0,3,0,0,3,0,-9990,0,0,9,E,8,8,E,8,3.7,E,8,-0.9,E,8,72,E,8,988,E,8,145,E,8,0.9,E,8,-9990,0,0,-9990,0,0,0.873,E,8,0.201,E,8,0.20,E,8,0,-9990,0,0
02/03/2005,23:00,0,0,0,3,0,0,3,0,0,3,0,0,3,0,0,3,0,0,3,0,-9990,0,0,9,E,8,8,E,8,2.9,E,8,-0.5,E,8,78,E,8,988,E,8,111,E,8,0.3,E,8,-9990,0,0,-9990,0,0,0.895,E,8,0.201,E,8,0.20,E,8,0,-9990,0,0
02/03/2005,24:00,0,0,0,3,0,0,3,0,0,3,0,0,3,0,0,3,0,0,3,0,-9990,0,0,9,E,8,8,E,8,2.1,E,8,-0.5,E,8,83,E,8,988,E,8,156,E,8,1.2,E,8,-9990,0,0,-9990,0,0,0.893,E,8,0.201,E,8,0.20,E,8,0,-9990,0,0
02/04/2005,01:00,0,0,0,3,0,0,3,0,0,3,0,0,3,0,0,3,0,0,3,0,-9990,0,0,9,E,8,8,E,8,1.3,E,8,-1.7,E,8,80,E,8,988,E,8,111,E,8,1.5,E,8,-9990,0,0,-9990,0,0,0.825,E,8,0.202,E,8,0.20,E,8,0,-9990,0,0
02/04/2005,02:00,0,0,0,3,0,0,3,0,0,3,0,0,3,0,0,3,0,0,3,0,-9990,0,0,9,E,8,8,E,8,0.4,E,8,-1.7,E,8,85,E,8,988,E,8,147,E,8,1.9,E,8,-9990,0,0,-9990,0,0,0.821,E,8,0.202,E,8,0.20,E,8,0,-9990,0,0
02/04/2005,03:00,0,0,0,3,0,0,3,0,0,3,0,0,3,0,0,3,0,0,3,0,-9990,0,0,9,E,8,8,E,8,-0.4,E,8,-2.7,E,8,84,E,8,988,E,8,85,E,8,1.9,E,8,-9990,0,0,-9990,0,0,0.767,E,8,0.202,E,8,0.20,E,8,0,-9990,0,0
02/04/2005,04:00,0,0,0,3,0,0,3,0,0,3,0,0,3,0,0,3,0,0,3,0,-9990,0,0,9,E,8,8,E,8,-0.9,E,8,-3.4,E,8,83,E,8,988,E,8,122,E,8,1.9,E,8,-9990,0,0,-9990,0,0,0.730,E,8,0.202,E,8,0.20,E,8,0,-9990,0,0
02/04/2005,05:00,0,0,0,3,0,0,3,0,0,3,0,0,3,0,0,3,0,0,3,0,-9990,0,0,9,E,8,8,E,8,-1.4,E,8,-3.3,E,8,86,E,8,988,E,8,131,E,8,3.0,E,8,-9990,0,0,-9990,0,0,0.734,E,8,0.202,E,8,0.20,E,8,0,-9990,0,0
02/04/2005,06:00,0,0,0,3,0,0,3,0,0,3,0,0,3,0,0,3,0,0,3,0,-9990,0,0,10,E,8,9,E,8,-1.9,E,8,-3.8,E,8,87,E,8,988,E,8,101,E,8,2.2,E,8,-9990,0,0,-9990,0,0,0.711,E,8,0.202,E,8,0.20,E,8,0,-9990,0,0
02/04/2005,07:00,0,0,0,3,0,0,3,0,0,3,0,0,3,0,0,3,0,0,3,0,-9990,0,0,10,E,8,9,E,8,-2.2,E,8,-4.3,E,8,86,E,8,988,E,8,4,E,8,2.0,E,8,-9990,0,0,-9990,0,0,0.686,E,8,0.202,E,8,0.20,E,8,0,-9990,0,0
02/04/2005,08:00,0,0,0,3,0,0,3,0,0,3,0,0,3,0,0,3,0,0,3,0,-9990,0,0,10,E,8,9,E,8,-2.6,E,8,-4.4,E,8,87,E,8,988,E,8,158,E,8,2.8,E,8,-9990,0,0,-9990,0,0,0.681,E,8,0.202,E,8,0.20,E,8,0,-9990,0,0
02/04/2005,09:00,58,514,2,3,10,0,3,20,2,3,10,323,3,10,8,3,20,322,3,10,-9990,0,0,10,E,8,9,E,8,-2.6,E,8,-4.7,E,8,85,E,8,988,E,8,143,E,8,2.6,E,8,-9990,0,0,-9990,0,0,0.666,E,8,0.202,E,8,0.20,E,8,0,-9990,0,0
02/04/2005,10:00,258,1405,76,3,10,42,3,20,68,3,10,8353,3,10,3373,3,20,7734,3,10,-9990,0,0,10,E,8,9,E,8,-1.8,E,8,-4.3,E,8,83,E,8,988,E,8,135,E,8,1.9,E,8,-9990,0,0,-9990,0,0,0.686,E,8,0.202,E,8,0.20,E,8,0,-9990,0,0
02/04/2005,11:00,425,1405,151,3,10,66,3,20,131,3,10,16625,3,10,6069,3,20,14791,3,10,-9990,0,0,10,E,8,9,E,8,-0.9,E,8,-4.3,E,8,78,E,8,988,E,8,249,E,8,1.7,E,8,-9990,0,0,-9990,0,0,0.687,E,8,0.202,E,8,0.20,E,8,0,-9990,0,0
02/04/2005,12:00,543,1405,257,3,10,187,3,20,185,3,10,27800,3,10,17325,3,20,21110,3,10,-9990,0,0,8,E,8,6,E,8,0.2,E,8,-4.0,E,8,73,E,8,988,E,8,326,E,8,4.6,E,8,-9990,0,0,-9990,0,0,0.700,E,8,0.202,E,8,0.20,E,8,0,-9990,0,0
02/04/2005,13:00,603,1405,299,3,10,291,3,20,174,3,10,31896,3,10,26632,3,20,20462,3,10,-9990,0,0,6,E,8,5,E,8,1.0,E,8,-3.7,E,8,71,E,8,988,E,8,322,E,8,3.6,E,8,-9990,0,0,-9990,0,0,0.717,E,8,0.202,E,8,0.20,E,8,0,-9990,0,0
02/04/2005,14:00,603,1405,233,3,10,94,3,20,193,3,10,25722,3,10,9184,3,20,21782,3,10,-9990,0,0,9,E,8,8,E,8,1.3,E,8,-3.1,E,8,73,E,8,988,E,8,243,E,8,3.8,E,8,-9990,0,0,-9990,0,0,0.748,E,8,0.202,E,8,0.20,E,8,0,-9990,0,0
02/04/2005,15:00,541,1405,222,3,10,102,3,20,183,3,10,24414,3,10,10012,3,20,20557,3,10,-9990,0,0,9,E,8,8,E,8,1.4,E,8,-3.5,E,8,70,E,8,988,E,8,110,E,8,3.4,E,8,-9990,0,0,-9990,0,0,0.725,E,8,0.202,E,8,0.20,E,8,0,-9990,0,0
02/04/2005,16:00,423,1405,158,3,10,82,3,20,133,3,10,17338,3,10,7832,3,20,14981,3,10,-9990,0,0,9,E,8,8,E,8,1.1,E,8,-3.3,E,8,72,E,8,988,E,8,141,E,8,2.2,E,8,-9990,0,0,-9990,0,0,0.735,E,8,0.202,E,8,0.20,E,8,0,-9990,0,0
02/04/2005,17:00,255,1405,68,3,10,15,3,20,65,3,10,7473,3,10,1563,3,20,7189,3,10,-9990,0,0,10,E,8,9,E,8,0.5,E,8,-2.8,E,8,78,E,8,988,E,8,102,E,8,2.8,E,8,-9990,0,0,-9990,0,0,0.763,E,8,0.202,E,8,0.20,E,8,0,-9990,0,0
02/04/2005,18:00,56,504,2,3,10,0,3,20,2,3,10,303,3,10,8,3,20,303,3,10,-9990,0,0,10,E,8,9,E,8,-0.3,E,8,-2.6,E,8,84,E,8,988,E,8,128,E,8,3.0,E,8,-9990,0,0,-9990,0,0,0.772,E,8,0.202,E,8,0.20,E,8,0,-9990,0,0
02/04/2005,19:00,0,0,0,3,0,0,3,0,0,3,0,0,3,0,0,3,0,0,3,0,-9990,0,0,10,E,8,9,E,8,-0.5,E,8,-2.8,E,8,84,E,8,988,E,8,118,E,8,1.7,E,8,-9990,0,0,-9990,0,0,0.761,E,8,0.202,E,8,0.20,E,8,0,-9990,0,0
02/04/2005,20:00,0,0,0,3,0,0,3,0,0,3,0,0,3,0,0,3,0,0,3,0,-9990,0,0,10,E,8,9,E,8,-0.7,E,8,-2.8,E,8,85,E,8,988,E,8,127,E,8,0.5,E,8,-9990,0,0,-9990,0,0,0.761,E,8,0.202,E,8,0.20,E,8,0,-9990,0,0
02/04/2005,21:00,0,0,0,3,0,0,3,0,0,3,0,0,3,0,0,3,0,0,3,0,-9990,0,0,10,E,8,9,E,8,-0.9,E,8,-2.5,E,8,89,E,8,988,E,8,104,E,8,1.1,E,8,-9990,0,0,-9990,0,0,0.776,E,8,0.202,E,8,0.20,E,8,0,-9990,0,0
02/04/2005,22:00,0,0,0,3,0,0,3,0,0,3,0,0,3,0,0,3,0,0,3,0,-9990,0,0,10,E,8,9,E,8,-1.1,E,8,-3.5,E,8,84,E,8,988,E,8,85,E,8,1.9,E,8,-9990,0,0,-9990,0,0,0.726,E,8,0.202,E,8,0.20,E,8,0,-9990,0,0
02/04/2005,23:00,0,0,0,3,0,0,3,0,0,3,0,0,3,0,0,3,0,0,3,0,-9990,0,0,10,E,8,9,E,8,-1.3,E,8,-3.1,E,8,88,E,8,988,E,8,350,E,8,1.7,E,8,-9990,0,0,-9990,0,0,0.748,E,8,0.202,E,8,0.20,E,8,0,-9990,0,0
02/04/2005,24:00,0,0,0,3,0,0,3,0,0,3,0,0,3,0,0,3,0,0,3,0,-9990,0,0,10,E,8,9,E,8,-1.5,E,8,-3.5,E,8,86,E,8,988,E,8,343,E,8,1.2,E,8,-9990,0,0,-9990,0,0,0.728,E,8,0.202,E,8,0.20,E,8,0,-9990,0,0
02/05/2005,01:00,0,0,0,3,0,0,3,0,0,3,0,0,3,0,0,3,0,0,3,0,-9990,0,0,10,E,8,9,E,8,-1.3,E,8,-3.2,E,8,87,E,8,988,E,8,347,E,8,1.1,E,8,-9990,0,0,-9990,0,0,0.744,E,8,0.178,E,8,0.20,E,8,0,-9990,0,0
02/05/2005,02:00,0,0,0,3,0,0,3,0,0,3,0,0,3,0,0,3,0,0,3,0,-9990,0,0,10,E,8,9,E,8,-1.0,E,8,-3.2,E,8,85,E,8,988,E,8,359,E,8,1.2,E,8,-9990,0,0,-9990,0,0,0.741,E,8,0.178,E,8,0.20,E,8,0,-9990,0,0
02/05/2005,03:00,0,0,0,3,0,0,3,0,0,3,0,0,3,0,0,3,0,0,3,0,-9990,0,0,10,E,8,9,E,8,-0.7,E,8,-2.8,E,8,86,E,8,988,E,8,8,E,8,3.0,E,8,-9990,0,0,-9990,0,0,0.762,E,8,0.178,E,8,0.20,E,8,0,-9990,0,0
02/05/2005,04:00,0,0,0,3,0,0,3,0,0,3,0,0,3,0,0,3,0,0,3,0,-9990,0,0,10,E,8,9,E,8,-0.5,E,8,-2.6,E,8,86,E,8,988,E,8,71,E,8,4.3,E,8,-9990,0,0,-9990,0,0,0.772,E,8,0.178,E,8,0.20,E,8,0,-9990,0,0
02/05/2005,05:00,0,0,0,3,0,0,3,0,0,3,0,0,3,0,0,3,0,0,3,0,-9990,0,0,9,E,8,8,E,8,-0.4,E,8,-2.1,E,8,88,E,8,988,E,8,0,E,8,3.8,E,8,-9990,0,0,-9990,0,0,0.801,E,8,0.178,E,8,0.20,E,8,0,-9990,0,0
02/05/2005,06:00,0,0,0,3,0,0,3,0,0,3,0,0,3,0,0,3,0,0,3,0,-9990,0,0,9,E,8,8,E,8,-0.2,E,8,-2.5,E,8,84,E,8,988,E,8,6,E,8,4.0,E,8,-9990,0,0,-9990,0,0,0.777,E,8,0.178,E,8,0.20,E,8,0,-9990,0,0
02/05/2005,07:00,0,0,0,3,0,0,3,0,0,3,0,0,3,0,0,3,0,0,3,0,-9990,0,0,9,E,8,8,E,8,0.0,E,8,-2.3,E,8,84,E,8,988,E,8,106,E,8,4.8,E,8,-9990,0,0,-9990,0,0,0.788,E,8,0.178,E,8,0.20,E,8,0,-9990,0,0
02/05/2005,08:00,0,0,0,3,0,0,3,0,0,3,0,0,3,0,0,3,0,0,3,0,-9990,0,0,9,E,8,8,E,8,0.2,E,8,-2.8,E,8,81,E,8,988,E,8,98,E,8,3.8,E,8,-9990,0,0,-9990,0,0,0.765,E,8,0.178,E,8,0.20,E,8,0,-9990,0,0
02/05/2005,09:00,62,530,8,3,10,0,3,20,8,3,10,1005,3,10,5,3,20,1005,3,10,-9990,0,0,9,E,8,8,E,8,0.6,E,8,-2.3,E,8,81,E,8,988,E,8,158,E,8,2.6,E,8,-9990,0,0,-9990,0,0,0.790,E,8,0.178,E,8,0.20,E,8,0,-9990,0,0
02/05/2005,10:00,263,1405,85,3,10,72,3,20,71,3,10,9231,3,10,4517,3,20,8384,3,10,-9990,0,0,9,E,8,8,E,8,2.3,E,8,-1.3,E,8,77,E,8,988,E,8,255,E,8,2.4,E,8,-9990,0,0,-9990,0,0,0.845,E,8,0.178,E,8,0.20,E,8,0,-9990,0,0
02/05/2005,11:00,431,1405,153,3,10,55,3,20,136,3,10,16790,3,10,4843,3,20,15306,3,10,-9990,0,0,10,E,8,9,E,8,3.8,E,8,-0.7,E,8,72,E,8,988,E,8,271,E,8,2.4,E,8,-9990,0,0,-9990,0,0,0.883,E,8,0.178,E,8,0.20,E,8,0,-9990,0,0
02/05/2005,12:00,549,1405,210,3,10,75,3,20,180,3,10,23121,3,10,7085,3,20,20354,3,10,-9990,0,0,10,E,8,9,E,8,5.2,E,8,-0.5,E,8,66,E,8,988,E,8,301,E,8,2.6,E,8,-9990,0,0,-9990,0,0,0.898,E,8,0.178,E,8,0.20,E,8,0,-9990,0,0
02/05/2005,13:00,610,1405,253,3,10,98,3,20,210,3,10,27847,3,10,9661,3,20,23655,3,10,-9990,0,0,10,E,8,9,E,8,6.5,E,8,-0.3,E,8,62,E,8,988,E,8,210,E,8,3.0,E,8,-9990,0,0,-9990,0,0,0.906,E,8,0.178,E,8,0.20,E,8,0,-9990,0,0
02/05/2005,14:00,609,1405,232,3,10,68,3,20,202,3,10,25568,3,10,6367,3,20,22806,3,10,-9990,0,0,10,E,8,9,E,8,7.2,E,8,0.2,E,8,61,E,8,988,E,8,303,E,8,3.8,E,8,-9990,0,0,-9990,0,0,0.939,E,8,0.178,E,8,0.20,E,8,0,-9990,0,0
02/05/2005,15:00,548,1405,193,3,10,55,3,20,172,3,10,21281,3,10,4819,3,20,19402,3,10,-9990,0,0,10,E,8,9,E,8,7.5,E,8,0.5,E,8,61,E,8,988,E,8,302,E,8,5.1,E,8,-9990,0,0,-9990,0,0,0.964,E,8,0.178,E,8,0.20,E,8,0,-9990,0,0
02/05/2005,16:00,429,1405,122,3,10,10,3,20,118,3,10,13472,3,10,951,3,20,13181,3,10,-9990,0,0,10,E,8,9,E,8,7.3,E,8,0.3,E,8,61,E,8,988,E,8,254,E,8,4.0,E,8,-9990,0,0,-9990,0,0,0.946,E,8,0.178,E,8,0.20,E,8,0,-9990,0,0
02/05/2005,17:00,262,1405,68,3,10,9,3,20,66,3,10,7464,3,10,893,3,20,7298,3,10,-9990,0,0,10,E,8,9,E,8,6.6,E,8,-0.3,E,8,61,E,8,988,E,8,157,E,8,2.8,E,8,-9990,0,0,-9990,0,0,0.906,E,8,0.178,E,8,0.20,E,8,0,-9990,0,0
02/05/2005,18:00,61,524,3,3,10,0,3,20,3,3,10,362,3,10,8,3,20,361,3,10,-9990,0,0,10,E,8,9,E,8,5.7,E,8,2.4,E,8,79,E,8,988,E,8,208,E,8,3.0,E,8,-9990,0,0,-9990,0,0,1.097,E,8,0.178,E,8,0.20,E,8,0,-9990,0,0
02/05/2005,19:00,0,0,0,3,0,0,3,0,0,3,0,0,3,0,0,3,0,0,3,0,-9990,0,0,9,E,8,8,E,8,5.3,E,8,2.7,E,8,83,E,8,988,E,8,184,E,8,3.4,E,8,-9990,0,0,-9990,0,0,1.123,E,8,0.178,E,8,0.20,E,8,0,-9990,0,0
02/05/2005,20:00,0,0,0,3,0,0,3,0,0,3,0,0,3,0,0,3,0,0,3,0,-9990,0,0,9,E,8,8,E,8,4.9,E,8,2.3,E,8,83,E,8,989,E,8,148,E,8,3.6,E,8,-9990,0,0,-9990,0,0,1.093,E,8,0.178,E,8,0.20,E,8,0,-9990,0,0
02/05/2005,21:00,0,0,0,3,0,0,3,0,0,3,0,0,3,0,0,3,0,0,3,0,-9990,0,0,9,E,8,8,E,8,4.5,E,8,1.9,E,8,83,E,8,989,E,8,178,E,8,3.6,E,8,-9990,0,0,-9990,0,0,1.062,E,8,0.178,E,8,0.20,E,8,0,-9990,0,0
02/05/2005,22:00,0,0,0,3,0,0,3,0,0,3,0,0,3,0,0,3,0,0,3,0,-9990,0,0,8,E,8,7,E,8,4.1,E,8,1.5,E,8,83,E,8,989,E,8,64,E,8,3.4,E,8,-9990,0,0,-9990,0,0,1.033,E,8,0.178,E,8,0.20,E,8,0,-9990,0,0
02/05/2005,23:00,0,0,0,3,0,0,3,0,0,3,0,0,3,0,0,3,0,0,3,0,-9990,0,0,8,E,8,7,E,8,3.7,E,8,1.1,E,8,83,E,8,989,E,8,126,E,8,3.6,E,8,-9990,0,0,-9990,0,0,1.005,E,8,0.178,E,8,0.20,E,8,0,-9990,0,0
02/05/2005,24:00,0,0,0,3,0,0,3,0,0,3,0,0,3,0,0,3,0,0,3,0,-9990,0,0,8,E,8,7,E,8,3.3,E,8,0.7,E,8,84,E,8,989,E,8,124,E,8,2.6,E,8,-9990,0,0,-9990,0,0,0.977,E,8,0.178,E,8,0.20,E,8,0,-9990,0,0
02/06/2005,01:00,0,0,0,3,0,0,3,0,0,3,0,0,3,0,0,3,0,0,3,0,-9990,0,0,6,E,8,6,E,8,2.5,E,8,0.0,E,8,84,E,8,989,E,8,359,E,8,3.4,E,8,-9990,0,0,-9990,0,0,0.927,E,8,0.193,E,8,0.20,E,8,0,-9990,0,0
02/06/2005,02:00,0,0,0,3,0,0,3,0,0,3,0,0,3,0,0,3,0,0,3,0,-9990,0,0,6,E,8,6,E,8,1.6,E,8,-0.8,E,8,84,E,8,989,E,8,4,E,8,3.8,E,8,-9990,0,0,-9990,0,0,0.875,E,8,0.193,E,8,0.20,E,8,0,-9990,0,0
02/06/2005,03:00,0,0,0,3,0,0,3,0,0,3,0,0,3,0,0,3,0,0,3,0,-9990,0,0,6,E,8,6,E,8,0.8,E,8,-1.6,E,8,84,E,8,990,E,8,13,E,8,4.3,E,8,-9990,0,0,-9990,0,0,0.831,E,8,0.193,E,8,0.20,E,8,0,-9990,0,0
02/06/2005,04:00,0,0,0,3,0,0,3,0,0,3,0,0,3,0,0,3,0,0,3,0,-9990,0,0,5,E,8,5,E,8,0.3,E,8,-1.3,E,8,89,E,8,990,E,8,338,E,8,4.3,E,8,-9990,0,0,-9990,0,0,0.845,E,8,0.193,E,8,0.20,E,8,0,-9990,0,0
02/06/2005,05:00,0,0,0,3,0,0,3,0,0,3,0,0,3,0,0,3,0,0,3,0,-9990,0,0,5,E,8,5,E,8,-0.2,E,8,-1.9,E,8,88,E,8,990,E,8,354,E,8,3.4,E,8,-9990,0,0,-9990,0,0,0.812,E,8,0.193,E,8,0.20,E,8,0,-9990,0,0
02/06/2005,06:00,0,0,0,3,0,0,3,0,0,3,0,0,3,0,0,3,0,0,3,0,-9990,0,0,5,E,8,5,E,8,-0.6,E,8,-1.8,E,8,91,E,8,990,E,8,360,E,8,2.2,E,8,-9990,0,0,-9990,0,0,0.816,E,8,0.193,E,8,0.20,E,8,0,-9990,0,0
02/06/2005,07:00,0,0,0,3,0,0,3,0,0,3,0,0,3,0,0,3,0,0,3,0,-9990,0,0,4,E,8,3,E,8,-1.0,E,8,-2.2,E,8,91,E,8,990,E,8,9,E,8,1.5,E,8,-9990,0,0,-9990,0,0,0.796,E,8,0.193,E,8,0.20,E,8,0,-9990,0,0
02/06/2005,08:00,0,0,0,3,0,0,3,0,0,3,0,0,3,0,0,3,0,0,3,0,-9990,0,0,4,E,8,3,E,8,-1.3,E,8,-2.2,E,8,94,E,8,990,E,8,89,E,8,1.7,E,8,-9990,0,0,-9990,0,0,0.796,E,8,0.193,E,8,0.20,E,8,0,-9990,0,0
02/06/2005,09:00,66,547,24,3,10,0,3,20,24,3,10,2708,3,10,0,3,20,2708,3,10,-9990,0,0,4,E,8,3,E,8,-0.7,E,8,-1.6,E,8,93,E,8,990,E,8,66,E,8,0.9,E,8,-9990,0,0,-9990,0,0,0.827,E,8,0.193,E,8,0.20,E,8,0,-9990,0,0
02/06/2005,10:00,269,1404,147,3,10,337,3,20,83,3,10,14875,3,10,20470,3,20,10951,3,10,-9990,0,0,3,E,8,2,E,8,1.1,E,8,-1.1,E,8,85,E,8,991,E,8,163,E,8,0.7,E,8,-9990,0,0,-9990,0,0,0.858,E,8,0.193,E,8,0.20,E,8,0,-9990,0,0
02/06/2005,11:00,437,1404,276,3,10,593,3,20,92,3,10,28434,3,10,49090,3,20,13173,3,10,-9990,0,0,0,E,8,0,E,8,2.9,E,8,0.2,E,8,83,E,8,991,E,8,140,E,8,0.8,E,8,-9990,0,0,-9990,0,0,0.943,E,8,0.193,E,8,0.20,E,8,0,-9990,0,0
02/06/2005,12:00,555,1404,267,3,10,233,3,20,175,3,10,29068,3,10,22388,3,20,20222,3,10,-9990,0,0,8,E,8,7,E,8,3.7,E,8,0.6,E,8,80,E,8,991,E,8,143,E,8,1.2,E,8,-9990,0,0,-9990,0,0,0.968,E,8,0.193,E,8,0.20,E,8,0,-9990,0,0
02/06/2005,13:00,616,1404,329,3,10,374,3,20,165,3,10,35318,3,10,35384,3,20,19795,3,10,-9990,0,0,5,E,8,4,E,8,4.5,E,8,0.9,E,8,77,E,8,991,E,8,139,E,8,1.5,E,8,-9990,0,0,-9990,0,0,0.987,E,8,0.193,E,8,0.20,E,8,0,-9990,0,0
02/06/2005,14:00,616,1404,311,3,10,310,3,20,176,3,10,33270,3,10,28142,3,20,20928,3,10,-9990,0,0,6,E,8,5,E,8,4.9,E,8,1.0,E,8,76,E,8,991,E,8,264,E,8,1.2,E,8,-9990,0,0,-9990,0,0,0.994,E,8,0.193,E,8,0.20,E,8,0,-9990,0,0
02/06/2005,15:00,554,1404,325,3,10,535,3,20,114,3,10,34872,3,10,46835,3,20,16382,3,10,-9990,0,0,0,E,8,0,E,8,5.2,E,8,1.3,E,8,76,E,8,991,E,8,321,E,8,2.4,E,8,-9990,0,0,-9990,0,0,1.016,E,8,0.193,E,8,0.20,E,8,0,-9990,0,0
02/06/2005,16:00,436,1404,249,3,10,440,3,20,112,3,10,25898,3,10,33558,3,20,15483,3,10,-9990,0,0,3,E,8,2,E,8,5.2,E,8,1.8,E,8,79,E,8,991,E,8,168,E,8,3.4,E,8,-9990,0,0,-9990,0,0,1.053,E,8,0.193,E,8,0.20,E,8,0,-9990,0,0
02/06/2005,17:00,268,1404,76,3,10,65,3,20,63,3,10,8304,3,10,3959,3,20,7548,3,10,-9990,0,0,9,E,8,8,E,8,4.2,E,8,1.7,E,8,84,E,8,991,E,8,155,E,8,3.4,E,8,-9990,0,0,-9990,0,0,1.043,E,8,0.193,E,8,0.20,E,8,0,-9990,0,0
02/06/2005,18:00,66,543,4,3,10,0,3,20,4,3,10,463,3,10,8,3,20,462,3,10,-9990,0,0,9,E,8,8,E,8,3.0,E,8,0.9,E,8,86,E,8,991,E,8,149,E,8,3.0,E,8,-9990,0,0,-9990,0,0,0.991,E,8,0.193,E,8,0.20,E,8,0,-9990,0,0
02/06/2005,19:00,0,0,0,3,0,0,3,0,0,3,0,0,3,0,0,3,0,0,3,0,-9990,0,0,9,E,8,8,E,8,2.5,E,8,0.3,E,8,85,E,8,991,E,8,139,E,8,1.5,E,8,-9990,0,0,-9990,0,0,0.947,E,8,0.193,E,8,0.20,E,8,0,-9990,0,0
02/06/2005,20:00,0,0,0,3,0,0,3,0,0,3,0,0,3,0,0,3,0,0,3,0,-9990,0,0,8,E,8,7,E,8,2.0,E,8,-0.2,E,8,85,E,8,991,E,8,156,E,8,3.4,E,8,-9990,0,0,-9990,0,0,0.917,E,8,0.193,E,8,0.20,E,8,0,-9990,0,0
02/06/2005,21:00,0,0,0,3,0,0,3,0,0,3,0,0,3,0,0,3,0,0,3,0,-9990,0,0,8,E,8,7,E,8,1.5,E,8,-1.3,E,8,81,E,8,991,E,8,126,E,8,3.0,E,8,-9990,0,0,-9990,0,0,0.845,E,8,0.193,E,8,0.20,E,8,0,-9990,0,0
02/06/2005,22:00,0,0,0,3,0,0,3,0,0,3,0,0,3,0,0,3,0,0,3,0,-9990,0,0,8,E,8,7,E,8,1.1,E,8,-1.5,E,8,83,E,8,991,E,8,68,E,8,2.0,E,8,-9990,0,0,-9990,0,0,0.838,E,8,0.193,E,8,0.20,E,8,0,-9990,0,0
02/06/2005,23:00,0,0,0,3,0,0,3,0,0,3,0,0,3,0,0,3,0,0,3,0,-9990,0,0,8,E,8,7,E,8,0.6,E,8,-1.8,E,8,84,E,8,991,E,8,149,E,8,1.2,E,8,-9990,0,0,-9990,0,0,0.815,E,8,0.193,E,8,0.20,E,8,0,-9990,0,0
02/06/2005,24:00,0,0,0,3,0,0,3,0,0,3,0,0,3,0,0,3,0,0,3,0,-9990,0,0,6,E,8,6,E,8,0.1,E,8,-2.0,E,8,86,E,8,991,E,8,151,E,8,1.7,E,8,-9990,0,0,-9990,0,0,0.809,E,8,0.193,E,8,0.20,E,8,0,-9990,0,0
02/07/2005,01:00,0,0,0,3,0,0,3,0,0,3,0,0,3,0,0,3,0,0,3,0,-9990,0,0,6,E,8,6,E,8,0.0,E,8,-1.8,E,8,88,E,8,992,E,8,77,E,8,1.5,E,8,-9990,0,0,-9990,0,0,0.818,E,8,0.202,E,8,0.20,E,8,0,-9990,0,0
02/07/2005,02:00,0,0,0,3,0,0,3,0,0,3,0,0,3,0,0,3,0,0,3,0,-9990,0,0,6,E,8,6,E,8,-0.2,E,8,-2.2,E,8,86,E,8,992,E,8,358,E,8,1.2,E,8,-9990,0,0,-9990,0,0,0.795,E,8,0.202,E,8,0.20,E,8,0,-9990,0,0
02/07/2005,03:00,0,0,0,3,0,0,3,0,0,3,0,0,3,0,0,3,0,0,3,0,-9990,0,0,6,E,8,6,E,8,-0.3,E,8,-2.5,E,8,85,E,8,992,E,8,148,E,8,1.7,E,8,-9990,0,0,-9990,0,0,0.780,E,8,0.202,E,8,0.20,E,8,0,-9990,0,0
02/07/2005,04:00,0,0,0,3,0,0,3,0,0,3,0,0,3,0,0,3,0,0,3,0,-9990,0,0,5,E,8,5,E,8,-0.3,E,8,-2.4,E,8,86,E,8,992,E,8,97,E,8,1.5,E,8,-9990,0,0,-9990,0,0,0.786,E,8,0.202,E,8,0.20,E,8,0,-9990,0,0
02/07/2005,05:00,0,0,0,3,0,0,3,0,0,3,0,0,3,0,0,3,0,0,3,0,-9990,0,0,5,E,8,5,E,8,-0.3,E,8,-1.9,E,8,89,E,8,992,E,8,124,E,8,1.2,E,8,-9990,0,0,-9990,0,0,0.814,E,8,0.202,E,8,0.20,E,8,0,-9990,0,0
02/07/2005,06:00,0,0,0,3,0,0,3,0,0,3,0,0,3,0,0,3,0,0,3,0,-9990,0,0,5,E,8,5,E,8,-0.4,E,8,-1.5,E,8,92,E,8,992,E,8,145,E,8,2.0,E,8,-9990,0,0,-9990,0,0,0.836,E,8,0.202,E,8,0.20,E,8,0,-9990,0,0
02/07/2005,07:00,0,0,0,3,0,0,3,0,0,3,0,0,3,0,0,3,0,0,3,0,-9990,0,0,5,E,8,5,E,8,-0.4,E,8,-1.8,E,8,90,E,8,992,E,8,106,E,8,1.9,E,8,-9990,0,0,-9990,0,0,0.819,E,8,0.202,E,8,0.20,E,8,0,-9990,0,0
02/07/2005,08:00,0,0,0,3,0,0,3,0,0,3,0,0,3,0,0,3,0,0,3,0,-9990,0,0,5,E,8,5,E,8,-0.4,E,8,-1.8,E,8,90,E,8,992,E,8,176,E,8,2.6,E,8,-9990,0,0,-9990,0,0,0.816,E,8,0.202,E,8,0.20,E,8,0,-9990,0,0
02/07/2005,09:00,71,564,12,3,10,0,3,20,12,3,10,1467,3,10,0,3,20,1467,3,10,-9990,0,0,4,E,8,3,E,8,0.1,E,8,-1.7,E,8,87,E,8,992,E,8,147,E,8,3.4,E,8,-9990,0,0,-9990,0,0,0.821,E,8,0.202,E,8,0.20,E,8,0,-9990,0,0
02/07/2005,10:00,275,1404,146,3,10,302,3,20,87,3,10,15138,3,10,24091,3,20,10419,3,10,-9990,0,0,4,E,8,3,E,8,2.7,E,8,-1.2,E,8,75,E,8,992,E,8,168,E,8,3.4,E,8,-9990,0,0,-9990,0,0,0.854,E,8,0.202,E,8,0.20,E,8,0,-9990,0,0
02/07/2005,11:00,443,1404,259,3,10,592,3,20,73,3,10,27124,3,10,51426,3,20,10909,3,10,-9990,0,0,0,E,8,0,E,8,5.1,E,8,-0.4,E,8,68,E,8,992,E,8,137,E,8,1.5,E,8,-9990,0,0,-9990,0,0,0.901,E,8,0.202,E,8,0.20,E,8,0,-9990,0,0
02/07/2005,12:00,561,1404,325,3,10,528,3,20,114,3,10,34826,3,10,46467,3,20,16250,3,10,-9990,0,0,0,E,8,0,E,8,6.9,E,8,0.1,E,8,62,E,8,992,E,8,184,E,8,1.5,E,8,-9990,0,0,-9990,0,0,0.937,E,8,0.202,E,8,0.20,E,8,0,-9990,0,0
02/07/2005,13:00,623,1404,360,3,10,505,3,20,137,3,10,38453,3,10,43169,3,20,19309,3,10,-9990,0,0,0,E,8,0,E,8,8.3,E,8,0.2,E,8,57,E,8,992,E,8,257,E,8,1.4,E,8,-9990,0,0,-9990,0,0,0.943,E,8,0.202,E,8,0.20,E,8,0,-9990,0,0
02/07/2005,14:00,623,1404,372,3,10,557,3,20,125,3,10,40006,3,10,49870,3,20,17894,3,10,-9990,0,0,0,E,8,0,E,8,9.3,E,8,0.1,E,8,52,E,8,992,E,8,269,E,8,2.6,E,8,-9990,0,0,-9990,0,0,0.931,E,8,0.202,E,8,0.20,E,8,0,-9990,0,0
02/07/2005,15:00,561,1404,334,3,10,578,3,20,103,3,10,34870,3,10,50078,3,20,14857,3,10,-9990,0,0,0,E,8,0,E,8,9.8,E,8,-0.1,E,8,50,E,8,992,E,8,211,E,8,2.0,E,8,-9990,0,0,-9990,0,0,0.920,E,8,0.202,E,8,0.20,E,8,0,-9990,0,0
02/07/2005,16:00,442,1404,258,3,10,586,3,20,74,3,10,26995,3,10,50740,3,20,11005,3,10,-9990,0,0,0,E,8,0,E,8,9.8,E,8,0.5,E,8,52,E,8,992,E,8,221,E,8,2.4,E,8,-9990,0,0,-9990,0,0,0.959,E,8,0.202,E,8,0.20,E,8,0,-9990,0,0
02/07/2005,17:00,275,1404,135,3,10,321,3,20,72,3,10,13821,3,10,20588,3,20,9793,3,10,-9990,0,0,0,E,8,0,E,8,9.0,E,8,0.2,E,8,54,E,8,991,E,8,187,E,8,1.2,E,8,-9990,0,0,-9990,0,0,0.942,E,8,0.202,E,8,0.20,E,8,0,-9990,0,0
02/07/2005,18:00,71,563,17,3,10,0,3,20,17,3,10,1946,3,10,0,3,20,1946,3,10,-9990,0,0,0,E,8,0,E,8,7.5,E,8,-0.8,E,8,55,E,8,991,E,8,108,E,8,1.7,E,8,-9990,0,0,-9990,0,0,0.877,E,8,0.202,E,8,0.20,E,8,0,-9990,0,0
02/07/2005,19:00,0,0,0,3,0,0,3,0,0,3,0,0,3,0,0,3,0,0,3,0,-9990,0,0,1,E,8,1,E,8,6.8,E,8,-1.6,E,8,55,E,8,991,E,8,121,E,8,1.2,E,8,-9990,0,0,-9990,0,0,0.832,E,8,0.202,E,8,0.20,E,8,0,-9990,0,0
02/07/2005,20:00,0,0,0,3,0,0,3,0,0,3,0,0,3,0,0,3,0,0,3,0,-9990,0,0,1,E,8,1,E,8,6.2,E,8,-2.2,E,8,55,E,8,991,E,8,7,E,8,0.5,E,8,-9990,0,0,-9990,0,0,0.797,E,8,0.202,E,8,0.20,E,8,0,-9990,0,0
02/07/2005,21:00,0,0,0,3,0,0,3,0,0,3,0,0,3,0,0,3,0,0,3,0,-9990,0,0,3,E,8,2,E,8,5.5,E,8,-1.8,E,8,59,E,8,991,E,8,81,E,8,1.1,E,8,-9990,0,0,-9990,0,0,0.818,E,8,0.202,E,8,0.20,E,8,0,-9990,0,0
02/07/2005,22:00,0,0,0,3,0,0,3,0,0,3,0,0,3,0,0,3,0,0,3,0,-9990,0,0,3,E,8,2,E,8,4.8,E,8,-2.3,E,8,60,E,8,991,E,8,66,E,8,0.2,E,8,-9990,0,0,-9990,0,0,0.788,E,8,0.202,E,8,0.20,E,8,0,-9990,0,0
02/07/2005,23:00,0,0,0,3,0,0,3,0,0,3,0,0,3,0,0,3,0,0,3,0,-9990,0,0,3,E,8,2,E,8,4.1,E,8,-2.1,E,8,64,E,8,991,E,8,120,E,8,0.3,E,8,-9990,0,0,-9990,0,0,0.803,E,8,0.202,E,8,0.20,E,8,0,-9990,0,0
02/07/2005,24:00,0,0,0,3,0,0,3,0,0,3,0,0,3,0,0,3,0,0,3,0,-9990,0,0,4,E,8,3,E,8,3.4,E,8,-2.4,E,8,66,E,8,990,E,8,145,E,8,0.3,E,8,-9990,0,0,-9990,0,0,0.785,E,8,0.202,E,8,0.20,E,8,0,-9990,0,0
02/08/2005,01:00,0,0,0,3,0,0,3,0,0,3,0,0,3,0,0,3,0,0,3,0,-9990,0,0,4,E,8,3,E,8,2.6,E,8,-1.3,E,8,75,E,8,990,E,8,213,E,8,0.5,E,8,-9990,0,0,-9990,0,0,0.846,E,8,0.199,E,8,0.20,E,8,0,-9990,0,0
02/08/2005,02:00,0,0,0,3,0,0,3,0,0,3,0,0,3,0,0,3,0,0,3,0,-9990,0,0,5,E,8,4,E,8,1.7,E,8,-2.1,E,8,76,E,8,990,E,8,158,E,8,0.7,E,8,-9990,0,0,-9990,0,0,0.801,E,8,0.199,E,8,0.20,E,8,0,-9990,0,0
02/08/2005,03:00,0,0,0,3,0,0,3,0,0,3,0,0,3,0,0,3,0,0,3,0,-9990,0,0,5,E,8,4,E,8,0.7,E,8,-2.9,E,8,76,E,8,990,E,8,218,E,8,1.5,E,8,-9990,0,0,-9990,0,0,0.757,E,8,0.199,E,8,0.20,E,8,0,-9990,0,0
02/08/2005,04:00,0,0,0,3,0,0,3,0,0,3,0,0,3,0,0,3,0,0,3,0,-9990,0,0,6,E,8,5,E,8,0.2,E,8,-3.5,E,8,76,E,8,990,E,8,265,E,8,1.9,E,8,-9990,0,0,-9990,0,0,0.726,E,8,0.199,E,8,0.20,E,8,0,-9990,0,0
02/08/2005,05:00,0,0,0,3,0,0,3,0,0,3,0,0,3,0,0,3,0,0,3,0,-9990,0,0,6,E,8,5,E,8,-0.3,E,8,-3.5,E,8,79,E,8,990,E,8,281,E,8,2.4,E,8,-9990,0,0,-9990,0,0,0.727,E,8,0.199,E,8,0.20,E,8,0,-9990,0,0
02/08/2005,06:00,0,0,0,3,0,0,3,0,0,3,0,0,3,0,0,3,0,0,3,0,-9990,0,0,6,E,8,5,E,8,-0.8,E,8,-4.0,E,8,79,E,8,989,E,8,258,E,8,3.8,E,8,-9990,0,0,-9990,0,0,0.701,E,8,0.199,E,8,0.20,E,8,0,-9990,0,0
02/08/2005,07:00,0,0,0,3,0,0,3,0,0,3,0,0,3,0,0,3,0,0,3,0,-9990,0,0,8,E,8,6,E,8,-1.2,E,8,-4.4,E,8,78,E,8,989,E,8,305,E,8,2.0,E,8,-9990,0,0,-9990,0,0,0.680,E,8,0.199,E,8,0.20,E,8,0,-9990,0,0
02/08/2005,08:00,0,0,0,3,0,0,3,0,0,3,0,0,3,0,0,3,0,0,3,0,-9990,0,0,8,E,8,7,E,8,-1.5,E,8,-3.6,E,8,86,E,8,989,E,8,321,E,8,2.8,E,8,-9990,0,0,-9990,0,0,0.721,E,8,0.199,E,8,0.20,E,8,0,-9990,0,0
02/08/2005,09:00,75,582,10,3,10,0,3,20,10,3,10,1237,3,10,2,3,20,1236,3,10,-9990,0,0,9,E,8,8,E,8,-1.4,E,8,-3.0,E,8,88,E,8,989,E,8,327,E,8,2.2,E,8,-9990,0,0,-9990,0,0,0.751,E,8,0.199,E,8,0.20,E,8,0,-9990,0,0
02/08/2005,10:00,281,1404,92,3,10,77,3,20,77,3,10,9994,3,10,5136,3,20,8965,3,10,-9990,0,0,9,E,8,8,E,8,-0.4,E,8,-2.8,E,8,84,E,8,989,E,8,311,E,8,1.2,E,8,-9990,0,0,-9990,0,0,0.763,E,8,0.199,E,8,0.20,E,8,0,-9990,0,0
02/08/2005,11:00,449,1404,198,3,10,157,3,20,148,3,10,21335,3,10,13589,3,20,16989,3,10,-9990,0,0,9,E,8,8,E,8,0.7,E,8,-1.8,E,8,83,E,8,989,E,8,319,E,8,0.9,E,8,-9990,0,0,-9990,0,0,0.818,E,8,0.199,E,8,0.20,E,8,0,-9990,0,0
02/08/2005,12:00,568,1404,264,3,10,171,3,20,195,3,10,28510,3,10,15394,3,20,22284,3,10,-9990,0,0,9,E,8,8,E,8,1.7,E,8,-1.7,E,8,78,E,8,989,E,8,246,E,8,0.5,E,8,-9990,0,0,-9990,0,0,0.824,E,8,0.199,E,8,0.20,E,8,0,-9990,0,0
02/08/2005,13:00,629,1404,257,3,10,96,3,20,214,3,10,28331,3,10,9487,3,20,24078,3,10,-9990,0,0,10,E,8,9,E,8,2.2,E,8,-1.6,E,8,76,E,8,988,E,8,298,E,8,0.4,E,8,-9990,0,0,-9990,0,0,0.827,E,8,0.199,E,8,0.20,E,8,0,-9990,0,0
02/08/2005,14:00,629,1404,281,3,10,137,3,20,220,3,10,30378,3,10,11993,3,20,25002,3,10,-9990,0,0,9,E,8,8,E,8,2.6,E,8,-2.0,E,8,71,E,8,988,E,8,311,E,8,0.3,E,8,-9990,0,0,-9990,0,0,0.806,E,8,0.199,E,8,0.20,E,8,0,-9990,0,0
02/08/2005,15:00,568,1404,269,3,10,218,3,20,181,3,10,29190,3,10,20803,3,20,20775,3,10,-9990,0,0,8,E,8,6,E,8,2.8,E,8,-2.3,E,8,69,E,8,988,E,8,297,E,8,0.4,E,8,-9990,0,0,-9990,0,0,0.788,E,8,0.199,E,8,0.20,E,8,0,-9990,0,0
02/08/2005,16:00,449,1404,142,3,10,32,3,20,131,3,10,15599,3,10,2431,3,20,14821,3,10,-9990,0,0,10,E,8,9,E,8,2.4,E,8,-2.4,E,8,70,E,8,988,E,8,302,E,8,0.8,E,8,-9990,0,0,-9990,0,0,0.782,E,8,0.199,E,8,0.20,E,8,0,-9990,0,0
02/08/2005,17:00,281,1404,63,3,10,0,3,20,63,3,10,6992,3,10,0,3,20,6992,3,10,-9990,0,0,10,E,8,9,E,8,1.7,E,8,-2.2,E,8,75,E,8,988,E,8,313,E,8,1.4,E,8,-9990,0,0,-9990,0,0,0.793,E,8,0.199,E,8,0.20,E,8,0,-9990,0,0
02/08/2005,18:00,76,583,3,3,10,0,3,20,3,3,10,373,3,10,7,3,20,373,3,10,-9990,0,0,10,E,8,9,E,8,0.9,E,8,-2.7,E,8,77,E,8,988,E,8,312,E,8,1.2,E,8,-9990,0,0,-9990,0,0,0.767,E,8,0.199,E,8,0.20,E,8,0,-9990,0,0
02/08/2005,19:00,0,0,0,3,0,0,3,0,0,3,0,0,3,0,0,3,0,0,3,0,-9990,0,0,10,E,8,9,E,8,0.4,E,8,-2.8,E,8,79,E,8,988,E,8,306,E,8,2.8,E,8,-9990,0,0,-9990,0,0,0.761,E,8,0.199,E,8,0.20,E,8,0,-9990,0,0
02/08/2005,20:00,0,0,0,3,0,0,3,0,0,3,0,0,3,0,0,3,0,0,3,0,-9990,0,0,10,E,8,9,E,8,-0.1,E,8,-2.9,E,8,81,E,8,988,E,8,306,E,8,2.4,E,8,-9990,0,0,-9990,0,0,0.755,E,8,0.199,E,8,0.20,E,8,0,-9990,0,0
02/08/2005,21:00,0,0,0,3,0,0,3,0,0,3,0,0,3,0,0,3,0,0,3,0,-9990,0,0,10,E,8,9,E,8,-0.6,E,8,-3.0,E,8,84,E,8,988,E,8,311,E,8,2.4,E,8,-9990,0,0,-9990,0,0,0.753,E,8,0.199,E,8,0.20,E,8,0,-9990,0,0
02/08/2005,22:00,0,0,0,3,0,0,3,0,0,3,0,0,3,0,0,3,0,0,3,0,-9990,0,0,10,E,8,9,E,8,-1.0,E,8,-3.9,E,8,81,E,8,988,E,8,304,E,8,3.4,E,8,-9990,0,0,-9990,0,0,0.707,E,8,0.199,E,8,0.20,E,8,0,-9990,0,0
02/08/2005,23:00,0,0,0,3,0,0,3,0,0,3,0,0,3,0,0,3,0,0,3,0,-9990,0,0,10,E,8,9,E,8,-1.5,E,8,-3.9,E,8,84,E,8,988,E,8,300,E,8,3.8,E,8,-9990,0,0,-9990,0,0,0.707,E,8,0.199,E,8,0.20,E,8,0,-9990,0,0
02/08/2005,24:00,0,0,0,3,0,0,3,0,0,3,0,0,3,0,0,3,0,0,3,0,-9990,0,0,10,E,8,9,E,8,-2.0,E,8,-4.6,E,8,82,E,8,988,E,8,303,E,8,3.4,E,8,-9990,0,0,-9990,0,0,0.671,E,8,0.199,E,8,0.20,E,8,0,-9990,0,0
02/09/2005,01:00,0,0,0,3,0,0,3,0,0,3,0,0,3,0,0,3,0,0,3,0,-9990,0,0,10,E,8,9,E,8,-2.2,E,8,-4.9,E,8,81,E,8,988,E,8,301,E,8,2.6,E,8,-9990,0,0,-9990,0,0,0.656,E,8,0.185,E,8,0.20,E,8,0,-9990,0,0
02/09/2005,02:00,0,0,0,3,0,0,3,0,0,3,0,0,3,0,0,3,0,0,3,0,-9990,0,0,10,E,8,9,E,8,-2.4,E,8,-4.2,E,8,87,E,8,988,E,8,318,E,8,2.0,E,8,-9990,0,0,-9990,0,0,0.690,E,8,0.185,E,8,0.21,E,8,0,-9990,0,0
02/09/2005,03:00,0,0,0,3,0,0,3,0,0,3,0,0,3,0,0,3,0,0,3,0,-9990,0,0,10,E,8,9,E,8,-2.5,E,8,-4.2,E,8,88,E,8,988,E,8,328,E,8,2.8,E,8,-9990,0,0,-9990,0,0,0.694,E,8,0.185,E,8,0.21,E,8,0,-9990,0,0
02/09/2005,04:00,0,0,0,3,0,0,3,0,0,3,0,0,3,0,0,3,0,0,3,0,-9990,0,0,10,E,8,9,E,8,-2.5,E,8,-3.3,E,8,94,E,8,987,E,8,315,E,8,2.8,E,8,-9990,0,0,-9990,0,0,0.737,E,8,0.185,E,8,0.21,E,8,0,-9990,0,0
02/09/2005,05:00,0,0,0,3,0,0,3,0,0,3,0,0,3,0,0,3,0,0,3,0,-9990,0,0,10,E,8,9,E,8,-2.6,E,8,-3.3,E,8,95,E,8,987,E,8,300,E,8,2.4,E,8,-9990,0,0,-9990,0,0,0.735,E,8,0.185,E,8,0.21,E,8,0,-9990,0,0
02/09/2005,06:00,0,0,0,3,0,0,3,0,0,3,0,0,3,0,0,3,0,0,3,0,-9990,0,0,10,E,8,9,E,8,-2.6,E,8,-4.2,E,8,89,E,8,987,E,8,316,E,8,2.2,E,8,-9990,0,0,-9990,0,0,0.691,E,8,0.185,E,8,0.21,E,8,0,-9990,0,0
02/09/2005,07:00,0,0,0,3,0,0,3,0,0,3,0,0,3,0,0,3,0,0,3,0,-9990,0,0,10,E,8,9,E,8,-2.7,E,8,-4.5,E,8,87,E,8,987,E,8,315,E,8,2.2,E,8,-9990,0,0,-9990,0,0,0.678,E,8,0.185,E,8,0.20,E,8,0,-9990,0,0
02/09/2005,08:00,0,0,0,3,0,0,3,0,0,3,0,0,3,0,0,3,0,0,3,0,-9990,0,0,10,E,8,9,E,8,-2.7,E,8,-4.3,E,8,89,E,8,987,E,8,318,E,8,2.6,E,8,-9990,0,0,-9990,0,0,0.685,E,8,0.185,E,8,0.20,E,8,0,-9990,0,0
02/09/2005,09:00,80,600,9,3,10,0,3,20,9,3,10,1149,3,10,3,3,20,1149,3,10,-9990,0,0,10,E,8,9,E,8,-2.4,E,8,-4.0,E,8,88,E,8,987,E,8,304,E,8,5.1,E,8,-9990,0,0,-9990,0,0,0.700,E,8,0.185,E,8,0.20,E,8,0,-9990,0,0
02/09/2005,10:00,287,1403,90,3,10,60,3,20,78,3,10,9914,3,10,5428,3,20,8804,3,10,-9990,0,0,10,E,8,9,E,8,-0.9,E,8,-3.3,E,8,84,E,8,987,E,8,324,E,8,5.5,E,8,-9990,0,0,-9990,0,0,0.736,E,8,0.185,E,8,0.20,E,8,0,-9990,0,0
02/09/2005,11:00,455,1403,158,3,10,48,3,20,142,3,10,17359,3,10,4176,3,20,16004,3,10,-9990,0,0,10,E,8,9,E,8,0.4,E,8,-5.3,E,8,66,E,8,987,E,8,315,E,8,5.5,E,8,-9990,0,0,-9990,0,0,0.642,E,8,0.185,E,8,0.20,E,8,0,-9990,0,0
02/09/2005,12:00,574,1403,220,3,10,73,3,20,190,3,10,24158,3,10,6939,3,20,21319,3,10,-9990,0,0,10,E,8,9,E,8,1.6,E,8,-5.3,E,8,60,E,8,987,E,8,303,E,8,6.2,E,8,-9990,0,0,-9990,0,0,0.640,E,8,0.185,E,8,0.20,E,8,0,-9990,0,0
02/09/2005,13:00,636,1403,226,3,10,37,3,20,210,3,10,24922,3,10,2996,3,20,23564,3,10,-9990,0,0,10,E,8,9,E,8,2.4,E,8,-4.9,E,8,59,E,8,987,E,8,318,E,8,6.6,E,8,-9990,0,0,-9990,0,0,0.660,E,8,0.185,E,8,0.20,E,8,0,-9990,0,0
02/09/2005,14:00,636,1403,219,3,10,38,3,20,202,3,10,24062,3,10,3064,3,20,22674,3,10,-9990,0,0,10,E,8,9,E,8,2.9,E,8,-4.6,E,8,58,E,8,987,E,8,313,E,8,4.6,E,8,-9990,0,0,-9990,0,0,0.674,E,8,0.185,E,8,0.20,E,8,0,-9990,0,0
02/09/2005,15:00,575,1403,201,3,10,48,3,20,181,3,10,22087,3,10,4187,3,20,20373,3,10,-9990,0,0,10,E,8,9,E,8,3.1,E,8,-4.3,E,8,58,E,8,987,E,8,304,E,8,4.3,E,8,-9990,0,0,-9990,0,0,0.686,E,8,0.185,E,8,0.20,E,8,0,-9990,0,0
02/09/2005,16:00,456,1403,137,3,10,16,3,20,132,3,10,15064,3,10,1569,3,20,14554,3,10,-9990,0,0,10,E,8,9,E,8,2.9,E,8,-4.0,E,8,60,E,8,987,E,8,280,E,8,4.3,E,8,-9990,0,0,-9990,0,0,0.704,E,8,0.185,E,8,0.20,E,8,0,-9990,0,0
02/09/2005,17:00,288,1403,68,3,10,0,3,20,68,3,10,7522,3,10,0,3,20,7522,3,10,-9990,0,0,10,E,8,9,E,8,2.4,E,8,-4.0,E,8,63,E,8,987,E,8,309,E,8,4.6,E,8,-9990,0,0,-9990,0,0,0.700,E,8,0.185,E,8,0.20,E,8,0,-9990,0,0
02/09/2005,18:00,81,603,3,3,10,0,3,20,3,3,10,441,3,10,7,3,20,440,3,10,-9990,0,0,10,E,8,9,E,8,1.5,E,8,-4.3,E,8,65,E,8,987,E,8,218,E,8,2.2,E,8,-9990,0,0,-9990,0,0,0.689,E,8,0.185,E,8,0.20,E,8,0,-9990,0,0
02/09/2005,19:00,0,0,0,3,0,0,3,0,0,3,0,0,3,0,0,3,0,0,3,0,-9990,0,0,10,E,8,9,E,8,1.2,E,8,-3.7,E,8,70,E,8,987,E,8,164,E,8,2.0,E,8,-9990,0,0,-9990,0,0,0.717,E,8,0.185,E,8,0.20,E,8,0,-9990,0,0
02/09/2005,20:00,0,0,0,3,0,0,3,0,0,3,0,0,3,0,0,3,0,0,3,0,-9990,0,0,10,E,8,9,E,8,0.9,E,8,-3.1,E,8,75,E,8,988,E,8,249,E,8,1.5,E,8,-9990,0,0,-9990,0,0,0.749,E,8,0.185,E,8,0.20,E,8,0,-9990,0,0
02/09/2005,21:00,0,0,0,3,0,0,3,0,0,3,0,0,3,0,0,3,0,0,3,0,-9990,0,0,9,E,8,8,E,8,0.6,E,8,-3.7,E,8,72,E,8,988,E,8,140,E,8,0.7,E,8,-9990,0,0,-9990,0,0,0.715,E,8,0.185,E,8,0.20,E,8,0,-9990,0,0
02/09/2005,22:00,0,0,0,3,0,0,3,0,0,3,0,0,3,0,0,3,0,0,3,0,-9990,0,0,9,E,8,8,E,8,0.4,E,8,-3.8,E,8,73,E,8,988,E,8,132,E,8,0.7,E,8,-9990,0,0,-9990,0,0,0.709,E,8,0.185,E,8,0.20,E,8,0,-9990,0,0
02/09/2005,23:00,0,0,0,3,0,0,3,0,0,3,0,0,3,0,0,3,0,0,3,0,-9990,0,0,9,E,8,8,E,8,0.1,E,8,-4.4,E,8,72,E,8,988,E,8,169,E,8,0.4,E,8,-9990,0,0,-9990,0,0,0.683,E,8,0.185,E,8,0.20,E,8,0,-9990,0,0
02/09/2005,24:00,0,0,0,3,0,0,3,0,0,3,0,0,3,0,0,3,0,0,3,0,-9990,0,0,9,E,8,8,E,8,-0.2,E,8,-4.3,E,8,73,E,8,988,E,8,239,E,8,0.7,E,8,-9990,0,0,-9990,0,0,0.684,E,8,0.185,E,8,0.20,E,8,0,-9990,0,0
02/10/2005,01:00,0,0,0,3,0,0,3,0,0,3,0,0,3,0,0,3,0,0,3,0,-9990,0,0,9,E,8,8,E,8,-0.5,E,8,-4.6,E,8,74,E,8,988,E,8,185,E,8,1.2,E,8,-9990,0,0,-9990,0,0,0.673,E,8,0.193,E,8,0.20,E,8,0,-9990,0,0
02/10/2005,02:00,0,0,0,3,0,0,3,0,0,3,0,0,3,0,0,3,0,0,3,0,-9990,0,0,9,E,8,8,E,8,-0.9,E,8,-4.3,E,8,77,E,8,988,E,8,169,E,8,1.1,E,8,-9990,0,0,-9990,0,0,0.687,E,8,0.193,E,8,0.20,E,8,0,-9990,0,0
02/10/2005,03:00,0,0,0,3,0,0,3,0,0,3,0,0,3,0,0,3,0,0,3,0,-9990,0,0,9,E,8,8,E,8,-1.2,E,8,-4.0,E,8,81,E,8,988,E,8,163,E,8,0.5,E,8,-9990,0,0,-9990,0,0,0.700,E,8,0.193,E,8,0.20,E,8,0,-9990,0,0
02/10/2005,04:00,0,0,0,3,0,0,3,0,0,3,0,0,3,0,0,3,0,0,3,0,-9990,0,0,8,E,8,7,E,8,-1.4,E,8,-4.0,E,8,82,E,8,988,E,8,157,E,8,0.8,E,8,-9990,0,0,-9990,0,0,0.702,E,8,0.193,E,8,0.20,E,8,0,-9990,0,0
02/10/2005,05:00,0,0,0,3,0,0,3,0,0,3,0,0,3,0,0,3,0,0,3,0,-9990,0,0,8,E,8,7,E,8,-1.5,E,8,-4.0,E,8,83,E,8,988,E,8,211,E,8,1.7,E,8,-9990,0,0,-9990,0,0,0.703,E,8,0.193,E,8,0.20,E,8,0,-9990,0,0
02/10/2005,06:00,0,0,0,3,0,0,3,0,0,3,0,0,3,0,0,3,0,0,3,0,-9990,0,0,8,E,8,7,E,8,-1.7,E,8,-4.0,E,8,84,E,8,988,E,8,295,E,8,1.7,E,8,-9990,0,0,-9990,0,0,0.700,E,8,0.193,E,8,0.20,E,8,0,-9990,0,0
02/10/2005,07:00,0,0,0,3,0,0,3,0,0,3,0,0,3,0,0,3,0,0,3,0,-9990,0,0,8,E,8,7,E,8,-1.8,E,8,-3.6,E,8,88,E,8,989,E,8,181,E,8,1.9,E,8,-9990,0,0,-9990,0,0,0.721,E,8,0.193,E,8,0.20,E,8,0,-9990,0,0
02/10/2005,08:00,0,0,0,3,0,0,3,0,0,3,0,0,3,0,0,3,0,0,3,0,-9990,0,0,8,E,8,7,E,8,-1.9,E,8,-3.5,E,8,89,E,8,989,E,8,234,E,8,1.9,E,8,-9990,0,0,-9990,0,0,0.728,E,8,0.193,E,8,0.20,E,8,0,-9990,0,0
02/10/2005,09:00,85,618,12,3,10,0,3,20,12,3,10,1427,3,10,0,3,20,1427,3,10,-9990,0,0,8,E,8,7,E,8,-1.6,E,8,-2.6,E,8,92,E,8,989,E,8,232,E,8,1.5,E,8,-9990,0,0,-9990,0,0,0.773,E,8,0.193,E,8,0.20,E,8,0,-9990,0,0
02/10/2005,10:00,293,1403,113,3,10,157,3,20,80,3,10,11753,3,10,10055,3,20,9651,3,10,-9990,0,0,8,E,8,7,E,8,0.2,E,8,-2.4,E,8,83,E,8,989,E,8,240,E,8,2.0,E,8,-9990,0,0,-9990,0,0,0.786,E,8,0.193,E,8,0.20,E,8,0,-9990,0,0
02/10/2005,11:00,462,1403,192,3,10,126,3,20,150,3,10,20633,3,10,10397,3,20,17211,3,10,-9990,0,0,9,E,8,8,E,8,1.6,E,8,-2.1,E,8,76,E,8,989,E,8,207,E,8,2.0,E,8,-9990,0,0,-9990,0,0,0.799,E,8,0.193,E,8,0.20,E,8,0,-9990,0,0
02/10/2005,12:00,581,1403,267,3,10,152,3,20,204,3,10,28737,3,10,13380,3,20,23197,3,10,-9990,0,0,9,E,8,8,E,8,3.0,E,8,-2.9,E,8,65,E,8,989,E,8,217,E,8,1.9,E,8,-9990,0,0,-9990,0,0,0.755,E,8,0.193,E,8,0.20,E,8,0,-9990,0,0
02/10/2005,13:00,643,1403,313,3,10,176,3,20,232,3,10,33665,3,10,16005,3,20,26333,3,10,-9990,0,0,9,E,8,8,E,8,4.2,E,8,-1.5,E,8,67,E,8,989,E,8,142,E,8,0.9,E,8,-9990,0,0,-9990,0,0,0.836,E,8,0.193,E,8,0.20,E,8,0,-9990,0,0
02/10/2005,14:00,643,1403,331,3,10,321,3,20,184,3,10,35201,3,10,29712,3,20,21586,3,10,-9990,0,0,6,E,8,5,E,8,5.0,E,8,-1.8,E,8,61,E,8,989,E,8,169,E,8,0.7,E,8,-9990,0,0,-9990,0,0,0.818,E,8,0.193,E,8,0.20,E,8,0,-9990,0,0
02/10/2005,15:00,581,1403,254,3,10,133,3,20,199,3,10,27380,3,10,11350,3,20,22677,3,10,-9990,0,0,9,E,8,8,E,8,5.2,E,8,-2.5,E,8,57,E,8,989,E,8,209,E,8,1.1,E,8,-9990,0,0,-9990,0,0,0.776,E,8,0.193,E,8,0.20,E,8,0,-9990,0,0
02/10/2005,16:00,462,1403,186,3,10,108,3,20,151,3,10,20444,3,10,10715,3,20,16911,3,10,-9990,0,0,9,E,8,8,E,8,5.0,E,8,-2.0,E,8,60,E,8,989,E,8,226,E,8,2.2,E,8,-9990,0,0,-9990,0,0,0.804,E,8,0.193,E,8,0.20,E,8,0,-9990,0,0
02/10/2005,17:00,294,1403,90,3,10,50,3,20,80,3,10,9895,3,10,4349,3,20,8982,3,10,-9990,0,0,10,E,8,9,E,8,4.3,E,8,-1.4,E,8,66,E,8,989,E,8,154,E,8,1.1,E,8,-9990,0,0,-9990,0,0,0.839,E,8,0.193,E,8,0.20,E,8,0,-9990,0,0
02/10/2005,18:00,87,622,3,3,10,0,3,20,3,3,10,458,3,10,7,3,20,457,3,10,-9990,0,0,10,E,8,9,E,8,3.1,E,8,-1.8,E,8,70,E,8,989,E,8,168,E,8,1.5,E,8,-9990,0,0,-9990,0,0,0.816,E,8,0.193,E,8,0.20,E,8,0,-9990,0,0
02/10/2005,19:00,0,0,0,3,0,0,3,0,0,3,0,0,3,0,0,3,0,0,3,0,-9990,0,0,10,E,8,9,E,8,2.8,E,8,-1.9,E,8,71,E,8,989,E,8,194,E,8,1.9,E,8,-9990,0,0,-9990,0,0,0.810,E,8,0.193,E,8,0.20,E,8,0,-9990,0,0
02/10/2005,20:00,0,0,0,3,0,0,3,0,0,3,0,0,3,0,0,3,0,0,3,0,-9990,0,0,10,E,8,9,E,8,2.6,E,8,-2.5,E,8,69,E,8,988,E,8,172,E,8,1.4,E,8,-9990,0,0,-9990,0,0,0.778,E,8,0.193,E,8,0.20,E,8,0,-9990,0,0
02/10/2005,21:00,0,0,0,3,0,0,3,0,0,3,0,0,3,0,0,3,0,0,3,0,-9990,0,0,10,E,8,9,E,8,2.3,E,8,-3.3,E,8,67,E,8,988,E,8,151,E,8,1.7,E,8,-9990,0,0,-9990,0,0,0.738,E,8,0.193,E,8,0.20,E,8,0,-9990,0,0
02/10/2005,22:00,0,0,0,3,0,0,3,0,0,3,0,0,3,0,0,3,0,0,3,0,-9990,0,0,10,E,8,9,E,8,2.0,E,8,-4.0,E,8,64,E,8,988,E,8,188,E,8,2.2,E,8,-9990,0,0,-9990,0,0,0.702,E,8,0.193,E,8,0.20,E,8,0,-9990,0,0
02/10/2005,23:00,0,0,0,3,0,0,3,0,0,3,0,0,3,0,0,3,0,0,3,0,-9990,0,0,10,E,8,9,E,8,1.7,E,8,-3.3,E,8,69,E,8,988,E,8,139,E,8,4.6,E,8,-9990,0,0,-9990,0,0,0.736,E,8,0.193,E,8,0.20,E,8,0,-9990,0,0
02/10/2005,24:00,0,0,0,3,0,0,3,0,0,3,0,0,3,0,0,3,0,0,3,0,-9990,0,0,10,E,8,9,E,8,1.4,E,8,-2.8,E,8,73,E,8,988,E,8,1,E,8,4.3,E,8,-9990,0,0,-9990,0,0,0.763,E,8,0.193,E,8,0.20,E,8,0,-9990,0,0
02/11/2005,01:00,0,0,0,3,0,0,3,0,0,3,0,0,3,0,0,3,0,0,3,0,-9990,0,0,10,E,8,9,E,8,1.2,E,8,-3.2,E,8,72,E,8,988,E,8,306,E,8,2.4,E,8,-9990,0,0,-9990,0,0,0.743,E,8,0.199,E,8,0.20,E,8,0,-9990,0,0
02/11/2005,02:00,0,0,0,3,0,0,3,0,0,3,0,0,3,0,0,3,0,0,3,0,-9990,0,0,10,E,8,9,E,8,1.0,E,8,-3.0,E,8,75,E,8,988,E,8,329,E,8,3.0,E,8,-9990,0,0,-9990,0,0,0.752,E,8,0.199,E,8,0.20,E,8,0,-9990,0,0
02/11/2005,03:00,0,0,0,3,0,0,3,0,0,3,0,0,3,0,0,3,0,0,3,0,-9990,0,0,10,E,8,9,E,8,0.8,E,8,-2.5,E,8,79,E,8,988,E,8,337,E,8,1.1,E,8,-9990,0,0,-9990,0,0,0.780,E,8,0.199,E,8,0.20,E,8,0,-9990,0,0
02/11/2005,04:00,0,0,0,3,0,0,3,0,0,3,0,0,3,0,0,3,0,0,3,0,-9990,0,0,10,E,8,9,E,8,0.7,E,8,-2.6,E,8,79,E,8,988,E,8,346,E,8,2.0,E,8,-9990,0,0,-9990,0,0,0.773,E,8,0.199,E,8,0.20,E,8,0,-9990,0,0
02/11/2005,05:00,0,0,0,3,0,0,3,0,0,3,0,0,3,0,0,3,0,0,3,0,-9990,0,0,10,E,8,9,E,8,0.6,E,8,-3.0,E,8,77,E,8,988,E,8,67,E,8,2.0,E,8,-9990,0,0,-9990,0,0,0.753,E,8,0.199,E,8,0.20,E,8,0,-9990,0,0
02/11/2005,06:00,0,0,0,3,0,0,3,0,0,3,0,0,3,0,0,3,0,0,3,0,-9990,0,0,10,E,8,9,E,8,0.5,E,8,-2.9,E,8,78,E,8,988,E,8,18,E,8,2.6,E,8,-9990,0,0,-9990,0,0,0.757,E,8,0.199,E,8,0.20,E,8,0,-9990,0,0
02/11/2005,07:00,0,0,0,3,0,0,3,0,0,3,0,0,3,0,0,3,0,0,3,0,-9990,0,0,10,E,8,9,E,8,0.4,E,8,-3.2,E,8,76,E,8,988,E,8,357,E,8,2.8,E,8,-9990,0,0,-9990,0,0,0.739,E,8,0.199,E,8,0.20,E,8,0,-9990,0,0
02/11/2005,08:00,0,0,0,3,0,0,3,0,0,3,0,0,3,0,0,3,0,0,3,0,-9990,0,0,10,E,8,9,E,8,0.3,E,8,-3.5,E,8,75,E,8,987,E,8,97,E,8,2.6,E,8,-9990,0,0,-9990,0,0,0.726,E,8,0.199,E,8,0.20,E,8,0,-9990,0,0
02/11/2005,09:00,91,637,7,3,10,0,3,20,7,3,10,916,3,10,5,3,20,915,3,10,-9990,0,0,10,E,8,9,E,8,0.6,E,8,-3.2,E,8,76,E,8,987,E,8,144,E,8,3.4,E,8,-9990,0,0,-9990,0,0,0.742,E,8,0.199,E,8,0.20,E,8,0,-9990,0,0
02/11/2005,10:00,299,1402,91,3,10,48,3,20,81,3,10,10028,3,10,4153,3,20,9141,3,10,-9990,0,0,10,E,8,9,E,8,2.1,E,8,-2.8,E,8,70,E,8,987,E,8,136,E,8,3.4,E,8,-9990,0,0,-9990,0,0,0.760,E,8,0.199,E,8,0.20,E,8,0,-9990,0,0
02/11/2005,11:00,468,1402,166,3,10,62,3,20,146,3,10,18286,3,10,5687,3,20,16388,3,10,-9990,0,0,10,E,8,9,E,8,3.4,E,8,-3.3,E,8,61,E,8,987,E,8,154,E,8,4.3,E,8,-9990,0,0,-9990,0,0,0.735,E,8,0.199,E,8,0.20,E,8,0,-9990,0,0
02/11/2005,12:00,587,1402,185,3,10,20,3,20,177,3,10,20494,3,10,2008,3,20,19652,3,10,-9990,0,0,10,E,8,9,E,8,4.3,E,8,-3.6,E,8,56,E,8,987,E,8,160,E,8,4.6,E,8,-9990,0,0,-9990,0,0,0.722,E,8,0.199,E,8,0.20,E,8,0,-9990,0,0
02/11/2005,13:00,649,1402,228,3,10,34,3,20,212,3,10,25208,3,10,3510,3,20,23583,3,10,-9990,0,0,10,E,8,9,E,8,5.1,E,8,-4.0,E,8,51,E,8,987,E,8,69,E,8,5.1,E,8,-9990,0,0,-9990,0,0,0.699,E,8,0.199,E,8,0.20,E,8,0,-9990,0,0
02/11/2005,14:00,650,1402,233,3,10,50,3,20,210,3,10,25666,3,10,4448,3,20,23606,3,10,-9990,0,0,10,E,8,9,E,8,5.7,E,8,-4.0,E,8,50,E,8,987,E,8,81,E,8,4.6,E,8,-9990,0,0,-9990,0,0,0.702,E,8,0.199,E,8,0.20,E,8,0,-9990,0,0
02/11/2005,15:00,588,1402,213,3,10,56,3,20,190,3,10,23449,3,10,5120,3,20,21302,3,10,-9990,0,0,10,E,8,9,E,8,6.0,E,8,-3.9,E,8,49,E,8,987,E,8,68,E,8,4.8,E,8,-9990,0,0,-9990,0,0,0.707,E,8,0.199,E,8,0.20,E,8,0,-9990,0,0
02/11/2005,16:00,469,1402,144,3,10,19,3,20,138,3,10,15816,3,10,1827,3,20,15205,3,10,-9990,0,0,10,E,8,9,E,8,5.9,E,8,-3.2,E,8,52,E,8,987,E,8,95,E,8,5.1,E,8,-9990,0,0,-9990,0,0,0.744,E,8,0.199,E,8,0.20,E,8,0,-9990,0,0
02/11/2005,17:00,301,1402,68,3,10,0,3,20,68,3,10,7513,3,10,0,3,20,7513,3,10,-9990,0,0,10,E,8,9,E,8,5.3,E,8,-3.1,E,8,55,E,8,987,E,8,168,E,8,4.0,E,8,-9990,0,0,-9990,0,0,0.748,E,8,0.199,E,8,0.20,E,8,0,-9990,0,0
02/11/2005,18:00,92,642,4,3,10,0,3,20,4,3,10,497,3,10,7,3,20,496,3,10,-9990,0,0,10,E,8,9,E,8,4.5,E,8,-3.1,E,8,58,E,8,987,E,8,137,E,8,5.1,E,8,-9990,0,0,-9990,0,0,0.746,E,8,0.199,E,8,0.20,E,8,0,-9990,0,0
02/11/2005,19:00,0,0,0,3,0,0,3,0,0,3,0,0,3,0,0,3,0,0,3,0,-9990,0,0,10,E,8,9,E,8,4.0,E,8,-3.2,E,8,59,E,8,987,E,8,196,E,8,6.2,E,8,-9990,0,0,-9990,0,0,0.742,E,8,0.199,E,8,0.20,E,8,0,-9990,0,0
02/11/2005,20:00,0,0,0,3,0,0,3,0,0,3,0,0,3,0,0,3,0,0,3,0,-9990,0,0,10,E,8,9,E,8,3.4,E,8,-0.3,E,8,77,E,8,987,E,8,248,E,8,6.2,E,8,-9990,0,0,-9990,0,0,0.907,E,8,0.199,E,8,0.20,E,8,0,-9990,0,0
02/11/2005,21:00,0,0,0,3,0,0,3,0,0,3,0,0,3,0,0,3,0,0,3,0,-9990,0,0,9,E,8,8,E,8,3.0,E,8,1.1,E,8,87,E,8,987,E,8,174,E,8,7.6,E,8,-9990,0,0,-9990,0,0,0.999,E,8,0.199,E,8,0.20,E,8,0,-9990,0,0
02/11/2005,22:00,0,0,0,3,0,0,3,0,0,3,0,0,3,0,0,3,0,0,3,0,-9990,0,0,9,E,8,8,E,8,2.5,E,8,0.6,E,8,87,E,8,987,E,8,164,E,8,7.3,E,8,-9990,0,0,-9990,0,0,0.966,E,8,0.199,E,8,0.20,E,8,0,-9990,0,0
02/11/2005,23:00,0,0,0,3,0,0,3,0,0,3,0,0,3,0,0,3,0,0,3,0,-9990,0,0,9,E,8,8,E,8,2.0,E,8,0.1,E,8,87,E,8,987,E,8,145,E,8,6.9,E,8,-9990,0,0,-9990,0,0,0.933,E,8,0.199,E,8,0.20,E,8,0,-9990,0,0
02/11/2005,24:00,0,0,0,3,0,0,3,0,0,3,0,0,3,0,0,3,0,0,3,0,-9990,0,0,9,E,8,8,E,8,1.5,E,8,-0.4,E,8,87,E,8,988,E,8,102,E,8,7.3,E,8,-9990,0,0,-9990,0,0,0.902,E,8,0.199,E,8,0.20,E,8,0,-9990,0,0
02/12/2005,01:00,0,0,0,3,0,0,3,0,0,3,0,0,3,0,0,3,0,0,3,0,-9990,0,0,9,E,8,8,E,8,0.9,E,8,-0.9,E,8,87,E,8,988,E,8,127,E,8,7.1,E,8,-9990,0,0,-9990,0,0,0.869,E,8,0.184,E,8,0.20,E,8,0,-9990,0,0
02/12/2005,02:00,0,0,0,3,0,0,3,0,0,3,0,0,3,0,0,3,0,0,3,0,-9990,0,0,9,E,8,8,E,8,0.3,E,8,-1.5,E,8,87,E,8,988,E,8,307,E,8,5.5,E,8,-9990,0,0,-9990,0,0,0.833,E,8,0.184,E,8,0.20,E,8,0,-9990,0,0
02/12/2005,03:00,0,0,0,3,0,0,3,0,0,3,0,0,3,0,0,3,0,0,3,0,-9990,0,0,8,E,8,7,E,8,-0.3,E,8,-2.2,E,8,87,E,8,988,E,8,84,E,8,3.4,E,8,-9990,0,0,-9990,0,0,0.798,E,8,0.184,E,8,0.20,E,8,0,-9990,0,0
02/12/2005,04:00,0,0,0,3,0,0,3,0,0,3,0,0,3,0,0,3,0,0,3,0,-9990,0,0,8,E,8,7,E,8,-0.7,E,8,-2.5,E,8,87,E,8,988,E,8,307,E,8,2.2,E,8,-9990,0,0,-9990,0,0,0.779,E,8,0.184,E,8,0.20,E,8,0,-9990,0,0
02/12/2005,05:00,0,0,0,3,0,0,3,0,0,3,0,0,3,0,0,3,0,0,3,0,-9990,0,0,8,E,8,7,E,8,-1.0,E,8,-2.6,E,8,89,E,8,988,E,8,128,E,8,2.8,E,8,-9990,0,0,-9990,0,0,0.773,E,8,0.184,E,8,0.20,E,8,0,-9990,0,0
02/12/2005,06:00,0,0,0,3,0,0,3,0,0,3,0,0,3,0,0,3,0,0,3,0,-9990,0,0,8,E,8,7,E,8,-1.4,E,8,-2.9,E,8,89,E,8,988,E,8,60,E,8,2.6,E,8,-9990,0,0,-9990,0,0,0.758,E,8,0.184,E,8,0.20,E,8,0,-9990,0,0
02/12/2005,07:00,0,0,0,3,0,0,3,0,0,3,0,0,3,0,0,3,0,0,3,0,-9990,0,0,8,E,8,7,E,8,-1.6,E,8,-4.0,E,8,84,E,8,988,E,8,342,E,8,3.4,E,8,-9990,0,0,-9990,0,0,0.703,E,8,0.184,E,8,0.20,E,8,0,-9990,0,0
02/12/2005,08:00,0,0,0,3,0,0,3,0,0,3,0,0,3,0,0,3,0,0,3,0,-9990,0,0,8,E,8,7,E,8,-1.9,E,8,-3.7,E,8,87,E,8,988,E,8,354,E,8,3.8,E,8,-9990,0,0,-9990,0,0,0.717,E,8,0.184,E,8,0.20,E,8,0,-9990,0,0
02/12/2005,09:00,96,656,4,3,10,0,3,20,4,3,10,500,3,10,7,3,20,499,3,10,-9990,0,0,6,E,8,6,E,8,-1.8,E,8,-3.5,E,8,89,E,8,988,E,8,308,E,8,5.1,E,8,-9990,0,0,-9990,0,0,0.728,E,8,0.184,E,8,0.20,E,8,0,-9990,0,0
02/12/2005,10:00,306,1402,124,3,10,190,3,20,83,3,10,12915,3,10,13688,3,20,9929,3,10,-9990,0,0,6,E,8,6,E,8,-0.1,E,8,-2.9,E,8,81,E,8,988,E,8,32,E,8,5.5,E,8,-9990,0,0,-9990,0,0,0.756,E,8,0.184,E,8,0.20,E,8,0,-9990,0,0
02/12/2005,11:00,475,1402,199,3,10,124,3,20,157,3,10,21320,3,10,10061,3,20,17913,3,10,-9990,0,0,9,E,8,8,E,8,1.2,E,8,-2.1,E,8,78,E,8,988,E,8,148,E,8,4.8,E,8,-9990,0,0,-9990,0,0,0.798,E,8,0.184,E,8,0.20,E,8,0,-9990,0,0
02/12/2005,12:00,594,1402,280,3,10,175,3,20,206,3,10,30165,3,10,15789,3,20,23472,3,10,-9990,0,0,9,E,8,8,E,8,2.4,E,8,-1.7,E,8,74,E,8,988,E,8,198,E,8,4.3,E,8,-9990,0,0,-9990,0,0,0.824,E,8,0.184,E,8,0.20,E,8,0,-9990,0,0
02/12/2005,13:00,656,1402,275,3,10,103,3,20,227,3,10,30242,3,10,10242,3,20,25448,3,10,-9990,0,0,10,E,8,9,E,8,3.1,E,8,-0.5,E,8,77,E,8,988,E,8,159,E,8,3.8,E,8,-9990,0,0,-9990,0,0,0.894,E,8,0.184,E,8,0.20,E,8,0,-9990,0,0
02/12/2005,14:00,656,1402,306,3,10,187,3,20,219,3,10,33113,3,10,17439,3,20,24946,3,10,-9990,0,0,9,E,8,8,E,8,3.7,E,8,-0.8,E,8,72,E,8,988,E,8,147,E,8,4.6,E,8,-9990,0,0,-9990,0,0,0.875,E,8,0.184,E,8,0.20,E,8,0,-9990,0,0
02/12/2005,15:00,595,1402,150,3,10,4,3,20,148,3,10,16805,3,10,237,3,20,16704,3,10,-9990,0,0,10,E,8,9,E,8,3.3,E,8,-1.6,E,8,70,E,8,988,E,8,133,E,8,5.1,E,8,-9990,0,0,-9990,0,0,0.831,E,8,0.184,E,8,0.20,E,8,0,-9990,0,0
02/12/2005,16:00,476,1402,107,3,10,0,3,20,107,3,10,11966,3,10,0,3,20,11966,3,10,-9990,0,0,10,E,8,9,E,8,2.6,E,8,-1.7,E,8,73,E,8,988,E,8,138,E,8,4.8,E,8,-9990,0,0,-9990,0,0,0.826,E,8,0.184,E,8,0.20,E,8,0,-9990,0,0
02/12/2005,17:00,307,1402,151,3,10,255,3,20,95,3,10,15477,3,10,19373,3,20,11229,3,10,-9990,0,0,6,E,8,5,E,8,2.4,E,8,-1.9,E,8,73,E,8,988,E,8,184,E,8,5.5,E,8,-9990,0,0,-9990,0,0,0.815,E,8,0.184,E,8,0.20,E,8,0,-9990,0,0
02/12/2005,18:00,98,662,27,3,10,0,3,20,27,3,10,3080,3,10,0,3,20,3080,3,10,-9990,0,0,6,E,8,5,E,8,1.6,E,8,-1.7,E,8,79,E,8,988,E,8,97,E,8,4.0,E,8,-9990,0,0,-9990,0,0,0.823,E,8,0.184,E,8,0.20,E,8,0,-9990,0,0
02/12/2005,19:00,0,0,0,3,0,0,3,0,0,3,0,0,3,0,0,3,0,0,3,0,-9990,0,0,6,E,8,5,E,8,1.5,E,8,-2.4,E,8,75,E,8,988,E,8,119,E,8,3.8,E,8,-9990,0,0,-9990,0,0,0.784,E,8,0.184,E,8,0.20,E,8,0,-9990,0,0
02/12/2005,20:00,0,0,0,3,0,0,3,0,0,3,0,0,3,0,0,3,0,0,3,0,-9990,0,0,6,E,8,6,E,8,1.5,E,8,-1.5,E,8,80,E,8,987,E,8,152,E,8,2.6,E,8,-9990,0,0,-9990,0,0,0.834,E,8,0.184,E,8,0.20,E,8,0,-9990,0,0
02/12/2005,21:00,0,0,0,3,0,0,3,0,0,3,0,0,3,0,0,3,0,0,3,0,-9990,0,0,6,E,8,6,E,8,1.5,E,8,-1.5,E,8,81,E,8,987,E,8,133,E,8,1.9,E,8,-9990,0,0,-9990,0,0,0.838,E,8,0.184,E,8,0.20,E,8,0,-9990,0,0
02/12/2005,22:00,0,0,0,3,0,0,3,0,0,3,0,0,3,0,0,3,0,0,3,0,-9990,0,0,8,E,8,7,E,8,1.5,E,8,-1.2,E,8,82,E,8,987,E,8,121,E,8,4.8,E,8,-9990,0,0,-9990,0,0,0.855,E,8,0.184,E,8,0.20,E,8,0,-9990,0,0
02/12/2005,23:00,0,0,0,3,0,0,3,0,0,3,0,0,3,0,0,3,0,0,3,0,-9990,0,0,8,E,8,7,E,8,1.5,E,8,-1.5,E,8,80,E,8,987,E,8,51,E,8,3.6,E,8,-9990,0,0,-9990,0,0,0.832,E,8,0.184,E,8,0.20,E,8,0,-9990,0,0
02/12/2005,24:00,0,0,0,3,0,0,3,0,0,3,0,0,3,0,0,3,0,0,3,0,-9990,0,0,8,E,8,7,E,8,1.4,E,8,-0.8,E,8,85,E,8,987,E,8,118,E,8,3.6,E,8,-9990,0,0,-9990,0,0,0.879,E,8,0.184,E,8,0.20,E,8,0,-9990,0,0
02/13/2005,01:00,0,0,0,3,0,0,3,0,0,3,0,0,3,0,0,3,0,0,3,0,-9990,0,0,8,E,8,7,E,8,1.7,E,8,-1.3,E,8,81,E,8,987,E,8,329,E,8,3.0,E,8,-9990,0,0,-9990,0,0,0.847,E,8,0.190,E,8,0.20,E,8,0,-9990,0,0
02/13/2005,02:00,0,0,0,3,0,0,3,0,0,3,0,0,3,0,0,3,0,0,3,0,-9990,0,0,8,E,8,7,E,8,1.9,E,8,-0.9,E,8,81,E,8,987,E,8,10,E,8,3.6,E,8,-9990,0,0,-9990,0,0,0.869,E,8,0.190,E,8,0.20,E,8,0,-9990,0,0
02/13/2005,03:00,0,0,0,3,0,0,3,0,0,3,0,0,3,0,0,3,0,0,3,0,-9990,0,0,8,E,8,7,E,8,2.2,E,8,-0.8,E,8,80,E,8,987,E,8,149,E,8,3.0,E,8,-9990,0,0,-9990,0,0,0.877,E,8,0.190,E,8,0.20,E,8,0,-9990,0,0
02/13/2005,04:00,0,0,0,3,0,0,3,0,0,3,0,0,3,0,0,3,0,0,3,0,-9990,0,0,9,E,8,8,E,8,2.4,E,8,-1.0,E,8,78,E,8,987,E,8,117,E,8,3.6,E,8,-9990,0,0,-9990,0,0,0.866,E,8,0.190,E,8,0.20,E,8,0,-9990,0,0
02/13/2005,05:00,0,0,0,3,0,0,3,0,0,3,0,0,3,0,0,3,0,0,3,0,-9990,0,0,9,E,8,8,E,8,2.6,E,8,-0.7,E,8,79,E,8,987,E,8,31,E,8,4.0,E,8,-9990,0,0,-9990,0,0,0.884,E,8,0.190,E,8,0.20,E,8,0,-9990,0,0
02/13/2005,06:00,0,0,0,3,0,0,3,0,0,3,0,0,3,0,0,3,0,0,3,0,-9990,0,0,9,E,8,8,E,8,2.8,E,8,0.2,E,8,83,E,8,987,E,8,63,E,8,4.8,E,8,-9990,0,0,-9990,0,0,0.944,E,8,0.190,E,8,0.20,E,8,0,-9990,0,0
02/13/2005,07:00,0,0,0,3,0,0,3,0,0,3,0,0,3,0,0,3,0,0,3,0,-9990,0,0,9,E,8,8,E,8,2.9,E,8,0.0,E,8,81,E,8,986,E,8,343,E,8,5.5,E,8,-9990,0,0,-9990,0,0,0.925,E,8,0.190,E,8,0.20,E,8,0,-9990,0,0
02/13/2005,08:00,0,0,0,3,0,0,3,0,0,3,0,0,3,0,0,3,0,0,3,0,-9990,0,0,9,E,8,8,E,8,3.1,E,8,-0.7,E,8,76,E,8,986,E,8,86,E,8,7.9,E,8,-9990,0,0,-9990,0,0,0.882,E,8,0.190,E,8,0.20,E,8,0,-9990,0,0
02/13/2005,09:00,102,675,20,3,10,0,3,20,20,3,10,2302,3,10,0,3,20,2302,3,10,-9990,0,0,9,E,8,8,E,8,4.0,E,8,0.2,E,8,76,E,8,986,E,8,124,E,8,7.1,E,8,-9990,0,0,-9990,0,0,0.938,E,8,0.190,E,8,0.20,E,8,0,-9990,0,0
02/13/2005,10:00,312,1401,98,3,10,56,3,20,86,3,10,10774,3,10,5066,3,20,9645,3,10,-9990,0,0,10,E,8,9,E,8,5.9,E,8,0.0,E,8,66,E,8,986,E,8,144,E,8,5.9,E,8,-9990,0,0,-9990,0,0,0.931,E,8,0.190,E,8,0.20,E,8,0,-9990,0,0
02/13/2005,11:00,481,1401,143,3,10,21,3,20,136,3,10,15720,3,10,2154,3,20,14980,3,10,-9990,0,0,10,E,8,9,E,8,7.2,E,8,-0.2,E,8,59,E,8,986,E,8,156,E,8,5.5,E,8,-9990,0,0,-9990,0,0,0.912,E,8,0.190,E,8,0.20,E,8,0,-9990,0,0
02/13/2005,12:00,601,1401,144,3,10,0,3,20,143,3,10,16149,3,10,0,3,20,16149,3,10,-9990,0,0,10,E,8,9,E,8,7.9,E,8,-1.2,E,8,52,E,8,986,E,8,130,E,8,4.8,E,8,-9990,0,0,-9990,0,0,0.855,E,8,0.190,E,8,0.20,E,8,0,-9990,0,0
02/13/2005,13:00,663,1401,138,3,10,0,3,20,138,3,10,15729,3,10,0,3,20,15729,3,10,-9990,0,0,10,E,8,9,E,8,8.3,E,8,0.0,E,8,56,E,8,986,E,8,359,E,8,6.6,E,8,-9990,0,0,-9990,0,0,0.930,E,8,0.190,E,8,0.20,E,8,0,-9990,0,0
02/13/2005,14:00,663,1401,198,3,10,19,3,20,189,3,10,22108,3,10,1956,3,20,21182,3,10,-9990,0,0,10,E,8,9,E,8,9.1,E,8,0.1,E,8,53,E,8,986,E,8,58,E,8,6.6,E,8,-9990,0,0,-9990,0,0,0.932,E,8,0.190,E,8,0.20,E,8,0,-9990,0,0
02/13/2005,15:00,602,1401,153,3,10,3,3,20,152,3,10,17154,3,10,202,3,20,17068,3,10,-9990,0,0,10,E,8,9,E,8,9.4,E,8,0.6,E,8,54,E,8,986,E,8,359,E,8,5.5,E,8,-9990,0,0,-9990,0,0,0.969,E,8,0.190,E,8,0.20,E,8,0,-9990,0,0
02/13/2005,16:00,483,1401,117,3,10,0,3,20,117,3,10,12949,3,10,0,3,20,12949,3,10,-9990,0,0,10,E,8,9,E,8,9.3,E,8,0.4,E,8,53,E,8,986,E,8,329,E,8,5.1,E,8,-9990,0,0,-9990,0,0,0.952,E,8,0.190,E,8,0.20,E,8,0,-9990,0,0
02/13/2005,17:00,314,1401,85,3,10,15,3,20,81,3,10,9158,3,10,1523,3,20,8817,3,10,-9990,0,0,10,E,8,9,E,8,9.0,E,8,0.5,E,8,55,E,8,986,E,8,8,E,8,6.2,E,8,-9990,0,0,-9990,0,0,0.963,E,8,0.190,E,8,0.20,E,8,0,-9990,0,0
02/13/2005,18:00,104,682,7,3,10,0,3,20,7,3,10,929,3,10,4,3,20,928,3,10,-9990,0,0,10,E,8,9,E,8,8.3,E,8,0.7,E,8,59,E,8,986,E,8,34,E,8,4.8,E,8,-9990,0,0,-9990,0,0,0.974,E,8,0.190,E,8,0.20,E,8,0,-9990,0,0
02/13/2005,19:00,0,0,0,3,0,0,3,0,0,3,0,0,3,0,0,3,0,0,3,0,-9990,0,0,10,E,8,9,E,8,7.7,E,8,1.2,E,8,64,E,8,986,E,8,122,E,8,4.0,E,8,-9990,0,0,-9990,0,0,1.013,E,8,0.190,E,8,0.20,E,8,0,-9990,0,0
02/13/2005,20:00,0,0,0,3,0,0,3,0,0,3,0,0,3,0,0,3,0,0,3,0,-9990,0,0,10,E,8,9,E,8,7.1,E,8,1.2,E,8,66,E,8,986,E,8,111,E,8,3.8,E,8,-9990,0,0,-9990,0,0,1.007,E,8,0.190,E,8,0.20,E,8,0,-9990,0,0
02/13/2005,21:00,0,0,0,3,0,0,3,0,0,3,0,0,3,0,0,3,0,0,3,0,-9990,0,0,10,E,8,9,E,8,6.6,E,8,1.4,E,8,69,E,8,986,E,8,117,E,8,2.6,E,8,-9990,0,0,-9990,0,0,1.023,E,8,0.190,E,8,0.20,E,8,0,-9990,0,0
02/13/2005,22:00,0,0,0,3,0,0,3,0,0,3,0,0,3,0,0,3,0,0,3,0,-9990,0,0,10,E,8,9,E,8,6.0,E,8,3.4,E,8,83,E,8,986,E,8,215,E,8,2.0,E,8,-9990,0,0,-9990,0,0,1.178,E,8,0.190,E,8,0.20,E,8,0,-9990,0,0
02/13/2005,23:00,0,0,0,3,0,0,3,0,0,3,0,0,3,0,0,3,0,0,3,0,-9990,0,0,10,E,8,9,E,8,5.4,E,8,2.8,E,8,83,E,8,986,E,8,132,E,8,1.1,E,8,-9990,0,0,-9990,0,0,1.132,E,8,0.190,E,8,0.20,E,8,0,-9990,0,0
02/13/2005,24:00,0,0,0,3,0,0,3,0,0,3,0,0,3,0,0,3,0,0,3,0,-9990,0,0,10,E,8,9,E,8,4.7,E,8,2.7,E,8,87,E,8,985,E,8,76,E,8,1.7,E,8,-9990,0,0,-9990,0,0,1.122,E,8,0.190,E,8,0.20,E,8,1,-9990,0,0
02/14/2005,01:00,0,0,0,3,0,0,3,0,0,3,0,0,3,0,0,3,0,0,3,0,-9990,0,0,10,E,8,9,E,8,3.7,E,8,2.4,E,8,91,E,8,985,E,8,122,E,8,0.7,E,8,-9990,0,0,-9990,0,0,1.100,E,8,0.179,E,8,0.20,E,8,0,-9990,0,0
02/14/2005,02:00,0,0,0,3,0,0,3,0,0,3,0,0,3,0,0,3,0,0,3,0,-9990,0,0,10,E,8,9,E,8,2.3,E,8,1.0,E,8,91,E,8,985,E,8,149,E,8,0.7,E,8,-9990,0,0,-9990,0,0,0.993,E,8,0.179,E,8,0.20,E,8,0,-9990,0,0
02/14/2005,03:00,0,0,0,3,0,0,3,0,0,3,0,0,3,0,0,3,0,0,3,0,-9990,0,0,10,E,8,9,E,8,1.0,E,8,0.1,E,8,94,E,8,985,E,8,118,E,8,0.8,E,8,-9990,0,0,-9990,0,0,0.932,E,8,0.179,E,8,0.20,E,8,0,-9990,0,0
02/14/2005,04:00,0,0,0,3,0,0,3,0,0,3,0,0,3,0,0,3,0,0,3,0,-9990,0,0,10,E,8,9,E,8,0.1,E,8,-1.0,E,8,93,E,8,985,E,8,115,E,8,1.7,E,8,-9990,0,0,-9990,0,0,0.867,E,8,0.179,E,8,0.21,E,8,0,-9990,0,0
02/14/2005,05:00,0,0,0,3,0,0,3,0,0,3,0,0,3,0,0,3,0,0,3,0,-9990,0,0,10,E,8,9,E,8,-0.6,E,8,-0.9,E,8,98,E,8,985,E,8,134,E,8,1.5,E,8,-9990,0,0,-9990,0,0,0.870,E,8,0.179,E,8,0.21,E,8,0,-9990,0,0
02/14/2005,06:00,0,0,0,3,0,0,3,0,0,3,0,0,3,0,0,3,0,0,3,0,-9990,0,0,10,E,8,9,E,8,-1.4,E,8,-1.8,E,8,97,E,8,985,E,8,155,E,8,2.4,E,8,-9990,0,0,-9990,0,0,0.818,E,8,0.179,E,8,0.21,E,8,0,-9990,0,0
02/14/2005,07:00,0,0,0,3,0,0,3,0,0,3,0,0,3,0,0,3,0,0,3,0,-9990,0,0,10,E,8,9,E,8,-2.0,E,8,-2.2,E,8,98,E,8,985,E,8,182,E,8,2.6,E,8,-9990,0,0,-9990,0,0,0.796,E,8,0.179,E,8,0.21,E,8,0,-9990,0,0
02/14/2005,08:00,0,0,0,3,0,0,3,0,0,3,0,0,3,0,0,3,0,0,3,0,-9990,0,0,10,E,8,9,E,8,-2.5,E,8,-2.8,E,8,98,E,8,985,E,8,229,E,8,2.8,E,8,-9990,0,0,-9990,0,0,0.765,E,8,0.179,E,8,0.21,E,8,0,-9990,0,0
02/14/2005,09:00,109,694,13,3,10,0,3,20,13,3,10,1587,3,10,0,3,20,1587,3,10,-9990,0,0,10,E,8,9,E,8,-2.6,E,8,-2.9,E,8,97,E,8,985,E,8,249,E,8,3.0,E,8,-9990,0,0,-9990,0,0,0.755,E,8,0.179,E,8,0.21,E,8,0,-9990,0,0
02/14/2005,10:00,319,1401,76,3,10,0,3,20,76,3,10,8318,3,10,0,3,20,8318,3,10,-9990,0,0,10,E,8,9,E,8,-2.4,E,8,-3.4,E,8,93,E,8,985,E,8,323,E,8,3.0,E,8,-9990,0,0,-9990,0,0,0.732,E,8,0.179,E,8,0.21,E,8,0,-9990,0,0
02/14/2005,11:00,488,1401,118,3,10,0,3,20,118,3,10,13116,3,10,0,3,20,13116,3,10,-9990,0,0,10,E,8,9,E,8,-2.3,E,8,-3.4,E,8,92,E,8,985,E,8,313,E,8,2.4,E,8,-9990,0,0,-9990,0,0,0.729,E,8,0.179,E,8,0.21,E,8,0,-9990,0,0
02/14/2005,12:00,608,1401,148,3,10,2,3,20,148,3,10,16661,3,10,19,3,20,16653,3,10,-9990,0,0,10,E,8,9,E,8,-2.2,E,8,-3.0,E,8,94,E,8,985,E,8,326,E,8,2.2,E,8,-9990,0,0,-9990,0,0,0.750,E,8,0.179,E,8,0.21,E,8,0,-9990,0,0
02/14/2005,13:00,670,1401,170,3,10,4,3,20,168,3,10,19101,3,10,245,3,20,18984,3,10,-9990,0,0,10,E,8,9,E,8,-2.2,E,8,-3.6,E,8,90,E,8,985,E,8,249,E,8,2.2,E,8,-9990,0,0,-9990,0,0,0.719,E,8,0.179,E,8,0.21,E,8,0,-9990,0,0
02/14/2005,14:00,670,1401,203,3,10,21,3,20,193,3,10,22621,3,10,2119,3,20,21607,3,10,-9990,0,0,10,E,8,9,E,8,-2.2,E,8,-3.6,E,8,90,E,8,985,E,8,179,E,8,1.9,E,8,-9990,0,0,-9990,0,0,0.720,E,8,0.179,E,8,0.21,E,8,0,-9990,0,0
02/14/2005,15:00,609,1401,110,3,10,0,3,20,110,3,10,12674,3,10,0,3,20,12674,3,10,-9990,0,0,10,E,8,9,E,8,-2.6,E,8,-3.6,E,8,92,E,8,986,E,8,177,E,8,2.4,E,8,-9990,0,0,-9990,0,0,0.719,E,8,0.179,E,8,0.23,E,8,0,-9990,0,0
02/14/2005,16:00,489,1401,112,3,10,0,3,20,112,3,10,12525,3,10,0,3,20,12525,3,10,-9990,0,0,10,E,8,9,E,8,-2.7,E,8,-3.3,E,8,95,E,8,986,E,8,209,E,8,3.4,E,8,-9990,0,0,-9990,0,0,0.734,E,8,0.179,E,8,0.24,E,8,0,-9990,0,0
02/14/2005,17:00,321,1401,75,3,10,0,3,20,75,3,10,8178,3,10,0,3,20,8178,3,10,-9990,0,0,10,E,8,9,E,8,-3.3,E,8,-3.6,E,8,98,E,8,986,E,8,174,E,8,3.8,E,8,-9990,0,0,-9990,0,0,0.722,E,8,0.179,E,8,0.53,E,8,0,-9990,0,0
02/14/2005,18:00,114,1401,9,3,10,0,3,20,9,3,10,1101,3,10,5,3,20,1101,3,10,-9990,0,0,9,E,8,8,E,8,-3.3,E,8,-3.7,E,8,97,E,8,986,E,8,199,E,8,5.9,E,8,-9990,0,0,-9990,0,0,0.718,E,8,0.179,E,8,0.52,E,8,0,-9990,0,0
02/14/2005,19:00,0,0,0,3,10,0,3,20,0,3,10,0,3,10,0,3,20,0,3,10,-9990,0,0,9,E,8,8,E,8,-3.6,E,8,-4.0,E,8,97,E,8,987,E,8,190,E,8,4.0,E,8,-9990,0,0,-9990,0,0,0.700,E,8,0.179,E,8,0.50,E,8,0,-9990,0,0
02/14/2005,20:00,0,0,0,3,0,0,3,0,0,3,0,0,3,0,0,3,0,0,3,0,-9990,0,0,8,E,8,7,E,8,-4.1,E,8,-4.5,E,8,97,E,8,987,E,8,150,E,8,5.5,E,8,-9990,0,0,-9990,0,0,0.676,E,8,0.179,E,8,0.49,E,8,0,-9990,0,0
02/14/2005,21:00,0,0,0,3,0,0,3,0,0,3,0,0,3,0,0,3,0,0,3,0,-9990,0,0,8,E,8,7,E,8,-4.6,E,8,-5.0,E,8,97,E,8,987,E,8,183,E,8,6.9,E,8,-9990,0,0,-9990,0,0,0.653,E,8,0.179,E,8,0.30,E,8,0,-9990,0,0
02/14/2005,22:00,0,0,0,3,0,0,3,0,0,3,0,0,3,0,0,3,0,0,3,0,-9990,0,0,6,E,8,6,E,8,-5.1,E,8,-5.5,E,8,97,E,8,988,E,8,159,E,8,7.6,E,8,-9990,0,0,-9990,0,0,0.630,E,8,0.179,E,8,0.30,E,8,0,-9990,0,0
02/14/2005,23:00,0,0,0,3,0,0,3,0,0,3,0,0,3,0,0,3,0,0,3,0,-9990,0,0,6,E,8,6,E,8,-5.7,E,8,-6.0,E,8,97,E,8,988,E,8,187,E,8,7.9,E,8,-9990,0,0,-9990,0,0,0.608,E,8,0.179,E,8,0.30,E,8,0,-9990,0,0
02/14/2005,24:00,0,0,0,3,0,0,3,0,0,3,0,0,3,0,0,3,0,0,3,0,-9990,0,0,6,E,8,6,E,8,-4.7,E,8,-5.5,E,8,94,E,8,988,E,8,203,E,8,7.6,E,8,-9990,0,0,-9990,0,0,0.631,E,8,0.179,E,8,0.30,E,8,0,-9990,0,0
02/15/2005,01:00,0,0,0,3,0,0,3,0,0,3,0,0,3,0,0,3,0,0,3,0,-9990,0,0,5,E,8,5,E,8,-4.7,E,8,-5.1,E,8,97,E,8,989,E,8,212,E,8,9.1,E,8,-9990,0,0,-9990,0,0,0.650,E,8,0.174,E,8,0.30,E,8,0,-9990,0,0
02/15/2005,02:00,0,0,0,3,0,0,3,0,0,3,0,0,3,0,0,3,0,0,3,0,-9990,0,0,5,E,8,5,E,8,-4.8,E,8,-5.2,E,8,97,E,8,989,E,8,164,E,8,9.7,E,8,-9990,0,0,-9990,0,0,0.646,E,8,0.174,E,8,0.30,E,8,0,-9990,0,0
02/15/2005,03:00,0,0,0,3,0,0,3,0,0,3,0,0,3,0,0,3,0,0,3,0,-9990,0,0,4,E,8,3,E,8,-4.9,E,8,-5.2,E,8,97,E,8,989,E,8,221,E,8,8.5,E,8,-9990,0,0,-9990,0,0,0.643,E,8,0.174,E,8,0.29,E,8,0,-9990,0,0
02/15/2005,04:00,0,0,0,3,0,0,3,0,0,3,0,0,3,0,0,3,0,0,3,0,-9990,0,0,4,E,8,3,E,8,-5.0,E,8,-5.3,E,8,97,E,8,990,E,8,163,E,8,8.5,E,8,-9990,0,0,-9990,0,0,0.638,E,8,0.174,E,8,0.29,E,8,0,-9990,0,0
02/15/2005,05:00,0,0,0,3,0,0,3,0,0,3,0,0,3,0,0,3,0,0,3,0,-9990,0,0,4,E,8,3,E,8,-5.0,E,8,-5.3,E,8,98,E,8,990,E,8,159,E,8,7.3,E,8,-9990,0,0,-9990,0,0,0.640,E,8,0.174,E,8,0.29,E,8,0,-9990,0,0
02/15/2005,06:00,0,0,0,3,0,0,3,0,0,3,0,0,3,0,0,3,0,0,3,0,-9990,0,0,3,E,8,2,E,8,-5.1,E,8,-5.9,E,8,94,E,8,990,E,8,74,E,8,7.1,E,8,-9990,0,0,-9990,0,0,0.615,E,8,0.174,E,8,0.29,E,8,0,-9990,0,0
02/15/2005,07:00,0,0,0,3,0,0,3,0,0,3,0,0,3,0,0,3,0,0,3,0,-9990,0,0,3,E,8,2,E,8,-5.2,E,8,-5.6,E,8,97,E,8,991,E,8,65,E,8,7.3,E,8,-9990,0,0,-9990,0,0,0.629,E,8,0.174,E,8,0.29,E,8,0,-9990,0,0
02/15/2005,08:00,0,0,0,3,10,0,3,20,0,3,10,0,3,10,0,3,20,0,3,10,-9990,0,0,1,E,8,1,E,8,-5.3,E,8,-5.3,E,8,100,E,8,991,E,8,305,E,8,8.1,E,8,-9990,0,0,-9990,0,0,0.641,E,8,0.174,E,8,0.29,E,8,0,-9990,0,0
02/15/2005,09:00,118,1400,51,3,10,253,3,20,29,3,10,5188,3,10,8202,3,20,4497,3,10,-9990,0,0,1,E,8,1,E,8,-4.5,E,8,-5.6,E,8,92,E,8,991,E,8,2,E,8,9.7,E,8,-9990,0,0,-9990,0,0,0.625,E,8,0.174,E,8,0.29,E,8,0,-9990,0,0
02/15/2005,10:00,325,1400,172,3,10,487,3,20,59,3,10,17450,3,10,38272,3,20,8554,3,10,-9990,0,0,0,E,8,0,E,8,-2.9,E,8,-5.0,E,8,85,E,8,991,E,8,290,E,8,10.6,E,8,-9990,0,0,-9990,0,0,0.654,E,8,0.174,E,8,0.29,E,8,0,-9990,0,0
02/15/2005,11:00,495,1400,312,3,10,703,3,20,64,3,10,31960,3,10,62578,3,20,9842,3,10,-9990,0,0,0,E,8,0,E,8,-0.9,E,8,-4.6,E,8,76,E,8,992,E,8,56,E,8,13.0,E,8,-9990,0,0,-9990,0,0,0.672,E,8,0.174,E,8,0.29,E,8,0,-9990,0,0
02/15/2005,12:00,615,1400,404,3,10,743,3,20,78,3,10,42903,3,10,70807,3,20,11812,3,10,-9990,0,0,0,E,8,0,E,8,0.9,E,8,-4.4,E,8,68,E,8,992,E,8,130,E,8,10.6,E,8,-9990,0,0,-9990,0,0,0.683,E,8,0.174,E,8,0.28,E,8,0,-9990,0,0
02/15/2005,13:00,677,1400,427,3,10,629,3,20,123,3,10,44328,3,10,56138,3,20,17183,3,10,-9990,0,0,0,E,8,0,E,8,2.2,E,8,-3.6,E,8,65,E,8,992,E,8,130,E,8,9.1,E,8,-9990,0,0,-9990,0,0,0.722,E,8,0.174,E,8,0.27,E,8,0,-9990,0,0
02/15/2005,14:00,677,1400,411,3,10,563,3,20,138,3,10,43664,3,10,50364,3,20,19300,3,10,-9990,0,0,1,E,8,1,E,8,3.0,E,8,-3.8,E,8,61,E,8,992,E,8,118,E,8,8.1,E,8,-9990,0,0,-9990,0,0,0.712,E,8,0.174,E,8,0.26,E,8,0,-9990,0,0
02/15/2005,15:00,616,1400,388,3,10,618,3,20,116,3,10,39984,3,10,54102,3,20,16194,3,10,-9990,0,0,0,E,8,0,E,8,3.5,E,8,-3.3,E,8,61,E,8,992,E,8,256,E,8,9.1,E,8,-9990,0,0,-9990,0,0,0.734,E,8,0.174,E,8,0.25,E,8,0,-9990,0,0
02/15/2005,16:00,496,1400,285,3,10,541,3,20,93,3,10,29209,3,10,45032,3,20,13247,3,10,-9990,0,0,0,E,8,0,E,8,3.5,E,8,-2.3,E,8,65,E,8,992,E,8,287,E,8,11.6,E,8,-9990,0,0,-9990,0,0,0.788,E,8,0.174,E,8,0.24,E,8,0,-9990,0,0
02/15/2005,17:00,327,1400,173,3,10,435,3,20,72,3,10,17713,3,10,34461,3,20,9658,3,10,-9990,0,0,0,E,8,0,E,8,2.8,E,8,-2.1,E,8,70,E,8,992,E,8,250,E,8,10.6,E,8,-9990,0,0,-9990,0,0,0.799,E,8,0.174,E,8,0.23,E,8,0,-9990,0,0
02/15/2005,18:00,120,1400,60,3,10,272,3,20,37,3,10,6227,3,10,13155,3,20,5098,3,10,-9990,0,0,1,E,8,1,E,8,1.7,E,8,-2.6,E,8,73,E,8,992,E,8,277,E,8,8.5,E,8,-9990,0,0,-9990,0,0,0.773,E,8,0.174,E,8,0.22,E,8,0,-9990,0,0
02/15/2005,19:00,0,0,0,3,10,0,3,20,0,3,10,0,3,10,0,3,20,0,3,10,-9990,0,0,1,E,8,1,E,8,0.4,E,8,-1.9,E,8,85,E,8,992,E,8,307,E,8,8.5,E,8,-9990,0,0,-9990,0,0,0.813,E,8,0.174,E,8,0.22,E,8,0,-9990,0,0
02/15/2005,20:00,0,0,0,3,0,0,3,0,0,3,0,0,3,0,0,3,0,0,3,0,-9990,0,0,3,E,8,2,E,8,0.0,E,8,-2.3,E,8,85,E,8,992,E,8,282,E,8,9.7,E,8,-9990,0,0,-9990,0,0,0.789,E,8,0.174,E,8,0.22,E,8,0,-9990,0,0
02/15/2005,21:00,0,0,0,3,0,0,3,0,0,3,0,0,3,0,0,3,0,0,3,0,-9990,0,0,3,E,8,2,E,8,-0.5,E,8,-2.4,E,8,87,E,8,992,E,8,303,E,8,9.1,E,8,-9990,0,0,-9990,0,0,0.785,E,8,0.174,E,8,0.22,E,8,0,-9990,0,0
02/15/2005,22:00,0,0,0,3,0,0,3,0,0,3,0,0,3,0,0,3,0,0,3,0,-9990,0,0,3,E,8,2,E,8,-0.9,E,8,-3.0,E,8,86,E,8,992,E,8,310,E,8,7.9,E,8,-9990,0,0,-9990,0,0,0.755,E,8,0.174,E,8,0.22,E,8,0,-9990,0,0
02/15/2005,23:00,0,0,0,3,0,0,3,0,0,3,0,0,3,0,0,3,0,0,3,0,-9990,0,0,4,E,8,3,E,8,-1.3,E,8,-3.5,E,8,85,E,8,992,E,8,302,E,8,7.1,E,8,-9990,0,0,-9990,0,0,0.725,E,8,0.174,E,8,0.22,E,8,0,-9990,0,0
02/15/2005,24:00,0,0,0,3,0,0,3,0,0,3,0,0,3,0,0,3,0,0,3,0,-9990,0,0,4,E,8,3,E,8,-1.7,E,8,-2.6,E,8,94,E,8,992,E,8,286,E,8,7.1,E,8,-9990,0,0,-9990,0,0,0.776,E,8,0.174,E,8,0.22,E,8,0,-9990,0,0
02/16/2005,01:00,0,0,0,3,0,0,3,0,0,3,0,0,3,0,0,3,0,0,3,0,-9990,0,0,5,E,8,5,E,8,-1.8,E,8,-3.8,E,8,86,E,8,992,E,8,267,E,8,6.6,E,8,-9990,0,0,-9990,0,0,0.711,E,8,0.152,E,8,0.22,E,8,0,-9990,0,0
02/16/2005,02:00,0,0,0,3,0,0,3,0,0,3,0,0,3,0,0,3,0,0,3,0,-9990,0,0,5,E,8,5,E,8,-1.8,E,8,-4.1,E,8,84,E,8,992,E,8,232,E,8,6.6,E,8,-9990,0,0,-9990,0,0,0.694,E,8,0.152,E,8,0.22,E,8,0,-9990,0,0
02/16/2005,03:00,0,0,0,3,0,0,3,0,0,3,0,0,3,0,0,3,0,0,3,0,-9990,0,0,6,E,8,6,E,8,-1.9,E,8,-3.7,E,8,87,E,8,992,E,8,244,E,8,6.6,E,8,-9990,0,0,-9990,0,0,0.716,E,8,0.152,E,8,0.21,E,8,0,-9990,0,0
02/16/2005,04:00,0,0,0,3,0,0,3,0,0,3,0,0,3,0,0,3,0,0,3,0,-9990,0,0,6,E,8,6,E,8,-1.8,E,8,-4.2,E,8,84,E,8,992,E,8,318,E,8,5.1,E,8,-9990,0,0,-9990,0,0,0.692,E,8,0.152,E,8,0.21,E,8,0,-9990,0,0
02/16/2005,05:00,0,0,0,3,0,0,3,0,0,3,0,0,3,0,0,3,0,0,3,0,-9990,0,0,6,E,8,5,E,8,-1.8,E,8,-4.9,E,8,80,E,8,992,E,8,255,E,8,4.0,E,8,-9990,0,0,-9990,0,0,0.660,E,8,0.152,E,8,0.21,E,8,0,-9990,0,0
02/16/2005,06:00,0,0,0,3,0,0,3,0,0,3,0,0,3,0,0,3,0,0,3,0,-9990,0,0,8,E,8,7,E,8,-1.8,E,8,-3.6,E,8,88,E,8,992,E,8,162,E,8,3.4,E,8,-9990,0,0,-9990,0,0,0.724,E,8,0.152,E,8,0.21,E,8,0,-9990,0,0
02/16/2005,07:00,0,0,0,3,0,0,3,0,0,3,0,0,3,0,0,3,0,0,3,0,-9990,0,0,8,E,8,7,E,8,-1.8,E,8,-2.9,E,8,92,E,8,992,E,8,233,E,8,3.8,E,8,-9990,0,0,-9990,0,0,0.756,E,8,0.152,E,8,0.21,E,8,0,-9990,0,0
02/16/2005,08:00,0,0,0,3,10,0,3,20,0,3,10,0,3,10,0,3,20,0,3,10,-9990,0,0,9,E,8,8,E,8,-1.7,E,8,-3.0,E,8,91,E,8,992,E,8,192,E,8,4.3,E,8,-9990,0,0,-9990,0,0,0.754,E,8,0.152,E,8,0.21,E,8,0,-9990,0,0
02/16/2005,09:00,125,1400,51,3,10,168,3,20,36,3,10,5281,3,10,3057,3,20,5009,3,10,-9990,0,0,9,E,8,8,E,8,-0.5,E,8,-2.0,E,8,90,E,8,992,E,8,180,E,8,4.0,E,8,-9990,0,0,-9990,0,0,0.805,E,8,0.152,E,8,0.21,E,8,0,-9990,0,0
02/16/2005,10:00,332,1400,116,3,10,83,3,20,96,3,10,12668,3,10,8148,3,20,10734,3,10,-9990,0,0,9,E,8,8,E,8,0.9,E,8,-1.7,E,8,83,E,8,992,E,8,256,E,8,3.6,E,8,-9990,0,0,-9990,0,0,0.825,E,8,0.152,E,8,0.21,E,8,0,-9990,0,0
02/16/2005,11:00,502,1400,182,3,10,78,3,20,154,3,10,19992,3,10,7592,3,20,17270,3,10,-9990,0,0,10,E,8,9,E,8,2.4,E,8,-1.2,E,8,77,E,8,992,E,8,318,E,8,3.0,E,8,-9990,0,0,-9990,0,0,0.852,E,8,0.152,E,8,0.20,E,8,0,-9990,0,0
02/16/2005,12:00,622,1400,311,3,10,270,3,20,191,3,10,32623,3,10,23257,3,20,22290,3,10,-9990,0,0,8,E,8,6,E,8,4.4,E,8,-0.1,E,8,72,E,8,992,E,8,301,E,8,2.4,E,8,-9990,0,0,-9990,0,0,0.921,E,8,0.152,E,8,0.20,E,8,0,-9990,0,0
02/16/2005,13:00,684,1400,426,3,10,547,3,20,158,3,10,44728,3,10,46928,3,20,21791,3,10,-9990,0,0,4,E,8,3,E,8,6.7,E,8,-0.2,E,8,61,E,8,992,E,8,130,E,8,1.2,E,8,-9990,0,0,-9990,0,0,0.915,E,8,0.152,E,8,0.20,E,8,0,-9990,0,0
02/16/2005,14:00,684,1400,446,3,10,663,3,20,122,3,10,46460,3,10,59917,3,20,17163,3,10,-9990,0,0,0,E,8,0,E,8,8.5,E,8,-0.4,E,8,54,E,8,991,E,8,209,E,8,2.8,E,8,-9990,0,0,-9990,0,0,0.903,E,8,0.152,E,8,0.20,E,8,0,-9990,0,0
02/16/2005,15:00,623,1400,425,3,10,802,3,20,68,3,10,44708,3,10,77083,3,20,10417,3,10,-9990,0,0,0,E,8,0,E,8,9.7,E,8,0.5,E,8,53,E,8,991,E,8,316,E,8,3.0,E,8,-9990,0,0,-9990,0,0,0.962,E,8,0.152,E,8,0.20,E,8,0,-9990,0,0
02/16/2005,16:00,503,1400,329,3,10,717,3,20,71,3,10,34460,3,10,66030,3,20,10724,3,10,-9990,0,0,0,E,8,0,E,8,10.2,E,8,0.9,E,8,52,E,8,991,E,8,325,E,8,3.8,E,8,-9990,0,0,-9990,0,0,0.989,E,8,0.152,E,8,0.20,E,8,0,-9990,0,0
02/16/2005,17:00,334,1400,176,3,10,480,3,20,62,3,10,17845,3,10,37497,3,20,8899,3,10,-9990,0,0,0,E,8,0,E,8,9.6,E,8,0.8,E,8,54,E,8,990,E,8,256,E,8,4.6,E,8,-9990,0,0,-9990,0,0,0.981,E,8,0.152,E,8,0.20,E,8,0,-9990,0,0
02/16/2005,18:00,127,1400,48,3,10,185,3,20,32,3,10,5114,3,10,6137,3,20,4559,3,10,-9990,0,0,0,E,8,0,E,8,8.3,E,8,1.0,E,8,60,E,8,990,E,8,268,E,8,5.5,E,8,-9990,0,0,-9990,0,0,0.993,E,8,0.152,E,8,0.20,E,8,0,-9990,0,0
02/16/2005,19:00,0,0,0,3,10,0,3,20,0,3,10,0,3,10,0,3,20,0,3,10,-9990,0,0,1,E,8,1,E,8,6.9,E,8,2.2,E,8,72,E,8,990,E,8,153,E,8,5.5,E,8,-9990,0,0,-9990,0,0,1.079,E,8,0.152,E,8,0.20,E,8,0,-9990,0,0
02/16/2005,20:00,0,0,0,3,0,0,3,0,0,3,0,0,3,0,0,3,0,0,3,0,-9990,0,0,1,E,8,1,E,8,6.8,E,8,2.1,E,8,72,E,8,989,E,8,213,E,8,4.8,E,8,-9990,0,0,-9990,0,0,1.074,E,8,0.152,E,8,0.20,E,8,0,-9990,0,0
02/16/2005,21:00,0,0,0,3,0,0,3,0,0,3,0,0,3,0,0,3,0,0,3,0,-9990,0,0,3,E,8,2,E,8,6.8,E,8,2.4,E,8,74,E,8,989,E,8,168,E,8,4.6,E,8,-9990,0,0,-9990,0,0,1.097,E,8,0.152,E,8,0.20,E,8,0,-9990,0,0
02/16/2005,22:00,0,0,0,3,0,0,3,0,0,3,0,0,3,0,0,3,0,0,3,0,-9990,0,0,3,E,8,2,E,8,6.7,E,8,3.5,E,8,80,E,8,989,E,8,201,E,8,5.1,E,8,-9990,0,0,-9990,0,0,1.188,E,8,0.152,E,8,0.20,E,8,0,-9990,0,0
02/16/2005,23:00,0,0,0,3,0,0,3,0,0,3,0,0,3,0,0,3,0,0,3,0,-9990,0,0,4,E,8,3,E,8,6.7,E,8,3.9,E,8,82,E,8,988,E,8,44,E,8,6.9,E,8,-9990,0,0,-9990,0,0,1.215,E,8,0.152,E,8,0.20,E,8,0,-9990,0,0
02/16/2005,24:00,0,0,0,3,0,0,3,0,0,3,0,0,3,0,0,3,0,0,3,0,-9990,0,0,4,E,8,3,E,8,6.6,E,8,4.4,E,8,86,E,8,988,E,8,87,E,8,6.2,E,8,-9990,0,0,-9990,0,0,1.259,E,8,0.152,E,8,0.20,E,8,0,-9990,0,0
02/17/2005,01:00,0,0,0,3,0,0,3,0,0,3,0,0,3,0,0,3,0,0,3,0,-9990,0,0,5,E,8,4,E,8,6.4,E,8,3.1,E,8,79,E,8,988,E,8,143,E,8,6.6,E,8,-9990,0,0,-9990,0,0,1.149,E,8,0.161,E,8,0.20,E,8,0,-9990,0,0
02/17/2005,02:00,0,0,0,3,0,0,3,0,0,3,0,0,3,0,0,3,0,0,3,0,-9990,0,0,5,E,8,5,E,8,6.1,E,8,3.3,E,8,82,E,8,987,E,8,356,E,8,6.2,E,8,-9990,0,0,-9990,0,0,1.169,E,8,0.161,E,8,0.20,E,8,0,-9990,0,0
02/17/2005,03:00,0,0,0,3,0,0,3,0,0,3,0,0,3,0,0,3,0,0,3,0,-9990,0,0,6,E,8,6,E,8,5.8,E,8,3.8,E,8,87,E,8,987,E,8,93,E,8,6.2,E,8,-9990,0,0,-9990,0,0,1.213,E,8,0.161,E,8,0.20,E,8,0,-9990,0,0
02/17/2005,04:00,0,0,0,3,0,0,3,0,0,3,0,0,3,0,0,3,0,0,3,0,-9990,0,0,6,E,8,6,E,8,5.7,E,8,4.3,E,8,91,E,8,986,E,8,197,E,8,7.6,E,8,-9990,0,0,-9990,0,0,1.253,E,8,0.161,E,8,0.20,E,8,0,-9990,0,0
02/17/2005,05:00,0,0,0,3,0,0,3,0,0,3,0,0,3,0,0,3,0,0,3,0,-9990,0,0,8,E,8,7,E,8,5.6,E,8,5.1,E,8,97,E,8,986,E,8,212,E,8,5.9,E,8,-9990,0,0,-9990,0,0,1.322,E,8,0.161,E,8,0.20,E,8,0,-9990,0,0
02/17/2005,06:00,0,0,0,3,0,0,3,0,0,3,0,0,3,0,0,3,0,0,3,0,-9990,0,0,8,E,8,7,E,8,5.5,E,8,5.5,E,8,100,E,8,986,E,8,133,E,8,5.9,E,8,-9990,0,0,-9990,0,0,1.360,E,8,0.161,E,8,0.20,E,8,0,-9990,0,0
02/17/2005,07:00,0,0,0,3,0,0,3,0,0,3,0,0,3,0,0,3,0,0,3,0,-9990,0,0,9,E,8,8,E,8,5.4,E,8,5.4,E,8,100,E,8,985,E,8,71,E,8,5.5,E,8,-9990,0,0,-9990,0,0,1.351,E,8,0.161,E,8,0.20,E,8,0,-9990,0,0
02/17/2005,08:00,1,51,0,3,10,0,3,20,0,3,10,0,3,10,0,3,20,0,3,10,-9990,0,0,9,E,8,8,E,8,5.4,E,8,4.9,E,8,97,E,8,985,E,8,78,E,8,4.8,E,8,-9990,0,0,-9990,0,0,1.309,E,8,0.161,E,8,0.20,E,8,0,-9990,0,0
02/17/2005,09:00,131,1399,11,3,10,0,3,20,11,3,10,1392,3,10,0,3,20,1392,3,10,-9990,0,0,10,E,8,9,E,8,5.3,E,8,5.0,E,8,98,E,8,985,E,8,12,E,8,4.8,E,8,-9990,0,0,-9990,0,0,1.317,E,8,0.161,E,8,0.20,E,8,1,-9990,0,0
02/17/2005,10:00,339,1399,30,3,10,0,3,20,30,3,10,3497,3,10,0,3,20,3497,3,10,-9990,0,0,10,E,8,9,E,8,5.7,E,8,4.6,E,8,93,E,8,984,E,8,134,E,8,3.4,E,8,-9990,0,0,-9990,0,0,1.284,E,8,0.161,E,8,0.20,E,8,1,-9990,0,0
02/17/2005,11:00,509,1399,54,3,10,0,3,20,54,3,10,6388,3,10,0,3,20,6388,3,10,-9990,0,0,10,E,8,9,E,8,6.2,E,8,4.7,E,8,90,E,8,984,E,8,153,E,8,4.3,E,8,-9990,0,0,-9990,0,0,1.288,E,8,0.161,E,8,0.20,E,8,0,-9990,0,0
02/17/2005,12:00,629,1399,68,3,10,0,3,20,68,3,10,8124,3,10,0,3,20,8124,3,10,-9990,0,0,10,E,8,9,E,8,6.5,E,8,4.8,E,8,89,E,8,984,E,8,100,E,8,5.9,E,8,-9990,0,0,-9990,0,0,1.302,E,8,0.161,E,8,0.20,E,8,0,-9990,0,0
02/17/2005,13:00,691,1399,88,3,10,0,3,20,88,3,10,10400,3,10,0,3,20,10400,3,10,-9990,0,0,10,E,8,9,E,8,6.6,E,8,4.8,E,8,88,E,8,983,E,8,332,E,8,6.6,E,8,-9990,0,0,-9990,0,0,1.302,E,8,0.161,E,8,0.20,E,8,1,-9990,0,0
02/17/2005,14:00,691,1399,92,3,10,0,3,20,92,3,10,10870,3,10,0,3,20,10870,3,10,-9990,0,0,10,E,8,9,E,8,7.0,E,8,5.1,E,8,88,E,8,983,E,8,126,E,8,6.9,E,8,-9990,0,0,-9990,0,0,1.324,E,8,0.161,E,8,0.20,E,8,0,-9990,0,0
02/17/2005,15:00,630,1399,81,3,10,0,3,20,81,3,10,9490,3,10,0,3,20,9490,3,10,-9990,0,0,10,E,8,9,E,8,7.1,E,8,5.2,E,8,88,E,8,983,E,8,123,E,8,5.5,E,8,-9990,0,0,-9990,0,0,1.334,E,8,0.161,E,8,0.20,E,8,0,-9990,0,0
02/17/2005,16:00,510,1399,65,3,10,0,3,20,65,3,10,7536,3,10,0,3,20,7536,3,10,-9990,0,0,10,E,8,9,E,8,7.2,E,8,4.6,E,8,83,E,8,983,E,8,107,E,8,5.9,E,8,-9990,0,0,-9990,0,0,1.281,E,8,0.161,E,8,0.20,E,8,0,-9990,0,0
02/17/2005,17:00,341,1399,37,3,10,0,3,20,37,3,10,4226,3,10,0,3,20,4226,3,10,-9990,0,0,10,E,8,9,E,8,7.1,E,8,4.5,E,8,83,E,8,983,E,8,163,E,8,5.5,E,8,-9990,0,0,-9990,0,0,1.269,E,8,0.161,E,8,0.20,E,8,0,-9990,0,0
02/17/2005,18:00,133,1399,12,3,10,0,3,20,12,3,10,1407,3,10,0,3,20,1407,3,10,-9990,0,0,10,E,8,9,E,8,6.9,E,8,4.3,E,8,83,E,8,983,E,8,216,E,8,4.6,E,8,-9990,0,0,-9990,0,0,1.250,E,8,0.161,E,8,0.20,E,8,0,-9990,0,0
02/17/2005,19:00,1,57,0,3,10,0,3,20,0,3,10,0,3,10,0,3,20,0,3,10,-9990,0,0,10,E,8,9,E,8,6.6,E,8,4.0,E,8,83,E,8,983,E,8,316,E,8,5.9,E,8,-9990,0,0,-9990,0,0,1.228,E,8,0.161,E,8,0.20,E,8,0,-9990,0,0
02/17/2005,20:00,0,0,0,3,0,0,3,0,0,3,0,0,3,0,0,3,0,0,3,0,-9990,0,0,10,E,8,9,E,8,6.2,E,8,3.6,E,8,83,E,8,983,E,8,320,E,8,7.6,E,8,-9990,0,0,-9990,0,0,1.196,E,8,0.161,E,8,0.20,E,8,0,-9990,0,0
02/17/2005,21:00,0,0,0,3,0,0,3,0,0,3,0,0,3,0,0,3,0,0,3,0,-9990,0,0,10,E,8,9,E,8,5.8,E,8,4.1,E,8,88,E,8,983,E,8,323,E,8,8.8,E,8,-9990,0,0,-9990,0,0,1.232,E,8,0.161,E,8,0.20,E,8,0,-9990,0,0
02/17/2005,22:00,0,0,0,3,0,0,3,0,0,3,0,0,3,0,0,3,0,0,3,0,-9990,0,0,10,E,8,9,E,8,5.4,E,8,3.6,E,8,88,E,8,983,E,8,320,E,8,8.2,E,8,-9990,0,0,-9990,0,0,1.193,E,8,0.161,E,8,0.20,E,8,0,-9990,0,0
02/17/2005,23:00,0,0,0,3,0,0,3,0,0,3,0,0,3,0,0,3,0,0,3,0,-9990,0,0,10,E,8,9,E,8,4.4,E,8,3.9,E,8,97,E,8,983,E,8,177,E,8,8.5,E,8,-9990,0,0,-9990,0,0,1.219,E,8,0.161,E,8,0.20,E,8,3,-9990,0,0
02/17/2005,24:00,0,0,0,3,0,0,3,0,0,3,0,0,3,0,0,3,0,0,3,0,-9990,0,0,10,E,8,9,E,8,4.6,E,8,3.3,E,8,91,E,8,983,E,8,176,E,8,7.6,E,8,-9990,0,0,-9990,0,0,1.166,E,8,0.161,E,8,0.20,E,8,0,-9990,0,0
02/18/2005,01:00,0,0,0,3,0,0,3,0,0,3,0,0,3,0,0,3,0,0,3,0,-9990,0,0,10,E,8,9,E,8,4.1,E,8,3.6,E,8,96,E,8,983,E,8,233,E,8,7.3,E,8,-9990,0,0,-9990,0,0,1.192,E,8,0.169,E,8,0.20,E,8,1,-9990,0,0
02/18/2005,02:00,0,0,0,3,0,0,3,0,0,3,0,0,3,0,0,3,0,0,3,0,-9990,0,0,10,E,8,9,E,8,3.7,E,8,3.5,E,8,98,E,8,983,E,8,172,E,8,5.9,E,8,-9990,0,0,-9990,0,0,1.181,E,8,0.169,E,8,0.20,E,8,0,-9990,0,0
02/18/2005,03:00,0,0,0,3,0,0,3,0,0,3,0,0,3,0,0,3,0,0,3,0,-9990,0,0,10,E,8,9,E,8,3.2,E,8,2.8,E,8,97,E,8,983,E,8,180,E,8,4.3,E,8,-9990,0,0,-9990,0,0,1.130,E,8,0.169,E,8,0.20,E,8,0,-9990,0,0
02/18/2005,04:00,0,0,0,3,0,0,3,0,0,3,0,0,3,0,0,3,0,0,3,0,-9990,0,0,10,E,8,9,E,8,2.9,E,8,2.7,E,8,98,E,8,982,E,8,106,E,8,4.6,E,8,-9990,0,0,-9990,0,0,1.119,E,8,0.169,E,8,0.20,E,8,0,-9990,0,0
02/18/2005,05:00,0,0,0,3,0,0,3,0,0,3,0,0,3,0,0,3,0,0,3,0,-9990,0,0,10,E,8,9,E,8,2.6,E,8,2.2,E,8,97,E,8,982,E,8,138,E,8,4.8,E,8,-9990,0,0,-9990,0,0,1.083,E,8,0.169,E,8,0.20,E,8,0,-9990,0,0
02/18/2005,06:00,0,0,0,3,0,0,3,0,0,3,0,0,3,0,0,3,0,0,3,0,-9990,0,0,10,E,8,9,E,8,2.4,E,8,2.0,E,8,97,E,8,982,E,8,155,E,8,6.6,E,8,-9990,0,0,-9990,0,0,1.064,E,8,0.169,E,8,0.20,E,8,0,-9990,0,0
02/18/2005,07:00,0,0,0,3,0,0,3,0,0,3,0,0,3,0,0,3,0,0,3,0,-9990,0,0,10,E,8,9,E,8,2.2,E,8,1.8,E,8,97,E,8,982,E,8,104,E,8,6.9,E,8,-9990,0,0,-9990,0,0,1.052,E,8,0.169,E,8,0.20,E,8,0,-9990,0,0
02/18/2005,08:00,1,71,0,3,10,0,3,20,0,3,10,0,3,10,0,3,20,0,3,10,-9990,0,0,10,E,8,9,E,8,2.2,E,8,1.8,E,8,97,E,8,982,E,8,202,E,8,5.9,E,8,-9990,0,0,-9990,0,0,1.049,E,8,0.169,E,8,0.20,E,8,0,-9990,0,0
02/18/2005,09:00,138,1399,8,3,10,0,3,20,8,3,10,952,3,10,7,3,20,951,3,10,-9990,0,0,10,E,8,9,E,8,2.2,E,8,2.0,E,8,98,E,8,982,E,8,137,E,8,4.8,E,8,-9990,0,0,-9990,0,0,1.065,E,8,0.169,E,8,0.20,E,8,0,-9990,0,0
02/18/2005,10:00,346,1399,22,3,10,0,3,20,22,3,10,2615,3,10,0,3,20,2615,3,10,-9990,0,0,10,E,8,9,E,8,2.2,E,8,1.8,E,8,97,E,8,982,E,8,182,E,8,4.3,E,8,-9990,0,0,-9990,0,0,1.054,E,8,0.169,E,8,0.20,E,8,0,-9990,0,0
02/18/2005,11:00,516,1399,36,3,10,0,3,20,36,3,10,4343,3,10,0,3,20,4343,3,10,-9990,0,0,10,E,8,9,E,8,2.3,E,8,1.8,E,8,97,E,8,982,E,8,131,E,8,5.5,E,8,-9990,0,0,-9990,0,0,1.051,E,8,0.169,E,8,0.20,E,8,0,-9990,0,0
02/18/2005,12:00,636,1399,43,3,10,0,3,20,43,3,10,5296,3,10,0,3,20,5296,3,10,-9990,0,0,10,E,8,9,E,8,2.3,E,8,1.9,E,8,97,E,8,982,E,8,144,E,8,4.0,E,8,-9990,0,0,-9990,0,0,1.057,E,8,0.169,E,8,0.20,E,8,0,-9990,0,0
02/18/2005,13:00,698,1399,49,3,10,0,3,20,49,3,10,6039,3,10,0,3,20,6039,3,10,-9990,0,0,10,E,8,9,E,8,2.3,E,8,1.3,E,8,93,E,8,982,E,8,152,E,8,3.6,E,8,-9990,0,0,-9990,0,0,1.017,E,8,0.169,E,8,0.20,E,8,0,-9990,0,0
02/18/2005,14:00,699,1399,51,3,10,0,3,20,51,3,10,6247,3,10,0,3,20,6247,3,10,-9990,0,0,10,E,8,9,E,8,2.2,E,8,1.0,E,8,92,E,8,982,E,8,134,E,8,3.8,E,8,-9990,0,0,-9990,0,0,0.997,E,8,0.169,E,8,0.20,E,8,0,-9990,0,0
02/18/2005,15:00,637,1399,44,3,10,0,3,20,44,3,10,5422,3,10,0,3,20,5422,3,10,-9990,0,0,10,E,8,9,E,8,2.1,E,8,1.3,E,8,94,E,8,983,E,8,206,E,8,3.4,E,8,-9990,0,0,-9990,0,0,1.014,E,8,0.169,E,8,0.20,E,8,1,-9990,0,0
02/18/2005,16:00,517,1399,36,3,10,0,3,20,36,3,10,4335,3,10,0,3,20,4335,3,10,-9990,0,0,10,E,8,9,E,8,2.1,E,8,1.5,E,8,96,E,8,983,E,8,252,E,8,3.4,E,8,-9990,0,0,-9990,0,0,1.028,E,8,0.169,E,8,0.20,E,8,1,-9990,0,0
02/18/2005,17:00,347,1399,19,3,10,0,3,20,19,3,10,2350,3,10,0,3,20,2350,3,10,-9990,0,0,10,E,8,9,E,8,1.9,E,8,1.6,E,8,98,E,8,983,E,8,244,E,8,3.4,E,8,-9990,0,0,-9990,0,0,1.041,E,8,0.169,E,8,0.20,E,8,1,-9990,0,0
02/18/2005,18:00,140,1399,7,3,10,0,3,20,7,3,10,850,3,10,7,3,20,849,3,10,-9990,0,0,10,E,8,9,E,8,1.7,E,8,1.5,E,8,98,E,8,983,E,8,179,E,8,3.0,E,8,-9990,0,0,-9990,0,0,1.027,E,8,0.169,E,8,0.20,E,8,2,-9990,0,0
02/18/2005,19:00,1,75,0,3,10,0,3,20,0,3,10,0,3,10,0,3,20,0,3,10,-9990,0,0,10,E,8,9,E,8,1.9,E,8,1.5,E,8,97,E,8,984,E,8,136,E,8,3.4,E,8,-9990,0,0,-9990,0,0,1.029,E,8,0.169,E,8,0.20,E,8,0,-9990,0,0
02/18/2005,20:00,0,0,0,3,0,0,3,0,0,3,0,0,3,0,0,3,0,0,3,0,-9990,0,0,10,E,8,9,E,8,1.5,E,8,1.3,E,8,98,E,8,984,E,8,149,E,8,3.4,E,8,-9990,0,0,-9990,0,0,1.014,E,8,0.169,E,8,0.20,E,8,1,-9990,0,0
02/18/2005,21:00,0,0,0,3,0,0,3,0,0,3,0,0,3,0,0,3,0,0,3,0,-9990,0,0,10,E,8,9,E,8,1.0,E,8,0.7,E,8,98,E,8,984,E,8,123,E,8,3.0,E,8,-9990,0,0,-9990,0,0,0.976,E,8,0.169,E,8,0.20,E,8,3,-9990,0,0
02/18/2005,22:00,0,0,0,3,0,0,3,0,0,3,0,0,3,0,0,3,0,0,3,0,-9990,0,0,10,E,8,9,E,8,0.2,E,8,0.0,E,8,99,E,8,985,E,8,70,E,8,1.5,E,8,-9990,0,0,-9990,0,0,0.928,E,8,0.169,E,8,0.60,E,8,5,-9990,0,0
02/18/2005,23:00,0,0,0,3,0,0,3,0,0,3,0,0,3,0,0,3,0,0,3,0,-9990,0,0,9,E,8,8,E,8,1.0,E,8,0.5,E,8,96,E,8,985,E,8,341,E,8,1.4,E,8,-9990,0,0,-9990,0,0,0.960,E,8,0.169,E,8,0.58,E,8,0,-9990,0,0
02/18/2005,24:00,0,0,0,3,0,0,3,0,0,3,0,0,3,0,0,3,0,0,3,0,-9990,0,0,9,E,8,8,E,8,0.8,E,8,-0.4,E,8,92,E,8,985,E,8,356,E,8,1.4,E,8,-9990,0,0,-9990,0,0,0.902,E,8,0.169,E,8,0.56,E,8,0,-9990,0,0
02/19/2005,01:00,0,0,0,3,0,0,3,0,0,3,0,0,3,0,0,3,0,0,3,0,-9990,0,0,9,E,8,8,E,8,0.8,E,8,0.3,E,8,97,E,8,985,E,8,348,E,8,2.0,E,8,-9990,0,0,-9990,0,0,0.949,E,8,0.157,E,8,0.55,E,8,0,-9990,0,0
02/19/2005,02:00,0,0,0,3,0,0,3,0,0,3,0,0,3,0,0,3,0,0,3,0,-9990,0,0,9,E,8,8,E,8,0.8,E,8,-0.3,E,8,92,E,8,986,E,8,348,E,8,1.7,E,8,-9990,0,0,-9990,0,0,0.910,E,8,0.157,E,8,0.53,E,8,0,-9990,0,0
02/19/2005,03:00,0,0,0,3,0,0,3,0,0,3,0,0,3,0,0,3,0,0,3,0,-9990,0,0,9,E,8,8,E,8,0.9,E,8,-0.4,E,8,91,E,8,986,E,8,341,E,8,1.5,E,8,-9990,0,0,-9990,0,0,0.901,E,8,0.157,E,8,0.52,E,8,0,-9990,0,0
02/19/2005,04:00,0,0,0,3,0,0,3,0,0,3,0,0,3,0,0,3,0,0,3,0,-9990,0,0,9,E,8,8,E,8,1.0,E,8,-0.7,E,8,88,E,8,986,E,8,343,E,8,2.6,E,8,-9990,0,0,-9990,0,0,0.885,E,8,0.157,E,8,0.50,E,8,0,-9990,0,0
02/19/2005,05:00,0,0,0,3,0,0,3,0,0,3,0,0,3,0,0,3,0,0,3,0,-9990,0,0,9,E,8,8,E,8,1.1,E,8,-0.3,E,8,90,E,8,986,E,8,339,E,8,2.4,E,8,-9990,0,0,-9990,0,0,0.905,E,8,0.157,E,8,0.49,E,8,0,-9990,0,0
02/19/2005,06:00,0,0,0,3,0,0,3,0,0,3,0,0,3,0,0,3,0,0,3,0,-9990,0,0,9,E,8,8,E,8,1.2,E,8,-0.1,E,8,91,E,8,987,E,8,353,E,8,4.6,E,8,-9990,0,0,-9990,0,0,0.921,E,8,0.157,E,8,0.48,E,8,0,-9990,0,0
02/19/2005,07:00,0,0,0,3,0,0,3,0,0,3,0,0,3,0,0,3,0,0,3,0,-9990,0,0,9,E,8,8,E,8,1.3,E,8,-0.2,E,8,90,E,8,987,E,8,3,E,8,4.3,E,8,-9990,0,0,-9990,0,0,0.918,E,8,0.157,E,8,0.46,E,8,0,-9990,0,0
02/19/2005,08:00,2,91,1,3,10,0,3,20,1,3,10,0,3,10,0,3,20,0,3,10,-9990,0,0,9,E,8,8,E,8,1.4,E,8,-0.1,E,8,89,E,8,987,E,8,301,E,8,5.5,E,8,-9990,0,0,-9990,0,0,0.918,E,8,0.157,E,8,0.45,E,8,0,-9990,0,0
02/19/2005,09:00,145,1398,15,3,10,0,3,20,15,3,10,1803,3,10,0,3,20,1803,3,10,-9990,0,0,8,E,8,7,E,8,1.8,E,8,-0.1,E,8,87,E,8,988,E,8,117,E,8,3.4,E,8,-9990,0,0,-9990,0,0,0.921,E,8,0.157,E,8,0.44,E,8,0,-9990,0,0
02/19/2005,10:00,353,1398,159,3,10,181,3,20,113,3,10,16786,3,10,15417,3,20,12894,3,10,-9990,0,0,8,E,8,7,E,8,3.8,E,8,1.3,E,8,83,E,8,988,E,8,101,E,8,2.8,E,8,-9990,0,0,-9990,0,0,1.015,E,8,0.157,E,8,0.42,E,8,0,-9990,0,0
02/19/2005,11:00,523,1398,169,3,10,50,3,20,151,3,10,18612,3,10,4449,3,20,16948,3,10,-9990,0,0,10,E,8,9,E,8,5.0,E,8,0.3,E,8,72,E,8,988,E,8,207,E,8,3.8,E,8,-9990,0,0,-9990,0,0,0.946,E,8,0.157,E,8,0.41,E,8,0,-9990,0,0
02/19/2005,12:00,643,1398,301,3,10,213,3,20,204,3,10,32460,3,10,20062,3,20,23231,3,10,-9990,0,0,8,E,8,6,E,8,6.7,E,8,0.1,E,8,63,E,8,988,E,8,95,E,8,3.4,E,8,-9990,0,0,-9990,0,0,0.937,E,8,0.157,E,8,0.39,E,8,0,-9990,0,0
02/19/2005,13:00,706,1398,512,3,10,700,3,20,159,3,10,53798,3,10,63240,3,20,21884,3,10,-9990,0,0,1,E,8,1,E,8,9.2,E,8,0.9,E,8,56,E,8,989,E,8,144,E,8,2.2,E,8,-9990,0,0,-9990,0,0,0.987,E,8,0.157,E,8,0.30,E,8,0,-9990,0,0
02/19/2005,14:00,706,1398,334,3,10,208,3,20,229,3,10,36021,3,10,19639,3,20,26107,3,10,-9990,0,0,9,E,8,8,E,8,10.1,E,8,0.8,E,8,52,E,8,989,E,8,123,E,8,2.4,E,8,-9990,0,0,-9990,0,0,0.980,E,8,0.157,E,8,0.28,E,8,0,-9990,0,0
02/19/2005,15:00,644,1398,326,3,10,257,3,20,208,3,10,35056,3,10,24689,3,20,23689,3,10,-9990,0,0,8,E,8,6,E,8,10.7,E,8,0.6,E,8,49,E,8,989,E,8,82,E,8,1.4,E,8,-9990,0,0,-9990,0,0,0.966,E,8,0.157,E,8,0.27,E,8,0,-9990,0,0
02/19/2005,16:00,524,1398,29,3,10,0,3,20,29,3,10,3630,3,10,0,3,20,3630,3,10,-9990,0,0,10,E,8,9,E,8,9.4,E,8,-0.2,E,8,51,E,8,989,E,8,141,E,8,0.9,E,8,-9990,0,0,-9990,0,0,0.915,E,8,0.157,E,8,0.26,E,8,0,-9990,0,0
02/19/2005,17:00,354,1398,18,3,10,0,3,20,18,3,10,2185,3,10,0,3,20,2185,3,10,-9990,0,0,10,E,8,9,E,8,8.3,E,8,0.5,E,8,58,E,8,989,E,8,141,E,8,1.1,E,8,-9990,0,0,-9990,0,0,0.963,E,8,0.157,E,8,0.25,E,8,0,-9990,0,0
02/19/2005,18:00,146,1398,6,3,10,0,3,20,6,3,10,790,3,10,8,3,20,789,3,10,-9990,0,0,10,E,8,9,E,8,7.4,E,8,0.7,E,8,63,E,8,989,E,8,153,E,8,0.4,E,8,-9990,0,0,-9990,0,0,0.977,E,8,0.157,E,8,0.25,E,8,0,-9990,0,0
02/19/2005,19:00,2,94,0,3,10,0,3,20,0,3,10,0,3,10,0,3,20,0,3,10,-9990,0,0,10,E,8,9,E,8,6.5,E,8,1.1,E,8,68,E,8,989,E,8,152,E,8,0.8,E,8,-9990,0,0,-9990,0,0,0.999,E,8,0.157,E,8,0.24,E,8,0,-9990,0,0
02/19/2005,20:00,0,0,0,3,0,0,3,0,0,3,0,0,3,0,0,3,0,0,3,0,-9990,0,0,10,E,8,9,E,8,6.4,E,8,1.4,E,8,70,E,8,989,E,8,164,E,8,1.5,E,8,-9990,0,0,-9990,0,0,1.020,E,8,0.157,E,8,0.23,E,8,0,-9990,0,0
02/19/2005,21:00,0,0,0,3,0,0,3,0,0,3,0,0,3,0,0,3,0,0,3,0,-9990,0,0,10,E,8,9,E,8,6.3,E,8,0.9,E,8,68,E,8,989,E,8,114,E,8,2.4,E,8,-9990,0,0,-9990,0,0,0.985,E,8,0.157,E,8,0.23,E,8,0,-9990,0,0
02/19/2005,22:00,0,0,0,3,0,0,3,0,0,3,0,0,3,0,0,3,0,0,3,0,-9990,0,0,10,E,8,9,E,8,6.1,E,8,0.9,E,8,69,E,8,989,E,8,150,E,8,1.1,E,8,-9990,0,0,-9990,0,0,0.988,E,8,0.157,E,8,0.22,E,8,0,-9990,0,0
02/19/2005,23:00,0,0,0,3,0,0,3,0,0,3,0,0,3,0,0,3,0,0,3,0,-9990,0,0,9,E,8,8,E,8,6.0,E,8,1.7,E,8,74,E,8,990,E,8,107,E,8,1.5,E,8,-9990,0,0,-9990,0,0,1.046,E,8,0.157,E,8,0.21,E,8,0,-9990,0,0
02/19/2005,24:00,0,0,0,3,0,0,3,0,0,3,0,0,3,0,0,3,0,0,3,0,-9990,0,0,9,E,8,8,E,8,5.8,E,8,1.9,E,8,76,E,8,990,E,8,148,E,8,0.7,E,8,-9990,0,0,-9990,0,0,1.059,E,8,0.157,E,8,0.21,E,8,0,-9990,0,0
02/20/2005,01:00,0,0,0,3,0,0,3,0,0,3,0,0,3,0,0,3,0,0,3,0,-9990,0,0,9,E,8,8,E,8,5.2,E,8,2.1,E,8,80,E,8,990,E,8,131,E,8,0.9,E,8,-9990,0,0,-9990,0,0,1.078,E,8,0.154,E,8,0.20,E,8,0,-9990,0,0
02/20/2005,02:00,0,0,0,3,0,0,3,0,0,3,0,0,3,0,0,3,0,0,3,0,-9990,0,0,9,E,8,8,E,8,4.6,E,8,1.6,E,8,81,E,8,990,E,8,177,E,8,0.7,E,8,-9990,0,0,-9990,0,0,1.038,E,8,0.154,E,8,0.20,E,8,0,-9990,0,0
02/20/2005,03:00,0,0,0,3,0,0,3,0,0,3,0,0,3,0,0,3,0,0,3,0,-9990,0,0,9,E,8,8,E,8,4.0,E,8,1.3,E,8,83,E,8,990,E,8,224,E,8,0.9,E,8,-9990,0,0,-9990,0,0,1.018,E,8,0.154,E,8,0.20,E,8,0,-9990,0,0
02/20/2005,04:00,0,0,0,3,0,0,3,0,0,3,0,0,3,0,0,3,0,0,3,0,-9990,0,0,9,E,8,8,E,8,3.6,E,8,0.5,E,8,80,E,8,990,E,8,244,E,8,0.8,E,8,-9990,0,0,-9990,0,0,0.964,E,8,0.154,E,8,0.20,E,8,0,-9990,0,0
02/20/2005,05:00,0,0,0,3,0,0,3,0,0,3,0,0,3,0,0,3,0,0,3,0,-9990,0,0,9,E,8,8,E,8,3.3,E,8,1.5,E,8,88,E,8,990,E,8,229,E,8,0.8,E,8,-9990,0,0,-9990,0,0,1.031,E,8,0.154,E,8,0.20,E,8,0,-9990,0,0
02/20/2005,06:00,0,0,0,3,0,0,3,0,0,3,0,0,3,0,0,3,0,0,3,0,-9990,0,0,9,E,8,8,E,8,3.0,E,8,1.6,E,8,90,E,8,990,E,8,128,E,8,1.2,E,8,-9990,0,0,-9990,0,0,1.038,E,8,0.154,E,8,0.20,E,8,0,-9990,0,0
02/20/2005,07:00,0,0,0,3,0,0,3,0,0,3,0,0,3,0,0,3,0,0,3,0,-9990,0,0,9,E,8,8,E,8,2.8,E,8,0.8,E,8,87,E,8,990,E,8,153,E,8,1.9,E,8,-9990,0,0,-9990,0,0,0.984,E,8,0.154,E,8,0.20,E,8,0,-9990,0,0
02/20/2005,08:00,3,110,0,3,10,0,3,20,0,3,10,0,3,10,0,3,20,0,3,10,-9990,0,0,9,E,8,8,E,8,2.8,E,8,0.8,E,8,87,E,8,990,E,8,147,E,8,1.2,E,8,-9990,0,0,-9990,0,0,0.979,E,8,0.154,E,8,0.20,E,8,0,-9990,0,0
02/20/2005,09:00,152,1397,65,3,10,199,3,20,43,3,10,6644,3,10,6563,3,20,5931,3,10,-9990,0,0,9,E,8,8,E,8,4.1,E,8,1.1,E,8,81,E,8,990,E,8,92,E,8,0.8,E,8,-9990,0,0,-9990,0,0,1.001,E,8,0.154,E,8,0.20,E,8,0,-9990,0,0
02/20/2005,10:00,360,1397,147,3,10,161,3,20,106,3,10,15652,3,10,13575,3,20,12155,3,10,-9990,0,0,8,E,8,6,E,8,5.6,E,8,1.5,E,8,75,E,8,990,E,8,154,E,8,0.9,E,8,-9990,0,0,-9990,0,0,1.031,E,8,0.154,E,8,0.20,E,8,0,-9990,0,0
02/20/2005,11:00,530,1397,280,3,10,387,3,20,133,3,10,29449,3,10,35425,3,20,16011,3,10,-9990,0,0,5,E,8,4,E,8,7.8,E,8,2.0,E,8,67,E,8,991,E,8,160,E,8,1.7,E,8,-9990,0,0,-9990,0,0,1.068,E,8,0.154,E,8,0.20,E,8,0,-9990,0,0
02/20/2005,12:00,650,1397,333,3,10,312,3,20,188,3,10,35036,3,10,27612,3,20,22185,3,10,-9990,0,0,6,E,8,5,E,8,9.5,E,8,2.7,E,8,63,E,8,991,E,8,143,E,8,2.4,E,8,-9990,0,0,-9990,0,0,1.124,E,8,0.154,E,8,0.20,E,8,0,-9990,0,0
02/20/2005,13:00,713,1397,333,3,10,196,3,20,233,3,10,35902,3,10,18145,3,20,26648,3,10,-9990,0,0,9,E,8,8,E,8,10.6,E,8,3.5,E,8,61,E,8,991,E,8,138,E,8,2.2,E,8,-9990,0,0,-9990,0,0,1.187,E,8,0.154,E,8,0.20,E,8,0,-9990,0,0
02/20/2005,14:00,713,1397,167,3,10,3,3,20,166,3,10,18818,3,10,151,3,20,18741,3,10,-9990,0,0,10,E,8,9,E,8,10.4,E,8,3.0,E,8,60,E,8,991,E,8,191,E,8,2.8,E,8,-9990,0,0,-9990,0,0,1.147,E,8,0.154,E,8,0.20,E,8,0,-9990,0,0
02/20/2005,15:00,651,1397,310,3,10,224,3,20,206,3,10,33389,3,10,21062,3,20,23582,3,10,-9990,0,0,8,E,8,6,E,8,11.0,E,8,3.5,E,8,60,E,8,991,E,8,165,E,8,2.6,E,8,-9990,0,0,-9990,0,0,1.184,E,8,0.154,E,8,0.20,E,8,0,-9990,0,0
02/20/2005,16:00,531,1397,373,3,10,714,3,20,101,3,10,38172,3,10,62781,3,20,14337,3,10,-9990,0,0,0,E,8,0,E,8,11.8,E,8,4.3,E,8,60,E,8,991,E,8,339,E,8,3.0,E,8,-9990,0,0,-9990,0,0,1.254,E,8,0.154,E,8,0.20,E,8,0,-9990,0,0
02/20/2005,17:00,361,1397,242,3,10,727,3,20,54,3,10,23796,3,10,59323,3,20,8488,3,10,-9990,0,0,0,E,8,0,E,8,11.8,E,8,4.6,E,8,61,E,8,991,E,8,77,E,8,2.4,E,8,-9990,0,0,-9990,0,0,1.277,E,8,0.154,E,8,0.20,E,8,0,-9990,0,0
02/20/2005,18:00,152,1397,78,3,10,413,3,20,33,3,10,7961,3,10,27402,3,20,4972,3,10,-9990,0,0,0,E,8,0,E,8,10.8,E,8,5.3,E,8,69,E,8,991,E,8,80,E,8,3.4,E,8,-9990,0,0,-9990,0,0,1.345,E,8,0.154,E,8,0.20,E,8,0,-9990,0,0
02/20/2005,19:00,3,113,1,3,10,0,3,20,1,3,10,0,3,10,0,3,20,0,3,10,-9990,0,0,0,E,8,0,E,8,9.5,E,8,5.3,E,8,75,E,8,991,E,8,85,E,8,4.3,E,8,-9990,0,0,-9990,0,0,1.340,E,8,0.154,E,8,0.20,E,8,0,-9990,0,0
02/20/2005,20:00,0,0,0,3,0,0,3,0,0,3,0,0,3,0,0,3,0,0,3,0,-9990,0,0,0,E,8,0,E,8,9.0,E,8,4.7,E,8,74,E,8,991,E,8,35,E,8,5.1,E,8,-9990,0,0,-9990,0,0,1.290,E,8,0.154,E,8,0.20,E,8,0,-9990,0,0
02/20/2005,21:00,0,0,0,3,0,0,3,0,0,3,0,0,3,0,0,3,0,0,3,0,-9990,0,0,1,E,8,1,E,8,8.5,E,8,4.9,E,8,78,E,8,991,E,8,357,E,8,4.6,E,8,-9990,0,0,-9990,0,0,1.310,E,8,0.154,E,8,0.20,E,8,0,-9990,0,0
02/20/2005,22:00,0,0,0,3,0,0,3,0,0,3,0,0,3,0,0,3,0,0,3,0,-9990,0,0,1,E,8,1,E,8,8.1,E,8,4.6,E,8,79,E,8,991,E,8,82,E,8,3.0,E,8,-9990,0,0,-9990,0,0,1.284,E,8,0.154,E,8,0.20,E,8,0,-9990,0,0
02/20/2005,23:00,0,0,0,3,0,0,3,0,0,3,0,0,3,0,0,3,0,0,3,0,-9990,0,0,1,E,8,1,E,8,7.6,E,8,4.8,E,8,82,E,8,991,E,8,60,E,8,2.4,E,8,-9990,0,0,-9990,0,0,1.300,E,8,0.154,E,8,0.20,E,8,0,-9990,0,0
02/20/2005,24:00,0,0,0,3,0,0,3,0,0,3,0,0,3,0,0,3,0,0,3,0,-9990,0,0,1,E,8,1,E,8,7.2,E,8,4.0,E,8,80,E,8,991,E,8,130,E,8,2.6,E,8,-9990,0,0,-9990,0,0,1.228,E,8,0.154,E,8,0.20,E,8,0,-9990,0,0
02/21/2005,01:00,0,0,0,3,0,0,3,0,0,3,0,0,3,0,0,3,0,0,3,0,-9990,0,0,1,E,8,1,E,8,6.9,E,8,3.8,E,8,80,E,8,991,E,8,122,E,8,2.6,E,8,-9990,0,0,-9990,0,0,1.212,E,8,0.203,E,8,0.20,E,8,0,-9990,0,0
02/21/2005,02:00,0,0,0,3,0,0,3,0,0,3,0,0,3,0,0,3,0,0,3,0,-9990,0,0,1,E,8,1,E,8,6.7,E,8,3.7,E,8,81,E,8,991,E,8,136,E,8,3.4,E,8,-9990,0,0,-9990,0,0,1.202,E,8,0.203,E,8,0.20,E,8,0,-9990,0,0
02/21/2005,03:00,0,0,0,3,0,0,3,0,0,3,0,0,3,0,0,3,0,0,3,0,-9990,0,0,3,E,8,2,E,8,6.4,E,8,4.2,E,8,85,E,8,991,E,8,159,E,8,3.6,E,8,-9990,0,0,-9990,0,0,1.242,E,8,0.203,E,8,0.20,E,8,0,-9990,0,0
02/21/2005,04:00,0,0,0,3,0,0,3,0,0,3,0,0,3,0,0,3,0,0,3,0,-9990,0,0,3,E,8,2,E,8,6.3,E,8,4.6,E,8,89,E,8,990,E,8,241,E,8,3.6,E,8,-9990,0,0,-9990,0,0,1.284,E,8,0.203,E,8,0.20,E,8,0,-9990,0,0
02/21/2005,05:00,0,0,0,3,0,0,3,0,0,3,0,0,3,0,0,3,0,0,3,0,-9990,0,0,3,E,8,2,E,8,6.2,E,8,4.9,E,8,91,E,8,990,E,8,327,E,8,4.6,E,8,-9990,0,0,-9990,0,0,1.307,E,8,0.203,E,8,0.20,E,8,0,-9990,0,0
02/21/2005,06:00,0,0,0,3,0,0,3,0,0,3,0,0,3,0,0,3,0,0,3,0,-9990,0,0,3,E,8,2,E,8,6.1,E,8,5.6,E,8,97,E,8,990,E,8,309,E,8,4.8,E,8,-9990,0,0,-9990,0,0,1.376,E,8,0.203,E,8,0.20,E,8,0,-9990,0,0
02/21/2005,07:00,0,0,0,3,0,0,3,0,0,3,0,0,3,0,0,3,0,0,3,0,-9990,0,0,3,E,8,2,E,8,6.0,E,8,5.8,E,8,99,E,8,990,E,8,322,E,8,4.3,E,8,-9990,0,0,-9990,0,0,1.393,E,8,0.203,E,8,0.20,E,8,0,-9990,0,0
02/21/2005,08:00,4,131,1,3,10,0,3,20,1,3,10,0,3,10,0,3,20,0,3,10,-9990,0,0,3,E,8,2,E,8,6.0,E,8,5.0,E,8,93,E,8,990,E,8,312,E,8,4.0,E,8,-9990,0,0,-9990,0,0,1.319,E,8,0.203,E,8,0.20,E,8,0,-9990,0,0
02/21/2005,09:00,159,1397,67,3,10,249,3,20,38,3,10,6950,3,10,13065,3,20,5465,3,10,-9990,0,0,4,E,8,3,E,8,7.6,E,8,5.7,E,8,88,E,8,990,E,8,287,E,8,3.4,E,8,-9990,0,0,-9990,0,0,1.385,E,8,0.203,E,8,0.20,E,8,0,-9990,0,0
02/21/2005,10:00,367,1397,188,3,10,333,3,20,101,3,10,19282,3,10,27041,3,20,12174,3,10,-9990,0,0,4,E,8,3,E,8,10.0,E,8,6.7,E,8,80,E,8,990,E,8,320,E,8,3.4,E,8,-9990,0,0,-9990,0,0,1.486,E,8,0.203,E,8,0.20,E,8,0,-9990,0,0
02/21/2005,11:00,537,1397,160,3,10,29,3,20,149,3,10,17350,3,10,2934,3,20,16221,3,10,-9990,0,0,10,E,8,9,E,8,10.9,E,8,6.8,E,8,76,E,8,990,E,8,260,E,8,5.5,E,8,-9990,0,0,-9990,0,0,1.491,E,8,0.203,E,8,0.20,E,8,0,-9990,0,0
02/21/2005,12:00,658,1397,199,3,10,15,3,20,192,3,10,21803,3,10,1420,3,20,21134,3,10,-9990,0,0,10,E,8,9,E,8,11.8,E,8,6.8,E,8,72,E,8,990,E,8,207,E,8,4.3,E,8,-9990,0,0,-9990,0,0,1.496,E,8,0.203,E,8,0.20,E,8,0,-9990,0,0
02/21/2005,13:00,720,1397,153,3,10,0,3,20,153,3,10,17288,3,10,0,3,20,17288,3,10,-9990,0,0,10,E,8,9,E,8,12.0,E,8,6.4,E,8,68,E,8,990,E,8,179,E,8,6.2,E,8,-9990,0,0,-9990,0,0,1.450,E,8,0.203,E,8,0.20,E,8,0,-9990,0,0
02/21/2005,14:00,720,1397,540,3,10,638,3,20,211,3,10,55274,3,10,52351,3,20,28292,3,10,-9990,0,0,3,E,8,2,E,8,14.8,E,8,6.7,E,8,58,E,8,990,E,8,173,E,8,5.5,E,8,-9990,0,0,-9990,0,0,1.479,E,8,0.203,E,8,0.20,E,8,0,-9990,0,0
02/21/2005,15:00,658,1397,327,3,10,261,3,20,204,3,10,35329,3,10,24802,3,20,23651,3,10,-9990,0,0,8,E,8,6,E,8,15.6,E,8,6.9,E,8,56,E,8,990,E,8,114,E,8,4.6,E,8,-9990,0,0,-9990,0,0,1.508,E,8,0.203,E,8,0.20,E,8,0,-9990,0,0
02/21/2005,16:00,537,1397,343,3,10,539,3,20,136,3,10,35114,3,10,43142,3,20,18517,3,10,-9990,0,0,0,E,8,0,E,8,16.3,E,8,7.6,E,8,56,E,8,990,E,8,147,E,8,4.3,E,8,-9990,0,0,-9990,0,0,1.584,E,8,0.203,E,8,0.20,E,8,0,-9990,0,0
02/21/2005,17:00,367,1397,152,3,10,187,3,20,103,3,10,16248,3,10,16162,3,20,11998,3,10,-9990,0,0,6,E,8,5,E,8,15.8,E,8,7.5,E,8,58,E,8,990,E,8,136,E,8,3.4,E,8,-9990,0,0,-9990,0,0,1.564,E,8,0.203,E,8,0.20,E,8,0,-9990,0,0
02/21/2005,18:00,159,1397,33,3,10,0,3,20,33,3,10,3691,3,10,0,3,20,3691,3,10,-9990,0,0,8,E,8,6,E,8,14.5,E,8,6.7,E,8,59,E,8,989,E,8,83,E,8,3.0,E,8,-9990,0,0,-9990,0,0,1.480,E,8,0.203,E,8,0.20,E,8,0,-9990,0,0
02/21/2005,19:00,4,131,0,3,10,0,3,20,0,3,10,0,3,10,0,3,20,0,3,10,-9990,0,0,8,E,8,6,E,8,13.1,E,8,6.8,E,8,66,E,8,989,E,8,58,E,8,2.2,E,8,-9990,0,0,-9990,0,0,1.498,E,8,0.203,E,8,0.20,E,8,0,-9990,0,0
02/21/2005,20:00,0,0,0,3,0,0,3,0,0,3,0,0,3,0,0,3,0,0,3,0,-9990,0,0,8,E,8,6,E,8,12.7,E,8,7.1,E,8,68,E,8,989,E,8,8,E,8,3.4,E,8,-9990,0,0,-9990,0,0,1.523,E,8,0.203,E,8,0.20,E,8,0,-9990,0,0
02/21/2005,21:00,0,0,0,3,0,0,3,0,0,3,0,0,3,0,0,3,0,0,3,0,-9990,0,0,8,E,8,6,E,8,12.3,E,8,6.9,E,8,70,E,8,989,E,8,339,E,8,2.6,E,8,-9990,0,0,-9990,0,0,1.508,E,8,0.203,E,8,0.20,E,8,0,-9990,0,0
02/21/2005,22:00,0,0,0,3,0,0,3,0,0,3,0,0,3,0,0,3,0,0,3,0,-9990,0,0,8,E,8,6,E,8,11.9,E,8,7.8,E,8,76,E,8,989,E,8,347,E,8,2.4,E,8,-9990,0,0,-9990,0,0,1.604,E,8,0.203,E,8,0.20,E,8,0,-9990,0,0
02/21/2005,23:00,0,0,0,3,0,0,3,0,0,3,0,0,3,0,0,3,0,0,3,0,-9990,0,0,8,E,8,6,E,8,11.5,E,8,7.5,E,8,76,E,8,989,E,8,138,E,8,2.0,E,8,-9990,0,0,-9990,0,0,1.565,E,8,0.203,E,8,0.20,E,8,0,-9990,0,0
02/21/2005,24:00,0,0,0,3,0,0,3,0,0,3,0,0,3,0,0,3,0,0,3,0,-9990,0,0,8,E,8,6,E,8,11.1,E,8,7.1,E,8,76,E,8,988,E,8,172,E,8,2.2,E,8,-9990,0,0,-9990,0,0,1.525,E,8,0.203,E,8,0.20,E,8,0,-9990,0,0
02/22/2005,01:00,0,0,0,3,0,0,3,0,0,3,0,0,3,0,0,3,0,0,3,0,-9990,0,0,9,E,8,8,E,8,10.7,E,8,6.7,E,8,76,E,8,988,E,8,186,E,8,2.2,E,8,-9990,0,0,-9990,0,0,1.483,E,8,0.206,E,8,0.20,E,8,0,-9990,0,0
02/22/2005,02:00,0,0,0,3,0,0,3,0,0,3,0,0,3,0,0,3,0,0,3,0,-9990,0,0,9,E,8,8,E,8,10.3,E,8,6.1,E,8,75,E,8,988,E,8,203,E,8,1.7,E,8,-9990,0,0,-9990,0,0,1.421,E,8,0.206,E,8,0.20,E,8,0,-9990,0,0
02/22/2005,03:00,0,0,0,3,0,0,3,0,0,3,0,0,3,0,0,3,0,0,3,0,-9990,0,0,9,E,8,8,E,8,9.9,E,8,6.1,E,8,77,E,8,988,E,8,207,E,8,0.7,E,8,-9990,0,0,-9990,0,0,1.425,E,8,0.206,E,8,0.20,E,8,0,-9990,0,0
02/22/2005,04:00,0,0,0,3,0,0,3,0,0,3,0,0,3,0,0,3,0,0,3,0,-9990,0,0,9,E,8,8,E,8,9.7,E,8,6.4,E,8,80,E,8,988,E,8,268,E,8,0.8,E,8,-9990,0,0,-9990,0,0,1.454,E,8,0.206,E,8,0.20,E,8,0,-9990,0,0
02/22/2005,05:00,0,0,0,3,0,0,3,0,0,3,0,0,3,0,0,3,0,0,3,0,-9990,0,0,9,E,8,8,E,8,9.5,E,8,6.8,E,8,83,E,8,988,E,8,185,E,8,0.1,E,8,-9990,0,0,-9990,0,0,1.491,E,8,0.206,E,8,0.20,E,8,0,-9990,0,0
02/22/2005,06:00,0,0,0,3,0,0,3,0,0,3,0,0,3,0,0,3,0,0,3,0,-9990,0,0,9,E,8,8,E,8,9.4,E,8,6.5,E,8,82,E,8,987,E,8,127,E,8,0.4,E,8,-9990,0,0,-9990,0,0,1.459,E,8,0.206,E,8,0.20,E,8,0,-9990,0,0
02/22/2005,07:00,0,0,0,3,0,0,3,0,0,3,0,0,3,0,0,3,0,0,3,0,-9990,0,0,10,E,8,9,E,8,9.3,E,8,6.2,E,8,81,E,8,987,E,8,29,E,8,0.5,E,8,-9990,0,0,-9990,0,0,1.432,E,8,0.206,E,8,0.20,E,8,0,-9990,0,0
02/22/2005,08:00,6,151,1,3,10,0,3,20,1,3,10,0,3,10,0,3,20,0,3,10,-9990,0,0,10,E,8,9,E,8,9.3,E,8,6.2,E,8,81,E,8,987,E,8,81,E,8,0.5,E,8,-9990,0,0,-9990,0,0,1.432,E,8,0.206,E,8,0.20,E,8,0,-9990,0,0
02/22/2005,09:00,166,1396,42,3,10,12,3,20,41,3,10,4653,3,10,0,3,20,4653,3,10,-9990,0,0,10,E,8,9,E,8,10.0,E,8,6.4,E,8,78,E,8,987,E,8,95,E,8,0.8,E,8,-9990,0,0,-9990,0,0,1.447,E,8,0.206,E,8,0.20,E,8,0,-9990,0,0
02/22/2005,10:00,374,1396,92,3,10,0,3,20,92,3,10,9860,3,10,0,3,20,9860,3,10,-9990,0,0,10,E,8,9,E,8,10.9,E,8,6.8,E,8,76,E,8,987,E,8,213,E,8,0.9,E,8,-9990,0,0,-9990,0,0,1.498,E,8,0.206,E,8,0.20,E,8,0,-9990,0,0
02/22/2005,11:00,545,1396,186,3,10,44,3,20,168,3,10,20472,3,10,3848,3,20,18971,3,10,-9990,0,0,10,E,8,9,E,8,12.2,E,8,7.1,E,8,71,E,8,987,E,8,189,E,8,2.6,E,8,-9990,0,0,-9990,0,0,1.528,E,8,0.206,E,8,0.20,E,8,0,-9990,0,0
02/22/2005,12:00,665,1396,200,3,10,14,3,20,193,3,10,21903,3,10,1357,3,20,21257,3,10,-9990,0,0,10,E,8,9,E,8,13.1,E,8,6.8,E,8,65,E,8,986,E,8,115,E,8,2.4,E,8,-9990,0,0,-9990,0,0,1.491,E,8,0.206,E,8,0.20,E,8,0,-9990,0,0
02/22/2005,13:00,727,1396,208,3,10,11,3,20,203,3,10,22996,3,10,941,3,20,22506,3,10,-9990,0,0,10,E,8,9,E,8,13.7,E,8,6.9,E,8,63,E,8,986,E,8,139,E,8,1.4,E,8,-9990,0,0,-9990,0,0,1.499,E,8,0.206,E,8,0.20,E,8,0,-9990,0,0
02/22/2005,14:00,727,1396,164,3,10,1,3,20,164,3,10,18444,3,10,0,3,20,18444,3,10,-9990,0,0,10,E,8,9,E,8,14.0,E,8,6.6,E,8,61,E,8,986,E,8,101,E,8,1.1,E,8,-9990,0,0,-9990,0,0,1.471,E,8,0.206,E,8,0.20,E,8,0,-9990,0,0
02/22/2005,15:00,665,1396,71,3,10,0,3,20,71,3,10,8420,3,10,0,3,20,8420,3,10,-9990,0,0,10,E,8,9,E,8,13.5,E,8,7.2,E,8,66,E,8,986,E,8,113,E,8,0.9,E,8,-9990,0,0,-9990,0,0,1.538,E,8,0.206,E,8,0.20,E,8,0,-9990,0,0
02/22/2005,16:00,544,1396,111,3,10,0,3,20,111,3,10,12298,3,10,0,3,20,12298,3,10,-9990,0,0,10,E,8,9,E,8,13.4,E,8,6.8,E,8,64,E,8,986,E,8,153,E,8,1.2,E,8,-9990,0,0,-9990,0,0,1.494,E,8,0.206,E,8,0.20,E,8,0,-9990,0,0
02/22/2005,17:00,374,1396,89,3,10,0,3,20,89,3,10,9510,3,10,0,3,20,9510,3,10,-9990,0,0,10,E,8,9,E,8,13.2,E,8,5.8,E,8,61,E,8,986,E,8,151,E,8,2.6,E,8,-9990,0,0,-9990,0,0,1.393,E,8,0.206,E,8,0.20,E,8,0,-9990,0,0
02/22/2005,18:00,165,1396,44,3,10,24,3,20,41,3,10,4883,3,10,1339,3,20,4724,3,10,-9990,0,0,10,E,8,9,E,8,12.8,E,8,8.8,E,8,76,E,8,986,E,8,136,E,8,3.8,E,8,-9990,0,0,-9990,0,0,1.712,E,8,0.206,E,8,0.20,E,8,0,-9990,0,0
02/22/2005,19:00,5,149,1,3,10,0,3,20,1,3,10,0,3,10,0,3,20,0,3,10,-9990,0,0,10,E,8,9,E,8,12.3,E,8,6.1,E,8,66,E,8,986,E,8,136,E,8,4.8,E,8,-9990,0,0,-9990,0,0,1.422,E,8,0.206,E,8,0.20,E,8,0,-9990,0,0
02/22/2005,20:00,0,0,0,3,0,0,3,0,0,3,0,0,3,0,0,3,0,0,3,0,-9990,0,0,10,E,8,9,E,8,11.3,E,8,8.8,E,8,85,E,8,986,E,8,105,E,8,5.5,E,8,-9990,0,0,-9990,0,0,1.713,E,8,0.206,E,8,0.20,E,8,2,-9990,0,0
02/22/2005,21:00,0,0,0,3,0,0,3,0,0,3,0,0,3,0,0,3,0,0,3,0,-9990,0,0,10,E,8,9,E,8,10.8,E,8,8.0,E,8,83,E,8,986,E,8,105,E,8,3.0,E,8,-9990,0,0,-9990,0,0,1.629,E,8,0.206,E,8,0.20,E,8,0,-9990,0,0
02/22/2005,22:00,0,0,0,3,0,0,3,0,0,3,0,0,3,0,0,3,0,0,3,0,-9990,0,0,10,E,8,9,E,8,10.2,E,8,8.1,E,8,87,E,8,986,E,8,106,E,8,3.4,E,8,-9990,0,0,-9990,0,0,1.634,E,8,0.206,E,8,0.20,E,8,0,-9990,0,0
02/22/2005,23:00,0,0,0,3,0,0,3,0,0,3,0,0,3,0,0,3,0,0,3,0,-9990,0,0,10,E,8,9,E,8,9.5,E,8,7.5,E,8,87,E,8,986,E,8,142,E,8,3.0,E,8,-9990,0,0,-9990,0,0,1.568,E,8,0.206,E,8,0.20,E,8,0,-9990,0,0
02/22/2005,24:00,0,0,0,3,0,0,3,0,0,3,0,0,3,0,0,3,0,0,3,0,-9990,0,0,10,E,8,9,E,8,8.8,E,8,7.4,E,8,91,E,8,986,E,8,213,E,8,2.6,E,8,-9990,0,0,-9990,0,0,1.552,E,8,0.206,E,8,0.20,E,8,0,-9990,0,0
02/23/2005,01:00,0,0,0,3,0,0,3,0,0,3,0,0,3,0,0,3,0,0,3,0,-9990,0,0,10,E,8,9,E,8,8.1,E,8,6.2,E,8,88,E,8,986,E,8,262,E,8,3.4,E,8,-9990,0,0,-9990,0,0,1.431,E,8,0.201,E,8,0.20,E,8,0,-9990,0,0
02/23/2005,02:00,0,0,0,3,0,0,3,0,0,3,0,0,3,0,0,3,0,0,3,0,-9990,0,0,10,E,8,9,E,8,7.4,E,8,6.1,E,8,92,E,8,986,E,8,189,E,8,1.9,E,8,-9990,0,0,-9990,0,0,1.425,E,8,0.201,E,8,0.20,E,8,0,-9990,0,0
02/23/2005,03:00,0,0,0,3,0,0,3,0,0,3,0,0,3,0,0,3,0,0,3,0,-9990,0,0,10,E,8,9,E,8,6.6,E,8,6.2,E,8,97,E,8,986,E,8,155,E,8,3.0,E,8,-9990,0,0,-9990,0,0,1.431,E,8,0.201,E,8,0.20,E,8,0,-9990,0,0
02/23/2005,04:00,0,0,0,3,0,0,3,0,0,3,0,0,3,0,0,3,0,0,3,0,-9990,0,0,10,E,8,9,E,8,6.2,E,8,5.8,E,8,97,E,8,986,E,8,267,E,8,4.8,E,8,-9990,0,0,-9990,0,0,1.390,E,8,0.201,E,8,0.20,E,8,0,-9990,0,0
02/23/2005,05:00,0,0,0,3,0,0,3,0,0,3,0,0,3,0,0,3,0,0,3,0,-9990,0,0,10,E,8,9,E,8,5.9,E,8,5.6,E,8,98,E,8,986,E,8,173,E,8,5.9,E,8,-9990,0,0,-9990,0,0,1.372,E,8,0.201,E,8,0.20,E,8,0,-9990,0,0
02/23/2005,06:00,0,0,0,3,0,0,3,0,0,3,0,0,3,0,0,3,0,0,3,0,-9990,0,0,10,E,8,9,E,8,5.6,E,8,5.3,E,8,98,E,8,986,E,8,153,E,8,5.5,E,8,-9990,0,0,-9990,0,0,1.346,E,8,0.201,E,8,0.20,E,8,0,-9990,0,0
02/23/2005,07:00,0,0,0,3,0,0,3,0,0,3,0,0,3,0,0,3,0,0,3,0,-9990,0,0,10,E,8,9,E,8,5.3,E,8,5.0,E,8,98,E,8,986,E,8,135,E,8,5.1,E,8,-9990,0,0,-9990,0,0,1.320,E,8,0.201,E,8,0.20,E,8,0,-9990,0,0
02/23/2005,08:00,7,172,0,3,10,0,3,20,0,3,10,0,3,10,0,3,20,0,3,10,-9990,0,0,10,E,8,9,E,8,5.2,E,8,5.0,E,8,98,E,8,986,E,8,190,E,8,5.5,E,8,-9990,0,0,-9990,0,0,1.316,E,8,0.201,E,8,0.20,E,8,0,-9990,0,0
02/23/2005,09:00,173,1396,6,3,10,0,3,20,6,3,10,782,3,10,7,3,20,781,3,10,-9990,0,0,10,E,8,9,E,8,5.3,E,8,5.0,E,8,98,E,8,986,E,8,98,E,8,7.9,E,8,-9990,0,0,-9990,0,0,1.320,E,8,0.201,E,8,0.20,E,8,0,-9990,0,0
02/23/2005,10:00,382,1396,16,3,10,0,3,20,16,3,10,2025,3,10,0,3,20,2025,3,10,-9990,0,0,10,E,8,9,E,8,5.4,E,8,5.0,E,8,97,E,8,986,E,8,14,E,8,6.2,E,8,-9990,0,0,-9990,0,0,1.313,E,8,0.201,E,8,0.20,E,8,0,-9990,0,0
02/23/2005,11:00,552,1396,83,3,10,0,3,20,83,3,10,9414,3,10,0,3,20,9414,3,10,-9990,0,0,10,E,8,9,E,8,6.0,E,8,5.5,E,8,97,E,8,986,E,8,23,E,8,4.6,E,8,-9990,0,0,-9990,0,0,1.367,E,8,0.201,E,8,0.20,E,8,0,-9990,0,0
02/23/2005,12:00,672,1396,129,3,10,0,3,20,129,3,10,14648,3,10,0,3,20,14648,3,10,-9990,0,0,10,E,8,9,E,8,6.6,E,8,6.2,E,8,97,E,8,986,E,8,42,E,8,4.8,E,8,-9990,0,0,-9990,0,0,1.437,E,8,0.201,E,8,0.20,E,8,0,-9990,0,0
02/23/2005,13:00,734,1396,302,3,10,115,3,20,241,3,10,33367,3,10,11714,3,20,27202,3,10,-9990,0,0,9,E,8,8,E,8,8.0,E,8,7.0,E,8,93,E,8,986,E,8,355,E,8,3.0,E,8,-9990,0,0,-9990,0,0,1.510,E,8,0.201,E,8,0.20,E,8,0,-9990,0,0
02/23/2005,14:00,734,1396,217,3,10,17,3,20,207,3,10,23876,3,10,1692,3,20,22985,3,10,-9990,0,0,10,E,8,9,E,8,8.6,E,8,7.1,E,8,90,E,8,986,E,8,353,E,8,3.4,E,8,-9990,0,0,-9990,0,0,1.525,E,8,0.201,E,8,0.20,E,8,0,-9990,0,0
02/23/2005,15:00,672,1396,155,3,10,0,3,20,155,3,10,17277,3,10,0,3,20,17277,3,10,-9990,0,0,10,E,8,9,E,8,8.7,E,8,7.3,E,8,91,E,8,986,E,8,331,E,8,4.0,E,8,-9990,0,0,-9990,0,0,1.549,E,8,0.201,E,8,0.20,E,8,0,-9990,0,0
02/23/2005,16:00,551,1396,152,3,10,8,3,20,149,3,10,16471,3,10,657,3,20,16212,3,10,-9990,0,0,10,E,8,9,E,8,8.8,E,8,7.4,E,8,91,E,8,986,E,8,357,E,8,3.4,E,8,-9990,0,0,-9990,0,0,1.559,E,8,0.201,E,8,0.20,E,8,0,-9990,0,0
02/23/2005,17:00,381,1396,102,3,10,5,3,20,101,3,10,10791,3,10,333,3,20,10700,3,10,-9990,0,0,10,E,8,9,E,8,8.7,E,8,7.2,E,8,91,E,8,986,E,8,338,E,8,3.6,E,8,-9990,0,0,-9990,0,0,1.540,E,8,0.201,E,8,0.20,E,8,0,-9990,0,0
02/23/2005,18:00,172,1396,37,3,10,0,3,20,37,3,10,4100,3,10,0,3,20,4100,3,10,-9990,0,0,10,E,8,9,E,8,8.2,E,8,6.8,E,8,91,E,8,986,E,8,1,E,8,3.6,E,8,-9990,0,0,-9990,0,0,1.496,E,8,0.201,E,8,0.20,E,8,0,-9990,0,0
02/23/2005,19:00,7,168,1,3,10,0,3,20,1,3,10,0,3,10,0,3,20,0,3,10,-9990,0,0,10,E,8,9,E,8,7.6,E,8,6.6,E,8,93,E,8,986,E,8,5,E,8,1.9,E,8,-9990,0,0,-9990,0,0,1.473,E,8,0.201,E,8,0.20,E,8,0,-9990,0,0
02/23/2005,20:00,0,0,0,3,0,0,3,0,0,3,0,0,3,0,0,3,0,0,3,0,-9990,0,0,10,E,8,9,E,8,6.8,E,8,6.6,E,8,98,E,8,986,E,8,352,E,8,1.7,E,8,-9990,0,0,-9990,0,0,1.469,E,8,0.201,E,8,0.20,E,8,2,-9990,0,0
02/23/2005,21:00,0,0,0,3,0,0,3,0,0,3,0,0,3,0,0,3,0,0,3,0,-9990,0,0,10,E,8,9,E,8,6.8,E,8,6.5,E,8,98,E,8,986,E,8,328,E,8,2.6,E,8,-9990,0,0,-9990,0,0,1.463,E,8,0.201,E,8,0.20,E,8,0,-9990,0,0
02/23/2005,22:00,0,0,0,3,0,0,3,0,0,3,0,0,3,0,0,3,0,0,3,0,-9990,0,0,10,E,8,9,E,8,6.3,E,8,6.1,E,8,98,E,8,986,E,8,347,E,8,1.7,E,8,-9990,0,0,-9990,0,0,1.419,E,8,0.201,E,8,0.20,E,8,0,-9990,0,0
02/23/2005,23:00,0,0,0,3,0,0,3,0,0,3,0,0,3,0,0,3,0,0,3,0,-9990,0,0,10,E,8,9,E,8,5.8,E,8,5.3,E,8,97,E,8,986,E,8,119,E,8,0.9,E,8,-9990,0,0,-9990,0,0,1.348,E,8,0.201,E,8,0.20,E,8,1,-9990,0,0
02/23/2005,24:00,0,0,0,3,0,0,3,0,0,3,0,0,3,0,0,3,0,0,3,0,-9990,0,0,10,E,8,9,E,8,5.5,E,8,5.2,E,8,98,E,8,986,E,8,88,E,8,1.5,E,8,-9990,0,0,-9990,0,0,1.335,E,8,0.201,E,8,0.20,E,8,0,-9990,0,0
02/24/2005,01:00,0,0,0,3,0,0,3,0,0,3,0,0,3,0,0,3,0,0,3,0,-9990,0,0,10,E,8,9,E,8,5.2,E,8,5.0,E,8,98,E,8,986,E,8,10,E,8,1.1,E,8,-9990,0,0,-9990,0,0,1.316,E,8,0.193,E,8,0.20,E,8,0,-9990,0,0
02/24/2005,02:00,0,0,0,3,0,0,3,0,0,3,0,0,3,0,0,3,0,0,3,0,-9990,0,0,10,E,8,9,E,8,5.1,E,8,4.8,E,8,98,E,8,987,E,8,8,E,8,0.5,E,8,-9990,0,0,-9990,0,0,1.301,E,8,0.193,E,8,0.20,E,8,0,-9990,0,0
02/24/2005,03:00,0,0,0,3,0,0,3,0,0,3,0,0,3,0,0,3,0,0,3,0,-9990,0,0,10,E,8,9,E,8,4.9,E,8,4.6,E,8,98,E,8,987,E,8,97,E,8,0.7,E,8,-9990,0,0,-9990,0,0,1.282,E,8,0.193,E,8,0.20,E,8,0,-9990,0,0
02/24/2005,04:00,0,0,0,3,0,0,3,0,0,3,0,0,3,0,0,3,0,0,3,0,-9990,0,0,10,E,8,9,E,8,4.9,E,8,4.3,E,8,96,E,8,987,E,8,138,E,8,0.3,E,8,-9990,0,0,-9990,0,0,1.256,E,8,0.193,E,8,0.20,E,8,0,-9990,0,0
02/24/2005,05:00,0,0,0,3,0,0,3,0,0,3,0,0,3,0,0,3,0,0,3,0,-9990,0,0,10,E,8,9,E,8,4.8,E,8,4.5,E,8,98,E,8,987,E,8,187,E,8,0.7,E,8,-9990,0,0,-9990,0,0,1.275,E,8,0.193,E,8,0.20,E,8,0,-9990,0,0
02/24/2005,06:00,0,0,0,3,0,0,3,0,0,3,0,0,3,0,0,3,0,0,3,0,-9990,0,0,10,E,8,9,E,8,4.8,E,8,4.5,E,8,98,E,8,987,E,8,133,E,8,1.2,E,8,-9990,0,0,-9990,0,0,1.273,E,8,0.193,E,8,0.20,E,8,0,-9990,0,0
02/24/2005,07:00,0,0,0,3,0,0,3,0,0,3,0,0,3,0,0,3,0,0,3,0,-9990,0,0,10,E,8,9,E,8,4.8,E,8,4.0,E,8,95,E,8,987,E,8,163,E,8,2.2,E,8,-9990,0,0,-9990,0,0,1.225,E,8,0.193,E,8,0.20,E,8,0,-9990,0,0
02/24/2005,08:00,9,193,1,3,10,0,3,20,1,3,10,0,3,10,0,3,20,0,3,10,-9990,0,0,10,E,8,9,E,8,4.7,E,8,3.7,E,8,94,E,8,987,E,8,193,E,8,4.6,E,8,-9990,0,0,-9990,0,0,1.206,E,8,0.193,E,8,0.20,E,8,1,-9990,0,0
02/24/2005,09:00,180,1395,12,3,10,0,3,20,12,3,10,1445,3,10,0,3,20,1445,3,10,-9990,0,0,10,E,8,9,E,8,5.1,E,8,4.3,E,8,95,E,8,987,E,8,90,E,8,3.0,E,8,-9990,0,0,-9990,0,0,1.258,E,8,0.193,E,8,0.20,E,8,0,-9990,0,0
02/24/2005,10:00,389,1395,115,3,10,33,3,20,105,3,10,12598,3,10,2798,3,20,11818,3,10,-9990,0,0,10,E,8,9,E,8,6.7,E,8,4.0,E,8,83,E,8,987,E,8,129,E,8,3.0,E,8,-9990,0,0,-9990,0,0,1.231,E,8,0.193,E,8,0.20,E,8,0,-9990,0,0
02/24/2005,11:00,559,1395,117,3,10,0,3,20,117,3,10,12996,3,10,0,3,20,12996,3,10,-9990,0,0,10,E,8,9,E,8,7.5,E,8,3.6,E,8,76,E,8,987,E,8,128,E,8,3.4,E,8,-9990,0,0,-9990,0,0,1.191,E,8,0.193,E,8,0.20,E,8,0,-9990,0,0
02/24/2005,12:00,680,1395,237,3,10,43,3,20,216,3,10,26183,3,10,3801,3,20,24331,3,10,-9990,0,0,10,E,8,9,E,8,9.0,E,8,4.5,E,8,73,E,8,987,E,8,176,E,8,3.0,E,8,-9990,0,0,-9990,0,0,1.273,E,8,0.193,E,8,0.20,E,8,0,-9990,0,0
02/24/2005,13:00,742,1395,261,3,10,30,3,20,245,3,10,28424,3,10,3036,3,20,26810,3,10,-9990,0,0,10,E,8,9,E,8,10.2,E,8,4.6,E,8,68,E,8,987,E,8,150,E,8,3.4,E,8,-9990,0,0,-9990,0,0,1.282,E,8,0.193,E,8,0.20,E,8,0,-9990,0,0
02/24/2005,14:00,741,1395,178,3,10,5,3,20,175,3,10,19938,3,10,400,3,20,19725,3,10,-9990,0,0,10,E,8,9,E,8,10.6,E,8,4.3,E,8,65,E,8,987,E,8,231,E,8,3.4,E,8,-9990,0,0,-9990,0,0,1.249,E,8,0.193,E,8,0.20,E,8,0,-9990,0,0
02/24/2005,15:00,679,1395,353,3,10,272,3,20,221,3,10,37885,3,10,25952,3,20,25258,3,10,-9990,0,0,8,E,8,6,E,8,11.8,E,8,5.0,E,8,63,E,8,988,E,8,133,E,8,4.0,E,8,-9990,0,0,-9990,0,0,1.313,E,8,0.193,E,8,0.20,E,8,0,-9990,0,0
02/24/2005,16:00,558,1395,145,3,10,5,3,20,142,3,10,15746,3,10,395,3,20,15589,3,10,-9990,0,0,10,E,8,9,E,8,11.7,E,8,5.4,E,8,65,E,8,988,E,8,180,E,8,4.0,E,8,-9990,0,0,-9990,0,0,1.352,E,8,0.193,E,8,0.20,E,8,0,-9990,0,0
02/24/2005,17:00,387,1395,95,3,10,0,3,20,95,3,10,10105,3,10,0,3,20,10105,3,10,-9990,0,0,10,E,8,9,E,8,11.3,E,8,5.4,E,8,67,E,8,988,E,8,144,E,8,3.6,E,8,-9990,0,0,-9990,0,0,1.355,E,8,0.193,E,8,0.20,E,8,0,-9990,0,0
02/24/2005,18:00,178,1395,17,3,10,0,3,20,17,3,10,2011,3,10,0,3,20,2011,3,10,-9990,0,0,10,E,8,9,E,8,10.5,E,8,5.2,E,8,70,E,8,988,E,8,183,E,8,2.8,E,8,-9990,0,0,-9990,0,0,1.331,E,8,0.193,E,8,0.20,E,8,0,-9990,0,0
02/24/2005,19:00,9,186,0,3,10,0,3,20,0,3,10,0,3,10,0,3,20,0,3,10,-9990,0,0,9,E,8,8,E,8,9.7,E,8,5.1,E,8,73,E,8,989,E,8,127,E,8,2.6,E,8,-9990,0,0,-9990,0,0,1.323,E,8,0.193,E,8,0.20,E,8,0,-9990,0,0
02/24/2005,20:00,0,0,0,3,0,0,3,0,0,3,0,0,3,0,0,3,0,0,3,0,-9990,0,0,9,E,8,8,E,8,8.9,E,8,4.5,E,8,73,E,8,989,E,8,177,E,8,4.3,E,8,-9990,0,0,-9990,0,0,1.268,E,8,0.193,E,8,0.20,E,8,0,-9990,0,0
02/24/2005,21:00,0,0,0,3,0,0,3,0,0,3,0,0,3,0,0,3,0,0,3,0,-9990,0,0,8,E,8,6,E,8,8.2,E,8,4.3,E,8,76,E,8,989,E,8,240,E,8,4.0,E,8,-9990,0,0,-9990,0,0,1.252,E,8,0.193,E,8,0.20,E,8,0,-9990,0,0
02/24/2005,22:00,0,0,0,3,0,0,3,0,0,3,0,0,3,0,0,3,0,0,3,0,-9990,0,0,8,E,8,6,E,8,7.4,E,8,3.9,E,8,78,E,8,989,E,8,168,E,8,4.3,E,8,-9990,0,0,-9990,0,0,1.221,E,8,0.193,E,8,0.20,E,8,0,-9990,0,0
02/24/2005,23:00,0,0,0,3,0,0,3,0,0,3,0,0,3,0,0,3,0,0,3,0,-9990,0,0,6,E,8,6,E,8,6.7,E,8,3.8,E,8,82,E,8,989,E,8,152,E,8,2.4,E,8,-9990,0,0,-9990,0,0,1.211,E,8,0.193,E,8,0.20,E,8,0,-9990,0,0
02/24/2005,24:00,0,0,0,3,0,0,3,0,0,3,0,0,3,0,0,3,0,0,3,0,-9990,0,0,6,E,8,6,E,8,5.9,E,8,3.6,E,8,85,E,8,990,E,8,143,E,8,2.4,E,8,-9990,0,0,-9990,0,0,1.197,E,8,0.193,E,8,0.20,E,8,0,-9990,0,0
02/25/2005,01:00,0,0,0,3,0,0,3,0,0,3,0,0,3,0,0,3,0,0,3,0,-9990,0,0,5,E,8,5,E,8,4.9,E,8,2.6,E,8,84,E,8,990,E,8,157,E,8,2.0,E,8,-9990,0,0,-9990,0,0,1.109,E,8,0.183,E,8,0.20,E,8,0,-9990,0,0
02/25/2005,02:00,0,0,0,3,0,0,3,0,0,3,0,0,3,0,0,3,0,0,3,0,-9990,0,0,5,E,8,5,E,8,3.9,E,8,2.2,E,8,89,E,8,990,E,8,101,E,8,2.8,E,8,-9990,0,0,-9990,0,0,1.085,E,8,0.183,E,8,0.20,E,8,0,-9990,0,0
02/25/2005,03:00,0,0,0,3,0,0,3,0,0,3,0,0,3,0,0,3,0,0,3,0,-9990,0,0,4,E,8,3,E,8,2.9,E,8,2.1,E,8,95,E,8,990,E,8,99,E,8,3.4,E,8,-9990,0,0,-9990,0,0,1.078,E,8,0.183,E,8,0.20,E,8,0,-9990,0,0
02/25/2005,04:00,0,0,0,3,0,0,3,0,0,3,0,0,3,0,0,3,0,0,3,0,-9990,0,0,4,E,8,3,E,8,2.3,E,8,2.2,E,8,99,E,8,991,E,8,356,E,8,5.1,E,8,-9990,0,0,-9990,0,0,1.082,E,8,0.183,E,8,0.20,E,8,0,-9990,0,0
02/25/2005,05:00,0,0,0,3,0,0,3,0,0,3,0,0,3,0,0,3,0,0,3,0,-9990,0,0,3,E,8,2,E,8,1.8,E,8,1.8,E,8,100,E,8,991,E,8,20,E,8,5.9,E,8,-9990,0,0,-9990,0,0,1.050,E,8,0.183,E,8,0.20,E,8,0,-9990,0,0
02/25/2005,06:00,0,0,0,3,0,0,3,0,0,3,0,0,3,0,0,3,0,0,3,0,-9990,0,0,3,E,8,2,E,8,1.4,E,8,1.4,E,8,100,E,8,991,E,8,358,E,8,4.6,E,8,-9990,0,0,-9990,0,0,1.022,E,8,0.183,E,8,0.20,E,8,0,-9990,0,0
02/25/2005,07:00,0,0,0,3,0,0,3,0,0,3,0,0,3,0,0,3,0,0,3,0,-9990,0,0,1,E,8,1,E,8,1.0,E,8,1.0,E,8,100,E,8,991,E,8,341,E,8,2.8,E,8,-9990,0,0,-9990,0,0,0.994,E,8,0.183,E,8,0.20,E,8,0,-9990,0,0
02/25/2005,08:00,11,214,0,3,10,0,3,20,0,3,10,0,3,10,0,3,20,0,3,10,-9990,0,0,1,E,8,1,E,8,0.9,E,8,0.9,E,8,100,E,8,992,E,8,343,E,8,3.0,E,8,-9990,0,0,-9990,0,0,0.991,E,8,0.183,E,8,0.20,E,8,0,-9990,0,0
02/25/2005,09:00,188,1394,85,3,10,278,3,20,48,3,10,8657,3,10,16144,3,20,6484,3,10,-9990,0,0,0,E,8,0,E,8,2.5,E,8,2.3,E,8,98,E,8,992,E,8,343,E,8,3.0,E,8,-9990,0,0,-9990,0,0,1.090,E,8,0.183,E,8,0.20,E,8,0,-9990,0,0
02/25/2005,10:00,396,1394,223,3,10,487,3,20,84,3,10,22480,3,10,39599,3,20,11222,3,10,-9990,0,0,0,E,8,0,E,8,4.8,E,8,2.7,E,8,86,E,8,992,E,8,348,E,8,2.8,E,8,-9990,0,0,-9990,0,0,1.121,E,8,0.183,E,8,0.20,E,8,0,-9990,0,0
02/25/2005,11:00,567,1394,352,3,10,642,3,20,91,3,10,36358,3,10,57069,3,20,13163,3,10,-9990,0,0,0,E,8,0,E,8,7.2,E,8,3.1,E,8,75,E,8,992,E,8,2,E,8,3.0,E,8,-9990,0,0,-9990,0,0,1.150,E,8,0.183,E,8,0.20,E,8,0,-9990,0,0
02/25/2005,12:00,687,1394,423,3,10,588,3,20,133,3,10,44647,3,10,52797,3,20,18634,3,10,-9990,0,0,0,E,8,0,E,8,9.1,E,8,2.9,E,8,65,E,8,993,E,8,356,E,8,3.0,E,8,-9990,0,0,-9990,0,0,1.138,E,8,0.183,E,8,0.20,E,8,0,-9990,0,0
02/25/2005,13:00,749,1394,483,3,10,661,3,20,128,3,10,50294,3,10,60142,3,20,17987,3,10,-9990,0,0,0,E,8,0,E,8,10.8,E,8,3.3,E,8,60,E,8,993,E,8,70,E,8,2.8,E,8,-9990,0,0,-9990,0,0,1.171,E,8,0.183,E,8,0.20,E,8,0,-9990,0,0
02/25/2005,14:00,749,1394,482,3,10,656,3,20,130,3,10,50178,3,10,59586,3,20,18188,3,10,-9990,0,0,0,E,8,0,E,8,11.9,E,8,4.6,E,8,61,E,8,992,E,8,29,E,8,2.8,E,8,-9990,0,0,-9990,0,0,1.283,E,8,0.183,E,8,0.20,E,8,0,-9990,0,0
02/25/2005,15:00,686,1394,431,3,10,602,3,20,135,3,10,45488,3,10,53880,3,20,18990,3,10,-9990,0,0,0,E,8,0,E,8,12.5,E,8,4.8,E,8,59,E,8,992,E,8,136,E,8,2.4,E,8,-9990,0,0,-9990,0,0,1.303,E,8,0.183,E,8,0.20,E,8,0,-9990,0,0
02/25/2005,16:00,565,1394,348,3,10,626,3,20,95,3,10,35888,3,10,55026,3,20,13602,3,10,-9990,0,0,0,E,8,0,E,8,12.6,E,8,5.1,E,8,60,E,8,992,E,8,75,E,8,1.9,E,8,-9990,0,0,-9990,0,0,1.327,E,8,0.183,E,8,0.20,E,8,0,-9990,0,0
02/25/2005,17:00,394,1394,210,3,10,466,3,20,78,3,10,21293,3,10,38072,3,20,10540,3,10,-9990,0,0,0,E,8,0,E,8,11.9,E,8,4.1,E,8,59,E,8,991,E,8,353,E,8,1.9,E,8,-9990,0,0,-9990,0,0,1.236,E,8,0.183,E,8,0.20,E,8,0,-9990,0,0
02/25/2005,18:00,185,1394,86,3,10,331,3,20,42,3,10,8635,3,10,19120,3,20,6103,3,10,-9990,0,0,0,E,8,0,E,8,10.5,E,8,4.6,E,8,67,E,8,991,E,8,5,E,8,2.2,E,8,-9990,0,0,-9990,0,0,1.280,E,8,0.183,E,8,0.20,E,8,0,-9990,0,0
02/25/2005,19:00,10,204,1,3,10,0,3,20,1,3,10,0,3,10,0,3,20,0,3,10,-9990,0,0,1,E,8,1,E,8,8.9,E,8,3.4,E,8,68,E,8,991,E,8,43,E,8,1.4,E,8,-9990,0,0,-9990,0,0,1.175,E,8,0.183,E,8,0.20,E,8,0,-9990,0,0
02/25/2005,20:00,0,0,0,3,0,0,3,0,0,3,0,0,3,0,0,3,0,0,3,0,-9990,0,0,1,E,8,1,E,8,8.1,E,8,3.8,E,8,74,E,8,990,E,8,80,E,8,1.7,E,8,-9990,0,0,-9990,0,0,1.208,E,8,0.183,E,8,0.20,E,8,0,-9990,0,0
02/25/2005,21:00,0,0,0,3,0,0,3,0,0,3,0,0,3,0,0,3,0,0,3,0,-9990,0,0,3,E,8,2,E,8,7.4,E,8,3.9,E,8,79,E,8,990,E,8,65,E,8,2.6,E,8,-9990,0,0,-9990,0,0,1.223,E,8,0.183,E,8,0.20,E,8,0,-9990,0,0
02/25/2005,22:00,0,0,0,3,0,0,3,0,0,3,0,0,3,0,0,3,0,0,3,0,-9990,0,0,3,E,8,2,E,8,6.7,E,8,3.1,E,8,78,E,8,990,E,8,41,E,8,1.9,E,8,-9990,0,0,-9990,0,0,1.150,E,8,0.183,E,8,0.20,E,8,0,-9990,0,0
02/25/2005,23:00,0,0,0,3,0,0,3,0,0,3,0,0,3,0,0,3,0,0,3,0,-9990,0,0,4,E,8,3,E,8,6.0,E,8,3.0,E,8,81,E,8,989,E,8,31,E,8,1.2,E,8,-9990,0,0,-9990,0,0,1.143,E,8,0.183,E,8,0.20,E,8,0,-9990,0,0
02/25/2005,24:00,0,0,0,3,0,0,3,0,0,3,0,0,3,0,0,3,0,0,3,0,-9990,0,0,4,E,8,3,E,8,5.2,E,8,3.4,E,8,88,E,8,989,E,8,343,E,8,1.2,E,8,-9990,0,0,-9990,0,0,1.179,E,8,0.183,E,8,0.20,E,8,0,-9990,0,0
02/26/2005,01:00,0,0,0,3,0,0,3,0,0,3,0,0,3,0,0,3,0,0,3,0,-9990,0,0,5,E,8,5,E,8,4.8,E,8,3.9,E,8,94,E,8,989,E,8,335,E,8,0.7,E,8,-9990,0,0,-9990,0,0,1.218,E,8,0.198,E,8,0.20,E,8,0,-9990,0,0
02/26/2005,02:00,0,0,0,3,0,0,3,0,0,3,0,0,3,0,0,3,0,0,3,0,-9990,0,0,5,E,8,5,E,8,4.4,E,8,3.8,E,8,96,E,8,988,E,8,1,E,8,0.2,E,8,-9990,0,0,-9990,0,0,1.211,E,8,0.198,E,8,0.20,E,8,0,-9990,0,0
02/26/2005,03:00,0,0,0,3,0,0,3,0,0,3,0,0,3,0,0,3,0,0,3,0,-9990,0,0,6,E,8,6,E,8,3.9,E,8,3.8,E,8,99,E,8,988,E,8,339,E,8,1.2,E,8,-9990,0,0,-9990,0,0,1.208,E,8,0.198,E,8,0.20,E,8,0,-9990,0,0
02/26/2005,04:00,0,0,0,3,0,0,3,0,0,3,0,0,3,0,0,3,0,0,3,0,-9990,0,0,6,E,8,6,E,8,3.7,E,8,3.5,E,8,99,E,8,988,E,8,66,E,8,1.5,E,8,-9990,0,0,-9990,0,0,1.184,E,8,0.198,E,8,0.20,E,8,0,-9990,0,0
02/26/2005,05:00,0,0,0,3,0,0,3,0,0,3,0,0,3,0,0,3,0,0,3,0,-9990,0,0,8,E,8,7,E,8,3.4,E,8,3.2,E,8,99,E,8,987,E,8,337,E,8,1.2,E,8,-9990,0,0,-9990,0,0,1.160,E,8,0.198,E,8,0.20,E,8,0,-9990,0,0
02/26/2005,06:00,0,0,0,3,0,0,3,0,0,3,0,0,3,0,0,3,0,0,3,0,-9990,0,0,8,E,8,7,E,8,3.2,E,8,3.2,E,8,100,E,8,987,E,8,71,E,8,0.7,E,8,-9990,0,0,-9990,0,0,1.163,E,8,0.198,E,8,0.20,E,8,0,-9990,0,0
02/26/2005,07:00,0,0,0,3,0,0,3,0,0,3,0,0,3,0,0,3,0,0,3,0,-9990,0,0,9,E,8,8,E,8,3.0,E,8,3.0,E,8,100,E,8,987,E,8,100,E,8,0.5,E,8,-9990,0,0,-9990,0,0,1.148,E,8,0.198,E,8,0.20,E,8,0,-9990,0,0
02/26/2005,08:00,14,235,1,3,10,0,3,20,1,3,10,0,3,10,0,3,20,0,3,10,-9990,0,0,9,E,8,8,E,8,3.0,E,8,3.0,E,8,100,E,8,986,E,8,44,E,8,0.2,E,8,-9990,0,0,-9990,0,0,1.147,E,8,0.198,E,8,0.20,E,8,0,-9990,0,0
02/26/2005,09:00,195,1394,22,3,10,0,3,20,22,3,10,2537,3,10,0,3,20,2537,3,10,-9990,0,0,10,E,8,9,E,8,3.3,E,8,2.8,E,8,97,E,8,986,E,8,0,E,8,0.1,E,8,-9990,0,0,-9990,0,0,1.131,E,8,0.198,E,8,0.20,E,8,1,-9990,0,0
02/26/2005,10:00,404,1394,63,3,10,0,3,20,63,3,10,6942,3,10,0,3,20,6942,3,10,-9990,0,0,10,E,8,9,E,8,4.0,E,8,3.5,E,8,97,E,8,985,E,8,137,E,8,0.0,E,8,-9990,0,0,-9990,0,0,1.188,E,8,0.198,E,8,0.20,E,8,0,-9990,0,0
02/26/2005,11:00,574,1394,110,3,10,0,3,20,110,3,10,12250,3,10,0,3,20,12250,3,10,-9990,0,0,10,E,8,9,E,8,4.7,E,8,4.3,E,8,97,E,8,985,E,8,135,E,8,0.2,E,8,-9990,0,0,-9990,0,0,1.252,E,8,0.198,E,8,0.20,E,8,0,-9990,0,0
02/26/2005,12:00,694,1394,116,3,10,0,3,20,116,3,10,13272,3,10,0,3,20,13272,3,10,-9990,0,0,10,E,8,9,E,8,5.2,E,8,4.6,E,8,96,E,8,985,E,8,157,E,8,0.4,E,8,-9990,0,0,-9990,0,0,1.279,E,8,0.198,E,8,0.20,E,8,0,-9990,0,0
02/26/2005,13:00,756,1394,114,3,10,0,3,20,114,3,10,13251,3,10,0,3,20,13251,3,10,-9990,0,0,10,E,8,9,E,8,5.5,E,8,4.6,E,8,94,E,8,984,E,8,119,E,8,0.3,E,8,-9990,0,0,-9990,0,0,1.278,E,8,0.198,E,8,0.20,E,8,0,-9990,0,0
02/26/2005,14:00,756,1394,122,3,10,0,3,20,122,3,10,14035,3,10,0,3,20,14035,3,10,-9990,0,0,10,E,8,9,E,8,5.7,E,8,4.6,E,8,93,E,8,985,E,8,145,E,8,0.8,E,8,-9990,0,0,-9990,0,0,1.282,E,8,0.198,E,8,0.20,E,8,0,-9990,0,0
02/26/2005,15:00,693,1394,138,3,10,0,3,20,138,3,10,15478,3,10,0,3,20,15478,3,10,-9990,0,0,10,E,8,9,E,8,5.9,E,8,5.0,E,8,93,E,8,985,E,8,142,E,8,1.1,E,8,-9990,0,0,-9990,0,0,1.312,E,8,0.198,E,8,0.20,E,8,0,-9990,0,0
02/26/2005,16:00,572,1394,137,3,10,0,3,20,137,3,10,14953,3,10,0,3,20,14953,3,10,-9990,0,0,10,E,8,9,E,8,6.1,E,8,4.7,E,8,91,E,8,985,E,8,127,E,8,1.9,E,8,-9990,0,0,-9990,0,0,1.289,E,8,0.198,E,8,0.20,E,8,0,-9990,0,0
02/26/2005,17:00,400,1394,92,3,10,0,3,20,92,3,10,9811,3,10,0,3,20,9811,3,10,-9990,0,0,10,E,8,9,E,8,6.1,E,8,4.4,E,8,89,E,8,985,E,8,186,E,8,1.5,E,8,-9990,0,0,-9990,0,0,1.259,E,8,0.198,E,8,0.20,E,8,0,-9990,0,0
02/26/2005,18:00,191,1394,33,3,10,0,3,20,33,3,10,3639,3,10,0,3,20,3639,3,10,-9990,0,0,10,E,8,9,E,8,5.7,E,8,4.9,E,8,95,E,8,985,E,8,115,E,8,1.9,E,8,-9990,0,0,-9990,0,0,1.309,E,8,0.198,E,8,0.20,E,8,0,-9990,0,0
02/26/2005,19:00,12,222,1,3,10,0,3,20,1,3,10,0,3,10,0,3,20,0,3,10,-9990,0,0,10,E,8,9,E,8,5.1,E,8,4.7,E,8,97,E,8,986,E,8,146,E,8,3.4,E,8,-9990,0,0,-9990,0,0,1.287,E,8,0.198,E,8,0.20,E,8,0,-9990,0,0
02/26/2005,20:00,0,0,0,3,0,0,3,0,0,3,0,0,3,0,0,3,0,0,3,0,-9990,0,0,10,E,8,9,E,8,4.9,E,8,4.5,E,8,97,E,8,986,E,8,139,E,8,3.0,E,8,-9990,0,0,-9990,0,0,1.267,E,8,0.198,E,8,0.20,E,8,0,-9990,0,0
02/26/2005,21:00,0,0,0,3,0,0,3,0,0,3,0,0,3,0,0,3,0,0,3,0,-9990,0,0,10,E,8,9,E,8,4.7,E,8,4.4,E,8,98,E,8,986,E,8,142,E,8,1.9,E,8,-9990,0,0,-9990,0,0,1.263,E,8,0.198,E,8,0.20,E,8,0,-9990,0,0
02/26/2005,22:00,0,0,0,3,0,0,3,0,0,3,0,0,3,0,0,3,0,0,3,0,-9990,0,0,10,E,8,9,E,8,3.9,E,8,3.6,E,8,98,E,8,986,E,8,152,E,8,2.6,E,8,-9990,0,0,-9990,0,0,1.194,E,8,0.198,E,8,0.20,E,8,3,-9990,0,0
02/26/2005,23:00,0,0,0,3,0,0,3,0,0,3,0,0,3,0,0,3,0,0,3,0,-9990,0,0,10,E,8,9,E,8,3.9,E,8,3.7,E,8,98,E,8,986,E,8,163,E,8,1.7,E,8,-9990,0,0,-9990,0,0,1.199,E,8,0.198,E,8,0.20,E,8,1,-9990,0,0
02/26/2005,24:00,0,0,0,3,0,0,3,0,0,3,0,0,3,0,0,3,0,0,3,0,-9990,0,0,10,E,8,9,E,8,3.8,E,8,3.4,E,8,97,E,8,987,E,8,131,E,8,1.4,E,8,-9990,0,0,-9990,0,0,1.176,E,8,0.198,E,8,0.20,E,8,0,-9990,0,0
02/27/2005,01:00,0,0,0,3,0,0,3,0,0,3,0,0,3,0,0,3,0,0,3,0,-9990,0,0,10,E,8,9,E,8,3.8,E,8,3.5,E,8,98,E,8,987,E,8,120,E,8,1.1,E,8,-9990,0,0,-9990,0,0,1.188,E,8,0.200,E,8,0.20,E,8,0,-9990,0,0
02/27/2005,02:00,0,0,0,3,0,0,3,0,0,3,0,0,3,0,0,3,0,0,3,0,-9990,0,0,10,E,8,9,E,8,3.7,E,8,3.5,E,8,98,E,8,987,E,8,148,E,8,1.1,E,8,-9990,0,0,-9990,0,0,1.183,E,8,0.200,E,8,0.20,E,8,0,-9990,0,0
02/27/2005,03:00,0,0,0,3,0,0,3,0,0,3,0,0,3,0,0,3,0,0,3,0,-9990,0,0,10,E,8,9,E,8,3.7,E,8,3.4,E,8,98,E,8,987,E,8,144,E,8,2.0,E,8,-9990,0,0,-9990,0,0,1.178,E,8,0.200,E,8,0.20,E,8,0,-9990,0,0
02/27/2005,04:00,0,0,0,3,0,0,3,0,0,3,0,0,3,0,0,3,0,0,3,0,-9990,0,0,10,E,8,9,E,8,3.6,E,8,3.4,E,8,98,E,8,987,E,8,140,E,8,1.4,E,8,-9990,0,0,-9990,0,0,1.176,E,8,0.200,E,8,0.20,E,8,0,-9990,0,0
02/27/2005,05:00,0,0,0,3,0,0,3,0,0,3,0,0,3,0,0,3,0,0,3,0,-9990,0,0,10,E,8,9,E,8,3.6,E,8,3.4,E,8,98,E,8,988,E,8,12,E,8,2.6,E,8,-9990,0,0,-9990,0,0,1.175,E,8,0.200,E,8,0.20,E,8,0,-9990,0,0
02/27/2005,06:00,0,0,0,3,0,0,3,0,0,3,0,0,3,0,0,3,0,0,3,0,-9990,0,0,10,E,8,9,E,8,3.6,E,8,3.4,E,8,98,E,8,988,E,8,63,E,8,1.9,E,8,-9990,0,0,-9990,0,0,1.175,E,8,0.200,E,8,0.20,E,8,0,-9990,0,0
02/27/2005,07:00,0,0,0,3,0,0,3,0,0,3,0,0,3,0,0,3,0,0,3,0,-9990,0,0,10,E,8,9,E,8,3.6,E,8,3.4,E,8,98,E,8,988,E,8,35,E,8,2.2,E,8,-9990,0,0,-9990,0,0,1.175,E,8,0.200,E,8,0.20,E,8,0,-9990,0,0
02/27/2005,08:00,16,256,1,3,10,0,3,20,1,3,10,0,3,10,0,3,20,0,3,10,-9990,0,0,10,E,8,9,E,8,3.7,E,8,3.4,E,8,98,E,8,988,E,8,350,E,8,1.5,E,8,-9990,0,0,-9990,0,0,1.179,E,8,0.200,E,8,0.20,E,8,0,-9990,0,0
02/27/2005,09:00,203,1393,63,3,10,44,3,20,57,3,10,6961,3,10,3677,3,20,6426,3,10,-9990,0,0,10,E,8,9,E,8,5.1,E,8,4.9,E,8,98,E,8,988,E,8,348,E,8,1.1,E,8,-9990,0,0,-9990,0,0,1.305,E,8,0.200,E,8,0.20,E,8,0,-9990,0,0
02/27/2005,10:00,411,1393,141,3,10,56,3,20,124,3,10,15421,3,10,5364,3,20,13837,3,10,-9990,0,0,10,E,8,9,E,8,6.8,E,8,5.4,E,8,90,E,8,989,E,8,357,E,8,1.1,E,8,-9990,0,0,-9990,0,0,1.351,E,8,0.200,E,8,0.20,E,8,0,-9990,0,0
02/27/2005,11:00,582,1393,226,3,10,75,3,20,194,3,10,24829,3,10,7414,3,20,21734,3,10,-9990,0,0,10,E,8,9,E,8,8.6,E,8,5.1,E,8,79,E,8,989,E,8,91,E,8,1.5,E,8,-9990,0,0,-9990,0,0,1.329,E,8,0.200,E,8,0.20,E,8,0,-9990,0,0
02/27/2005,12:00,702,1393,286,3,10,82,3,20,245,3,10,31570,3,10,8120,3,20,27479,3,10,-9990,0,0,10,E,8,9,E,8,10.3,E,8,5.6,E,8,73,E,8,989,E,8,85,E,8,1.9,E,8,-9990,0,0,-9990,0,0,1.372,E,8,0.200,E,8,0.20,E,8,0,-9990,0,0
02/27/2005,13:00,764,1393,307,3,10,77,3,20,265,3,10,33924,3,10,7618,3,20,29748,3,10,-9990,0,0,10,E,8,9,E,8,11.6,E,8,6.0,E,8,68,E,8,989,E,8,134,E,8,1.7,E,8,-9990,0,0,-9990,0,0,1.410,E,8,0.200,E,8,0.20,E,8,0,-9990,0,0
02/27/2005,14:00,763,1393,350,3,10,124,3,20,282,3,10,38637,3,10,12775,3,20,31641,3,10,-9990,0,0,9,E,8,8,E,8,12.8,E,8,6.9,E,8,67,E,8,989,E,8,167,E,8,2.2,E,8,-9990,0,0,-9990,0,0,1.504,E,8,0.200,E,8,0.20,E,8,0,-9990,0,0
02/27/2005,15:00,700,1393,312,3,10,117,3,20,253,3,10,34335,3,10,11948,3,20,28333,3,10,-9990,0,0,9,E,8,8,E,8,13.4,E,8,6.3,E,8,62,E,8,989,E,8,204,E,8,2.2,E,8,-9990,0,0,-9990,0,0,1.439,E,8,0.200,E,8,0.20,E,8,0,-9990,0,0
02/27/2005,16:00,578,1393,256,3,10,131,3,20,202,3,10,28190,3,10,13491,3,20,22589,3,10,-9990,0,0,9,E,8,8,E,8,13.7,E,8,6.5,E,8,62,E,8,989,E,8,148,E,8,1.9,E,8,-9990,0,0,-9990,0,0,1.458,E,8,0.200,E,8,0.20,E,8,0,-9990,0,0
02/27/2005,17:00,407,1393,152,3,10,86,3,20,127,3,10,16684,3,10,8675,3,20,14150,3,10,-9990,0,0,9,E,8,8,E,8,13.2,E,8,7.1,E,8,66,E,8,989,E,8,135,E,8,3.4,E,8,-9990,0,0,-9990,0,0,1.522,E,8,0.200,E,8,0.20,E,8,0,-9990,0,0
02/27/2005,18:00,197,1393,63,3,10,57,3,20,55,3,10,6781,3,10,1977,3,20,6500,3,10,-9990,0,0,9,E,8,8,E,8,12.2,E,8,7.1,E,8,71,E,8,989,E,8,209,E,8,3.6,E,8,-9990,0,0,-9990,0,0,1.520,E,8,0.200,E,8,0.20,E,8,0,-9990,0,0
02/27/2005,19:00,14,241,1,3,10,0,3,20,1,3,10,0,3,10,0,3,20,0,3,10,-9990,0,0,9,E,8,8,E,8,11.0,E,8,7.3,E,8,78,E,8,989,E,8,182,E,8,3.0,E,8,-9990,0,0,-9990,0,0,1.544,E,8,0.200,E,8,0.20,E,8,0,-9990,0,0
02/27/2005,20:00,0,0,0,3,0,0,3,0,0,3,0,0,3,0,0,3,0,0,3,0,-9990,0,0,9,E,8,8,E,8,10.7,E,8,7.4,E,8,80,E,8,989,E,8,12,E,8,3.8,E,8,-9990,0,0,-9990,0,0,1.554,E,8,0.200,E,8,0.20,E,8,0,-9990,0,0
02/27/2005,21:00,0,0,0,3,0,0,3,0,0,3,0,0,3,0,0,3,0,0,3,0,-9990,0,0,9,E,8,8,E,8,10.3,E,8,7.8,E,8,84,E,8,988,E,8,351,E,8,3.4,E,8,-9990,0,0,-9990,0,0,1.599,E,8,0.200,E,8,0.20,E,8,0,-9990,0,0
02/27/2005,22:00,0,0,0,3,0,0,3,0,0,3,0,0,3,0,0,3,0,0,3,0,-9990,0,0,10,E,8,9,E,8,10.0,E,8,8.0,E,8,88,E,8,988,E,8,9,E,8,4.3,E,8,-9990,0,0,-9990,0,0,1.630,E,8,0.200,E,8,0.20,E,8,0,-9990,0,0
02/27/2005,23:00,0,0,0,3,0,0,3,0,0,3,0,0,3,0,0,3,0,0,3,0,-9990,0,0,10,E,8,9,E,8,9.7,E,8,7.7,E,8,88,E,8,988,E,8,48,E,8,5.1,E,8,-9990,0,0,-9990,0,0,1.592,E,8,0.200,E,8,0.20,E,8,0,-9990,0,0
02/27/2005,24:00,0,0,0,3,0,0,3,0,0,3,0,0,3,0,0,3,0,0,3,0,-9990,0,0,10,E,8,9,E,8,9.3,E,8,7.6,E,8,89,E,8,988,E,8,110,E,8,4.0,E,8,-9990,0,0,-9990,0,0,1.583,E,8,0.200,E,8,0.20,E,8,0,-9990,0,0
02/28/2005,01:00,0,0,0,3,0,0,3,0,0,3,0,0,3,0,0,3,0,0,3,0,-9990,0,0,10,E,8,9,E,8,8.9,E,8,7.0,E,8,88,E,8,988,E,8,358,E,8,4.6,E,8,-9990,0,0,-9990,0,0,1.511,E,8,0.196,E,8,0.20,E,8,0,-9990,0,0
02/28/2005,02:00,0,0,0,3,0,0,3,0,0,3,0,0,3,0,0,3,0,0,3,0,-9990,0,0,10,E,8,9,E,8,8.5,E,8,6.9,E,8,90,E,8,988,E,8,14,E,8,5.9,E,8,-9990,0,0,-9990,0,0,1.508,E,8,0.196,E,8,0.20,E,8,0,-9990,0,0
02/28/2005,03:00,0,0,0,3,0,0,3,0,0,3,0,0,3,0,0,3,0,0,3,0,-9990,0,0,10,E,8,9,E,8,8.0,E,8,5.7,E,8,85,E,8,988,E,8,351,E,8,6.2,E,8,-9990,0,0,-9990,0,0,1.385,E,8,0.196,E,8,0.20,E,8,0,-9990,0,0
02/28/2005,04:00,0,0,0,3,0,0,3,0,0,3,0,0,3,0,0,3,0,0,3,0,-9990,0,0,10,E,8,9,E,8,7.8,E,8,5.6,E,8,86,E,8,988,E,8,54,E,8,6.6,E,8,-9990,0,0,-9990,0,0,1.372,E,8,0.196,E,8,0.20,E,8,0,-9990,0,0
02/28/2005,05:00,0,0,0,3,0,0,3,0,0,3,0,0,3,0,0,3,0,0,3,0,-9990,0,0,10,E,8,9,E,8,7.4,E,8,6.0,E,8,91,E,8,988,E,8,99,E,8,5.5,E,8,-9990,0,0,-9990,0,0,1.414,E,8,0.196,E,8,0.20,E,8,1,-9990,0,0
02/28/2005,06:00,0,0,0,3,0,0,3,0,0,3,0,0,3,0,0,3,0,0,3,0,-9990,0,0,10,E,8,9,E,8,7.4,E,8,6.5,E,8,94,E,8,988,E,8,109,E,8,4.3,E,8,-9990,0,0,-9990,0,0,1.459,E,8,0.196,E,8,0.20,E,8,0,-9990,0,0
02/28/2005,07:00,0,0,0,3,0,0,3,0,0,3,0,0,3,0,0,3,0,0,3,0,-9990,0,0,10,E,8,9,E,8,7.3,E,8,6.8,E,8,96,E,8,988,E,8,156,E,8,5.9,E,8,-9990,0,0,-9990,0,0,1.494,E,8,0.196,E,8,0.20,E,8,0,-9990,0,0
02/28/2005,08:00,19,278,1,3,10,0,3,20,1,3,10,0,3,10,0,3,20,0,3,10,-9990,0,0,10,E,8,9,E,8,7.4,E,8,6.8,E,8,96,E,8,988,E,8,166,E,8,6.2,E,8,-9990,0,0,-9990,0,0,1.491,E,8,0.196,E,8,0.20,E,8,0,-9990,0,0
02/28/2005,09:00,210,1393,9,3,10,0,3,20,9,3,10,1061,3,10,3,3,20,1061,3,10,-9990,0,0,10,E,8,9,E,8,7.6,E,8,6.9,E,8,95,E,8,987,E,8,140,E,8,5.5,E,8,-9990,0,0,-9990,0,0,1.504,E,8,0.196,E,8,0.20,E,8,0,-9990,0,0
02/28/2005,10:00,419,1393,32,3,10,0,3,20,32,3,10,3776,3,10,0,3,20,3776,3,10,-9990,0,0,10,E,8,9,E,8,8.0,E,8,6.9,E,8,93,E,8,987,E,8,184,E,8,4.3,E,8,-9990,0,0,-9990,0,0,1.502,E,8,0.196,E,8,0.20,E,8,0,-9990,0,0
02/28/2005,11:00,589,1393,53,3,10,0,3,20,53,3,10,6245,3,10,0,3,20,6245,3,10,-9990,0,0,10,E,8,9,E,8,8.4,E,8,6.4,E,8,87,E,8,987,E,8,121,E,8,2.6,E,8,-9990,0,0,-9990,0,0,1.449,E,8,0.196,E,8,0.20,E,8,0,-9990,0,0
02/28/2005,12:00,709,1393,86,3,10,0,3,20,86,3,10,10023,3,10,0,3,20,10023,3,10,-9990,0,0,10,E,8,9,E,8,8.9,E,8,6.8,E,8,86,E,8,987,E,8,162,E,8,1.5,E,8,-9990,0,0,-9990,0,0,1.494,E,8,0.196,E,8,0.20,E,8,0,-9990,0,0
02/28/2005,13:00,771,1393,105,3,10,0,3,20,105,3,10,12285,3,10,0,3,20,12285,3,10,-9990,0,0,10,E,8,9,E,8,9.4,E,8,6.2,E,8,80,E,8,987,E,8,152,E,8,0.9,E,8,-9990,0,0,-9990,0,0,1.429,E,8,0.196,E,8,0.20,E,8,0,-9990,0,0
02/28/2005,14:00,770,1393,403,3,10,255,3,20,261,3,10,43132,3,10,24139,3,20,29783,3,10,-9990,0,0,8,E,8,6,E,8,11.6,E,8,5.6,E,8,67,E,8,987,E,8,152,E,8,1.1,E,8,-9990,0,0,-9990,0,0,1.375,E,8,0.196,E,8,0.20,E,8,0,-9990,0,0
02/28/2005,15:00,707,1393,358,3,10,188,3,20,262,3,10,38035,3,10,16320,3,20,29753,3,10,-9990,0,0,9,E,8,8,E,8,13.0,E,8,6.4,E,8,64,E,8,987,E,8,219,E,8,0.7,E,8,-9990,0,0,-9990,0,0,1.449,E,8,0.196,E,8,0.20,E,8,0,-9990,0,0
02/28/2005,16:00,585,1393,290,3,10,295,3,20,166,3,10,30004,3,10,24429,3,20,19739,3,10,-9990,0,0,6,E,8,5,E,8,13.7,E,8,5.5,E,8,57,E,8,987,E,8,182,E,8,0.4,E,8,-9990,0,0,-9990,0,0,1.362,E,8,0.196,E,8,0.20,E,8,0,-9990,0,0
02/28/2005,17:00,414,1393,168,3,10,119,3,20,133,3,10,17616,3,10,8596,3,20,15063,3,10,-9990,0,0,9,E,8,8,E,8,13.8,E,8,4.7,E,8,54,E,8,987,E,8,205,E,8,1.1,E,8,-9990,0,0,-9990,0,0,1.286,E,8,0.196,E,8,0.20,E,8,0,-9990,0,0
02/28/2005,18:00,204,1393,73,3,10,92,3,20,59,3,10,7754,3,10,5765,3,20,6910,3,10,-9990,0,0,9,E,8,8,E,8,13.3,E,8,5.0,E,8,57,E,8,987,E,8,105,E,8,0.7,E,8,-9990,0,0,-9990,0,0,1.316,E,8,0.196,E,8,0.20,E,8,0,-9990,0,0
02/28/2005,19:00,17,259,1,3,10,0,3,20,1,3,10,0,3,10,0,3,20,0,3,10,-9990,0,0,9,E,8,8,E,8,12.5,E,8,5.1,E,8,60,E,8,987,E,8,137,E,8,0.8,E,8,-9990,0,0,-9990,0,0,1.323,E,8,0.196,E,8,0.20,E,8,0,-9990,0,0
02/28/2005,20:00,0,0,0,3,0,0,3,0,0,3,0,0,3,0,0,3,0,0,3,0,-9990,0,0,9,E,8,8,E,8,11.9,E,8,4.8,E,8,62,E,8,987,E,8,103,E,8,1.2,E,8,-9990,0,0,-9990,0,0,1.294,E,8,0.196,E,8,0.20,E,8,0,-9990,0,0
02/28/2005,21:00,0,0,0,3,0,0,3,0,0,3,0,0,3,0,0,3,0,0,3,0,-9990,0,0,9,E,8,8,E,8,11.3,E,8,4.3,E,8,62,E,8,987,E,8,211,E,8,1.9,E,8,-9990,0,0,-9990,0,0,1.254,E,8,0.196,E,8,0.20,E,8,0,-9990,0,0
02/28/2005,22:00,0,0,0,3,0,0,3,0,0,3,0,0,3,0,0,3,0,0,3,0,-9990,0,0,9,E,8,8,E,8,10.7,E,8,3.7,E,8,62,E,8,987,E,8,112,E,8,1.7,E,8,-9990,0,0,-9990,0,0,1.206,E,8,0.196,E,8,0.20,E,8,0,-9990,0,0
02/28/2005,23:00,0,0,0,3,0,0,3,0,0,3,0,0,3,0,0,3,0,0,3,0,-9990,0,0,9,E,8,8,E,8,10.1,E,8,3.0,E,8,61,E,8,987,E,8,94,E,8,2.6,E,8,-9990,0,0,-9990,0,0,1.145,E,8,0.196,E,8,0.20,E,8,0,-9990,0,0
02/28/2005,24:00,0,0,0,3,0,0,3,0,0,3,0,0,3,0,0,3,0,0,3,0,-9990,0,0,9,E,8,8,E,8,9.5,E,8,3.4,E,8,66,E,8,987,E,8,99,E,8,2.6,E,8,-9990,0,0,-9990,0,0,1.181,E,8,0.196,E,8,0.20,E,8,0,-9990,0,0
03/01/2005,01:00,0,0,0,3,0,0,3,0,0,3,0,0,3,0,0,3,0,0,3,0,-9990,0,0,10,E,8,9,E,8,8.8,E,8,6.0,E,8,82,E,8,986,E,8,142,E,8,3.0,E,8,-9990,0,0,-9990,0,0,1.408,E,8,0.177,E,8,0.20,E,8,0,-9990,0,0
03/01/2005,02:00,0,0,0,3,0,0,3,0,0,3,0,0,3,0,0,3,0,0,3,0,-9990,0,0,10,E,8,9,E,8,8.1,E,8,5.9,E,8,86,E,8,986,E,8,123,E,8,1.9,E,8,-9990,0,0,-9990,0,0,1.406,E,8,0.177,E,8,0.20,E,8,0,-9990,0,0
03/01/2005,03:00,0,0,0,3,0,0,3,0,0,3,0,0,3,0,0,3,0,0,3,0,-9990,0,0,10,E,8,9,E,8,7.4,E,8,5.2,E,8,86,E,8,986,E,8,42,E,8,1.2,E,8,-9990,0,0,-9990,0,0,1.337,E,8,0.177,E,8,0.20,E,8,0,-9990,0,0
03/01/2005,04:00,0,0,0,3,0,0,3,0,0,3,0,0,3,0,0,3,0,0,3,0,-9990,0,0,10,E,8,9,E,8,7.0,E,8,4.8,E,8,86,E,8,986,E,8,41,E,8,1.2,E,8,-9990,0,0,-9990,0,0,1.301,E,8,0.177,E,8,0.20,E,8,0,-9990,0,0
03/01/2005,05:00,0,0,0,3,0,0,3,0,0,3,0,0,3,0,0,3,0,0,3,0,-9990,0,0,10,E,8,9,E,8,6.6,E,8,4.4,E,8,86,E,8,986,E,8,46,E,8,1.2,E,8,-9990,0,0,-9990,0,0,1.267,E,8,0.177,E,8,0.20,E,8,0,-9990,0,0
03/01/2005,06:00,0,0,0,3,0,0,3,0,0,3,0,0,3,0,0,3,0,0,3,0,-9990,0,0,10,E,8,9,E,8,6.3,E,8,4.2,E,8,86,E,8,986,E,8,186,E,8,1.3,E,8,-9990,0,0,-9990,0,0,1.242,E,8,0.177,E,8,0.20,E,8,0,-9990,0,0
03/01/2005,07:00,0,0,0,3,0,0,3,0,0,3,0,0,3,0,0,3,0,0,3,0,-9990,0,0,10,E,8,9,E,8,6.0,E,8,3.9,E,8,86,E,8,986,E,8,184,E,8,1.0,E,8,-9990,0,0,-9990,0,0,1.218,E,8,0.177,E,8,0.20,E,8,0,-9990,0,0
03/01/2005,08:00,22,300,1,3,10,0,3,20,1,3,10,115,3,10,6,3,20,115,3,10,-9990,0,0,10,E,8,9,E,8,5.9,E,8,3.8,E,8,86,E,8,986,E,8,174,E,8,1.3,E,8,-9990,0,0,-9990,0,0,1.215,E,8,0.177,E,8,0.20,E,8,0,-9990,0,0
03/01/2005,09:00,218,1392,51,3,10,0,3,20,51,3,10,5700,3,10,0,3,20,5700,3,10,-9990,0,0,10,E,8,9,E,8,6.5,E,8,3.7,E,8,82,E,8,986,E,8,186,E,8,2.3,E,8,-9990,0,0,-9990,0,0,1.203,E,8,0.177,E,8,0.20,E,8,0,-9990,0,0
03/01/2005,10:00,427,1392,122,3,10,10,3,20,119,3,10,13610,3,10,937,3,20,13323,3,10,-9990,0,0,10,E,8,9,E,8,7.1,E,8,0.9,E,8,64,E,8,986,E,8,111,E,8,1.5,E,8,-9990,0,0,-9990,0,0,0.986,E,8,0.177,E,8,0.20,E,8,0,-9990,0,0
03/01/2005,11:00,597,1392,173,3,10,15,3,20,167,3,10,19574,3,10,1461,3,20,18948,3,10,-9990,0,0,10,E,8,9,E,8,7.7,E,8,0.8,E,8,61,E,8,986,E,8,100,E,8,2.5,E,8,-9990,0,0,-9990,0,0,0.981,E,8,0.177,E,8,0.20,E,8,0,-9990,0,0
03/01/2005,12:00,717,1392,211,3,10,13,3,20,204,3,10,23969,3,10,1217,3,20,23342,3,10,-9990,0,0,10,E,8,9,E,8,8.2,E,8,1.0,E,8,60,E,8,986,E,8,182,E,8,2.3,E,8,-9990,0,0,-9990,0,0,0.996,E,8,0.177,E,8,0.20,E,8,0,-9990,0,0
03/01/2005,13:00,778,1392,250,3,10,19,3,20,239,3,10,28346,3,10,1953,3,20,27254,3,10,-9990,0,0,10,E,8,9,E,8,8.7,E,8,1.3,E,8,59,E,8,986,E,8,221,E,8,3.8,E,8,-9990,0,0,-9990,0,0,1.014,E,8,0.177,E,8,0.20,E,8,0,-9990,0,0
03/01/2005,14:00,777,1392,244,3,10,21,3,20,232,3,10,27758,3,10,2167,3,20,26547,3,10,-9990,0,0,10,E,8,9,E,8,8.6,E,8,4.4,E,8,75,E,8,986,E,8,194,E,8,4.6,E,8,-9990,0,0,-9990,0,0,1.259,E,8,0.177,E,8,0.20,E,8,2,-9990,0,0
03/01/2005,15:00,714,1392,233,3,10,27,3,20,220,3,10,26321,3,10,2804,3,20,24883,3,10,-9990,0,0,10,E,8,9,E,8,9.1,E,8,6.2,E,8,82,E,8,986,E,8,193,E,8,4.4,E,8,-9990,0,0,-9990,0,0,1.434,E,8,0.177,E,8,0.20,E,8,1,-9990,0,0
03/01/2005,16:00,592,1392,192,3,10,24,3,20,182,3,10,21474,3,10,2447,3,20,20434,3,10,-9990,0,0,10,E,8,9,E,8,9.2,E,8,6.3,E,8,82,E,8,986,E,8,201,E,8,1.6,E,8,-9990,0,0,-9990,0,0,1.446,E,8,0.177,E,8,0.20,E,8,0,-9990,0,0
03/01/2005,17:00,420,1392,118,3,10,9,3,20,115,3,10,13115,3,10,798,3,20,12874,3,10,-9990,0,0,10,E,8,9,E,8,8.9,E,8,3.3,E,8,68,E,8,986,E,8,186,E,8,1.0,E,8,-9990,0,0,-9990,0,0,1.168,E,8,0.177,E,8,0.20,E,8,0,-9990,0,0
03/01/2005,18:00,210,1392,50,3,10,0,3,20,50,3,10,5570,3,10,0,3,20,5570,3,10,-9990,0,0,10,E,8,9,E,8,8.5,E,8,0.8,E,8,58,E,8,986,E,8,250,E,8,1.0,E,8,-9990,0,0,-9990,0,0,0.979,E,8,0.177,E,8,0.20,E,8,0,-9990,0,0
03/01/2005,19:00,19,277,1,3,10,0,3,20,1,3,10,196,3,10,9,3,20,196,3,10,-9990,0,0,10,E,8,9,E,8,7.9,E,8,1.1,E,8,62,E,8,986,E,8,206,E,8,0.9,E,8,-9990,0,0,-9990,0,0,0.999,E,8,0.177,E,8,0.20,E,8,0,-9990,0,0
03/01/2005,20:00,0,0,0,3,0,0,3,0,0,3,0,0,3,0,0,3,0,0,3,0,-9990,0,0,10,E,8,9,E,8,7.5,E,8,1.2,E,8,64,E,8,986,E,8,216,E,8,0.6,E,8,-9990,0,0,-9990,0,0,1.007,E,8,0.177,E,8,0.20,E,8,0,-9990,0,0
03/01/2005,21:00,0,0,0,3,0,0,3,0,0,3,0,0,3,0,0,3,0,0,3,0,-9990,0,0,10,E,8,9,E,8,7.0,E,8,1.6,E,8,68,E,8,986,E,8,266,E,8,0.4,E,8,-9990,0,0,-9990,0,0,1.036,E,8,0.177,E,8,0.20,E,8,0,-9990,0,0
03/01/2005,22:00,0,0,0,3,0,0,3,0,0,3,0,0,3,0,0,3,0,0,3,0,-9990,0,0,10,E,8,9,E,8,6.5,E,8,1.6,E,8,71,E,8,986,E,8,289,E,8,0.5,E,8,-9990,0,0,-9990,0,0,1.038,E,8,0.177,E,8,0.20,E,8,0,-9990,0,0
03/01/2005,23:00,0,0,0,3,0,0,3,0,0,3,0,0,3,0,0,3,0,0,3,0,-9990,0,0,10,E,8,9,E,8,6.0,E,8,2.9,E,8,80,E,8,986,E,8,232,E,8,0.6,E,8,-9990,0,0,-9990,0,0,1.136,E,8,0.177,E,8,0.20,E,8,0,-9990,0,0
03/01/2005,24:00,0,0,0,3,0,0,3,0,0,3,0,0,3,0,0,3,0,0,3,0,-9990,0,0,10,E,8,9,E,8,5.5,E,8,2.5,E,8,81,E,8,986,E,8,208,E,8,0.6,E,8,-9990,0,0,-9990,0,0,1.104,E,8,0.177,E,8,0.20,E,8,0,-9990,0,0
03/02/2005,01:00,0,0,0,3,0,0,3,0,0,3,0,0,3,0,0,3,0,0,3,0,-9990,0,0,10,E,8,9,E,8,5.2,E,8,2.8,E,8,84,E,8,986,E,8,210,E,8,0.4,E,8,-9990,0,0,-9990,0,0,1.132,E,8,0.178,E,8,0.20,E,8,0,-9990,0,0
03/02/2005,02:00,0,0,0,3,0,0,3,0,0,3,0,0,3,0,0,3,0,0,3,0,-9990,0,0,10,E,8,9,E,8,5.0,E,8,3.0,E,8,86,E,8,986,E,8,224,E,8,1.3,E,8,-9990,0,0,-9990,0,0,1.142,E,8,0.178,E,8,0.20,E,8,0,-9990,0,0
03/02/2005,03:00,0,0,0,3,0,0,3,0,0,3,0,0,3,0,0,3,0,0,3,0,-9990,0,0,10,E,8,9,E,8,4.8,E,8,2.8,E,8,86,E,8,986,E,8,216,E,8,1.2,E,8,-9990,0,0,-9990,0,0,1.126,E,8,0.178,E,8,0.20,E,8,0,-9990,0,0
03/02/2005,04:00,0,0,0,3,0,0,3,0,0,3,0,0,3,0,0,3,0,0,3,0,-9990,0,0,10,E,8,9,E,8,4.7,E,8,2.8,E,8,87,E,8,986,E,8,197,E,8,1.6,E,8,-9990,0,0,-9990,0,0,1.128,E,8,0.178,E,8,0.20,E,8,0,-9990,0,0
03/02/2005,05:00,0,0,0,3,0,0,3,0,0,3,0,0,3,0,0,3,0,0,3,0,-9990,0,0,10,E,8,9,E,8,4.6,E,8,2.8,E,8,88,E,8,986,E,8,236,E,8,3.2,E,8,-9990,0,0,-9990,0,0,1.132,E,8,0.178,E,8,0.20,E,8,0,-9990,0,0
03/02/2005,06:00,0,0,0,3,0,0,3,0,0,3,0,0,3,0,0,3,0,0,3,0,-9990,0,0,10,E,8,9,E,8,4.5,E,8,2.7,E,8,88,E,8,986,E,8,206,E,8,3.2,E,8,-9990,0,0,-9990,0,0,1.118,E,8,0.178,E,8,0.20,E,8,0,-9990,0,0
03/02/2005,07:00,0,0,0,3,0,0,3,0,0,3,0,0,3,0,0,3,0,0,3,0,-9990,0,0,10,E,8,9,E,8,4.5,E,8,2.6,E,8,88,E,8,986,E,8,164,E,8,2.7,E,8,-9990,0,0,-9990,0,0,1.114,E,8,0.178,E,8,0.20,E,8,0,-9990,0,0
03/02/2005,08:00,26,322,1,3,10,0,3,20,1,3,10,136,3,10,7,3,20,135,3,10,-9990,0,0,10,E,8,9,E,8,4.5,E,8,2.6,E,8,87,E,8,986,E,8,43,E,8,6.1,E,8,-9990,0,0,-9990,0,0,1.113,E,8,0.178,E,8,0.20,E,8,0,-9990,0,0
03/02/2005,09:00,225,1391,46,3,10,0,3,20,46,3,10,5146,3,10,0,3,20,5146,3,10,-9990,0,0,10,E,8,9,E,8,5.1,E,8,2.6,E,8,83,E,8,986,E,8,330,E,8,5.4,E,8,-9990,0,0,-9990,0,0,1.110,E,8,0.178,E,8,0.20,E,8,0,-9990,0,0
03/02/2005,10:00,434,1391,113,3,10,3,3,20,112,3,10,12621,3,10,155,3,20,12573,3,10,-9990,0,0,10,E,8,9,E,8,6.0,E,8,2.0,E,8,75,E,8,986,E,8,58,E,8,3.0,E,8,-9990,0,0,-9990,0,0,1.066,E,8,0.178,E,8,0.20,E,8,0,-9990,0,0
03/02/2005,11:00,604,1391,183,3,10,16,3,20,176,3,10,20540,3,10,1557,3,20,19864,3,10,-9990,0,0,10,E,8,9,E,8,7.0,E,8,1.5,E,8,68,E,8,986,E,8,38,E,8,2.5,E,8,-9990,0,0,-9990,0,0,1.031,E,8,0.178,E,8,0.20,E,8,0,-9990,0,0
03/02/2005,12:00,724,1391,221,3,10,19,3,20,211,3,10,25016,3,10,1879,3,20,24038,3,10,-9990,0,0,10,E,8,9,E,8,7.8,E,8,2.8,E,8,71,E,8,986,E,8,186,E,8,2.5,E,8,-9990,0,0,-9990,0,0,1.132,E,8,0.178,E,8,0.20,E,8,0,-9990,0,0
03/02/2005,13:00,786,1391,244,3,10,20,3,20,233,3,10,27757,3,10,2026,3,20,26612,3,10,-9990,0,0,10,E,8,9,E,8,8.4,E,8,2.6,E,8,67,E,8,986,E,8,158,E,8,3.2,E,8,-9990,0,0,-9990,0,0,1.111,E,8,0.178,E,8,0.20,E,8,0,-9990,0,0
03/02/2005,14:00,784,1391,256,3,10,21,3,20,244,3,10,29010,3,10,2127,3,20,27810,3,10,-9990,0,0,10,E,8,9,E,8,8.9,E,8,2.3,E,8,63,E,8,986,E,8,141,E,8,2.7,E,8,-9990,0,0,-9990,0,0,1.089,E,8,0.178,E,8,0.20,E,8,0,-9990,0,0
03/02/2005,15:00,721,1391,244,3,10,32,3,20,227,3,10,27016,3,10,2347,3,20,25800,3,10,-9990,0,0,10,E,8,9,E,8,9.3,E,8,2.9,E,8,64,E,8,986,E,8,153,E,8,2.7,E,8,-9990,0,0,-9990,0,0,1.138,E,8,0.178,E,8,0.20,E,8,0,-9990,0,0
03/02/2005,16:00,599,1391,199,3,10,33,3,20,185,3,10,22103,3,10,2387,3,20,21076,3,10,-9990,0,0,10,E,8,9,E,8,9.3,E,8,6.0,E,8,79,E,8,985,E,8,114,E,8,5.0,E,8,-9990,0,0,-9990,0,0,1.409,E,8,0.178,E,8,0.20,E,8,0,-9990,0,0
03/02/2005,17:00,427,1391,129,3,10,15,3,20,124,3,10,14238,3,10,1473,3,20,13786,3,10,-9990,0,0,10,E,8,9,E,8,8.9,E,8,6.8,E,8,86,E,8,985,E,8,77,E,8,8.1,E,8,-9990,0,0,-9990,0,0,1.488,E,8,0.178,E,8,0.20,E,8,1,-9990,0,0
03/02/2005,18:00,217,1391,53,3,10,1,3,20,53,3,10,5896,3,10,0,3,20,5896,3,10,-9990,0,0,10,E,8,9,E,8,8.7,E,8,5.9,E,8,82,E,8,985,E,8,152,E,8,5.8,E,8,-9990,0,0,-9990,0,0,1.401,E,8,0.178,E,8,0.20,E,8,0,-9990,0,0
03/02/2005,19:00,21,294,2,3,10,0,3,20,2,3,10,211,3,10,9,3,20,211,3,10,-9990,0,0,10,E,8,9,E,8,8.1,E,8,5.3,E,8,82,E,8,985,E,8,184,E,8,3.8,E,8,-9990,0,0,-9990,0,0,1.343,E,8,0.178,E,8,0.20,E,8,0,-9990,0,0
03/02/2005,20:00,0,0,0,3,0,0,3,0,0,3,0,0,3,0,0,3,0,0,3,0,-9990,0,0,10,E,8,9,E,8,7.6,E,8,4.8,E,8,82,E,8,985,E,8,152,E,8,3.0,E,8,-9990,0,0,-9990,0,0,1.298,E,8,0.178,E,8,0.20,E,8,0,-9990,0,0
03/02/2005,21:00,0,0,0,3,0,0,3,0,0,3,0,0,3,0,0,3,0,0,3,0,-9990,0,0,10,E,8,9,E,8,7.1,E,8,4.3,E,8,82,E,8,985,E,8,166,E,8,4.4,E,8,-9990,0,0,-9990,0,0,1.255,E,8,0.178,E,8,0.20,E,8,0,-9990,0,0
03/02/2005,22:00,0,0,0,3,0,0,3,0,0,3,0,0,3,0,0,3,0,0,3,0,-9990,0,0,10,E,8,9,E,8,6.6,E,8,3.8,E,8,82,E,8,985,E,8,178,E,8,3.2,E,8,-9990,0,0,-9990,0,0,1.213,E,8,0.178,E,8,0.20,E,8,0,-9990,0,0
03/02/2005,23:00,0,0,0,3,0,0,3,0,0,3,0,0,3,0,0,3,0,0,3,0,-9990,0,0,10,E,8,9,E,8,6.1,E,8,3.5,E,8,83,E,8,985,E,8,212,E,8,2.5,E,8,-9990,0,0,-9990,0,0,1.184,E,8,0.178,E,8,0.20,E,8,0,-9990,0,0
03/02/2005,24:00,0,0,0,3,0,0,3,0,0,3,0,0,3,0,0,3,0,0,3,0,-9990,0,0,10,E,8,9,E,8,5.6,E,8,3.0,E,8,84,E,8,985,E,8,235,E,8,3.5,E,8,-9990,0,0,-9990,0,0,1.148,E,8,0.178,E,8,0.20,E,8,0,-9990,0,0
03/03/2005,01:00,0,0,0,3,0,0,3,0,0,3,0,0,3,0,0,3,0,0,3,0,-9990,0,0,10,E,8,9,E,8,4.9,E,8,3.1,E,8,88,E,8,985,E,8,215,E,8,3.2,E,8,-9990,0,0,-9990,0,0,1.150,E,8,0.156,E,8,0.20,E,8,1,-9990,0,0
03/03/2005,02:00,0,0,0,3,0,0,3,0,0,3,0,0,3,0,0,3,0,0,3,0,-9990,0,0,10,E,8,9,E,8,4.4,E,8,2.7,E,8,89,E,8,984,E,8,159,E,8,4.1,E,8,-9990,0,0,-9990,0,0,1.124,E,8,0.156,E,8,0.20,E,8,0,-9990,0,0
03/03/2005,03:00,0,0,0,3,0,0,3,0,0,3,0,0,3,0,0,3,0,0,3,0,-9990,0,0,10,E,8,9,E,8,4.0,E,8,2.7,E,8,91,E,8,984,E,8,190,E,8,4.1,E,8,-9990,0,0,-9990,0,0,1.119,E,8,0.156,E,8,0.20,E,8,0,-9990,0,0
03/03/2005,04:00,0,0,0,3,0,0,3,0,0,3,0,0,3,0,0,3,0,0,3,0,-9990,0,0,10,E,8,9,E,8,3.7,E,8,2.4,E,8,91,E,8,984,E,8,192,E,8,3.2,E,8,-9990,0,0,-9990,0,0,1.099,E,8,0.156,E,8,0.20,E,8,0,-9990,0,0
03/03/2005,05:00,0,0,0,3,0,0,3,0,0,3,0,0,3,0,0,3,0,0,3,0,-9990,0,0,10,E,8,9,E,8,3.4,E,8,2.5,E,8,94,E,8,984,E,8,214,E,8,2.7,E,8,-9990,0,0,-9990,0,0,1.104,E,8,0.156,E,8,0.20,E,8,0,-9990,0,0
03/03/2005,06:00,0,0,0,3,0,0,3,0,0,3,0,0,3,0,0,3,0,0,3,0,-9990,0,0,10,E,8,9,E,8,3.2,E,8,2.4,E,8,94,E,8,984,E,8,148,E,8,3.5,E,8,-9990,0,0,-9990,0,0,1.094,E,8,0.156,E,8,0.20,E,8,0,-9990,0,0
03/03/2005,07:00,0,0,0,3,0,0,3,0,0,3,0,0,3,0,0,3,0,0,3,0,-9990,0,0,10,E,8,9,E,8,2.9,E,8,1.5,E,8,91,E,8,984,E,8,120,E,8,3.8,E,8,-9990,0,0,-9990,0,0,1.032,E,8,0.156,E,8,0.20,E,8,0,-9990,0,0
03/03/2005,08:00,29,344,1,3,10,0,3,20,1,3,10,159,3,10,7,3,20,158,3,10,-9990,0,0,10,E,8,9,E,8,2.9,E,8,1.9,E,8,93,E,8,984,E,8,104,E,8,5.0,E,8,-9990,0,0,-9990,0,0,1.062,E,8,0.156,E,8,0.20,E,8,0,-9990,0,0
03/03/2005,09:00,233,1391,12,3,10,0,3,20,12,3,10,1522,3,10,3,3,20,1522,3,10,-9990,0,0,10,E,8,9,E,8,3.0,E,8,0.9,E,8,86,E,8,984,E,8,200,E,8,5.0,E,8,-9990,0,0,-9990,0,0,0.986,E,8,0.156,E,8,0.20,E,8,0,-9990,0,0
03/03/2005,10:00,442,1391,67,3,10,0,3,20,67,3,10,7851,3,10,0,3,20,7851,3,10,-9990,0,0,10,E,8,9,E,8,3.4,E,8,1.3,E,8,86,E,8,984,E,8,208,E,8,3.5,E,8,-9990,0,0,-9990,0,0,1.019,E,8,0.156,E,8,0.20,E,8,0,-9990,0,0
03/03/2005,11:00,612,1391,111,3,10,0,3,20,111,3,10,12965,3,10,0,3,20,12965,3,10,-9990,0,0,10,E,8,9,E,8,3.9,E,8,1.1,E,8,82,E,8,983,E,8,252,E,8,2.3,E,8,-9990,0,0,-9990,0,0,1.000,E,8,0.156,E,8,0.20,E,8,0,-9990,0,0
03/03/2005,12:00,732,1391,137,3,10,0,3,20,137,3,10,16104,3,10,0,3,20,16104,3,10,-9990,0,0,10,E,8,9,E,8,4.2,E,8,1.5,E,8,83,E,8,983,E,8,226,E,8,1.6,E,8,-9990,0,0,-9990,0,0,1.029,E,8,0.156,E,8,0.20,E,8,0,-9990,0,0
03/03/2005,13:00,793,1391,186,3,10,3,3,20,184,3,10,21541,3,10,131,3,20,21467,3,10,-9990,0,0,10,E,8,9,E,8,4.6,E,8,1.9,E,8,83,E,8,983,E,8,244,E,8,2.5,E,8,-9990,0,0,-9990,0,0,1.058,E,8,0.156,E,8,0.20,E,8,0,-9990,0,0
03/03/2005,14:00,792,1391,179,3,10,2,3,20,178,3,10,20819,3,10,33,3,20,20800,3,10,-9990,0,0,10,E,8,9,E,8,4.8,E,8,2.1,E,8,83,E,8,983,E,8,233,E,8,1.9,E,8,-9990,0,0,-9990,0,0,1.077,E,8,0.156,E,8,0.20,E,8,0,-9990,0,0
03/03/2005,15:00,728,1391,133,3,10,0,3,20,133,3,10,15660,3,10,0,3,20,15660,3,10,-9990,0,0,10,E,8,9,E,8,4.9,E,8,2.2,E,8,83,E,8,984,E,8,214,E,8,2.1,E,8,-9990,0,0,-9990,0,0,1.079,E,8,0.156,E,8,0.20,E,8,0,-9990,0,0
03/03/2005,16:00,605,1391,136,3,10,0,3,20,136,3,10,15605,3,10,0,3,20,15605,3,10,-9990,0,0,10,E,8,9,E,8,4.1,E,8,2.1,E,8,86,E,8,984,E,8,179,E,8,3.0,E,8,-9990,0,0,-9990,0,0,1.073,E,8,0.156,E,8,0.20,E,8,4,-9990,0,0
03/03/2005,17:00,433,1391,89,3,10,0,3,20,89,3,10,10129,3,10,0,3,20,10129,3,10,-9990,0,0,10,E,8,9,E,8,4.6,E,8,2.5,E,8,86,E,8,984,E,8,81,E,8,2.7,E,8,-9990,0,0,-9990,0,0,1.109,E,8,0.156,E,8,0.20,E,8,1,-9990,0,0
03/03/2005,18:00,223,1391,47,3,10,0,3,20,47,3,10,5286,3,10,0,3,20,5286,3,10,-9990,0,0,10,E,8,9,E,8,4.4,E,8,1.8,E,8,83,E,8,984,E,8,351,E,8,2.3,E,8,-9990,0,0,-9990,0,0,1.049,E,8,0.156,E,8,0.20,E,8,1,-9990,0,0
03/03/2005,19:00,24,312,2,3,10,0,3,20,2,3,10,232,3,10,9,3,20,231,3,10,-9990,0,0,10,E,8,9,E,8,3.9,E,8,1.9,E,8,86,E,8,984,E,8,351,E,8,2.5,E,8,-9990,0,0,-9990,0,0,1.057,E,8,0.156,E,8,0.20,E,8,2,-9990,0,0
03/03/2005,20:00,0,0,0,3,0,0,3,0,0,3,0,0,3,0,0,3,0,0,3,0,-9990,0,0,10,E,8,9,E,8,3.7,E,8,1.7,E,8,86,E,8,985,E,8,54,E,8,3.5,E,8,-9990,0,0,-9990,0,0,1.044,E,8,0.156,E,8,0.20,E,8,0,-9990,0,0
03/03/2005,21:00,0,0,0,3,0,0,3,0,0,3,0,0,3,0,0,3,0,0,3,0,-9990,0,0,9,E,8,8,E,8,3.2,E,8,1.1,E,8,86,E,8,985,E,8,72,E,8,3.8,E,8,-9990,0,0,-9990,0,0,1.005,E,8,0.156,E,8,0.20,E,8,0,-9990,0,0
03/03/2005,22:00,0,0,0,3,0,0,3,0,0,3,0,0,3,0,0,3,0,0,3,0,-9990,0,0,9,E,8,8,E,8,2.6,E,8,0.6,E,8,86,E,8,985,E,8,360,E,8,3.8,E,8,-9990,0,0,-9990,0,0,0.968,E,8,0.156,E,8,0.20,E,8,0,-9990,0,0
03/03/2005,23:00,0,0,0,3,0,0,3,0,0,3,0,0,3,0,0,3,0,0,3,0,-9990,0,0,9,E,8,8,E,8,2.1,E,8,0.1,E,8,86,E,8,985,E,8,19,E,8,4.4,E,8,-9990,0,0,-9990,0,0,0.933,E,8,0.156,E,8,0.20,E,8,0,-9990,0,0
03/03/2005,24:00,0,0,0,3,0,0,3,0,0,3,0,0,3,0,0,3,0,0,3,0,-9990,0,0,9,E,8,8,E,8,1.5,E,8,-0.5,E,8,86,E,8,985,E,8,32,E,8,3.5,E,8,-9990,0,0,-9990,0,0,0.898,E,8,0.156,E,8,0.20,E,8,0,-9990,0,0
03/04/2005,01:00,0,0,0,3,0,0,3,0,0,3,0,0,3,0,0,3,0,0,3,0,-9990,0,0,9,E,8,8,E,8,1.1,E,8,-0.8,E,8,87,E,8,986,E,8,205,E,8,5.4,E,8,-9990,0,0,-9990,0,0,0.875,E,8,0.154,E,8,0.20,E,8,0,-9990,0,0
03/04/2005,02:00,0,0,0,3,0,0,3,0,0,3,0,0,3,0,0,3,0,0,3,0,-9990,0,0,9,E,8,8,E,8,0.7,E,8,-1.2,E,8,87,E,8,986,E,8,156,E,8,4.1,E,8,-9990,0,0,-9990,0,0,0.851,E,8,0.154,E,8,0.20,E,8,0,-9990,0,0
03/04/2005,03:00,0,0,0,3,0,0,3,0,0,3,0,0,3,0,0,3,0,0,3,0,-9990,0,0,9,E,8,8,E,8,0.3,E,8,-1.6,E,8,87,E,8,986,E,8,198,E,8,3.0,E,8,-9990,0,0,-9990,0,0,0.828,E,8,0.154,E,8,0.20,E,8,0,-9990,0,0
03/04/2005,04:00,0,0,0,3,0,0,3,0,0,3,0,0,3,0,0,3,0,0,3,0,-9990,0,0,9,E,8,8,E,8,0.1,E,8,-1.8,E,8,87,E,8,986,E,8,205,E,8,3.0,E,8,-9990,0,0,-9990,0,0,0.817,E,8,0.154,E,8,0.20,E,8,0,-9990,0,0
03/04/2005,05:00,0,0,0,3,0,0,3,0,0,3,0,0,3,0,0,3,0,0,3,0,-9990,0,0,8,E,8,7,E,8,-0.1,E,8,-2.0,E,8,87,E,8,986,E,8,183,E,8,4.1,E,8,-9990,0,0,-9990,0,0,0.805,E,8,0.154,E,8,0.20,E,8,0,-9990,0,0
03/04/2005,06:00,0,0,0,3,0,0,3,0,0,3,0,0,3,0,0,3,0,0,3,0,-9990,0,0,8,E,8,6,E,8,-0.2,E,8,-4.7,E,8,71,E,8,987,E,8,173,E,8,3.5,E,8,-9990,0,0,-9990,0,0,0.667,E,8,0.154,E,8,0.20,E,8,0,-9990,0,0
03/04/2005,07:00,0,0,0,3,0,0,3,0,0,3,0,0,3,0,0,3,0,0,3,0,-9990,0,0,8,E,8,6,E,8,-0.3,E,8,-5.0,E,8,71,E,8,987,E,8,117,E,8,4.1,E,8,-9990,0,0,-9990,0,0,0.655,E,8,0.154,E,8,0.20,E,8,0,-9990,0,0
03/04/2005,08:00,33,366,4,3,10,0,3,20,4,3,10,566,3,10,8,3,20,565,3,10,-9990,0,0,8,E,8,6,E,8,-0.2,E,8,-4.1,E,8,75,E,8,987,E,8,77,E,8,4.6,E,8,-9990,0,0,-9990,0,0,0.698,E,8,0.154,E,8,0.20,E,8,0,-9990,0,0
03/04/2005,09:00,241,1390,92,3,10,149,3,20,66,3,10,9580,3,10,9233,3,20,7980,3,10,-9990,0,0,8,E,8,6,E,8,1.0,E,8,-3.7,E,8,71,E,8,987,E,8,32,E,8,6.1,E,8,-9990,0,0,-9990,0,0,0.717,E,8,0.154,E,8,0.20,E,8,0,-9990,0,0
03/04/2005,10:00,450,1390,194,3,10,143,3,20,148,3,10,20990,3,10,12273,3,20,17019,3,10,-9990,0,0,9,E,8,8,E,8,2.4,E,8,-3.3,E,8,66,E,8,987,E,8,111,E,8,5.4,E,8,-9990,0,0,-9990,0,0,0.737,E,8,0.154,E,8,0.20,E,8,0,-9990,0,0
03/04/2005,11:00,620,1390,255,3,10,98,3,20,211,3,10,28085,3,10,9708,3,20,23757,3,10,-9990,0,0,10,E,8,9,E,8,3.5,E,8,-3.5,E,8,60,E,8,988,E,8,156,E,8,5.4,E,8,-9990,0,0,-9990,0,0,0.727,E,8,0.154,E,8,0.20,E,8,0,-9990,0,0
03/04/2005,12:00,739,1390,324,3,10,105,3,20,268,3,10,35700,3,10,10557,3,20,30085,3,10,-9990,0,0,10,E,8,9,E,8,4.6,E,8,-3.5,E,8,56,E,8,988,E,8,230,E,8,3.0,E,8,-9990,0,0,-9990,0,0,0.725,E,8,0.154,E,8,0.20,E,8,0,-9990,0,0
03/04/2005,13:00,800,1390,342,3,10,122,3,20,272,3,10,37763,3,10,12455,3,20,30592,3,10,-9990,0,0,9,E,8,8,E,8,5.3,E,8,-3.2,E,8,54,E,8,988,E,8,212,E,8,1.9,E,8,-9990,0,0,-9990,0,0,0.742,E,8,0.154,E,8,0.20,E,8,0,-9990,0,0
03/04/2005,14:00,799,1390,389,3,10,204,3,20,272,3,10,42418,3,10,20181,3,20,30822,3,10,-9990,0,0,9,E,8,8,E,8,6.1,E,8,-3.2,E,8,51,E,8,988,E,8,172,E,8,2.1,E,8,-9990,0,0,-9990,0,0,0.744,E,8,0.154,E,8,0.20,E,8,0,-9990,0,0
03/04/2005,15:00,734,1390,347,3,10,141,3,20,272,3,10,37546,3,10,12793,3,20,30786,3,10,-9990,0,0,9,E,8,8,E,8,6.5,E,8,-2.6,E,8,52,E,8,988,E,8,101,E,8,2.1,E,8,-9990,0,0,-9990,0,0,0.773,E,8,0.154,E,8,0.20,E,8,0,-9990,0,0
03/04/2005,16:00,612,1390,287,3,10,157,3,20,218,3,10,31098,3,10,14125,3,20,24879,3,10,-9990,0,0,9,E,8,8,E,8,6.6,E,8,-2.2,E,8,53,E,8,989,E,8,44,E,8,1.9,E,8,-9990,0,0,-9990,0,0,0.795,E,8,0.154,E,8,0.20,E,8,0,-9990,0,0
03/04/2005,17:00,440,1390,180,3,10,117,3,20,143,3,10,19463,3,10,9456,3,20,16473,3,10,-9990,0,0,9,E,8,8,E,8,6.3,E,8,-2.5,E,8,53,E,8,989,E,8,88,E,8,1.5,E,8,-9990,0,0,-9990,0,0,0.778,E,8,0.154,E,8,0.20,E,8,0,-9990,0,0
03/04/2005,18:00,229,1390,70,3,10,35,3,20,64,3,10,7687,3,10,2601,3,20,7258,3,10,-9990,0,0,9,E,8,8,E,8,5.5,E,8,-1.7,E,8,60,E,8,989,E,8,127,E,8,1.0,E,8,-9990,0,0,-9990,0,0,0.824,E,8,0.154,E,8,0.20,E,8,0,-9990,0,0
03/04/2005,19:00,27,330,1,3,10,0,3,20,1,3,10,171,3,10,7,3,20,170,3,10,-9990,0,0,9,E,8,8,E,8,4.6,E,8,-2.9,E,8,58,E,8,989,E,8,141,E,8,0.9,E,8,-9990,0,0,-9990,0,0,0.755,E,8,0.154,E,8,0.20,E,8,0,-9990,0,0
03/04/2005,20:00,0,0,0,3,0,0,3,0,0,3,0,0,3,0,0,3,0,0,3,0,-9990,0,0,9,E,8,8,E,8,4.0,E,8,-2.7,E,8,61,E,8,989,E,8,167,E,8,0.4,E,8,-9990,0,0,-9990,0,0,0.766,E,8,0.154,E,8,0.20,E,8,0,-9990,0,0
03/04/2005,21:00,0,0,0,3,0,0,3,0,0,3,0,0,3,0,0,3,0,0,3,0,-9990,0,0,9,E,8,8,E,8,3.4,E,8,-2.7,E,8,64,E,8,989,E,8,210,E,8,0.8,E,8,-9990,0,0,-9990,0,0,0.767,E,8,0.154,E,8,0.20,E,8,0,-9990,0,0
03/04/2005,22:00,0,0,0,3,0,0,3,0,0,3,0,0,3,0,0,3,0,0,3,0,-9990,0,0,8,E,8,6,E,8,2.7,E,8,-2.9,E,8,66,E,8,989,E,8,296,E,8,1.3,E,8,-9990,0,0,-9990,0,0,0.757,E,8,0.154,E,8,0.20,E,8,0,-9990,0,0
03/04/2005,23:00,0,0,0,3,0,0,3,0,0,3,0,0,3,0,0,3,0,0,3,0,-9990,0,0,8,E,8,6,E,8,2.1,E,8,-3.3,E,8,67,E,8,990,E,8,301,E,8,1.8,E,8,-9990,0,0,-9990,0,0,0.738,E,8,0.154,E,8,0.20,E,8,0,-9990,0,0
03/04/2005,24:00,0,0,0,3,0,0,3,0,0,3,0,0,3,0,0,3,0,0,3,0,-9990,0,0,8,E,8,6,E,8,1.5,E,8,-3.1,E,8,71,E,8,990,E,8,223,E,8,1.6,E,8,-9990,0,0,-9990,0,0,0.748,E,8,0.154,E,8,0.20,E,8,0,-9990,0,0
03/05/2005,01:00,0,0,0,3,0,0,3,0,0,3,0,0,3,0,0,3,0,0,3,0,-9990,0,0,8,E,8,7,E,8,0.9,E,8,-2.0,E,8,80,E,8,990,E,8,242,E,8,0.9,E,8,-9990,0,0,-9990,0,0,0.805,E,8,0.159,E,8,0.20,E,8,0,-9990,0,0
03/05/2005,02:00,0,0,0,3,0,0,3,0,0,3,0,0,3,0,0,3,0,0,3,0,-9990,0,0,8,E,8,7,E,8,0.3,E,8,-2.1,E,8,83,E,8,990,E,8,294,E,8,0.9,E,8,-9990,0,0,-9990,0,0,0.800,E,8,0.159,E,8,0.20,E,8,0,-9990,0,0
03/05/2005,03:00,0,0,0,3,0,0,3,0,0,3,0,0,3,0,0,3,0,0,3,0,-9990,0,0,8,E,8,7,E,8,-0.3,E,8,-2.0,E,8,88,E,8,990,E,8,323,E,8,1.0,E,8,-9990,0,0,-9990,0,0,0.808,E,8,0.159,E,8,0.20,E,8,0,-9990,0,0
03/05/2005,04:00,0,0,0,3,0,0,3,0,0,3,0,0,3,0,0,3,0,0,3,0,-9990,0,0,6,E,8,6,E,8,-0.6,E,8,-1.8,E,8,91,E,8,990,E,8,317,E,8,1.5,E,8,-9990,0,0,-9990,0,0,0.818,E,8,0.159,E,8,0.20,E,8,0,-9990,0,0
03/05/2005,05:00,0,0,0,3,0,0,3,0,0,3,0,0,3,0,0,3,0,0,3,0,-9990,0,0,6,E,8,6,E,8,-0.9,E,8,-1.9,E,8,93,E,8,991,E,8,241,E,8,0.9,E,8,-9990,0,0,-9990,0,0,0.810,E,8,0.159,E,8,0.20,E,8,0,-9990,0,0
03/05/2005,06:00,0,0,0,3,0,0,3,0,0,3,0,0,3,0,0,3,0,0,3,0,-9990,0,0,6,E,8,6,E,8,-1.1,E,8,-2.3,E,8,92,E,8,991,E,8,298,E,8,0.8,E,8,-9990,0,0,-9990,0,0,0.789,E,8,0.159,E,8,0.20,E,8,0,-9990,0,0
03/05/2005,07:00,0,0,0,3,0,0,3,0,0,3,0,0,3,0,0,3,0,0,3,0,-9990,0,0,6,E,8,6,E,8,-1.3,E,8,-1.9,E,8,96,E,8,991,E,8,248,E,8,1.5,E,8,-9990,0,0,-9990,0,0,0.815,E,8,0.159,E,8,0.20,E,8,0,-9990,0,0
03/05/2005,08:00,37,388,6,3,10,0,3,20,6,3,10,783,3,10,5,3,20,783,3,10,-9990,0,0,6,E,8,6,E,8,-1.2,E,8,-1.9,E,8,95,E,8,991,E,8,163,E,8,1.0,E,8,-9990,0,0,-9990,0,0,0.811,E,8,0.159,E,8,0.20,E,8,0,-9990,0,0
03/05/2005,09:00,249,1389,120,3,10,253,3,20,75,3,10,12482,3,10,19102,3,20,9064,3,10,-9990,0,0,6,E,8,6,E,8,0.4,E,8,-1.0,E,8,90,E,8,991,E,8,240,E,8,0.9,E,8,-9990,0,0,-9990,0,0,0.865,E,8,0.159,E,8,0.20,E,8,0,-9990,0,0
03/05/2005,10:00,457,1389,264,3,10,555,3,20,81,3,10,27514,3,10,47186,3,20,11979,3,10,-9990,0,0,0,E,8,0,E,8,2.3,E,8,-0.1,E,8,84,E,8,991,E,8,223,E,8,0.7,E,8,-9990,0,0,-9990,0,0,0.921,E,8,0.159,E,8,0.20,E,8,0,-9990,0,0
03/05/2005,11:00,627,1389,412,3,10,728,3,20,83,3,10,43085,3,10,67930,3,20,12413,3,10,-9990,0,0,0,E,8,0,E,8,4.2,E,8,-0.3,E,8,72,E,8,991,E,8,224,E,8,0.6,E,8,-9990,0,0,-9990,0,0,0.911,E,8,0.159,E,8,0.20,E,8,0,-9990,0,0
03/05/2005,12:00,747,1389,512,3,10,734,3,20,118,3,10,54522,3,10,69926,3,20,16935,3,10,-9990,0,0,0,E,8,0,E,8,6.0,E,8,-1.0,E,8,61,E,8,992,E,8,217,E,8,0.6,E,8,-9990,0,0,-9990,0,0,0.864,E,8,0.159,E,8,0.20,E,8,0,-9990,0,0
03/05/2005,13:00,808,1389,515,3,10,599,3,20,167,3,10,53909,3,10,54178,3,20,22413,3,10,-9990,0,0,1,E,8,1,E,8,7.1,E,8,-1.2,E,8,55,E,8,992,E,8,222,E,8,0.5,E,8,-9990,0,0,-9990,0,0,0.855,E,8,0.159,E,8,0.20,E,8,0,-9990,0,0
03/05/2005,14:00,806,1389,528,3,10,659,3,20,146,3,10,55810,3,10,61369,3,20,20217,3,10,-9990,0,0,0,E,8,0,E,8,8.0,E,8,-1.7,E,8,50,E,8,992,E,8,243,E,8,0.2,E,8,-9990,0,0,-9990,0,0,0.824,E,8,0.159,E,8,0.20,E,8,0,-9990,0,0
03/05/2005,15:00,741,1389,491,3,10,704,3,20,115,3,10,52269,3,10,66885,3,20,16580,3,10,-9990,0,0,0,E,8,0,E,8,8.5,E,8,-2.8,E,8,45,E,8,992,E,8,327,E,8,0.4,E,8,-9990,0,0,-9990,0,0,0.764,E,8,0.159,E,8,0.20,E,8,0,-9990,0,0
03/05/2005,16:00,619,1389,376,3,10,586,3,20,115,3,10,39316,3,10,51586,3,20,16345,3,10,-9990,0,0,0,E,8,0,E,8,8.5,E,8,-3.1,E,8,43,E,8,992,E,8,329,E,8,0.8,E,8,-9990,0,0,-9990,0,0,0.745,E,8,0.159,E,8,0.20,E,8,0,-9990,0,0
03/05/2005,17:00,446,1389,241,3,10,459,3,20,94,3,10,25608,3,10,38546,3,20,13232,3,10,-9990,0,0,1,E,8,1,E,8,8.0,E,8,-3.4,E,8,44,E,8,992,E,8,309,E,8,0.9,E,8,-9990,0,0,-9990,0,0,0.731,E,8,0.159,E,8,0.20,E,8,0,-9990,0,0
03/05/2005,18:00,235,1389,110,3,10,331,3,20,54,3,10,11460,3,10,23242,3,20,7521,3,10,-9990,0,0,1,E,8,1,E,8,6.9,E,8,-3.3,E,8,48,E,8,992,E,8,290,E,8,0.8,E,8,-9990,0,0,-9990,0,0,0.739,E,8,0.159,E,8,0.20,E,8,0,-9990,0,0
03/05/2005,19:00,30,348,3,3,10,0,3,20,3,3,10,397,3,10,9,3,20,396,3,10,-9990,0,0,1,E,8,1,E,8,5.5,E,8,-3.5,E,8,52,E,8,992,E,8,259,E,8,0.8,E,8,-9990,0,0,-9990,0,0,0.727,E,8,0.159,E,8,0.20,E,8,0,-9990,0,0
03/05/2005,20:00,0,0,0,3,0,0,3,0,0,3,0,0,3,0,0,3,0,0,3,0,-9990,0,0,1,E,8,1,E,8,4.9,E,8,-2.3,E,8,59,E,8,992,E,8,244,E,8,1.4,E,8,-9990,0,0,-9990,0,0,0.789,E,8,0.159,E,8,0.20,E,8,0,-9990,0,0
03/05/2005,21:00,0,0,0,3,0,0,3,0,0,3,0,0,3,0,0,3,0,0,3,0,-9990,0,0,3,E,8,2,E,8,4.2,E,8,-1.6,E,8,66,E,8,992,E,8,224,E,8,2.3,E,8,-9990,0,0,-9990,0,0,0.828,E,8,0.159,E,8,0.20,E,8,0,-9990,0,0
03/05/2005,22:00,0,0,0,3,0,0,3,0,0,3,0,0,3,0,0,3,0,0,3,0,-9990,0,0,3,E,8,2,E,8,3.6,E,8,-2.0,E,8,66,E,8,992,E,8,196,E,8,2.1,E,8,-9990,0,0,-9990,0,0,0.804,E,8,0.159,E,8,0.20,E,8,0,-9990,0,0
03/05/2005,23:00,0,0,0,3,0,0,3,0,0,3,0,0,3,0,0,3,0,0,3,0,-9990,0,0,3,E,8,2,E,8,2.9,E,8,-2.1,E,8,70,E,8,992,E,8,315,E,8,3.8,E,8,-9990,0,0,-9990,0,0,0.803,E,8,0.159,E,8,0.20,E,8,0,-9990,0,0
03/05/2005,24:00,0,0,0,3,0,0,3,0,0,3,0,0,3,0,0,3,0,0,3,0,-9990,0,0,3,E,8,2,E,8,2.3,E,8,-2.5,E,8,70,E,8,992,E,8,328,E,8,7.1,E,8,-9990,0,0,-9990,0,0,0.776,E,8,0.159,E,8,0.20,E,8,0,-9990,0,0
03/06/2005,01:00,0,0,0,3,0,0,3,0,0,3,0,0,3,0,0,3,0,0,3,0,-9990,0,0,4,E,8,3,E,8,1.7,E,8,-3.0,E,8,71,E,8,992,E,8,343,E,8,4.1,E,8,-9990,0,0,-9990,0,0,0.753,E,8,0.163,E,8,0.20,E,8,0,-9990,0,0
03/06/2005,02:00,0,0,0,3,0,0,3,0,0,3,0,0,3,0,0,3,0,0,3,0,-9990,0,0,4,E,8,3,E,8,1.2,E,8,-2.4,E,8,77,E,8,992,E,8,334,E,8,3.0,E,8,-9990,0,0,-9990,0,0,0.785,E,8,0.163,E,8,0.20,E,8,0,-9990,0,0
03/06/2005,03:00,0,0,0,3,0,0,3,0,0,3,0,0,3,0,0,3,0,0,3,0,-9990,0,0,4,E,8,3,E,8,0.6,E,8,-2.5,E,8,80,E,8,993,E,8,318,E,8,2.3,E,8,-9990,0,0,-9990,0,0,0.781,E,8,0.163,E,8,0.20,E,8,0,-9990,0,0
03/06/2005,04:00,0,0,0,3,0,0,3,0,0,3,0,0,3,0,0,3,0,0,3,0,-9990,0,0,4,E,8,3,E,8,0.4,E,8,-2.3,E,8,82,E,8,993,E,8,308,E,8,1.8,E,8,-9990,0,0,-9990,0,0,0.790,E,8,0.163,E,8,0.20,E,8,0,-9990,0,0
03/06/2005,05:00,0,0,0,3,0,0,3,0,0,3,0,0,3,0,0,3,0,0,3,0,-9990,0,0,4,E,8,3,E,8,0.1,E,8,-1.9,E,8,86,E,8,993,E,8,334,E,8,2.5,E,8,-9990,0,0,-9990,0,0,0.812,E,8,0.163,E,8,0.20,E,8,0,-9990,0,0
03/06/2005,06:00,0,0,0,3,0,0,3,0,0,3,0,0,3,0,0,3,0,0,3,0,-9990,0,0,5,E,8,5,E,8,-0.1,E,8,-1.9,E,8,88,E,8,993,E,8,288,E,8,1.9,E,8,-9990,0,0,-9990,0,0,0.814,E,8,0.163,E,8,0.20,E,8,0,-9990,0,0
03/06/2005,07:00,0,0,0,3,0,0,3,0,0,3,0,0,3,0,0,3,0,0,3,0,-9990,0,0,5,E,8,5,E,8,-0.3,E,8,-2.5,E,8,86,E,8,993,E,8,253,E,8,3.5,E,8,-9990,0,0,-9990,0,0,0.781,E,8,0.163,E,8,0.20,E,8,0,-9990,0,0
03/06/2005,08:00,42,411,5,3,10,0,3,20,5,3,10,677,3,10,6,3,20,676,3,10,-9990,0,0,5,E,8,5,E,8,-0.2,E,8,-2.8,E,8,83,E,8,993,E,8,239,E,8,3.2,E,8,-9990,0,0,-9990,0,0,0.765,E,8,0.163,E,8,0.20,E,8,0,-9990,0,0
03/06/2005,09:00,256,1389,135,3,10,283,3,20,82,3,10,13834,3,10,21952,3,20,9780,3,10,-9990,0,0,5,E,8,4,E,8,1.7,E,8,-1.6,E,8,79,E,8,993,E,8,214,E,8,2.5,E,8,-9990,0,0,-9990,0,0,0.831,E,8,0.163,E,8,0.20,E,8,0,-9990,0,0
03/06/2005,10:00,465,1389,292,3,10,685,3,20,62,3,10,30164,3,10,61399,3,20,9596,3,10,-9990,0,0,0,E,8,0,E,8,3.8,E,8,-1.5,E,8,68,E,8,993,E,8,209,E,8,1.6,E,8,-9990,0,0,-9990,0,0,0.836,E,8,0.163,E,8,0.20,E,8,0,-9990,0,0
03/06/2005,11:00,635,1389,421,3,10,749,3,20,78,3,10,44304,3,10,71312,3,20,11695,3,10,-9990,0,0,0,E,8,0,E,8,5.8,E,8,-0.9,E,8,62,E,8,993,E,8,221,E,8,3.0,E,8,-9990,0,0,-9990,0,0,0.871,E,8,0.163,E,8,0.20,E,8,0,-9990,0,0
03/06/2005,12:00,754,1389,530,3,10,817,3,20,86,3,10,56545,3,10,80802,3,20,12656,3,10,-9990,0,0,0,E,8,0,E,8,7.6,E,8,-0.5,E,8,56,E,8,993,E,8,216,E,8,4.1,E,8,-9990,0,0,-9990,0,0,0.898,E,8,0.163,E,8,0.20,E,8,0,-9990,0,0
03/06/2005,13:00,815,1389,590,3,10,880,3,20,74,3,10,62744,3,10,88484,3,20,10816,3,10,-9990,0,0,0,E,8,0,E,8,9.1,E,8,-0.3,E,8,52,E,8,993,E,8,118,E,8,5.4,E,8,-9990,0,0,-9990,0,0,0.909,E,8,0.163,E,8,0.20,E,8,0,-9990,0,0
03/06/2005,14:00,813,1389,589,3,10,882,3,20,73,3,10,62732,3,10,88954,3,20,10662,3,10,-9990,0,0,0,E,8,0,E,8,10.2,E,8,0.3,E,8,50,E,8,993,E,8,183,E,8,6.6,E,8,-9990,0,0,-9990,0,0,0.944,E,8,0.163,E,8,0.20,E,8,0,-9990,0,0
03/06/2005,15:00,748,1389,527,3,10,843,3,20,73,3,10,56089,3,10,84006,3,20,10829,3,10,-9990,0,0,0,E,8,0,E,8,10.7,E,8,0.0,E,8,47,E,8,992,E,8,179,E,8,8.1,E,8,-9990,0,0,-9990,0,0,0.929,E,8,0.163,E,8,0.20,E,8,0,-9990,0,0
03/06/2005,16:00,625,1389,426,3,10,808,3,20,63,3,10,45929,3,10,80714,3,20,9587,3,10,-9990,0,0,0,E,8,0,E,8,10.8,E,8,-0.7,E,8,45,E,8,992,E,8,174,E,8,7.6,E,8,-9990,0,0,-9990,0,0,0.886,E,8,0.163,E,8,0.20,E,8,0,-9990,0,0
03/06/2005,17:00,453,1389,287,3,10,707,3,20,56,3,10,29955,3,10,64982,3,20,8780,3,10,-9990,0,0,0,E,8,0,E,8,10.3,E,8,-0.6,E,8,47,E,8,992,E,8,70,E,8,4.6,E,8,-9990,0,0,-9990,0,0,0.891,E,8,0.163,E,8,0.20,E,8,0,-9990,0,0
03/06/2005,18:00,242,1389,131,3,10,300,3,20,79,3,10,13108,3,10,16119,3,20,10302,3,10,-9990,0,0,5,E,8,4,E,8,9.1,E,8,-0.8,E,8,49,E,8,991,E,8,122,E,8,3.8,E,8,-9990,0,0,-9990,0,0,0.875,E,8,0.163,E,8,0.20,E,8,0,-9990,0,0
03/06/2005,19:00,33,365,5,3,10,0,3,20,5,3,10,590,3,10,7,3,20,589,3,10,-9990,0,0,5,E,8,4,E,8,7.6,E,8,-0.2,E,8,57,E,8,991,E,8,195,E,8,3.5,E,8,-9990,0,0,-9990,0,0,0.913,E,8,0.163,E,8,0.20,E,8,0,-9990,0,0
03/06/2005,20:00,0,0,0,3,0,0,3,0,0,3,0,0,3,0,0,3,0,0,3,0,-9990,0,0,6,E,8,5,E,8,7.1,E,8,1.0,E,8,65,E,8,991,E,8,179,E,8,2.3,E,8,-9990,0,0,-9990,0,0,0.997,E,8,0.163,E,8,0.20,E,8,0,-9990,0,0
03/06/2005,21:00,0,0,0,3,0,0,3,0,0,3,0,0,3,0,0,3,0,0,3,0,-9990,0,0,6,E,8,5,E,8,6.5,E,8,-0.1,E,8,63,E,8,990,E,8,163,E,8,3.8,E,8,-9990,0,0,-9990,0,0,0.924,E,8,0.163,E,8,0.20,E,8,0,-9990,0,0
03/06/2005,22:00,0,0,0,3,0,0,3,0,0,3,0,0,3,0,0,3,0,0,3,0,-9990,0,0,6,E,8,5,E,8,5.9,E,8,0.0,E,8,66,E,8,990,E,8,154,E,8,3.2,E,8,-9990,0,0,-9990,0,0,0.928,E,8,0.163,E,8,0.20,E,8,0,-9990,0,0
03/06/2005,23:00,0,0,0,3,0,0,3,0,0,3,0,0,3,0,0,3,0,0,3,0,-9990,0,0,6,E,8,5,E,8,5.4,E,8,0.1,E,8,69,E,8,990,E,8,223,E,8,4.4,E,8,-9990,0,0,-9990,0,0,0.936,E,8,0.163,E,8,0.20,E,8,0,-9990,0,0
03/06/2005,24:00,0,0,0,3,0,0,3,0,0,3,0,0,3,0,0,3,0,0,3,0,-9990,0,0,8,E,8,6,E,8,4.8,E,8,0.5,E,8,74,E,8,990,E,8,175,E,8,3.5,E,8,-9990,0,0,-9990,0,0,0.962,E,8,0.163,E,8,0.20,E,8,0,-9990,0,0
03/07/2005,01:00,0,0,0,3,0,0,3,0,0,3,0,0,3,0,0,3,0,0,3,0,-9990,0,0,8,E,8,6,E,8,4.4,E,8,0.6,E,8,76,E,8,989,E,8,177,E,8,3.2,E,8,-9990,0,0,-9990,0,0,0.966,E,8,0.152,E,8,0.20,E,8,0,-9990,0,0
03/07/2005,02:00,0,0,0,3,0,0,3,0,0,3,0,0,3,0,0,3,0,0,3,0,-9990,0,0,8,E,8,7,E,8,3.9,E,8,1.2,E,8,82,E,8,989,E,8,197,E,8,3.2,E,8,-9990,0,0,-9990,0,0,1.008,E,8,0.152,E,8,0.20,E,8,0,-9990,0,0
03/07/2005,03:00,0,0,0,3,0,0,3,0,0,3,0,0,3,0,0,3,0,0,3,0,-9990,0,0,8,E,8,7,E,8,3.5,E,8,2.0,E,8,89,E,8,989,E,8,187,E,8,5.0,E,8,-9990,0,0,-9990,0,0,1.064,E,8,0.152,E,8,0.20,E,8,0,-9990,0,0
03/07/2005,04:00,0,0,0,3,0,0,3,0,0,3,0,0,3,0,0,3,0,0,3,0,-9990,0,0,9,E,8,8,E,8,3.2,E,8,1.7,E,8,90,E,8,988,E,8,232,E,8,2.3,E,8,-9990,0,0,-9990,0,0,1.043,E,8,0.152,E,8,0.20,E,8,1,-9990,0,0
03/07/2005,05:00,0,0,0,3,0,0,3,0,0,3,0,0,3,0,0,3,0,0,3,0,-9990,0,0,9,E,8,8,E,8,3.1,E,8,1.9,E,8,92,E,8,988,E,8,248,E,8,3.8,E,8,-9990,0,0,-9990,0,0,1.061,E,8,0.152,E,8,0.20,E,8,0,-9990,0,0
03/07/2005,06:00,0,0,0,3,0,0,3,0,0,3,0,0,3,0,0,3,0,0,3,0,-9990,0,0,9,E,8,8,E,8,3.0,E,8,2.7,E,8,98,E,8,988,E,8,189,E,8,3.5,E,8,-9990,0,0,-9990,0,0,1.123,E,8,0.152,E,8,0.20,E,8,0,-9990,0,0
03/07/2005,07:00,0,0,0,3,0,0,3,0,0,3,0,0,3,0,0,3,0,0,3,0,-9990,0,0,9,E,8,8,E,8,2.9,E,8,2.5,E,8,97,E,8,987,E,8,245,E,8,1.2,E,8,-9990,0,0,-9990,0,0,1.101,E,8,0.152,E,8,0.20,E,8,0,-9990,0,0
03/07/2005,08:00,47,433,2,3,10,0,3,20,2,3,10,252,3,10,7,3,20,252,3,10,-9990,0,0,10,E,8,9,E,8,2.9,E,8,2.2,E,8,95,E,8,987,E,8,226,E,8,0.7,E,8,-9990,0,0,-9990,0,0,1.081,E,8,0.152,E,8,0.20,E,8,0,-9990,0,0
03/07/2005,09:00,264,1388,22,3,10,0,3,20,22,3,10,2622,3,10,0,3,20,2622,3,10,-9990,0,0,10,E,8,9,E,8,3.2,E,8,2.1,E,8,92,E,8,987,E,8,295,E,8,0.7,E,8,-9990,0,0,-9990,0,0,1.076,E,8,0.152,E,8,0.20,E,8,0,-9990,0,0
03/07/2005,10:00,473,1388,39,3,10,0,3,20,39,3,10,4759,3,10,0,3,20,4759,3,10,-9990,0,0,10,E,8,9,E,8,3.5,E,8,1.1,E,8,84,E,8,986,E,8,304,E,8,1.3,E,8,-9990,0,0,-9990,0,0,0.999,E,8,0.152,E,8,0.20,E,8,0,-9990,0,0
03/07/2005,11:00,643,1388,78,3,10,0,3,20,78,3,10,9334,3,10,0,3,20,9334,3,10,-9990,0,0,10,E,8,9,E,8,3.9,E,8,1.4,E,8,84,E,8,986,E,8,319,E,8,3.0,E,8,-9990,0,0,-9990,0,0,1.025,E,8,0.152,E,8,0.20,E,8,0,-9990,0,0
03/07/2005,12:00,762,1388,87,3,10,0,3,20,87,3,10,10526,3,10,0,3,20,10526,3,10,-9990,0,0,10,E,8,9,E,8,4.2,E,8,0.6,E,8,77,E,8,986,E,8,283,E,8,3.8,E,8,-9990,0,0,-9990,0,0,0.969,E,8,0.152,E,8,0.20,E,8,0,-9990,0,0
03/07/2005,13:00,822,1388,98,3,10,0,3,20,98,3,10,11870,3,10,0,3,20,11870,3,10,-9990,0,0,10,E,8,9,E,8,4.0,E,8,2.0,E,8,86,E,8,985,E,8,300,E,8,3.2,E,8,-9990,0,0,-9990,0,0,1.067,E,8,0.152,E,8,0.20,E,8,2,-9990,0,0
03/07/2005,14:00,820,1388,426,3,10,290,3,20,254,3,10,45716,3,10,27112,3,20,29701,3,10,-9990,0,0,8,E,8,7,E,8,5.9,E,8,3.2,E,8,83,E,8,985,E,8,296,E,8,3.0,E,8,-9990,0,0,-9990,0,0,1.162,E,8,0.152,E,8,0.20,E,8,0,-9990,0,0
03/07/2005,15:00,755,1388,396,3,10,300,3,20,233,3,10,42351,3,10,27887,3,20,27183,3,10,-9990,0,0,8,E,8,6,E,8,7.0,E,8,1.0,E,8,66,E,8,986,E,8,319,E,8,3.0,E,8,-9990,0,0,-9990,0,0,0.998,E,8,0.152,E,8,0.20,E,8,0,-9990,0,0
03/07/2005,16:00,632,1388,313,3,10,187,3,20,228,3,10,33822,3,10,17134,3,20,26022,3,10,-9990,0,0,9,E,8,8,E,8,7.5,E,8,0.7,E,8,62,E,8,986,E,8,320,E,8,2.1,E,8,-9990,0,0,-9990,0,0,0.977,E,8,0.152,E,8,0.20,E,8,0,-9990,0,0
03/07/2005,17:00,459,1388,199,3,10,148,3,20,150,3,10,21503,3,10,12700,3,20,17304,3,10,-9990,0,0,9,E,8,8,E,8,7.6,E,8,0.0,E,8,58,E,8,986,E,8,326,E,8,3.8,E,8,-9990,0,0,-9990,0,0,0.926,E,8,0.152,E,8,0.20,E,8,0,-9990,0,0
03/07/2005,18:00,248,1388,87,3,10,112,3,20,67,3,10,9414,3,10,8751,3,20,7851,3,10,-9990,0,0,9,E,8,8,E,8,7.3,E,8,-0.1,E,8,59,E,8,986,E,8,302,E,8,4.4,E,8,-9990,0,0,-9990,0,0,0.921,E,8,0.152,E,8,0.20,E,8,0,-9990,0,0
03/07/2005,19:00,37,383,2,3,10,0,3,20,2,3,10,210,3,10,7,3,20,210,3,10,-9990,0,0,9,E,8,8,E,8,6.7,E,8,0.4,E,8,64,E,8,986,E,8,302,E,8,9.5,E,8,-9990,0,0,-9990,0,0,0.953,E,8,0.152,E,8,0.20,E,8,0,-9990,0,0
03/07/2005,20:00,0,0,0,3,0,0,3,0,0,3,0,0,3,0,0,3,0,0,3,0,-9990,0,0,9,E,8,8,E,8,5.8,E,8,3.1,E,8,83,E,8,986,E,8,305,E,8,8.4,E,8,-9990,0,0,-9990,0,0,1.151,E,8,0.152,E,8,0.20,E,8,0,-9990,0,0
03/07/2005,21:00,0,0,0,3,0,0,3,0,0,3,0,0,3,0,0,3,0,0,3,0,-9990,0,0,9,E,8,8,E,8,5.0,E,8,3.0,E,8,86,E,8,986,E,8,332,E,8,9.5,E,8,-9990,0,0,-9990,0,0,1.142,E,8,0.152,E,8,0.20,E,8,0,-9990,0,0
03/07/2005,22:00,0,0,0,3,0,0,3,0,0,3,0,0,3,0,0,3,0,0,3,0,-9990,0,0,9,E,8,8,E,8,4.2,E,8,2.2,E,8,86,E,8,986,E,8,334,E,8,5.8,E,8,-9990,0,0,-9990,0,0,1.080,E,8,0.152,E,8,0.20,E,8,0,-9990,0,0
03/07/2005,23:00,0,0,0,3,0,0,3,0,0,3,0,0,3,0,0,3,0,0,3,0,-9990,0,0,8,E,8,7,E,8,3.4,E,8,1.4,E,8,86,E,8,986,E,8,324,E,8,5.4,E,8,-9990,0,0,-9990,0,0,1.021,E,8,0.152,E,8,0.20,E,8,0,-9990,0,0
03/07/2005,24:00,0,0,0,3,0,0,3,0,0,3,0,0,3,0,0,3,0,0,3,0,-9990,0,0,8,E,8,7,E,8,2.6,E,8,0.6,E,8,86,E,8,986,E,8,228,E,8,5.0,E,8,-9990,0,0,-9990,0,0,0.965,E,8,0.152,E,8,0.20,E,8,0,-9990,0,0
03/08/2005,01:00,0,0,0,3,0,0,3,0,0,3,0,0,3,0,0,3,0,0,3,0,-9990,0,0,8,E,8,7,E,8,1.7,E,8,-0.2,E,8,87,E,8,987,E,8,228,E,8,7.1,E,8,-9990,0,0,-9990,0,0,0.918,E,8,0.131,E,8,0.20,E,8,0,-9990,0,0
03/08/2005,02:00,0,0,0,3,0,0,3,0,0,3,0,0,3,0,0,3,0,0,3,0,-9990,0,0,8,E,8,7,E,8,0.7,E,8,-0.1,E,8,95,E,8,987,E,8,232,E,8,5.4,E,8,-9990,0,0,-9990,0,0,0.922,E,8,0.131,E,8,0.20,E,8,0,-9990,0,0
03/08/2005,03:00,0,0,0,3,0,0,3,0,0,3,0,0,3,0,0,3,0,0,3,0,-9990,0,0,8,E,8,7,E,8,-0.4,E,8,-0.9,E,8,96,E,8,987,E,8,268,E,8,4.4,E,8,-9990,0,0,-9990,0,0,0.873,E,8,0.131,E,8,0.20,E,8,0,-9990,0,0
03/08/2005,04:00,0,0,0,3,0,0,3,0,0,3,0,0,3,0,0,3,0,0,3,0,-9990,0,0,8,E,8,7,E,8,-0.9,E,8,-2.0,E,8,92,E,8,987,E,8,242,E,8,3.5,E,8,-9990,0,0,-9990,0,0,0.805,E,8,0.131,E,8,0.20,E,8,0,-9990,0,0
03/08/2005,05:00,0,0,0,3,0,0,3,0,0,3,0,0,3,0,0,3,0,0,3,0,-9990,0,0,8,E,8,7,E,8,-1.5,E,8,-2.4,E,8,94,E,8,987,E,8,242,E,8,2.5,E,8,-9990,0,0,-9990,0,0,0.787,E,8,0.131,E,8,0.20,E,8,0,-9990,0,0
03/08/2005,06:00,0,0,0,3,0,0,3,0,0,3,0,0,3,0,0,3,0,0,3,0,-9990,0,0,8,E,8,7,E,8,-2.0,E,8,-2.8,E,8,94,E,8,987,E,8,233,E,8,1.2,E,8,-9990,0,0,-9990,0,0,0.760,E,8,0.131,E,8,0.20,E,8,0,-9990,0,0
03/08/2005,07:00,0,0,0,3,0,0,3,0,0,3,0,0,3,0,0,3,0,0,3,0,-9990,0,0,8,E,8,7,E,8,-2.4,E,8,-4.7,E,8,84,E,8,987,E,8,203,E,8,1.2,E,8,-9990,0,0,-9990,0,0,0.667,E,8,0.131,E,8,0.20,E,8,0,-9990,0,0
03/08/2005,08:00,52,456,6,3,10,0,3,20,6,3,10,748,3,10,5,3,20,748,3,10,-9990,0,0,8,E,8,7,E,8,-2.4,E,8,-4.3,E,8,87,E,8,987,E,8,156,E,8,0.9,E,8,-9990,0,0,-9990,0,0,0.685,E,8,0.131,E,8,0.20,E,8,0,-9990,0,0
03/08/2005,09:00,272,1387,111,3,10,173,3,20,77,3,10,11503,3,10,11654,3,20,9216,3,10,-9990,0,0,8,E,8,7,E,8,-1.4,E,8,-4.0,E,8,82,E,8,987,E,8,200,E,8,1.3,E,8,-9990,0,0,-9990,0,0,0.700,E,8,0.131,E,8,0.20,E,8,0,-9990,0,0
03/08/2005,10:00,481,1387,205,3,10,132,3,20,159,3,10,21998,3,10,11127,3,20,18142,3,10,-9990,0,0,9,E,8,8,E,8,-0.6,E,8,-4.0,E,8,77,E,8,987,E,8,222,E,8,0.8,E,8,-9990,0,0,-9990,0,0,0.702,E,8,0.131,E,8,0.20,E,8,0,-9990,0,0
03/08/2005,11:00,650,1387,264,3,10,90,3,20,222,3,10,29091,3,10,8859,3,20,24938,3,10,-9990,0,0,10,E,8,9,E,8,0.1,E,8,-3.8,E,8,75,E,8,988,E,8,260,E,8,0.8,E,8,-9990,0,0,-9990,0,0,0.714,E,8,0.131,E,8,0.20,E,8,0,-9990,0,0
03/08/2005,12:00,769,1387,348,3,10,115,3,20,284,3,10,38300,3,10,11736,3,20,31793,3,10,-9990,0,0,10,E,8,9,E,8,0.8,E,8,-4.1,E,8,69,E,8,988,E,8,209,E,8,1.0,E,8,-9990,0,0,-9990,0,0,0.696,E,8,0.131,E,8,0.20,E,8,0,-9990,0,0
03/08/2005,13:00,829,1387,389,3,10,174,3,20,284,3,10,42284,3,10,16961,3,20,32143,3,10,-9990,0,0,9,E,8,8,E,8,1.4,E,8,-3.7,E,8,69,E,8,988,E,8,225,E,8,2.3,E,8,-9990,0,0,-9990,0,0,0.718,E,8,0.131,E,8,0.20,E,8,0,-9990,0,0
03/08/2005,14:00,827,1387,372,3,10,131,3,20,294,3,10,41062,3,10,13477,3,20,33029,3,10,-9990,0,0,9,E,8,8,E,8,1.7,E,8,-4.6,E,8,63,E,8,988,E,8,248,E,8,1.5,E,8,-9990,0,0,-9990,0,0,0.672,E,8,0.131,E,8,0.20,E,8,0,-9990,0,0
03/08/2005,15:00,762,1387,337,3,10,106,3,20,279,3,10,37064,3,10,10650,3,20,31216,3,10,-9990,0,0,10,E,8,9,E,8,1.8,E,8,-4.6,E,8,62,E,8,987,E,8,242,E,8,1.6,E,8,-9990,0,0,-9990,0,0,0.673,E,8,0.131,E,8,0.20,E,8,0,-9990,0,0
03/08/2005,16:00,638,1387,284,3,10,123,3,20,227,3,10,31206,3,10,12436,3,20,25483,3,10,-9990,0,0,9,E,8,8,E,8,1.8,E,8,-4.3,E,8,64,E,8,987,E,8,204,E,8,1.8,E,8,-9990,0,0,-9990,0,0,0.688,E,8,0.131,E,8,0.20,E,8,0,-9990,0,0
03/08/2005,17:00,465,1387,192,3,10,121,3,20,151,3,10,20678,3,10,9946,3,20,17342,3,10,-9990,0,0,9,E,8,8,E,8,1.4,E,8,-4.2,E,8,66,E,8,987,E,8,215,E,8,1.8,E,8,-9990,0,0,-9990,0,0,0.692,E,8,0.131,E,8,0.20,E,8,0,-9990,0,0
03/08/2005,18:00,254,1387,85,3,10,87,3,20,69,3,10,9141,3,10,6145,3,20,8015,3,10,-9990,0,0,9,E,8,8,E,8,0.7,E,8,-3.4,E,8,74,E,8,987,E,8,208,E,8,4.6,E,8,-9990,0,0,-9990,0,0,0.733,E,8,0.131,E,8,0.20,E,8,0,-9990,0,0
03/08/2005,19:00,40,400,2,3,10,0,3,20,2,3,10,240,3,10,7,3,20,239,3,10,-9990,0,0,9,E,8,8,E,8,-0.1,E,8,-2.8,E,8,82,E,8,987,E,8,206,E,8,3.5,E,8,-9990,0,0,-9990,0,0,0.763,E,8,0.131,E,8,0.20,E,8,0,-9990,0,0
03/08/2005,20:00,0,0,0,3,0,0,3,0,0,3,0,0,3,0,0,3,0,0,3,0,-9990,0,0,9,E,8,8,E,8,-0.6,E,8,-4.1,E,8,77,E,8,987,E,8,186,E,8,3.8,E,8,-9990,0,0,-9990,0,0,0.698,E,8,0.131,E,8,0.20,E,8,0,-9990,0,0
03/08/2005,21:00,0,0,0,3,0,0,3,0,0,3,0,0,3,0,0,3,0,0,3,0,-9990,0,0,9,E,8,8,E,8,-1.0,E,8,-4.1,E,8,80,E,8,986,E,8,144,E,8,7.1,E,8,-9990,0,0,-9990,0,0,0.699,E,8,0.131,E,8,0.20,E,8,0,-9990,0,0
03/08/2005,22:00,0,0,0,3,0,0,3,0,0,3,0,0,3,0,0,3,0,0,3,0,-9990,0,0,9,E,8,8,E,8,-1.4,E,8,-4.7,E,8,78,E,8,986,E,8,99,E,8,5.0,E,8,-9990,0,0,-9990,0,0,0.669,E,8,0.131,E,8,0.20,E,8,0,-9990,0,0
03/08/2005,23:00,0,0,0,3,0,0,3,0,0,3,0,0,3,0,0,3,0,0,3,0,-9990,0,0,10,E,8,9,E,8,-1.9,E,8,-4.4,E,8,83,E,8,986,E,8,207,E,8,8.1,E,8,-9990,0,0,-9990,0,0,0.682,E,8,0.131,E,8,0.20,E,8,0,-9990,0,0
03/08/2005,24:00,0,0,0,3,0,0,3,0,0,3,0,0,3,0,0,3,0,0,3,0,-9990,0,0,10,E,8,9,E,8,-2.3,E,8,-4.5,E,8,85,E,8,986,E,8,208,E,8,8.9,E,8,-9990,0,0,-9990,0,0,0.679,E,8,0.131,E,8,0.20,E,8,0,-9990,0,0
03/09/2005,01:00,0,0,0,3,0,0,3,0,0,3,0,0,3,0,0,3,0,0,3,0,-9990,0,0,10,E,8,9,E,8,-2.8,E,8,-3.8,E,8,93,E,8,986,E,8,190,E,8,7.1,E,8,-9990,0,0,-9990,0,0,0.711,E,8,0.130,E,8,0.53,E,8,0,-9990,0,0
03/09/2005,02:00,0,0,0,3,0,0,3,0,0,3,0,0,3,0,0,3,0,0,3,0,-9990,0,0,10,E,8,9,E,8,-1.9,E,8,-2.8,E,8,94,E,8,986,E,8,31,E,8,6.6,E,8,-9990,0,0,-9990,0,0,0.763,E,8,0.130,E,8,0.52,E,8,0,-9990,0,0
03/09/2005,03:00,0,0,0,3,0,0,3,0,0,3,0,0,3,0,0,3,0,0,3,0,-9990,0,0,10,E,8,9,E,8,-1.7,E,8,-2.7,E,8,93,E,8,985,E,8,13,E,8,6.6,E,8,-9990,0,0,-9990,0,0,0.766,E,8,0.130,E,8,0.53,E,8,0,-9990,0,0
03/09/2005,04:00,0,0,0,3,0,0,3,0,0,3,0,0,3,0,0,3,0,0,3,0,-9990,0,0,10,E,8,9,E,8,-1.8,E,8,-3.1,E,8,91,E,8,985,E,8,192,E,8,4.6,E,8,-9990,0,0,-9990,0,0,0.747,E,8,0.130,E,8,0.58,E,8,0,-9990,0,0
03/09/2005,05:00,0,0,0,3,0,0,3,0,0,3,0,0,3,0,0,3,0,0,3,0,-9990,0,0,10,E,8,9,E,8,-1.5,E,8,-3.6,E,8,85,E,8,985,E,8,178,E,8,4.6,E,8,-9990,0,0,-9990,0,0,0.720,E,8,0.130,E,8,0.59,E,8,0,-9990,0,0
03/09/2005,06:00,0,0,0,3,0,0,3,0,0,3,0,0,3,0,0,3,0,0,3,0,-9990,0,0,10,E,8,9,E,8,-1.4,E,8,-2.4,E,8,93,E,8,985,E,8,201,E,8,2.7,E,8,-9990,0,0,-9990,0,0,0.786,E,8,0.130,E,8,0.62,E,8,0,-9990,0,0
03/09/2005,07:00,0,0,0,3,0,0,3,0,0,3,0,0,3,0,0,3,0,0,3,0,-9990,0,0,10,E,8,9,E,8,-1.2,E,8,-1.5,E,8,98,E,8,985,E,8,167,E,8,1.9,E,8,-9990,0,0,-9990,0,0,0.837,E,8,0.130,E,8,0.60,E,8,0,-9990,0,0
03/09/2005,08:00,57,479,2,3,10,0,3,20,2,3,10,307,3,10,6,3,20,307,3,10,-9990,0,0,10,E,8,9,E,8,-1.0,E,8,-1.7,E,8,95,E,8,984,E,8,170,E,8,1.9,E,8,-9990,0,0,-9990,0,0,0.822,E,8,0.130,E,8,0.59,E,8,0,-9990,0,0
03/09/2005,09:00,280,1387,13,3,10,0,3,20,13,3,10,1628,3,10,1,3,20,1628,3,10,-9990,0,0,10,E,8,9,E,8,-0.7,E,8,-1.7,E,8,93,E,8,984,E,8,113,E,8,2.1,E,8,-9990,0,0,-9990,0,0,0.822,E,8,0.130,E,8,0.57,E,8,0,-9990,0,0
03/09/2005,10:00,489,1387,26,3,10,0,3,20,26,3,10,3318,3,10,0,3,20,3318,3,10,-9990,0,0,10,E,8,9,E,8,-0.4,E,8,-2.2,E,8,88,E,8,984,E,8,145,E,8,1.0,E,8,-9990,0,0,-9990,0,0,0.798,E,8,0.130,E,8,0.62,E,8,0,-9990,0,0
03/09/2005,11:00,658,1387,38,3,10,0,3,20,38,3,10,4836,3,10,0,3,20,4836,3,10,-9990,0,0,10,E,8,9,E,8,-0.2,E,8,-2.3,E,8,85,E,8,984,E,8,185,E,8,0.7,E,8,-9990,0,0,-9990,0,0,0.787,E,8,0.130,E,8,0.63,E,8,0,-9990,0,0
03/09/2005,12:00,777,1387,47,3,10,0,3,20,47,3,10,5949,3,10,0,3,20,5949,3,10,-9990,0,0,10,E,8,9,E,8,0.1,E,8,-2.3,E,8,84,E,8,984,E,8,129,E,8,1.9,E,8,-9990,0,0,-9990,0,0,0.790,E,8,0.130,E,8,0.63,E,8,0,-9990,0,0
03/09/2005,13:00,837,1387,51,3,10,0,3,20,51,3,10,6527,3,10,0,3,20,6527,3,10,-9990,0,0,10,E,8,9,E,8,0.4,E,8,-2.2,E,8,83,E,8,984,E,8,211,E,8,2.5,E,8,-9990,0,0,-9990,0,0,0.795,E,8,0.130,E,8,0.64,E,8,0,-9990,0,0
03/09/2005,14:00,834,1387,334,3,10,103,3,20,272,3,10,36875,3,10,10354,3,20,30649,3,10,-9990,0,0,10,E,8,9,E,8,2.1,E,8,-0.5,E,8,83,E,8,984,E,8,143,E,8,2.1,E,8,-9990,0,0,-9990,0,0,0.896,E,8,0.130,E,8,0.62,E,8,0,-9990,0,0
03/09/2005,15:00,768,1387,287,3,10,56,3,20,257,3,10,31717,3,10,5127,3,20,28876,3,10,-9990,0,0,10,E,8,9,E,8,3.2,E,8,-1.7,E,8,70,E,8,984,E,8,223,E,8,2.1,E,8,-9990,0,0,-9990,0,0,0.826,E,8,0.130,E,8,0.59,E,8,0,-9990,0,0
03/09/2005,16:00,645,1387,276,3,10,111,3,20,224,3,10,30383,3,10,11213,3,20,25168,3,10,-9990,0,0,10,E,8,9,E,8,4.0,E,8,-1.5,E,8,67,E,8,984,E,8,191,E,8,2.3,E,8,-9990,0,0,-9990,0,0,0.833,E,8,0.130,E,8,0.57,E,8,0,-9990,0,0
03/09/2005,17:00,472,1387,209,3,10,152,3,20,157,3,10,22453,3,10,13104,3,20,17997,3,10,-9990,0,0,9,E,8,8,E,8,4.4,E,8,-1.7,E,8,64,E,8,985,E,8,179,E,8,3.0,E,8,-9990,0,0,-9990,0,0,0.825,E,8,0.130,E,8,0.54,E,8,0,-9990,0,0
03/09/2005,18:00,260,1387,105,3,10,192,3,20,69,3,10,10897,3,10,13768,3,20,8312,3,10,-9990,0,0,8,E,8,6,E,8,4.4,E,8,-2.3,E,8,62,E,8,985,E,8,141,E,8,4.4,E,8,-9990,0,0,-9990,0,0,0.792,E,8,0.130,E,8,0.51,E,8,0,-9990,0,0
03/09/2005,19:00,44,417,5,3,10,0,3,20,5,3,10,603,3,10,6,3,20,602,3,10,-9990,0,0,8,E,8,6,E,8,3.8,E,8,-2.8,E,8,62,E,8,985,E,8,58,E,8,2.7,E,8,-9990,0,0,-9990,0,0,0.765,E,8,0.130,E,8,0.49,E,8,0,-9990,0,0
03/09/2005,20:00,0,0,0,3,0,0,3,0,0,3,0,0,3,0,0,3,0,0,3,0,-9990,0,0,8,E,8,6,E,8,3.5,E,8,-2.6,E,8,64,E,8,985,E,8,170,E,8,2.5,E,8,-9990,0,0,-9990,0,0,0.774,E,8,0.130,E,8,0.47,E,8,0,-9990,0,0
03/09/2005,21:00,0,0,0,3,0,0,3,0,0,3,0,0,3,0,0,3,0,0,3,0,-9990,0,0,8,E,8,6,E,8,3.1,E,8,-2.7,E,8,65,E,8,985,E,8,120,E,8,4.1,E,8,-9990,0,0,-9990,0,0,0.769,E,8,0.130,E,8,0.45,E,8,0,-9990,0,0
03/09/2005,22:00,0,0,0,3,0,0,3,0,0,3,0,0,3,0,0,3,0,0,3,0,-9990,0,0,8,E,8,6,E,8,2.8,E,8,-2.4,E,8,68,E,8,986,E,8,192,E,8,5.4,E,8,-9990,0,0,-9990,0,0,0.783,E,8,0.130,E,8,0.43,E,8,0,-9990,0,0
03/09/2005,23:00,0,0,0,3,0,0,3,0,0,3,0,0,3,0,0,3,0,0,3,0,-9990,0,0,8,E,8,6,E,8,2.5,E,8,-3.2,E,8,66,E,8,986,E,8,154,E,8,3.8,E,8,-9990,0,0,-9990,0,0,0.743,E,8,0.130,E,8,0.30,E,8,0,-9990,0,0
03/09/2005,24:00,0,0,0,3,0,0,3,0,0,3,0,0,3,0,0,3,0,0,3,0,-9990,0,0,8,E,8,6,E,8,2.2,E,8,-3.8,E,8,65,E,8,986,E,8,164,E,8,4.4,E,8,-9990,0,0,-9990,0,0,0.714,E,8,0.130,E,8,0.29,E,8,0,-9990,0,0
03/10/2005,01:00,0,0,0,3,0,0,3,0,0,3,0,0,3,0,0,3,0,0,3,0,-9990,0,0,9,E,8,8,E,8,1.5,E,8,-5.2,E,8,61,E,8,986,E,8,165,E,8,3.8,E,8,-9990,0,0,-9990,0,0,0.646,E,8,0.128,E,8,0.28,E,8,0,-9990,0,0
03/10/2005,02:00,0,0,0,3,0,0,3,0,0,3,0,0,3,0,0,3,0,0,3,0,-9990,0,0,9,E,8,8,E,8,0.8,E,8,-4.9,E,8,65,E,8,987,E,8,153,E,8,3.2,E,8,-9990,0,0,-9990,0,0,0.658,E,8,0.128,E,8,0.28,E,8,0,-9990,0,0
03/10/2005,03:00,0,0,0,3,0,0,3,0,0,3,0,0,3,0,0,3,0,0,3,0,-9990,0,0,9,E,8,8,E,8,0.1,E,8,-4.7,E,8,70,E,8,987,E,8,183,E,8,3.2,E,8,-9990,0,0,-9990,0,0,0.669,E,8,0.128,E,8,0.28,E,8,0,-9990,0,0
03/10/2005,04:00,0,0,0,3,0,0,3,0,0,3,0,0,3,0,0,3,0,0,3,0,-9990,0,0,9,E,8,8,E,8,-0.3,E,8,-4.7,E,8,72,E,8,987,E,8,141,E,8,1.9,E,8,-9990,0,0,-9990,0,0,0.666,E,8,0.128,E,8,0.28,E,8,0,-9990,0,0
03/10/2005,05:00,0,0,0,3,0,0,3,0,0,3,0,0,3,0,0,3,0,0,3,0,-9990,0,0,9,E,8,8,E,8,-0.7,E,8,-4.6,E,8,75,E,8,987,E,8,139,E,8,1.9,E,8,-9990,0,0,-9990,0,0,0.675,E,8,0.128,E,8,0.28,E,8,0,-9990,0,0
03/10/2005,06:00,0,0,0,3,0,0,3,0,0,3,0,0,3,0,0,3,0,0,3,0,-9990,0,0,9,E,8,8,E,8,-1.0,E,8,-5.2,E,8,73,E,8,987,E,8,212,E,8,2.7,E,8,-9990,0,0,-9990,0,0,0.646,E,8,0.128,E,8,0.28,E,8,0,-9990,0,0
03/10/2005,07:00,0,0,0,3,0,0,3,0,0,3,0,0,3,0,0,3,0,0,3,0,-9990,0,0,9,E,8,8,E,8,-1.3,E,8,-4.3,E,8,80,E,8,988,E,8,190,E,8,4.1,E,8,-9990,0,0,-9990,0,0,0.688,E,8,0.128,E,8,0.28,E,8,0,-9990,0,0
03/10/2005,08:00,63,502,3,3,10,0,3,20,3,3,10,337,3,10,6,3,20,337,3,10,-9990,0,0,9,E,8,8,E,8,-1.3,E,8,-3.4,E,8,85,E,8,988,E,8,215,E,8,1.6,E,8,-9990,0,0,-9990,0,0,0.732,E,8,0.128,E,8,0.28,E,8,0,-9990,0,0
03/10/2005,09:00,288,1386,97,3,10,85,3,20,79,3,10,10411,3,10,5968,3,20,9170,3,10,-9990,0,0,9,E,8,8,E,8,0.0,E,8,-3.1,E,8,80,E,8,988,E,8,141,E,8,1.0,E,8,-9990,0,0,-9990,0,0,0.748,E,8,0.128,E,8,0.27,E,8,0,-9990,0,0
03/10/2005,10:00,496,1386,229,3,10,176,3,20,166,3,10,24573,3,10,15717,3,20,18943,3,10,-9990,0,0,9,E,8,8,E,8,1.6,E,8,-2.8,E,8,73,E,8,988,E,8,52,E,8,1.0,E,8,-9990,0,0,-9990,0,0,0.763,E,8,0.128,E,8,0.27,E,8,0,-9990,0,0
03/10/2005,11:00,666,1386,324,3,10,168,3,20,243,3,10,34796,3,10,15248,3,20,27473,3,10,-9990,0,0,9,E,8,8,E,8,3.0,E,8,-2.7,E,8,66,E,8,989,E,8,156,E,8,1.4,E,8,-9990,0,0,-9990,0,0,0.769,E,8,0.128,E,8,0.26,E,8,0,-9990,0,0
03/10/2005,12:00,784,1386,408,3,10,301,3,20,238,3,10,43554,3,10,28511,3,20,27423,3,10,-9990,0,0,8,E,8,6,E,8,4.3,E,8,-2.4,E,8,62,E,8,989,E,8,147,E,8,1.5,E,8,-9990,0,0,-9990,0,0,0.783,E,8,0.128,E,8,0.25,E,8,0,-9990,0,0
03/10/2005,13:00,844,1386,416,3,10,210,3,20,289,3,10,45264,3,10,20734,3,20,32639,3,10,-9990,0,0,9,E,8,8,E,8,5.1,E,8,-2.7,E,8,57,E,8,989,E,8,170,E,8,1.6,E,8,-9990,0,0,-9990,0,0,0.766,E,8,0.128,E,8,0.24,E,8,0,-9990,0,0
03/10/2005,14:00,841,1386,420,3,10,193,3,20,303,3,10,45558,3,10,18842,3,20,34127,3,10,-9990,0,0,9,E,8,8,E,8,5.7,E,8,-2.5,E,8,55,E,8,989,E,8,130,E,8,2.7,E,8,-9990,0,0,-9990,0,0,0.777,E,8,0.128,E,8,0.22,E,8,0,-9990,0,0
03/10/2005,15:00,775,1386,373,3,10,145,3,20,292,3,10,40245,3,10,13268,3,20,32825,3,10,-9990,0,0,9,E,8,8,E,8,6.0,E,8,-2.4,E,8,55,E,8,989,E,8,15,E,8,3.8,E,8,-9990,0,0,-9990,0,0,0.784,E,8,0.128,E,8,0.20,E,8,0,-9990,0,0
03/10/2005,16:00,651,1386,301,3,10,148,3,20,231,3,10,32394,3,10,13236,3,20,26173,3,10,-9990,0,0,9,E,8,8,E,8,6.0,E,8,-1.9,E,8,56,E,8,989,E,8,46,E,8,6.6,E,8,-9990,0,0,-9990,0,0,0.810,E,8,0.128,E,8,0.20,E,8,0,-9990,0,0
03/10/2005,17:00,478,1386,236,3,10,323,3,20,125,3,10,25036,3,10,29143,3,20,14989,3,10,-9990,0,0,6,E,8,5,E,8,5.7,E,8,-1.9,E,8,58,E,8,989,E,8,51,E,8,5.0,E,8,-9990,0,0,-9990,0,0,0.812,E,8,0.128,E,8,0.20,E,8,0,-9990,0,0
03/10/2005,18:00,266,1386,105,3,10,177,3,20,71,3,10,10920,3,10,12172,3,20,8581,3,10,-9990,0,0,8,E,8,6,E,8,4.9,E,8,-1.9,E,8,61,E,8,989,E,8,177,E,8,4.4,E,8,-9990,0,0,-9990,0,0,0.814,E,8,0.128,E,8,0.20,E,8,0,-9990,0,0
03/10/2005,19:00,47,435,5,3,10,0,3,20,5,3,10,635,3,10,6,3,20,634,3,10,-9990,0,0,8,E,8,6,E,8,3.8,E,8,-0.8,E,8,72,E,8,989,E,8,192,E,8,3.8,E,8,-9990,0,0,-9990,0,0,0.877,E,8,0.128,E,8,0.20,E,8,0,-9990,0,0
03/10/2005,20:00,0,0,0,3,0,0,3,0,0,3,0,0,3,0,0,3,0,0,3,0,-9990,0,0,8,E,8,6,E,8,3.4,E,8,-0.6,E,8,75,E,8,989,E,8,232,E,8,4.1,E,8,-9990,0,0,-9990,0,0,0.891,E,8,0.128,E,8,0.20,E,8,0,-9990,0,0
03/10/2005,21:00,0,0,0,3,0,0,3,0,0,3,0,0,3,0,0,3,0,0,3,0,-9990,0,0,8,E,8,7,E,8,3.0,E,8,0.0,E,8,80,E,8,989,E,8,218,E,8,2.5,E,8,-9990,0,0,-9990,0,0,0.929,E,8,0.128,E,8,0.20,E,8,0,-9990,0,0
03/10/2005,22:00,0,0,0,3,0,0,3,0,0,3,0,0,3,0,0,3,0,0,3,0,-9990,0,0,8,E,8,7,E,8,2.6,E,8,0.4,E,8,85,E,8,989,E,8,185,E,8,1.8,E,8,-9990,0,0,-9990,0,0,0.953,E,8,0.128,E,8,0.20,E,8,0,-9990,0,0
03/10/2005,23:00,0,0,0,3,0,0,3,0,0,3,0,0,3,0,0,3,0,0,3,0,-9990,0,0,8,E,8,7,E,8,2.2,E,8,0.3,E,8,87,E,8,989,E,8,158,E,8,1.5,E,8,-9990,0,0,-9990,0,0,0.950,E,8,0.128,E,8,0.20,E,8,0,-9990,0,0
03/10/2005,24:00,0,0,0,3,0,0,3,0,0,3,0,0,3,0,0,3,0,0,3,0,-9990,0,0,8,E,8,7,E,8,1.8,E,8,0.5,E,8,91,E,8,989,E,8,223,E,8,0.9,E,8,-9990,0,0,-9990,0,0,0.964,E,8,0.128,E,8,0.20,E,8,0,-9990,0,0
03/11/2005,01:00,0,0,0,3,0,0,3,0,0,3,0,0,3,0,0,3,0,0,3,0,-9990,0,0,8,E,8,7,E,8,1.7,E,8,-0.2,E,8,87,E,8,989,E,8,159,E,8,0.8,E,8,-9990,0,0,-9990,0,0,0.913,E,8,0.133,E,8,0.20,E,8,0,-9990,0,0
03/11/2005,02:00,0,0,0,3,0,0,3,0,0,3,0,0,3,0,0,3,0,0,3,0,-9990,0,0,8,E,8,7,E,8,1.7,E,8,1.0,E,8,95,E,8,988,E,8,47,E,8,1.2,E,8,-9990,0,0,-9990,0,0,0.994,E,8,0.133,E,8,0.20,E,8,0,-9990,0,0
03/11/2005,03:00,0,0,0,3,0,0,3,0,0,3,0,0,3,0,0,3,0,0,3,0,-9990,0,0,8,E,8,7,E,8,1.6,E,8,1.2,E,8,97,E,8,988,E,8,20,E,8,0.8,E,8,-9990,0,0,-9990,0,0,1.011,E,8,0.133,E,8,0.20,E,8,0,-9990,0,0
03/11/2005,04:00,0,0,0,3,0,0,3,0,0,3,0,0,3,0,0,3,0,0,3,0,-9990,0,0,8,E,8,7,E,8,1.6,E,8,1.6,E,8,100,E,8,988,E,8,70,E,8,0.6,E,8,-9990,0,0,-9990,0,0,1.038,E,8,0.133,E,8,0.20,E,8,0,-9990,0,0
03/11/2005,05:00,0,0,0,3,0,0,3,0,0,3,0,0,3,0,0,3,0,0,3,0,-9990,0,0,8,E,8,7,E,8,1.6,E,8,1.6,E,8,100,E,8,988,E,8,46,E,8,0.6,E,8,-9990,0,0,-9990,0,0,1.036,E,8,0.133,E,8,0.20,E,8,0,-9990,0,0
03/11/2005,06:00,0,0,0,3,0,0,3,0,0,3,0,0,3,0,0,3,0,0,3,0,-9990,0,0,8,E,8,7,E,8,1.6,E,8,1.6,E,8,100,E,8,988,E,8,60,E,8,0.7,E,8,-9990,0,0,-9990,0,0,1.036,E,8,0.133,E,8,0.20,E,8,0,-9990,0,0
03/11/2005,07:00,0,0,0,3,0,0,3,0,0,3,0,0,3,0,0,3,0,0,3,0,-9990,0,0,8,E,8,7,E,8,1.6,E,8,1.6,E,8,100,E,8,988,E,8,82,E,8,0.7,E,8,-9990,0,0,-9990,0,0,1.036,E,8,0.133,E,8,0.20,E,8,0,-9990,0,0
03/11/2005,08:00,69,525,7,3,10,0,3,20,7,3,10,855,3,10,3,3,20,855,3,10,-9990,0,0,8,E,8,7,E,8,1.8,E,8,1.8,E,8,100,E,8,988,E,8,9,E,8,1.2,E,8,-9990,0,0,-9990,0,0,1.054,E,8,0.133,E,8,0.20,E,8,0,-9990,0,0
03/11/2005,09:00,296,1385,115,3,10,156,3,20,81,3,10,12298,3,10,13311,3,20,9452,3,10,-9990,0,0,8,E,8,7,E,8,3.5,E,8,2.4,E,8,92,E,8,988,E,8,49,E,8,0.4,E,8,-9990,0,0,-9990,0,0,1.099,E,8,0.133,E,8,0.20,E,8,0,-9990,0,0
03/11/2005,10:00,504,1385,209,3,10,108,3,20,169,3,10,22975,3,10,10839,3,20,19029,3,10,-9990,0,0,9,E,8,8,E,8,5.1,E,8,2.0,E,8,81,E,8,988,E,8,123,E,8,0.3,E,8,-9990,0,0,-9990,0,0,1.071,E,8,0.133,E,8,0.20,E,8,0,-9990,0,0
03/11/2005,11:00,673,1385,309,3,10,134,3,20,244,3,10,34073,3,10,13708,3,20,27410,3,10,-9990,0,0,9,E,8,8,E,8,6.6,E,8,1.8,E,8,71,E,8,988,E,8,172,E,8,0.2,E,8,-9990,0,0,-9990,0,0,1.051,E,8,0.133,E,8,0.20,E,8,0,-9990,0,0
03/11/2005,12:00,792,1385,379,3,10,141,3,20,299,3,10,41854,3,10,14592,3,20,33516,3,10,-9990,0,0,9,E,8,8,E,8,8.0,E,8,1.9,E,8,65,E,8,988,E,8,191,E,8,0.3,E,8,-9990,0,0,-9990,0,0,1.057,E,8,0.133,E,8,0.20,E,8,0,-9990,0,0
03/11/2005,13:00,851,1385,441,3,10,245,3,20,290,3,10,47974,3,10,24336,3,20,33023,3,10,-9990,0,0,8,E,8,6,E,8,9.2,E,8,1.3,E,8,58,E,8,988,E,8,210,E,8,0.1,E,8,-9990,0,0,-9990,0,0,1.018,E,8,0.133,E,8,0.20,E,8,0,-9990,0,0
03/11/2005,14:00,848,1385,362,3,10,116,3,20,291,3,10,40039,3,10,11838,3,20,32794,3,10,-9990,0,0,10,E,8,9,E,8,9.8,E,8,1.5,E,8,56,E,8,988,E,8,144,E,8,0.1,E,8,-9990,0,0,-9990,0,0,1.033,E,8,0.133,E,8,0.20,E,8,0,-9990,0,0
03/11/2005,15:00,782,1385,315,3,10,71,3,20,275,3,10,34770,3,10,6838,3,20,30911,3,10,-9990,0,0,10,E,8,9,E,8,10.0,E,8,1.6,E,8,56,E,8,988,E,8,218,E,8,0.1,E,8,-9990,0,0,-9990,0,0,1.036,E,8,0.133,E,8,0.20,E,8,0,-9990,0,0
03/11/2005,16:00,658,1385,278,3,10,125,3,20,219,3,10,30681,3,10,12700,3,20,24650,3,10,-9990,0,0,9,E,8,8,E,8,10.1,E,8,0.9,E,8,52,E,8,988,E,8,225,E,8,0.2,E,8,-9990,0,0,-9990,0,0,0.986,E,8,0.133,E,8,0.20,E,8,0,-9990,0,0
03/11/2005,17:00,484,1385,146,3,10,16,3,20,140,3,10,16008,3,10,1609,3,20,15446,3,10,-9990,0,0,10,E,8,9,E,8,9.5,E,8,0.9,E,8,55,E,8,989,E,8,199,E,8,0.1,E,8,-9990,0,0,-9990,0,0,0.989,E,8,0.133,E,8,0.20,E,8,0,-9990,0,0
03/11/2005,18:00,273,1385,70,3,10,6,3,20,69,3,10,7556,3,10,468,3,20,7464,3,10,-9990,0,0,10,E,8,9,E,8,8.6,E,8,0.4,E,8,56,E,8,989,E,8,158,E,8,0.3,E,8,-9990,0,0,-9990,0,0,0.956,E,8,0.133,E,8,0.20,E,8,0,-9990,0,0
03/11/2005,19:00,51,452,2,3,10,0,3,20,2,3,10,285,3,10,6,3,20,285,3,10,-9990,0,0,10,E,8,9,E,8,7.7,E,8,0.4,E,8,60,E,8,989,E,8,174,E,8,0.1,E,8,-9990,0,0,-9990,0,0,0.951,E,8,0.133,E,8,0.20,E,8,0,-9990,0,0
03/11/2005,20:00,0,0,0,3,0,0,3,0,0,3,0,0,3,0,0,3,0,0,3,0,-9990,0,0,9,E,8,8,E,8,6.9,E,8,1.2,E,8,66,E,8,989,E,8,144,E,8,0.2,E,8,-9990,0,0,-9990,0,0,1.006,E,8,0.133,E,8,0.20,E,8,0,-9990,0,0
03/11/2005,21:00,0,0,0,3,0,0,3,0,0,3,0,0,3,0,0,3,0,0,3,0,-9990,0,0,9,E,8,8,E,8,6.2,E,8,0.5,E,8,67,E,8,989,E,8,173,E,8,0.2,E,8,-9990,0,0,-9990,0,0,0.963,E,8,0.133,E,8,0.20,E,8,0,-9990,0,0
03/11/2005,22:00,0,0,0,3,0,0,3,0,0,3,0,0,3,0,0,3,0,0,3,0,-9990,0,0,9,E,8,8,E,8,5.5,E,8,0.9,E,8,72,E,8,989,E,8,181,E,8,0.3,E,8,-9990,0,0,-9990,0,0,0.989,E,8,0.133,E,8,0.20,E,8,0,-9990,0,0
03/11/2005,23:00,0,0,0,3,0,0,3,0,0,3,0,0,3,0,0,3,0,0,3,0,-9990,0,0,9,E,8,8,E,8,4.8,E,8,0.0,E,8,71,E,8,989,E,8,30,E,8,0.5,E,8,-9990,0,0,-9990,0,0,0.930,E,8,0.133,E,8,0.20,E,8,0,-9990,0,0
03/11/2005,24:00,0,0,0,3,0,0,3,0,0,3,0,0,3,0,0,3,0,0,3,0,-9990,0,0,8,E,8,6,E,8,4.1,E,8,0.4,E,8,77,E,8,990,E,8,359,E,8,0.5,E,8,-9990,0,0,-9990,0,0,0.956,E,8,0.133,E,8,0.20,E,8,0,-9990,0,0
03/12/2005,01:00,0,0,0,3,0,0,3,0,0,3,0,0,3,0,0,3,0,0,3,0,-9990,0,0,8,E,8,7,E,8,3.2,E,8,0.2,E,8,80,E,8,990,E,8,73,E,8,0.4,E,8,-9990,0,0,-9990,0,0,0.943,E,8,0.128,E,8,0.20,E,8,0,-9990,0,0
03/12/2005,02:00,0,0,0,3,0,0,3,0,0,3,0,0,3,0,0,3,0,0,3,0,-9990,0,0,8,E,8,7,E,8,2.3,E,8,0.0,E,8,85,E,8,990,E,8,113,E,8,0.3,E,8,-9990,0,0,-9990,0,0,0.930,E,8,0.128,E,8,0.20,E,8,0,-9990,0,0
03/12/2005,03:00,0,0,0,3,0,0,3,0,0,3,0,0,3,0,0,3,0,0,3,0,-9990,0,0,8,E,8,7,E,8,1.4,E,8,-0.7,E,8,86,E,8,990,E,8,176,E,8,0.3,E,8,-9990,0,0,-9990,0,0,0.882,E,8,0.128,E,8,0.20,E,8,0,-9990,0,0
03/12/2005,04:00,0,0,0,3,0,0,3,0,0,3,0,0,3,0,0,3,0,0,3,0,-9990,0,0,6,E,8,6,E,8,0.9,E,8,-1.1,E,8,87,E,8,990,E,8,149,E,8,0.6,E,8,-9990,0,0,-9990,0,0,0.858,E,8,0.128,E,8,0.20,E,8,0,-9990,0,0
03/12/2005,05:00,0,0,0,3,0,0,3,0,0,3,0,0,3,0,0,3,0,0,3,0,-9990,0,0,6,E,8,6,E,8,0.3,E,8,-1.2,E,8,90,E,8,990,E,8,153,E,8,0.4,E,8,-9990,0,0,-9990,0,0,0.856,E,8,0.128,E,8,0.20,E,8,0,-9990,0,0
03/12/2005,06:00,0,0,0,3,0,0,3,0,0,3,0,0,3,0,0,3,0,0,3,0,-9990,0,0,6,E,8,6,E,8,0.0,E,8,-1.9,E,8,87,E,8,990,E,8,189,E,8,0.5,E,8,-9990,0,0,-9990,0,0,0.810,E,8,0.128,E,8,0.20,E,8,0,-9990,0,0
03/12/2005,07:00,0,0,0,3,0,0,3,0,0,3,0,0,3,0,0,3,0,0,3,0,-9990,0,0,5,E,8,5,E,8,-0.4,E,8,-1.7,E,8,91,E,8,990,E,8,209,E,8,0.6,E,8,-9990,0,0,-9990,0,0,0.824,E,8,0.128,E,8,0.20,E,8,0,-9990,0,0
03/12/2005,08:00,75,548,17,3,10,0,3,20,17,3,10,1908,3,10,0,3,20,1908,3,10,-9990,0,0,5,E,8,5,E,8,0.0,E,8,-1.3,E,8,91,E,8,991,E,8,208,E,8,0.4,E,8,-9990,0,0,-9990,0,0,0.847,E,8,0.128,E,8,0.20,E,8,0,-9990,0,0
03/12/2005,09:00,304,1384,158,3,10,364,3,20,78,3,10,15861,3,10,25455,3,20,10269,3,10,-9990,0,0,5,E,8,5,E,8,1.8,E,8,-0.9,E,8,82,E,8,991,E,8,192,E,8,0.4,E,8,-9990,0,0,-9990,0,0,0.869,E,8,0.128,E,8,0.20,E,8,0,-9990,0,0
03/12/2005,10:00,512,1384,301,3,10,532,3,20,104,3,10,31696,3,10,46384,3,20,14538,3,10,-9990,0,0,3,E,8,2,E,8,3.6,E,8,-0.8,E,8,73,E,8,991,E,8,125,E,8,0.3,E,8,-9990,0,0,-9990,0,0,0.877,E,8,0.128,E,8,0.20,E,8,0,-9990,0,0
03/12/2005,11:00,681,1384,408,3,10,529,3,20,148,3,10,43260,3,10,46037,3,20,20618,3,10,-9990,0,0,4,E,8,3,E,8,5.2,E,8,-0.5,E,8,66,E,8,991,E,8,187,E,8,0.4,E,8,-9990,0,0,-9990,0,0,0.893,E,8,0.128,E,8,0.20,E,8,0,-9990,0,0
03/12/2005,12:00,799,1384,467,3,10,445,3,20,210,3,10,48907,3,10,35491,3,20,28427,3,10,-9990,0,0,5,E,8,4,E,8,6.5,E,8,-0.7,E,8,60,E,8,991,E,8,208,E,8,0.7,E,8,-9990,0,0,-9990,0,0,0.881,E,8,0.128,E,8,0.20,E,8,0,-9990,0,0
03/12/2005,13:00,858,1384,527,3,10,499,3,20,218,3,10,55642,3,10,41739,3,20,29771,3,10,-9990,0,0,5,E,8,4,E,8,7.5,E,8,0.1,E,8,59,E,8,991,E,8,166,E,8,0.4,E,8,-9990,0,0,-9990,0,0,0.936,E,8,0.128,E,8,0.20,E,8,0,-9990,0,0
03/12/2005,14:00,854,1384,562,3,10,643,3,20,166,3,10,58959,3,10,59288,3,20,22366,3,10,-9990,0,0,3,E,8,2,E,8,8.4,E,8,0.2,E,8,56,E,8,991,E,8,232,E,8,1.0,E,8,-9990,0,0,-9990,0,0,0.942,E,8,0.128,E,8,0.20,E,8,0,-9990,0,0
03/12/2005,15:00,788,1384,490,3,10,570,3,20,165,3,10,52622,3,10,51372,3,20,23371,3,10,-9990,0,0,4,E,8,3,E,8,8.8,E,8,0.4,E,8,55,E,8,991,E,8,207,E,8,1.6,E,8,-9990,0,0,-9990,0,0,0.953,E,8,0.128,E,8,0.20,E,8,0,-9990,0,0
03/12/2005,16:00,664,1384,407,3,10,584,3,20,127,3,10,42320,3,10,51303,3,20,17713,3,10,-9990,0,0,3,E,8,2,E,8,8.8,E,8,-0.6,E,8,51,E,8,991,E,8,187,E,8,1.0,E,8,-9990,0,0,-9990,0,0,0.890,E,8,0.128,E,8,0.20,E,8,0,-9990,0,0
03/12/2005,17:00,490,1384,273,3,10,488,3,20,100,3,10,28837,3,10,41622,3,20,14100,3,10,-9990,0,0,4,E,8,3,E,8,8.3,E,8,-0.7,E,8,53,E,8,991,E,8,147,E,8,1.6,E,8,-9990,0,0,-9990,0,0,0.884,E,8,0.128,E,8,0.20,E,8,0,-9990,0,0
03/12/2005,18:00,279,1384,128,3,10,209,3,20,86,3,10,13097,3,10,14530,3,20,10173,3,10,-9990,0,0,8,E,8,6,E,8,7.2,E,8,-0.8,E,8,56,E,8,990,E,8,109,E,8,1.8,E,8,-9990,0,0,-9990,0,0,0.876,E,8,0.128,E,8,0.20,E,8,0,-9990,0,0
03/12/2005,19:00,55,469,2,3,10,0,3,20,2,3,10,323,3,10,6,3,20,322,3,10,-9990,0,0,8,E,8,6,E,8,5.9,E,8,-0.5,E,8,64,E,8,990,E,8,130,E,8,1.6,E,8,-9990,0,0,-9990,0,0,0.898,E,8,0.128,E,8,0.20,E,8,0,-9990,0,0
03/12/2005,20:00,0,0,0,3,0,0,3,0,0,3,0,0,3,0,0,3,0,0,3,0,-9990,0,0,8,E,8,6,E,8,5.3,E,8,0.2,E,8,70,E,8,990,E,8,132,E,8,0.9,E,8,-9990,0,0,-9990,0,0,0.943,E,8,0.128,E,8,0.20,E,8,0,-9990,0,0
03/12/2005,21:00,0,0,0,3,0,0,3,0,0,3,0,0,3,0,0,3,0,0,3,0,-9990,0,0,8,E,8,6,E,8,4.8,E,8,0.2,E,8,72,E,8,990,E,8,193,E,8,1.4,E,8,-9990,0,0,-9990,0,0,0.943,E,8,0.128,E,8,0.20,E,8,0,-9990,0,0
03/12/2005,22:00,0,0,0,3,0,0,3,0,0,3,0,0,3,0,0,3,0,0,3,0,-9990,0,0,8,E,8,6,E,8,4.2,E,8,-1.3,E,8,67,E,8,990,E,8,98,E,8,1.4,E,8,-9990,0,0,-9990,0,0,0.849,E,8,0.128,E,8,0.20,E,8,0,-9990,0,0
03/12/2005,23:00,0,0,0,3,0,0,3,0,0,3,0,0,3,0,0,3,0,0,3,0,-9990,0,0,9,E,8,8,E,8,3.7,E,8,-1.0,E,8,71,E,8,990,E,8,119,E,8,2.5,E,8,-9990,0,0,-9990,0,0,0.863,E,8,0.128,E,8,0.20,E,8,0,-9990,0,0
03/12/2005,24:00,0,0,0,3,0,0,3,0,0,3,0,0,3,0,0,3,0,0,3,0,-9990,0,0,9,E,8,8,E,8,3.1,E,8,-0.8,E,8,75,E,8,989,E,8,152,E,8,2.1,E,8,-9990,0,0,-9990,0,0,0.877,E,8,0.128,E,8,0.20,E,8,0,-9990,0,0
03/13/2005,01:00,0,0,0,3,0,0,3,0,0,3,0,0,3,0,0,3,0,0,3,0,-9990,0,0,9,E,8,8,E,8,3.0,E,8,-0.9,E,8,76,E,8,989,E,8,170,E,8,1.4,E,8,-9990,0,0,-9990,0,0,0.870,E,8,0.119,E,8,0.20,E,8,0,-9990,0,0
03/13/2005,02:00,0,0,0,3,0,0,3,0,0,3,0,0,3,0,0,3,0,0,3,0,-9990,0,0,9,E,8,8,E,8,2.8,E,8,-0.3,E,8,80,E,8,989,E,8,199,E,8,0.7,E,8,-9990,0,0,-9990,0,0,0.908,E,8,0.119,E,8,0.20,E,8,0,-9990,0,0
03/13/2005,03:00,0,0,0,3,0,0,3,0,0,3,0,0,3,0,0,3,0,0,3,0,-9990,0,0,9,E,8,8,E,8,2.7,E,8,0.0,E,8,82,E,8,989,E,8,233,E,8,1.5,E,8,-9990,0,0,-9990,0,0,0.926,E,8,0.119,E,8,0.20,E,8,0,-9990,0,0
03/13/2005,04:00,0,0,0,3,0,0,3,0,0,3,0,0,3,0,0,3,0,0,3,0,-9990,0,0,9,E,8,8,E,8,2.6,E,8,-0.7,E,8,79,E,8,989,E,8,244,E,8,1.2,E,8,-9990,0,0,-9990,0,0,0.884,E,8,0.119,E,8,0.20,E,8,0,-9990,0,0
03/13/2005,05:00,0,0,0,3,0,0,3,0,0,3,0,0,3,0,0,3,0,0,3,0,-9990,0,0,9,E,8,8,E,8,2.5,E,8,-0.7,E,8,79,E,8,988,E,8,252,E,8,1.0,E,8,-9990,0,0,-9990,0,0,0.882,E,8,0.119,E,8,0.20,E,8,0,-9990,0,0
03/13/2005,06:00,0,0,0,3,0,0,3,0,0,3,0,0,3,0,0,3,0,0,3,0,-9990,0,0,9,E,8,8,E,8,2.5,E,8,-0.4,E,8,81,E,8,988,E,8,197,E,8,1.0,E,8,-9990,0,0,-9990,0,0,0.905,E,8,0.119,E,8,0.20,E,8,0,-9990,0,0
03/13/2005,07:00,0,0,0,3,0,0,3,0,0,3,0,0,3,0,0,3,0,0,3,0,-9990,0,0,9,E,8,8,E,8,2.5,E,8,-0.3,E,8,82,E,8,988,E,8,234,E,8,1.3,E,8,-9990,0,0,-9990,0,0,0.907,E,8,0.119,E,8,0.20,E,8,0,-9990,0,0
03/13/2005,08:00,82,571,9,3,10,0,3,20,9,3,10,1049,3,10,0,3,20,1049,3,10,-9990,0,0,10,E,8,9,E,8,2.8,E,8,-1.1,E,8,75,E,8,988,E,8,299,E,8,1.4,E,8,-9990,0,0,-9990,0,0,0.856,E,8,0.119,E,8,0.20,E,8,0,-9990,0,0
03/13/2005,09:00,312,1384,102,3,10,70,3,20,87,3,10,11223,3,10,6759,3,20,9699,3,10,-9990,0,0,10,E,8,9,E,8,4.2,E,8,-0.9,E,8,69,E,8,988,E,8,249,E,8,1.9,E,8,-9990,0,0,-9990,0,0,0.869,E,8,0.119,E,8,0.20,E,8,0,-9990,0,0
03/13/2005,10:00,520,1384,209,3,10,94,3,20,174,3,10,22980,3,10,9264,3,20,19499,3,10,-9990,0,0,10,E,8,9,E,8,5.6,E,8,2.4,E,8,80,E,8,988,E,8,277,E,8,1.8,E,8,-9990,0,0,-9990,0,0,1.097,E,8,0.119,E,8,0.20,E,8,0,-9990,0,0
03/13/2005,11:00,689,1384,284,3,10,86,3,20,241,3,10,31320,3,10,8525,3,20,27078,3,10,-9990,0,0,10,E,8,9,E,8,7.0,E,8,-0.4,E,8,59,E,8,987,E,8,211,E,8,1.3,E,8,-9990,0,0,-9990,0,0,0.905,E,8,0.119,E,8,0.20,E,8,0,-9990,0,0
03/13/2005,12:00,806,1384,354,3,10,121,3,20,284,3,10,39101,3,10,12356,3,20,31902,3,10,-9990,0,0,10,E,8,9,E,8,8.2,E,8,0.0,E,8,56,E,8,987,E,8,200,E,8,1.0,E,8,-9990,0,0,-9990,0,0,0.930,E,8,0.119,E,8,0.20,E,8,0,-9990,0,0
03/13/2005,13:00,865,1384,385,3,10,137,3,20,299,3,10,41801,3,10,12638,3,20,33898,3,10,-9990,0,0,9,E,8,8,E,8,9.2,E,8,0.6,E,8,55,E,8,987,E,8,170,E,8,1.8,E,8,-9990,0,0,-9990,0,0,0.968,E,8,0.119,E,8,0.20,E,8,0,-9990,0,0
03/13/2005,14:00,861,1384,353,3,10,96,3,20,293,3,10,39003,3,10,9670,3,20,32984,3,10,-9990,0,0,10,E,8,9,E,8,9.8,E,8,1.5,E,8,56,E,8,987,E,8,179,E,8,1.8,E,8,-9990,0,0,-9990,0,0,1.029,E,8,0.119,E,8,0.20,E,8,0,-9990,0,0
03/13/2005,15:00,795,1384,275,3,10,33,3,20,256,3,10,30652,3,10,3414,3,20,28691,3,10,-9990,0,0,10,E,8,9,E,8,9.9,E,8,1.9,E,8,57,E,8,987,E,8,174,E,8,2.3,E,8,-9990,0,0,-9990,0,0,1.063,E,8,0.119,E,8,0.20,E,8,0,-9990,0,0
03/13/2005,16:00,670,1384,208,3,10,17,3,20,199,3,10,23078,3,10,1693,3,20,22257,3,10,-9990,0,0,10,E,8,9,E,8,9.7,E,8,2.5,E,8,61,E,8,988,E,8,171,E,8,2.3,E,8,-9990,0,0,-9990,0,0,1.106,E,8,0.119,E,8,0.20,E,8,0,-9990,0,0
03/13/2005,17:00,496,1384,135,3,10,8,3,20,132,3,10,14880,3,10,739,3,20,14615,3,10,-9990,0,0,10,E,8,9,E,8,9.2,E,8,1.8,E,8,60,E,8,988,E,8,159,E,8,2.5,E,8,-9990,0,0,-9990,0,0,1.055,E,8,0.119,E,8,0.20,E,8,0,-9990,0,0
03/13/2005,18:00,285,1384,67,3,10,0,3,20,67,3,10,7293,3,10,0,3,20,7293,3,10,-9990,0,0,10,E,8,9,E,8,8.5,E,8,2.5,E,8,66,E,8,988,E,8,124,E,8,2.5,E,8,-9990,0,0,-9990,0,0,1.107,E,8,0.119,E,8,0.20,E,8,0,-9990,0,0
03/13/2005,19:00,59,486,3,3,10,0,3,20,3,3,10,365,3,10,6,3,20,364,3,10,-9990,0,0,10,E,8,9,E,8,7.6,E,8,0.9,E,8,62,E,8,988,E,8,81,E,8,3.5,E,8,-9990,0,0,-9990,0,0,0.988,E,8,0.119,E,8,0.20,E,8,0,-9990,0,0
03/13/2005,20:00,0,0,0,3,0,0,3,0,0,3,0,0,3,0,0,3,0,0,3,0,-9990,0,0,9,E,8,8,E,8,7.0,E,8,1.1,E,8,66,E,8,989,E,8,28,E,8,6.1,E,8,-9990,0,0,-9990,0,0,1.003,E,8,0.119,E,8,0.20,E,8,0,-9990,0,0
03/13/2005,21:00,0,0,0,3,0,0,3,0,0,3,0,0,3,0,0,3,0,0,3,0,-9990,0,0,9,E,8,8,E,8,6.3,E,8,0.9,E,8,68,E,8,989,E,8,355,E,8,5.8,E,8,-9990,0,0,-9990,0,0,0.988,E,8,0.119,E,8,0.20,E,8,0,-9990,0,0
03/13/2005,22:00,0,0,0,3,0,0,3,0,0,3,0,0,3,0,0,3,0,0,3,0,-9990,0,0,9,E,8,8,E,8,5.7,E,8,0.6,E,8,69,E,8,989,E,8,52,E,8,8.4,E,8,-9990,0,0,-9990,0,0,0.964,E,8,0.119,E,8,0.20,E,8,0,-9990,0,0
03/13/2005,23:00,0,0,0,3,0,0,3,0,0,3,0,0,3,0,0,3,0,0,3,0,-9990,0,0,8,E,8,6,E,8,5.1,E,8,0.4,E,8,72,E,8,989,E,8,26,E,8,6.1,E,8,-9990,0,0,-9990,0,0,0.956,E,8,0.119,E,8,0.20,E,8,0,-9990,0,0
03/13/2005,24:00,0,0,0,3,0,0,3,0,0,3,0,0,3,0,0,3,0,0,3,0,-9990,0,0,8,E,8,6,E,8,4.5,E,8,0.7,E,8,76,E,8,990,E,8,54,E,8,7.1,E,8,-9990,0,0,-9990,0,0,0.974,E,8,0.119,E,8,0.20,E,8,0,-9990,0,0
03/14/2005,01:00,0,0,0,3,0,0,3,0,0,3,0,0,3,0,0,3,0,0,3,0,-9990,0,0,8,E,8,7,E,8,3.7,E,8,0.9,E,8,82,E,8,990,E,8,102,E,8,5.0,E,8,-9990,0,0,-9990,0,0,0.990,E,8,0.150,E,8,0.20,E,8,0,-9990,0,0
03/14/2005,02:00,0,0,0,3,0,0,3,0,0,3,0,0,3,0,0,3,0,0,3,0,-9990,0,0,6,E,8,6,E,8,3.0,E,8,0.9,E,8,86,E,8,990,E,8,118,E,8,7.1,E,8,-9990,0,0,-9990,0,0,0.987,E,8,0.150,E,8,0.20,E,8,0,-9990,0,0
03/14/2005,03:00,0,0,0,3,0,0,3,0,0,3,0,0,3,0,0,3,0,0,3,0,-9990,0,0,6,E,8,6,E,8,2.2,E,8,0.2,E,8,87,E,8,990,E,8,78,E,8,7.1,E,8,-9990,0,0,-9990,0,0,0.944,E,8,0.150,E,8,0.20,E,8,0,-9990,0,0
03/14/2005,04:00,0,0,0,3,0,0,3,0,0,3,0,0,3,0,0,3,0,0,3,0,-9990,0,0,6,E,8,6,E,8,1.8,E,8,0.5,E,8,91,E,8,991,E,8,95,E,8,4.4,E,8,-9990,0,0,-9990,0,0,0.962,E,8,0.150,E,8,0.20,E,8,0,-9990,0,0
03/14/2005,05:00,0,0,0,3,0,0,3,0,0,3,0,0,3,0,0,3,0,0,3,0,-9990,0,0,5,E,8,5,E,8,1.4,E,8,0.3,E,8,93,E,8,991,E,8,130,E,8,2.7,E,8,-9990,0,0,-9990,0,0,0.948,E,8,0.150,E,8,0.20,E,8,0,-9990,0,0
03/14/2005,06:00,0,0,0,3,0,0,3,0,0,3,0,0,3,0,0,3,0,0,3,0,-9990,0,0,5,E,8,5,E,8,1.1,E,8,0.3,E,8,95,E,8,991,E,8,99,E,8,2.1,E,8,-9990,0,0,-9990,0,0,0.948,E,8,0.150,E,8,0.20,E,8,0,-9990,0,0
03/14/2005,07:00,0,0,0,3,0,0,3,0,0,3,0,0,3,0,0,3,0,0,3,0,-9990,0,0,5,E,8,5,E,8,0.8,E,8,0.6,E,8,99,E,8,991,E,8,134,E,8,1.8,E,8,-9990,0,0,-9990,0,0,0.971,E,8,0.150,E,8,0.20,E,8,0,-9990,0,0
03/14/2005,08:00,88,594,18,3,10,0,3,20,18,3,10,2085,3,10,0,3,20,2085,3,10,-9990,0,0,4,E,8,3,E,8,1.2,E,8,1.2,E,8,100,E,8,992,E,8,218,E,8,1.9,E,8,-9990,0,0,-9990,0,0,1.010,E,8,0.150,E,8,0.20,E,8,0,-9990,0,0
03/14/2005,09:00,320,1383,171,3,10,384,3,20,82,3,10,17059,3,10,27318,3,20,10736,3,10,-9990,0,0,4,E,8,3,E,8,3.3,E,8,2.6,E,8,95,E,8,992,E,8,167,E,8,4.6,E,8,-9990,0,0,-9990,0,0,1.113,E,8,0.150,E,8,0.20,E,8,0,-9990,0,0
03/14/2005,10:00,528,1383,327,3,10,641,3,20,82,3,10,34087,3,10,57626,3,20,12094,3,10,-9990,0,0,0,E,8,0,E,8,5.5,E,8,2.5,E,8,81,E,8,992,E,8,220,E,8,4.1,E,8,-9990,0,0,-9990,0,0,1.108,E,8,0.150,E,8,0.20,E,8,0,-9990,0,0
03/14/2005,11:00,696,1383,466,3,10,748,3,20,90,3,10,49820,3,10,72257,3,20,13451,3,10,-9990,0,0,0,E,8,0,E,8,7.5,E,8,2.1,E,8,69,E,8,992,E,8,242,E,8,4.6,E,8,-9990,0,0,-9990,0,0,1.077,E,8,0.150,E,8,0.20,E,8,0,-9990,0,0
03/14/2005,12:00,814,1383,556,3,10,751,3,20,114,3,10,59424,3,10,72848,3,20,16569,3,10,-9990,0,0,0,E,8,0,E,8,9.2,E,8,1.5,E,8,58,E,8,992,E,8,242,E,8,4.1,E,8,-9990,0,0,-9990,0,0,1.030,E,8,0.150,E,8,0.20,E,8,0,-9990,0,0
03/14/2005,13:00,872,1383,609,3,10,778,3,20,118,3,10,65497,3,10,76634,3,20,17164,3,10,-9990,0,0,0,E,8,0,E,8,10.6,E,8,1.9,E,8,55,E,8,993,E,8,223,E,8,2.7,E,8,-9990,0,0,-9990,0,0,1.058,E,8,0.150,E,8,0.20,E,8,0,-9990,0,0
03/14/2005,14:00,868,1383,597,3,10,746,3,20,129,3,10,63883,3,10,72475,3,20,18393,3,10,-9990,0,0,0,E,8,0,E,8,11.5,E,8,2.3,E,8,53,E,8,993,E,8,185,E,8,2.7,E,8,-9990,0,0,-9990,0,0,1.092,E,8,0.150,E,8,0.20,E,8,0,-9990,0,0
03/14/2005,15:00,801,1383,551,3,10,769,3,20,105,3,10,59264,3,10,75462,3,20,15540,3,10,-9990,0,0,0,E,8,0,E,8,12.0,E,8,2.2,E,8,51,E,8,993,E,8,167,E,8,1.4,E,8,-9990,0,0,-9990,0,0,1.079,E,8,0.150,E,8,0.20,E,8,0,-9990,0,0
03/14/2005,16:00,677,1383,449,3,10,738,3,20,88,3,10,48051,3,10,71016,3,20,13306,3,10,-9990,0,0,0,E,8,0,E,8,12.1,E,8,2.1,E,8,50,E,8,993,E,8,229,E,8,1.3,E,8,-9990,0,0,-9990,0,0,1.076,E,8,0.150,E,8,0.20,E,8,0,-9990,0,0
03/14/2005,17:00,502,1383,307,3,10,627,3,20,79,3,10,32078,3,10,55938,3,20,11756,3,10,-9990,0,0,0,E,8,0,E,8,11.5,E,8,2.3,E,8,53,E,8,993,E,8,210,E,8,1.8,E,8,-9990,0,0,-9990,0,0,1.088,E,8,0.150,E,8,0.20,E,8,0,-9990,0,0
03/14/2005,18:00,291,1383,149,3,10,287,3,20,89,3,10,15215,3,10,22101,3,20,10571,3,10,-9990,0,0,6,E,8,5,E,8,10.3,E,8,2.9,E,8,60,E,8,993,E,8,243,E,8,2.5,E,8,-9990,0,0,-9990,0,0,1.133,E,8,0.150,E,8,0.20,E,8,0,-9990,0,0
03/14/2005,19:00,64,503,9,3,10,0,3,20,9,3,10,1108,3,10,0,3,20,1108,3,10,-9990,0,0,6,E,8,5,E,8,8.7,E,8,3.6,E,8,70,E,8,993,E,8,246,E,8,1.9,E,8,-9990,0,0,-9990,0,0,1.195,E,8,0.150,E,8,0.20,E,8,0,-9990,0,0
03/14/2005,20:00,0,0,0,3,0,0,3,0,0,3,0,0,3,0,0,3,0,0,3,0,-9990,0,0,6,E,8,5,E,8,8.0,E,8,4.3,E,8,78,E,8,993,E,8,243,E,8,3.2,E,8,-9990,0,0,-9990,0,0,1.255,E,8,0.150,E,8,0.20,E,8,0,-9990,0,0
03/14/2005,21:00,0,0,0,3,0,0,3,0,0,3,0,0,3,0,0,3,0,0,3,0,-9990,0,0,6,E,8,6,E,8,7.2,E,8,4.4,E,8,82,E,8,993,E,8,215,E,8,3.8,E,8,-9990,0,0,-9990,0,0,1.266,E,8,0.150,E,8,0.20,E,8,0,-9990,0,0
03/14/2005,22:00,0,0,0,3,0,0,3,0,0,3,0,0,3,0,0,3,0,0,3,0,-9990,0,0,6,E,8,6,E,8,6.5,E,8,4.1,E,8,85,E,8,993,E,8,225,E,8,5.8,E,8,-9990,0,0,-9990,0,0,1.233,E,8,0.150,E,8,0.20,E,8,0,-9990,0,0
03/14/2005,23:00,0,0,0,3,0,0,3,0,0,3,0,0,3,0,0,3,0,0,3,0,-9990,0,0,6,E,8,6,E,8,5.7,E,8,3.6,E,8,86,E,8,993,E,8,238,E,8,4.4,E,8,-9990,0,0,-9990,0,0,1.193,E,8,0.150,E,8,0.20,E,8,0,-9990,0,0
03/14/2005,24:00,0,0,0,3,0,0,3,0,0,3,0,0,3,0,0,3,0,0,3,0,-9990,0,0,6,E,8,6,E,8,4.9,E,8,3.4,E,8,89,E,8,993,E,8,210,E,8,5.8,E,8,-9990,0,0,-9990,0,0,1.174,E,8,0.150,E,8,0.20,E,8,0,-9990,0,0
03/15/2005,01:00,0,0,0,3,0,0,3,0,0,3,0,0,3,0,0,3,0,0,3,0,-9990,0,0,6,E,8,6,E,8,4.4,E,8,3.1,E,8,91,E,8,993,E,8,118,E,8,4.1,E,8,-9990,0,0,-9990,0,0,1.149,E,8,0.146,E,8,0.20,E,8,0,-9990,0,0
03/15/2005,02:00,0,0,0,3,0,0,3,0,0,3,0,0,3,0,0,3,0,0,3,0,-9990,0,0,5,E,8,5,E,8,3.9,E,8,2.9,E,8,93,E,8,993,E,8,168,E,8,4.6,E,8,-9990,0,0,-9990,0,0,1.134,E,8,0.146,E,8,0.20,E,8,0,-9990,0,0
03/15/2005,03:00,0,0,0,3,0,0,3,0,0,3,0,0,3,0,0,3,0,0,3,0,-9990,0,0,5,E,8,5,E,8,3.4,E,8,1.9,E,8,90,E,8,993,E,8,170,E,8,6.1,E,8,-9990,0,0,-9990,0,0,1.062,E,8,0.146,E,8,0.20,E,8,0,-9990,0,0
03/15/2005,04:00,0,0,0,3,0,0,3,0,0,3,0,0,3,0,0,3,0,0,3,0,-9990,0,0,5,E,8,5,E,8,3.1,E,8,2.0,E,8,93,E,8,993,E,8,140,E,8,7.1,E,8,-9990,0,0,-9990,0,0,1.070,E,8,0.146,E,8,0.20,E,8,0,-9990,0,0
03/15/2005,05:00,0,0,0,3,0,0,3,0,0,3,0,0,3,0,0,3,0,0,3,0,-9990,0,0,5,E,8,5,E,8,2.8,E,8,1.9,E,8,94,E,8,993,E,8,145,E,8,6.1,E,8,-9990,0,0,-9990,0,0,1.063,E,8,0.146,E,8,0.20,E,8,0,-9990,0,0
03/15/2005,06:00,0,0,0,3,0,0,3,0,0,3,0,0,3,0,0,3,0,0,3,0,-9990,0,0,5,E,8,5,E,8,2.6,E,8,1.9,E,8,96,E,8,993,E,8,115,E,8,5.4,E,8,-9990,0,0,-9990,0,0,1.063,E,8,0.146,E,8,0.20,E,8,0,-9990,0,0
03/15/2005,07:00,0,0,0,3,0,0,3,0,0,3,0,0,3,0,0,3,0,0,3,0,-9990,0,0,5,E,8,5,E,8,2.4,E,8,1.8,E,8,96,E,8,993,E,8,29,E,8,3.2,E,8,-9990,0,0,-9990,0,0,1.055,E,8,0.146,E,8,0.20,E,8,0,-9990,0,0
03/15/2005,08:00,96,618,20,3,10,0,3,20,20,3,10,2288,3,10,0,3,20,2288,3,10,-9990,0,0,5,E,8,5,E,8,2.9,E,8,2.1,E,8,94,E,8,993,E,8,130,E,8,2.7,E,8,-9990,0,0,-9990,0,0,1.071,E,8,0.146,E,8,0.20,E,8,0,-9990,0,0
03/15/2005,09:00,328,1382,177,3,10,341,3,20,96,3,10,17994,3,10,28021,3,20,11341,3,10,-9990,0,0,5,E,8,4,E,8,5.3,E,8,2.0,E,8,79,E,8,993,E,8,162,E,8,2.3,E,8,-9990,0,0,-9990,0,0,1.066,E,8,0.146,E,8,0.20,E,8,0,-9990,0,0
03/15/2005,10:00,536,1382,320,3,10,548,3,20,107,3,10,33612,3,10,47981,3,20,15019,3,10,-9990,0,0,0,E,8,0,E,8,7.4,E,8,1.3,E,8,65,E,8,993,E,8,66,E,8,3.5,E,8,-9990,0,0,-9990,0,0,1.015,E,8,0.146,E,8,0.20,E,8,0,-9990,0,0
03/15/2005,11:00,704,1382,447,3,10,610,3,20,136,3,10,46265,3,10,54041,3,20,18754,3,10,-9990,0,0,1,E,8,1,E,8,9.5,E,8,0.7,E,8,54,E,8,993,E,8,3,E,8,3.2,E,8,-9990,0,0,-9990,0,0,0.975,E,8,0.146,E,8,0.20,E,8,0,-9990,0,0
03/15/2005,12:00,821,1382,532,3,10,629,3,20,158,3,10,55555,3,10,57355,3,20,21494,3,10,-9990,0,0,1,E,8,1,E,8,11.2,E,8,1.5,E,8,51,E,8,993,E,8,307,E,8,2.3,E,8,-9990,0,0,-9990,0,0,1.031,E,8,0.146,E,8,0.20,E,8,0,-9990,0,0
03/15/2005,13:00,879,1382,585,3,10,669,3,20,160,3,10,61583,3,10,62614,3,20,21755,3,10,-9990,0,0,0,E,8,0,E,8,12.6,E,8,1.2,E,8,46,E,8,993,E,8,325,E,8,1.6,E,8,-9990,0,0,-9990,0,0,1.010,E,8,0.146,E,8,0.20,E,8,0,-9990,0,0
03/15/2005,14:00,875,1382,591,3,10,701,3,20,147,3,10,62546,3,10,66606,3,20,20395,3,10,-9990,0,0,0,E,8,0,E,8,13.6,E,8,1.7,E,8,44,E,8,992,E,8,344,E,8,4.4,E,8,-9990,0,0,-9990,0,0,1.046,E,8,0.146,E,8,0.20,E,8,0,-9990,0,0
03/15/2005,15:00,808,1382,552,3,10,738,3,20,120,3,10,58728,3,10,70893,3,20,17299,3,10,-9990,0,0,0,E,8,0,E,8,14.2,E,8,1.7,E,8,43,E,8,992,E,8,6,E,8,3.5,E,8,-9990,0,0,-9990,0,0,1.047,E,8,0.146,E,8,0.20,E,8,0,-9990,0,0
03/15/2005,16:00,683,1382,473,3,10,803,3,20,76,3,10,49944,3,10,77865,3,20,11479,3,10,-9990,0,0,0,E,8,0,E,8,14.4,E,8,1.4,E,8,41,E,8,992,E,8,57,E,8,3.5,E,8,-9990,0,0,-9990,0,0,1.027,E,8,0.146,E,8,0.20,E,8,0,-9990,0,0
03/15/2005,17:00,508,1382,332,3,10,749,3,20,57,3,10,34784,3,10,70404,3,20,8886,3,10,-9990,0,0,0,E,8,0,E,8,14.0,E,8,2.5,E,8,46,E,8,992,E,8,6,E,8,4.1,E,8,-9990,0,0,-9990,0,0,1.106,E,8,0.146,E,8,0.20,E,8,0,-9990,0,0
03/15/2005,18:00,297,1382,169,3,10,359,3,20,92,3,10,16572,3,10,22742,3,20,11693,3,10,-9990,0,0,5,E,8,4,E,8,12.8,E,8,2.0,E,8,47,E,8,992,E,8,41,E,8,4.1,E,8,-9990,0,0,-9990,0,0,1.064,E,8,0.146,E,8,0.20,E,8,0,-9990,0,0
03/15/2005,19:00,68,520,15,3,10,0,3,20,15,3,10,1739,3,10,0,3,20,1739,3,10,-9990,0,0,5,E,8,4,E,8,11.2,E,8,1.9,E,8,52,E,8,992,E,8,48,E,8,4.6,E,8,-9990,0,0,-9990,0,0,1.057,E,8,0.146,E,8,0.20,E,8,0,-9990,0,0
03/15/2005,20:00,0,0,0,3,0,0,3,0,0,3,0,0,3,0,0,3,0,0,3,0,-9990,0,0,5,E,8,4,E,8,10.5,E,8,3.8,E,8,63,E,8,992,E,8,75,E,8,3.8,E,8,-9990,0,0,-9990,0,0,1.209,E,8,0.146,E,8,0.20,E,8,0,-9990,0,0
03/15/2005,21:00,0,0,0,3,0,0,3,0,0,3,0,0,3,0,0,3,0,0,3,0,-9990,0,0,5,E,8,4,E,8,9.8,E,8,4.3,E,8,68,E,8,992,E,8,190,E,8,6.1,E,8,-9990,0,0,-9990,0,0,1.250,E,8,0.146,E,8,0.20,E,8,0,-9990,0,0
03/15/2005,22:00,0,0,0,3,0,0,3,0,0,3,0,0,3,0,0,3,0,0,3,0,-9990,0,0,5,E,8,4,E,8,9.0,E,8,3.7,E,8,69,E,8,992,E,8,154,E,8,5.4,E,8,-9990,0,0,-9990,0,0,1.204,E,8,0.146,E,8,0.20,E,8,0,-9990,0,0
03/15/2005,23:00,0,0,0,3,0,0,3,0,0,3,0,0,3,0,0,3,0,0,3,0,-9990,0,0,5,E,8,4,E,8,8.3,E,8,3.2,E,8,70,E,8,991,E,8,161,E,8,3.8,E,8,-9990,0,0,-9990,0,0,1.157,E,8,0.146,E,8,0.20,E,8,0,-9990,0,0
03/15/2005,24:00,0,0,0,3,0,0,3,0,0,3,0,0,3,0,0,3,0,0,3,0,-9990,0,0,5,E,8,4,E,8,7.5,E,8,4.0,E,8,78,E,8,991,E,8,243,E,8,3.0,E,8,-9990,0,0,-9990,0,0,1.228,E,8,0.146,E,8,0.20,E,8,0,-9990,0,0
03/16/2005,01:00,0,0,0,3,0,0,3,0,0,3,0,0,3,0,0,3,0,0,3,0,-9990,0,0,5,E,8,4,E,8,7.0,E,8,3.1,E,8,77,E,8,991,E,8,59,E,8,5.4,E,8,-9990,0,0,-9990,0,0,1.155,E,8,0.143,E,8,0.20,E,8,0,-9990,0,0
03/16/2005,02:00,0,0,0,3,0,0,3,0,0,3,0,0,3,0,0,3,0,0,3,0,-9990,0,0,5,E,8,4,E,8,6.3,E,8,2.8,E,8,78,E,8,991,E,8,56,E,8,5.0,E,8,-9990,0,0,-9990,0,0,1.128,E,8,0.143,E,8,0.20,E,8,0,-9990,0,0
03/16/2005,03:00,0,0,0,3,0,0,3,0,0,3,0,0,3,0,0,3,0,0,3,0,-9990,0,0,5,E,8,5,E,8,5.6,E,8,2.6,E,8,81,E,8,991,E,8,46,E,8,6.6,E,8,-9990,0,0,-9990,0,0,1.109,E,8,0.143,E,8,0.20,E,8,0,-9990,0,0
03/16/2005,04:00,0,0,0,3,0,0,3,0,0,3,0,0,3,0,0,3,0,0,3,0,-9990,0,0,5,E,8,4,E,8,5.3,E,8,1.6,E,8,77,E,8,991,E,8,162,E,8,4.6,E,8,-9990,0,0,-9990,0,0,1.036,E,8,0.143,E,8,0.20,E,8,0,-9990,0,0
03/16/2005,05:00,0,0,0,3,0,0,3,0,0,3,0,0,3,0,0,3,0,0,3,0,-9990,0,0,5,E,8,4,E,8,4.9,E,8,1.2,E,8,77,E,8,991,E,8,181,E,8,3.8,E,8,-9990,0,0,-9990,0,0,1.012,E,8,0.143,E,8,0.20,E,8,0,-9990,0,0
03/16/2005,06:00,0,0,0,3,0,0,3,0,0,3,0,0,3,0,0,3,0,0,3,0,-9990,0,0,4,E,8,3,E,8,4.6,E,8,0.9,E,8,77,E,8,991,E,8,171,E,8,4.1,E,8,-9990,0,0,-9990,0,0,0.989,E,8,0.143,E,8,0.20,E,8,0,-9990,0,0
03/16/2005,07:00,0,0,0,3,0,0,3,0,0,3,0,0,3,0,0,3,0,0,3,0,-9990,0,0,4,E,8,3,E,8,4.3,E,8,1.2,E,8,80,E,8,991,E,8,180,E,8,2.5,E,8,-9990,0,0,-9990,0,0,1.009,E,8,0.143,E,8,0.20,E,8,0,-9990,0,0
03/16/2005,08:00,103,641,41,3,10,0,3,20,41,3,10,4389,3,10,0,3,20,4389,3,10,-9990,0,0,4,E,8,3,E,8,5.3,E,8,0.9,E,8,73,E,8,990,E,8,120,E,8,3.5,E,8,-9990,0,0,-9990,0,0,0.988,E,8,0.143,E,8,0.20,E,8,0,-9990,0,0
03/16/2005,09:00,336,1382,195,3,10,416,3,20,93,3,10,19155,3,10,29746,3,20,11917,3,10,-9990,0,0,4,E,8,3,E,8,7.2,E,8,1.7,E,8,68,E,8,990,E,8,77,E,8,5.4,E,8,-9990,0,0,-9990,0,0,1.048,E,8,0.143,E,8,0.20,E,8,0,-9990,0,0
03/16/2005,10:00,543,1382,366,3,10,737,3,20,76,3,10,38317,3,10,68610,3,20,11329,3,10,-9990,0,0,0,E,8,0,E,8,9.2,E,8,1.5,E,8,58,E,8,990,E,8,164,E,8,5.0,E,8,-9990,0,0,-9990,0,0,1.031,E,8,0.143,E,8,0.20,E,8,0,-9990,0,0
03/16/2005,11:00,711,1382,460,3,10,579,3,20,162,3,10,48352,3,10,50459,3,20,22375,3,10,-9990,0,0,3,E,8,2,E,8,10.8,E,8,2.1,E,8,55,E,8,990,E,8,162,E,8,8.1,E,8,-9990,0,0,-9990,0,0,1.074,E,8,0.143,E,8,0.20,E,8,0,-9990,0,0
03/16/2005,12:00,828,1382,631,3,10,747,3,20,183,3,10,65269,3,10,68616,3,20,24138,3,10,-9990,0,0,1,E,8,1,E,8,12.6,E,8,3.2,E,8,53,E,8,990,E,8,77,E,8,6.1,E,8,-9990,0,0,-9990,0,0,1.158,E,8,0.143,E,8,0.20,E,8,0,-9990,0,0
03/16/2005,13:00,886,1382,499,3,10,316,3,20,297,3,10,52993,3,10,29499,3,20,34071,3,10,-9990,0,0,8,E,8,6,E,8,13.2,E,8,3.5,E,8,52,E,8,990,E,8,71,E,8,5.8,E,8,-9990,0,0,-9990,0,0,1.183,E,8,0.143,E,8,0.20,E,8,0,-9990,0,0
03/16/2005,14:00,881,1382,401,3,10,156,3,20,301,3,10,43521,3,10,14490,3,20,34276,3,10,-9990,0,0,9,E,8,8,E,8,13.2,E,8,3.5,E,8,51,E,8,990,E,8,116,E,8,5.4,E,8,-9990,0,0,-9990,0,0,1.182,E,8,0.143,E,8,0.20,E,8,0,-9990,0,0
03/16/2005,15:00,814,1382,248,3,10,23,3,20,234,3,10,27792,3,10,2371,3,20,26394,3,10,-9990,0,0,10,E,8,9,E,8,12.5,E,8,4.0,E,8,56,E,8,989,E,8,221,E,8,3.8,E,8,-9990,0,0,-9990,0,0,1.226,E,8,0.143,E,8,0.20,E,8,0,-9990,0,0
03/16/2005,16:00,689,1382,183,3,10,8,3,20,179,3,10,20474,3,10,754,3,20,20098,3,10,-9990,0,0,10,E,8,9,E,8,11.6,E,8,5.0,E,8,64,E,8,989,E,8,191,E,8,3.5,E,8,-9990,0,0,-9990,0,0,1.321,E,8,0.143,E,8,0.20,E,8,0,-9990,0,0
03/16/2005,17:00,514,1382,211,3,10,128,3,20,163,3,10,22675,3,10,10329,3,20,18828,3,10,-9990,0,0,9,E,8,8,E,8,10.9,E,8,4.8,E,8,66,E,8,989,E,8,154,E,8,3.2,E,8,-9990,0,0,-9990,0,0,1.297,E,8,0.143,E,8,0.20,E,8,0,-9990,0,0
03/16/2005,18:00,302,1382,117,3,10,152,3,20,83,3,10,12495,3,10,12619,3,20,9732,3,10,-9990,0,0,8,E,8,6,E,8,10.1,E,8,5.5,E,8,73,E,8,989,E,8,162,E,8,2.7,E,8,-9990,0,0,-9990,0,0,1.362,E,8,0.143,E,8,0.20,E,8,0,-9990,0,0
03/16/2005,19:00,73,536,5,3,10,0,3,20,5,3,10,658,3,10,4,3,20,657,3,10,-9990,0,0,8,E,8,7,E,8,8.9,E,8,6.1,E,8,83,E,8,988,E,8,142,E,8,3.2,E,8,-9990,0,0,-9990,0,0,1.426,E,8,0.143,E,8,0.20,E,8,0,-9990,0,0
03/16/2005,20:00,0,0,0,3,0,0,3,0,0,3,0,0,3,0,0,3,0,0,3,0,-9990,0,0,9,E,8,8,E,8,9.3,E,8,6.7,E,8,84,E,8,988,E,8,30,E,8,4.6,E,8,-9990,0,0,-9990,0,0,1.481,E,8,0.143,E,8,0.20,E,8,0,-9990,0,0
03/16/2005,21:00,0,0,0,3,0,0,3,0,0,3,0,0,3,0,0,3,0,0,3,0,-9990,0,0,9,E,8,8,E,8,9.6,E,8,7.2,E,8,85,E,8,988,E,8,40,E,8,3.0,E,8,-9990,0,0,-9990,0,0,1.539,E,8,0.143,E,8,0.20,E,8,0,-9990,0,0
03/16/2005,22:00,0,0,0,3,0,0,3,0,0,3,0,0,3,0,0,3,0,0,3,0,-9990,0,0,9,E,8,8,E,8,10.0,E,8,8.3,E,8,89,E,8,987,E,8,50,E,8,2.1,E,8,-9990,0,0,-9990,0,0,1.656,E,8,0.143,E,8,0.20,E,8,0,-9990,0,0
03/16/2005,23:00,0,0,0,3,0,0,3,0,0,3,0,0,3,0,0,3,0,0,3,0,-9990,0,0,9,E,8,8,E,8,10.3,E,8,8.2,E,8,86,E,8,987,E,8,116,E,8,3.2,E,8,-9990,0,0,-9990,0,0,1.645,E,8,0.143,E,8,0.20,E,8,0,-9990,0,0
03/16/2005,24:00,0,0,0,3,0,0,3,0,0,3,0,0,3,0,0,3,0,0,3,0,-9990,0,0,9,E,8,8,E,8,10.7,E,8,9.2,E,8,91,E,8,987,E,8,83,E,8,3.8,E,8,-9990,0,0,-9990,0,0,1.770,E,8,0.143,E,8,0.20,E,8,0,-9990,0,0
03/17/2005,01:00,0,0,0,3,0,0,3,0,0,3,0,0,3,0,0,3,0,0,3,0,-9990,0,0,9,E,8,8,E,8,10.9,E,8,9.1,E,8,89,E,8,987,E,8,7,E,8,2.7,E,8,-9990,0,0,-9990,0,0,1.755,E,8,0.131,E,8,0.20,E,8,0,-9990,0,0
03/17/2005,02:00,0,0,0,3,0,0,3,0,0,3,0,0,3,0,0,3,0,0,3,0,-9990,0,0,9,E,8,8,E,8,11.3,E,8,9.6,E,8,90,E,8,986,E,8,349,E,8,2.1,E,8,-9990,0,0,-9990,0,0,1.821,E,8,0.131,E,8,0.20,E,8,0,-9990,0,0
03/17/2005,03:00,0,0,0,3,0,0,3,0,0,3,0,0,3,0,0,3,0,0,3,0,-9990,0,0,9,E,8,8,E,8,11.6,E,8,10.1,E,8,91,E,8,986,E,8,3,E,8,1.9,E,8,-9990,0,0,-9990,0,0,1.887,E,8,0.131,E,8,0.20,E,8,0,-9990,0,0
03/17/2005,04:00,0,0,0,3,0,0,3,0,0,3,0,0,3,0,0,3,0,0,3,0,-9990,0,0,9,E,8,8,E,8,11.7,E,8,9.9,E,8,89,E,8,986,E,8,4,E,8,1.3,E,8,-9990,0,0,-9990,0,0,1.859,E,8,0.131,E,8,0.20,E,8,0,-9990,0,0
03/17/2005,05:00,0,0,0,3,0,0,3,0,0,3,0,0,3,0,0,3,0,0,3,0,-9990,0,0,10,E,8,9,E,8,10.6,E,8,10.4,E,8,99,E,8,985,E,8,340,E,8,0.9,E,8,-9990,0,0,-9990,0,0,1.920,E,8,0.131,E,8,0.20,E,8,7,-9990,0,0
03/17/2005,06:00,0,0,0,3,0,0,3,0,0,3,0,0,3,0,0,3,0,0,3,0,-9990,0,0,10,E,8,9,E,8,11.9,E,8,11.4,E,8,97,E,8,985,E,8,340,E,8,0.5,E,8,-9990,0,0,-9990,0,0,2.064,E,8,0.131,E,8,0.20,E,8,1,-9990,0,0
03/17/2005,07:00,0,0,0,3,0,0,3,0,0,3,0,0,3,0,0,3,0,0,3,0,-9990,0,0,10,E,8,9,E,8,12.1,E,8,11.6,E,8,97,E,8,985,E,8,338,E,8,0.4,E,8,-9990,0,0,-9990,0,0,2.090,E,8,0.131,E,8,0.20,E,8,1,-9990,0,0
03/17/2005,08:00,111,664,5,3,10,0,3,20,5,3,10,591,3,10,4,3,20,590,3,10,-9990,0,0,10,E,8,9,E,8,12.3,E,8,12.0,E,8,98,E,8,985,E,8,335,E,8,0.7,E,8,-9990,0,0,-9990,0,0,2.145,E,8,0.131,E,8,0.20,E,8,1,-9990,0,0
03/17/2005,09:00,344,1381,44,3,10,0,3,20,44,3,10,4971,3,10,0,3,20,4971,3,10,-9990,0,0,10,E,8,9,E,8,13.3,E,8,13.0,E,8,98,E,8,984,E,8,341,E,8,1.0,E,8,-9990,0,0,-9990,0,0,2.306,E,8,0.131,E,8,0.20,E,8,0,-9990,0,0
03/17/2005,10:00,551,1381,78,3,10,0,3,20,78,3,10,8976,3,10,0,3,20,8976,3,10,-9990,0,0,10,E,8,9,E,8,14.0,E,8,13.0,E,8,94,E,8,984,E,8,329,E,8,1.3,E,8,-9990,0,0,-9990,0,0,2.312,E,8,0.131,E,8,0.20,E,8,0,-9990,0,0
03/17/2005,11:00,719,1381,106,3,10,0,3,20,106,3,10,12309,3,10,0,3,20,12309,3,10,-9990,0,0,10,E,8,9,E,8,14.7,E,8,12.9,E,8,89,E,8,984,E,8,4,E,8,2.3,E,8,-9990,0,0,-9990,0,0,2.293,E,8,0.131,E,8,0.20,E,8,0,-9990,0,0
03/17/2005,12:00,835,1381,126,3,10,0,3,20,126,3,10,14801,3,10,0,3,20,14801,3,10,-9990,0,0,10,E,8,9,E,8,15.3,E,8,12.3,E,8,82,E,8,984,E,8,358,E,8,1.3,E,8,-9990,0,0,-9990,0,0,2.195,E,8,0.131,E,8,0.20,E,8,0,-9990,0,0
03/17/2005,13:00,893,1381,142,3,10,0,3,20,142,3,10,16743,3,10,0,3,20,16743,3,10,-9990,0,0,10,E,8,9,E,8,15.8,E,8,12.8,E,8,82,E,8,983,E,8,356,E,8,1.8,E,8,-9990,0,0,-9990,0,0,2.267,E,8,0.131,E,8,0.20,E,8,0,-9990,0,0
03/17/2005,14:00,888,1381,148,3,10,0,3,20,148,3,10,17337,3,10,0,3,20,17337,3,10,-9990,0,0,10,E,8,9,E,8,16.3,E,8,11.7,E,8,74,E,8,983,E,8,305,E,8,2.5,E,8,-9990,0,0,-9990,0,0,2.105,E,8,0.131,E,8,0.20,E,8,0,-9990,0,0
03/17/2005,15:00,821,1381,133,3,10,0,3,20,133,3,10,15539,3,10,0,3,20,15539,3,10,-9990,0,0,10,E,8,9,E,8,16.4,E,8,13.4,E,8,82,E,8,984,E,8,349,E,8,1.6,E,8,-9990,0,0,-9990,0,0,2.368,E,8,0.131,E,8,0.20,E,8,0,-9990,0,0
03/17/2005,16:00,695,1381,119,3,10,0,3,20,119,3,10,13661,3,10,0,3,20,13661,3,10,-9990,0,0,10,E,8,9,E,8,16.5,E,8,13.4,E,8,82,E,8,984,E,8,343,E,8,1.8,E,8,-9990,0,0,-9990,0,0,2.369,E,8,0.131,E,8,0.20,E,8,1,-9990,0,0
03/17/2005,17:00,520,1381,79,3,10,0,3,20,79,3,10,9001,3,10,0,3,20,9001,3,10,-9990,0,0,10,E,8,9,E,8,16.3,E,8,13.4,E,8,83,E,8,984,E,8,339,E,8,1.5,E,8,-9990,0,0,-9990,0,0,2.369,E,8,0.131,E,8,0.20,E,8,1,-9990,0,0
03/17/2005,18:00,308,1381,42,3,10,0,3,20,42,3,10,4680,3,10,0,3,20,4680,3,10,-9990,0,0,10,E,8,9,E,8,16.3,E,8,13.2,E,8,82,E,8,984,E,8,324,E,8,1.9,E,8,-9990,0,0,-9990,0,0,2.343,E,8,0.131,E,8,0.20,E,8,0,-9990,0,0
03/17/2005,19:00,77,553,4,3,10,0,3,20,4,3,10,510,3,10,5,3,20,509,3,10,-9990,0,0,10,E,8,9,E,8,15.8,E,8,12.7,E,8,82,E,8,984,E,8,21,E,8,1.5,E,8,-9990,0,0,-9990,0,0,2.264,E,8,0.131,E,8,0.20,E,8,0,-9990,0,0
03/17/2005,20:00,0,0,0,3,0,0,3,0,0,3,0,0,3,0,0,3,0,0,3,0,-9990,0,0,10,E,8,9,E,8,15.4,E,8,12.4,E,8,82,E,8,984,E,8,347,E,8,1.3,E,8,-9990,0,0,-9990,0,0,2.213,E,8,0.131,E,8,0.20,E,8,0,-9990,0,0
03/17/2005,21:00,0,0,0,3,0,0,3,0,0,3,0,0,3,0,0,3,0,0,3,0,-9990,0,0,10,E,8,9,E,8,14.9,E,8,11.9,E,8,82,E,8,984,E,8,65,E,8,1.4,E,8,-9990,0,0,-9990,0,0,2.139,E,8,0.131,E,8,0.20,E,8,0,-9990,0,0
03/17/2005,22:00,0,0,0,3,0,0,3,0,0,3,0,0,3,0,0,3,0,0,3,0,-9990,0,0,10,E,8,9,E,8,14.2,E,8,12.4,E,8,89,E,8,984,E,8,53,E,8,1.6,E,8,-9990,0,0,-9990,0,0,2.211,E,8,0.131,E,8,0.20,E,8,2,-9990,0,0
03/17/2005,23:00,0,0,0,3,0,0,3,0,0,3,0,0,3,0,0,3,0,0,3,0,-9990,0,0,10,E,8,9,E,8,13.6,E,8,11.9,E,8,89,E,8,984,E,8,52,E,8,1.4,E,8,-9990,0,0,-9990,0,0,2.130,E,8,0.131,E,8,0.20,E,8,3,-9990,0,0
03/17/2005,24:00,0,0,0,3,0,0,3,0,0,3,0,0,3,0,0,3,0,0,3,0,-9990,0,0,10,E,8,9,E,8,13.5,E,8,11.2,E,8,86,E,8,984,E,8,39,E,8,1.9,E,8,-9990,0,0,-9990,0,0,2.032,E,8,0.131,E,8,0.20,E,8,2,-9990,0,0
03/18/2005,01:00,0,0,0,3,0,0,3,0,0,3,0,0,3,0,0,3,0,0,3,0,-9990,0,0,10,E,8,9,E,8,13.0,E,8,11.6,E,8,91,E,8,985,E,8,62,E,8,2.5,E,8,-9990,0,0,-9990,0,0,2.094,E,8,0.137,E,8,0.20,E,8,0,-9990,0,0
03/18/2005,02:00,0,0,0,3,0,0,3,0,0,3,0,0,3,0,0,3,0,0,3,0,-9990,0,0,10,E,8,9,E,8,12.2,E,8,10.5,E,8,90,E,8,985,E,8,342,E,8,4.6,E,8,-9990,0,0,-9990,0,0,1.939,E,8,0.137,E,8,0.20,E,8,0,-9990,0,0
03/18/2005,03:00,0,0,0,3,0,0,3,0,0,3,0,0,3,0,0,3,0,0,3,0,-9990,0,0,10,E,8,9,E,8,11.3,E,8,8.9,E,8,85,E,8,985,E,8,49,E,8,4.6,E,8,-9990,0,0,-9990,0,0,1.731,E,8,0.137,E,8,0.20,E,8,0,-9990,0,0
03/18/2005,04:00,0,0,0,3,0,0,3,0,0,3,0,0,3,0,0,3,0,0,3,0,-9990,0,0,10,E,8,9,E,8,10.9,E,8,9.9,E,8,94,E,8,985,E,8,49,E,8,5.8,E,8,-9990,0,0,-9990,0,0,1.855,E,8,0.137,E,8,0.20,E,8,0,-9990,0,0
03/18/2005,05:00,0,0,0,3,0,0,3,0,0,3,0,0,3,0,0,3,0,0,3,0,-9990,0,0,10,E,8,9,E,8,10.4,E,8,10.0,E,8,97,E,8,985,E,8,120,E,8,6.1,E,8,-9990,0,0,-9990,0,0,1.868,E,8,0.137,E,8,0.20,E,8,0,-9990,0,0
03/18/2005,06:00,0,0,0,3,0,0,3,0,0,3,0,0,3,0,0,3,0,0,3,0,-9990,0,0,10,E,8,9,E,8,9.6,E,8,9.1,E,8,97,E,8,985,E,8,37,E,8,5.8,E,8,-9990,0,0,-9990,0,0,1.759,E,8,0.137,E,8,0.20,E,8,2,-9990,0,0
03/18/2005,07:00,0,0,0,3,0,0,3,0,0,3,0,0,3,0,0,3,0,0,3,0,-9990,0,0,10,E,8,9,E,8,9.7,E,8,8.4,E,8,91,E,8,985,E,8,80,E,8,4.6,E,8,-9990,0,0,-9990,0,0,1.667,E,8,0.137,E,8,0.20,E,8,0,-9990,0,0
03/18/2005,08:00,119,688,5,3,10,0,3,20,5,3,10,662,3,10,3,3,20,661,3,10,-9990,0,0,10,E,8,9,E,8,9.8,E,8,9.1,E,8,95,E,8,985,E,8,34,E,8,3.2,E,8,-9990,0,0,-9990,0,0,1.756,E,8,0.137,E,8,0.20,E,8,0,-9990,0,0
03/18/2005,09:00,352,1380,72,3,10,0,3,20,72,3,10,7731,3,10,0,3,20,7731,3,10,-9990,0,0,10,E,8,9,E,8,10.6,E,8,8.9,E,8,90,E,8,985,E,8,341,E,8,2.7,E,8,-9990,0,0,-9990,0,0,1.733,E,8,0.137,E,8,0.20,E,8,0,-9990,0,0
03/18/2005,10:00,559,1380,140,3,10,2,3,20,139,3,10,15373,3,10,64,3,20,15347,3,10,-9990,0,0,10,E,8,9,E,8,11.3,E,8,9.7,E,8,90,E,8,986,E,8,21,E,8,3.0,E,8,-9990,0,0,-9990,0,0,1.826,E,8,0.137,E,8,0.20,E,8,0,-9990,0,0
03/18/2005,11:00,726,1380,182,3,10,5,3,20,180,3,10,20350,3,10,361,3,20,20160,3,10,-9990,0,0,10,E,8,9,E,8,11.9,E,8,10.0,E,8,88,E,8,986,E,8,17,E,8,1.0,E,8,-9990,0,0,-9990,0,0,1.870,E,8,0.137,E,8,0.20,E,8,0,-9990,0,0
03/18/2005,12:00,843,1380,223,3,10,9,3,20,218,3,10,25118,3,10,763,3,20,24652,3,10,-9990,0,0,10,E,8,9,E,8,12.4,E,8,8.7,E,8,78,E,8,986,E,8,331,E,8,0.8,E,8,-9990,0,0,-9990,0,0,1.703,E,8,0.137,E,8,0.20,E,8,0,-9990,0,0
03/18/2005,13:00,900,1380,319,3,10,34,3,20,297,3,10,35478,3,10,3474,3,20,33212,3,10,-9990,0,0,10,E,8,9,E,8,13.1,E,8,9.3,E,8,78,E,8,986,E,8,329,E,8,1.0,E,8,-9990,0,0,-9990,0,0,1.781,E,8,0.137,E,8,0.20,E,8,0,-9990,0,0
03/18/2005,14:00,895,1380,301,3,10,26,3,20,285,3,10,33581,3,10,2596,3,20,31898,3,10,-9990,0,0,10,E,8,9,E,8,13.5,E,8,9.5,E,8,77,E,8,986,E,8,8,E,8,0.3,E,8,-9990,0,0,-9990,0,0,1.809,E,8,0.137,E,8,0.20,E,8,0,-9990,0,0
03/18/2005,15:00,827,1380,264,3,10,24,3,20,250,3,10,29435,3,10,2451,3,20,27967,3,10,-9990,0,0,10,E,8,9,E,8,13.7,E,8,9.6,E,8,76,E,8,986,E,8,4,E,8,0.2,E,8,-9990,0,0,-9990,0,0,1.816,E,8,0.137,E,8,0.20,E,8,0,-9990,0,0
03/18/2005,16:00,701,1380,228,3,10,26,3,20,215,3,10,25058,3,10,2624,3,20,23724,3,10,-9990,0,0,10,E,8,9,E,8,13.7,E,8,9.8,E,8,77,E,8,986,E,8,348,E,8,0.2,E,8,-9990,0,0,-9990,0,0,1.848,E,8,0.137,E,8,0.20,E,8,0,-9990,0,0
03/18/2005,17:00,526,1380,155,3,10,14,3,20,150,3,10,16890,3,10,1316,3,20,16388,3,10,-9990,0,0,10,E,8,9,E,8,13.5,E,8,9.9,E,8,78,E,8,986,E,8,321,E,8,0.1,E,8,-9990,0,0,-9990,0,0,1.850,E,8,0.137,E,8,0.20,E,8,0,-9990,0,0
03/18/2005,18:00,314,1380,87,3,10,21,3,20,82,3,10,9241,3,10,2054,3,20,8773,3,10,-9990,0,0,10,E,8,9,E,8,13.1,E,8,9.9,E,8,81,E,8,986,E,8,348,E,8,0.0,E,8,-9990,0,0,-9990,0,0,1.861,E,8,0.137,E,8,0.20,E,8,0,-9990,0,0
03/18/2005,19:00,82,570,9,3,10,0,3,20,9,3,10,1051,3,10,0,3,20,1051,3,10,-9990,0,0,10,E,8,9,E,8,12.4,E,8,10.0,E,8,85,E,8,986,E,8,336,E,8,0.4,E,8,-9990,0,0,-9990,0,0,1.865,E,8,0.137,E,8,0.20,E,8,0,-9990,0,0
03/18/2005,20:00,0,0,0,3,0,0,3,0,0,3,0,0,3,0,0,3,0,0,3,0,-9990,0,0,10,E,8,9,E,8,11.8,E,8,9.3,E,8,85,E,8,986,E,8,350,E,8,0.8,E,8,-9990,0,0,-9990,0,0,1.774,E,8,0.137,E,8,0.20,E,8,0,-9990,0,0
03/18/2005,21:00,0,0,0,3,0,0,3,0,0,3,0,0,3,0,0,3,0,0,3,0,-9990,0,0,10,E,8,9,E,8,11.1,E,8,8.5,E,8,84,E,8,986,E,8,329,E,8,0.8,E,8,-9990,0,0,-9990,0,0,1.686,E,8,0.137,E,8,0.20,E,8,0,-9990,0,0
03/18/2005,22:00,0,0,0,3,0,0,3,0,0,3,0,0,3,0,0,3,0,0,3,0,-9990,0,0,10,E,8,9,E,8,10.4,E,8,8.8,E,8,90,E,8,986,E,8,338,E,8,1.0,E,8,-9990,0,0,-9990,0,0,1.712,E,8,0.137,E,8,0.20,E,8,0,-9990,0,0
03/18/2005,23:00,0,0,0,3,0,0,3,0,0,3,0,0,3,0,0,3,0,0,3,0,-9990,0,0,10,E,8,9,E,8,9.7,E,8,9.2,E,8,97,E,8,986,E,8,334,E,8,1.0,E,8,-9990,0,0,-9990,0,0,1.767,E,8,0.137,E,8,0.20,E,8,0,-9990,0,0
03/18/2005,24:00,0,0,0,3,0,0,3,0,0,3,0,0,3,0,0,3,0,0,3,0,-9990,0,0,10,E,8,9,E,8,8.9,E,8,8.2,E,8,95,E,8,987,E,8,325,E,8,0.7,E,8,-9990,0,0,-9990,0,0,1.647,E,8,0.137,E,8,0.20,E,8,1,-9990,0,0
03/19/2005,01:00,0,0,0,3,0,0,3,0,0,3,0,0,3,0,0,3,0,0,3,0,-9990,0,0,10,E,8,9,E,8,8.6,E,8,8.3,E,8,98,E,8,987,E,8,333,E,8,0.8,E,8,-9990,0,0,-9990,0,0,1.663,E,8,0.134,E,8,0.20,E,8,0,-9990,0,0
03/19/2005,02:00,0,0,0,3,0,0,3,0,0,3,0,0,3,0,0,3,0,0,3,0,-9990,0,0,10,E,8,9,E,8,8.2,E,8,7.7,E,8,96,E,8,987,E,8,355,E,8,1.5,E,8,-9990,0,0,-9990,0,0,1.585,E,8,0.134,E,8,0.20,E,8,0,-9990,0,0
03/19/2005,03:00,0,0,0,3,0,0,3,0,0,3,0,0,3,0,0,3,0,0,3,0,-9990,0,0,10,E,8,9,E,8,7.8,E,8,7.3,E,8,96,E,8,987,E,8,37,E,8,1.0,E,8,-9990,0,0,-9990,0,0,1.541,E,8,0.134,E,8,0.20,E,8,0,-9990,0,0
03/19/2005,04:00,0,0,0,3,0,0,3,0,0,3,0,0,3,0,0,3,0,0,3,0,-9990,0,0,10,E,8,9,E,8,7.6,E,8,6.7,E,8,94,E,8,987,E,8,16,E,8,1.5,E,8,-9990,0,0,-9990,0,0,1.481,E,8,0.134,E,8,0.20,E,8,0,-9990,0,0
03/19/2005,05:00,0,0,0,3,0,0,3,0,0,3,0,0,3,0,0,3,0,0,3,0,-9990,0,0,10,E,8,9,E,8,7.3,E,8,6.3,E,8,94,E,8,987,E,8,180,E,8,1.2,E,8,-9990,0,0,-9990,0,0,1.446,E,8,0.134,E,8,0.20,E,8,1,-9990,0,0
03/19/2005,06:00,0,0,0,3,0,0,3,0,0,3,0,0,3,0,0,3,0,0,3,0,-9990,0,0,10,E,8,9,E,8,7.3,E,8,6.6,E,8,95,E,8,987,E,8,58,E,8,0.8,E,8,-9990,0,0,-9990,0,0,1.473,E,8,0.134,E,8,0.20,E,8,0,-9990,0,0
03/19/2005,07:00,0,0,0,3,10,0,3,20,0,3,10,0,3,10,0,3,20,0,3,10,-9990,0,0,10,E,8,9,E,8,7.3,E,8,7.0,E,8,98,E,8,987,E,8,34,E,8,0.7,E,8,-9990,0,0,-9990,0,0,1.519,E,8,0.134,E,8,0.20,E,8,0,-9990,0,0
03/19/2005,08:00,128,1379,21,3,10,0,3,20,21,3,10,2328,3,10,0,3,20,2328,3,10,-9990,0,0,10,E,8,9,E,8,7.7,E,8,6.9,E,8,94,E,8,987,E,8,335,E,8,0.8,E,8,-9990,0,0,-9990,0,0,1.500,E,8,0.134,E,8,0.20,E,8,0,-9990,0,0
03/19/2005,09:00,360,1379,18,3,10,0,3,20,18,3,10,2124,3,10,0,3,20,2124,3,10,-9990,0,0,10,E,8,9,E,8,7.8,E,8,6.6,E,8,92,E,8,987,E,8,345,E,8,1.8,E,8,-9990,0,0,-9990,0,0,1.476,E,8,0.134,E,8,0.20,E,8,0,-9990,0,0
03/19/2005,10:00,567,1379,94,3,10,0,3,20,94,3,10,10610,3,10,0,3,20,10610,3,10,-9990,0,0,10,E,8,9,E,8,8.5,E,8,6.0,E,8,84,E,8,987,E,8,10,E,8,1.3,E,8,-9990,0,0,-9990,0,0,1.413,E,8,0.134,E,8,0.20,E,8,0,-9990,0,0
03/19/2005,11:00,734,1379,197,3,10,10,3,20,192,3,10,21985,3,10,883,3,20,21516,3,10,-9990,0,0,10,E,8,9,E,8,9.7,E,8,4.6,E,8,70,E,8,987,E,8,342,E,8,0.7,E,8,-9990,0,0,-9990,0,0,1.278,E,8,0.134,E,8,0.20,E,8,0,-9990,0,0
03/19/2005,12:00,850,1379,269,3,10,27,3,20,252,3,10,29973,3,10,2815,3,20,28239,3,10,-9990,0,0,10,E,8,9,E,8,10.9,E,8,4.6,E,8,65,E,8,987,E,8,55,E,8,0.6,E,8,-9990,0,0,-9990,0,0,1.280,E,8,0.134,E,8,0.20,E,8,0,-9990,0,0
03/19/2005,13:00,907,1379,380,3,10,110,3,20,308,3,10,42081,3,10,11212,3,20,34710,3,10,-9990,0,0,10,E,8,9,E,8,12.3,E,8,4.4,E,8,58,E,8,987,E,8,79,E,8,1.0,E,8,-9990,0,0,-9990,0,0,1.261,E,8,0.134,E,8,0.20,E,8,0,-9990,0,0
03/19/2005,14:00,901,1379,431,3,10,172,3,20,319,3,10,46685,3,10,16108,3,20,36162,3,10,-9990,0,0,9,E,8,8,E,8,13.6,E,8,4.3,E,8,53,E,8,987,E,8,59,E,8,1.0,E,8,-9990,0,0,-9990,0,0,1.252,E,8,0.134,E,8,0.20,E,8,0,-9990,0,0
03/19/2005,15:00,833,1379,424,3,10,232,3,20,284,3,10,45948,3,10,22402,3,20,32419,3,10,-9990,0,0,9,E,8,8,E,8,14.5,E,8,4.2,E,8,50,E,8,987,E,8,46,E,8,1.6,E,8,-9990,0,0,-9990,0,0,1.242,E,8,0.134,E,8,0.20,E,8,0,-9990,0,0
03/19/2005,16:00,707,1379,301,3,10,101,3,20,249,3,10,33213,3,10,10186,3,20,27990,3,10,-9990,0,0,10,E,8,9,E,8,14.9,E,8,4.4,E,8,49,E,8,987,E,8,63,E,8,1.4,E,8,-9990,0,0,-9990,0,0,1.259,E,8,0.134,E,8,0.20,E,8,0,-9990,0,0
03/19/2005,17:00,532,1379,232,3,10,127,3,20,183,3,10,25504,3,10,12951,3,20,20507,3,10,-9990,0,0,9,E,8,8,E,8,15.0,E,8,4.3,E,8,49,E,8,988,E,8,109,E,8,1.8,E,8,-9990,0,0,-9990,0,0,1.252,E,8,0.134,E,8,0.20,E,8,0,-9990,0,0
03/19/2005,18:00,320,1379,128,3,10,169,3,20,89,3,10,13604,3,10,14442,3,20,10254,3,10,-9990,0,0,8,E,8,6,E,8,14.6,E,8,4.4,E,8,50,E,8,988,E,8,17,E,8,2.3,E,8,-9990,0,0,-9990,0,0,1.260,E,8,0.134,E,8,0.20,E,8,0,-9990,0,0
03/19/2005,19:00,87,586,27,3,10,0,3,20,27,3,10,2978,3,10,0,3,20,2978,3,10,-9990,0,0,8,E,8,6,E,8,13.8,E,8,4.8,E,8,54,E,8,988,E,8,27,E,8,4.6,E,8,-9990,0,0,-9990,0,0,1.299,E,8,0.134,E,8,0.20,E,8,0,-9990,0,0
03/19/2005,20:00,0,0,0,3,0,0,3,0,0,3,0,0,3,0,0,3,0,0,3,0,-9990,0,0,8,E,8,6,E,8,12.8,E,8,6.2,E,8,64,E,8,988,E,8,102,E,8,4.1,E,8,-9990,0,0,-9990,0,0,1.433,E,8,0.134,E,8,0.20,E,8,0,-9990,0,0
03/19/2005,21:00,0,0,0,3,0,0,3,0,0,3,0,0,3,0,0,3,0,0,3,0,-9990,0,0,8,E,8,6,E,8,11.8,E,8,5.4,E,8,65,E,8,988,E,8,77,E,8,3.0,E,8,-9990,0,0,-9990,0,0,1.356,E,8,0.134,E,8,0.20,E,8,0,-9990,0,0
03/19/2005,22:00,0,0,0,3,0,0,3,0,0,3,0,0,3,0,0,3,0,0,3,0,-9990,0,0,6,E,8,5,E,8,10.8,E,8,4.6,E,8,66,E,8,988,E,8,66,E,8,5.0,E,8,-9990,0,0,-9990,0,0,1.282,E,8,0.134,E,8,0.20,E,8,0,-9990,0,0
03/19/2005,23:00,0,0,0,3,0,0,3,0,0,3,0,0,3,0,0,3,0,0,3,0,-9990,0,0,6,E,8,5,E,8,9.8,E,8,3.8,E,8,66,E,8,988,E,8,181,E,8,4.4,E,8,-9990,0,0,-9990,0,0,1.214,E,8,0.134,E,8,0.20,E,8,0,-9990,0,0
03/19/2005,24:00,0,0,0,3,0,0,3,0,0,3,0,0,3,0,0,3,0,0,3,0,-9990,0,0,6,E,8,5,E,8,8.8,E,8,4.0,E,8,72,E,8,988,E,8,198,E,8,2.5,E,8,-9990,0,0,-9990,0,0,1.229,E,8,0.134,E,8,0.20,E,8,0,-9990,0,0
03/20/2005,01:00,0,0,0,3,0,0,3,0,0,3,0,0,3,0,0,3,0,0,3,0,-9990,0,0,6,E,8,5,E,8,7.6,E,8,3.5,E,8,75,E,8,988,E,8,172,E,8,2.5,E,8,-9990,0,0,-9990,0,0,1.182,E,8,0.136,E,8,0.20,E,8,0,-9990,0,0
03/20/2005,02:00,0,0,0,3,0,0,3,0,0,3,0,0,3,0,0,3,0,0,3,0,-9990,0,0,5,E,8,4,E,8,6.4,E,8,2.7,E,8,77,E,8,988,E,8,154,E,8,4.1,E,8,-9990,0,0,-9990,0,0,1.118,E,8,0.136,E,8,0.20,E,8,0,-9990,0,0
03/20/2005,03:00,0,0,0,3,0,0,3,0,0,3,0,0,3,0,0,3,0,0,3,0,-9990,0,0,5,E,8,5,E,8,5.2,E,8,2.4,E,8,82,E,8,988,E,8,198,E,8,4.6,E,8,-9990,0,0,-9990,0,0,1.095,E,8,0.136,E,8,0.20,E,8,0,-9990,0,0
03/20/2005,04:00,0,0,0,3,0,0,3,0,0,3,0,0,3,0,0,3,0,0,3,0,-9990,0,0,5,E,8,5,E,8,4.5,E,8,1.9,E,8,83,E,8,988,E,8,81,E,8,5.0,E,8,-9990,0,0,-9990,0,0,1.059,E,8,0.136,E,8,0.20,E,8,0,-9990,0,0
03/20/2005,05:00,0,0,0,3,0,0,3,0,0,3,0,0,3,0,0,3,0,0,3,0,-9990,0,0,5,E,8,5,E,8,3.8,E,8,2.2,E,8,89,E,8,988,E,8,230,E,8,5.4,E,8,-9990,0,0,-9990,0,0,1.085,E,8,0.136,E,8,0.20,E,8,0,-9990,0,0
03/20/2005,06:00,0,0,0,3,0,0,3,0,0,3,0,0,3,0,0,3,0,0,3,0,-9990,0,0,4,E,8,3,E,8,3.4,E,8,2.5,E,8,94,E,8,988,E,8,236,E,8,3.8,E,8,-9990,0,0,-9990,0,0,1.108,E,8,0.136,E,8,0.20,E,8,0,-9990,0,0
03/20/2005,07:00,1,45,0,3,10,0,3,20,0,3,10,0,3,10,0,3,20,0,3,10,-9990,0,0,4,E,8,3,E,8,3.3,E,8,2.3,E,8,93,E,8,988,E,8,145,E,8,1.9,E,8,-9990,0,0,-9990,0,0,1.092,E,8,0.136,E,8,0.20,E,8,0,-9990,0,0
03/20/2005,08:00,136,1379,51,3,10,183,3,20,33,3,10,5195,3,10,6953,3,20,4508,3,10,-9990,0,0,4,E,8,3,E,8,3.9,E,8,2.7,E,8,92,E,8,988,E,8,182,E,8,4.4,E,8,-9990,0,0,-9990,0,0,1.122,E,8,0.136,E,8,0.20,E,8,0,-9990,0,0
03/20/2005,09:00,368,1379,195,3,10,420,3,20,83,3,10,19484,3,10,32115,3,20,10906,3,10,-9990,0,0,4,E,8,3,E,8,5.6,E,8,3.1,E,8,84,E,8,989,E,8,207,E,8,6.1,E,8,-9990,0,0,-9990,0,0,1.150,E,8,0.136,E,8,0.20,E,8,0,-9990,0,0
03/20/2005,10:00,574,1379,410,3,10,724,3,20,108,3,10,41865,3,10,64375,3,20,15038,3,10,-9990,0,0,0,E,8,0,E,8,7.9,E,8,2.3,E,8,68,E,8,989,E,8,244,E,8,3.5,E,8,-9990,0,0,-9990,0,0,1.092,E,8,0.136,E,8,0.20,E,8,0,-9990,0,0
03/20/2005,11:00,741,1379,476,3,10,409,3,20,256,3,10,49519,3,10,37521,3,20,29347,3,10,-9990,0,0,6,E,8,5,E,8,9.7,E,8,2.4,E,8,60,E,8,989,E,8,244,E,8,3.8,E,8,-9990,0,0,-9990,0,0,1.096,E,8,0.136,E,8,0.20,E,8,0,-9990,0,0
03/20/2005,12:00,857,1379,50,3,10,0,3,20,50,3,10,6286,3,10,0,3,20,6286,3,10,-9990,0,0,10,E,8,9,E,8,8.7,E,8,2.4,E,8,64,E,8,989,E,8,170,E,8,3.5,E,8,-9990,0,0,-9990,0,0,1.098,E,8,0.136,E,8,0.20,E,8,0,-9990,0,0
03/20/2005,13:00,914,1379,115,3,10,0,3,20,115,3,10,13770,3,10,0,3,20,13770,3,10,-9990,0,0,10,E,8,9,E,8,8.3,E,8,2.4,E,8,66,E,8,989,E,8,205,E,8,1.8,E,8,-9990,0,0,-9990,0,0,1.098,E,8,0.136,E,8,0.20,E,8,0,-9990,0,0
03/20/2005,14:00,908,1379,366,3,10,102,3,20,299,3,10,40475,3,10,10382,3,20,33641,3,10,-9990,0,0,10,E,8,9,E,8,8.9,E,8,2.9,E,8,66,E,8,989,E,8,182,E,8,1.5,E,8,-9990,0,0,-9990,0,0,1.138,E,8,0.136,E,8,0.20,E,8,0,-9990,0,0
03/20/2005,15:00,839,1379,704,3,10,645,3,20,312,3,10,70844,3,10,51280,3,20,39628,3,10,-9990,0,0,5,E,8,4,E,8,10.4,E,8,2.5,E,8,58,E,8,989,E,8,212,E,8,0.5,E,8,-9990,0,0,-9990,0,0,1.108,E,8,0.136,E,8,0.20,E,8,0,-9990,0,0
03/20/2005,16:00,713,1379,399,3,10,361,3,20,213,3,10,42117,3,10,33197,3,20,24944,3,10,-9990,0,0,6,E,8,5,E,8,10.7,E,8,2.9,E,8,58,E,8,989,E,8,157,E,8,0.8,E,8,-9990,0,0,-9990,0,0,1.133,E,8,0.136,E,8,0.20,E,8,0,-9990,0,0
03/20/2005,17:00,538,1379,300,3,10,383,3,20,151,3,10,31336,3,10,34367,3,20,17922,3,10,-9990,0,0,6,E,8,5,E,8,10.7,E,8,2.7,E,8,57,E,8,989,E,8,124,E,8,0.4,E,8,-9990,0,0,-9990,0,0,1.117,E,8,0.136,E,8,0.20,E,8,0,-9990,0,0
03/20/2005,18:00,326,1379,72,3,10,0,3,20,72,3,10,7808,3,10,0,3,20,7808,3,10,-9990,0,0,10,E,8,9,E,8,9.8,E,8,2.7,E,8,62,E,8,989,E,8,77,E,8,0.7,E,8,-9990,0,0,-9990,0,0,1.124,E,8,0.136,E,8,0.20,E,8,0,-9990,0,0
03/20/2005,19:00,92,603,42,3,10,0,3,20,42,3,10,4399,3,10,0,3,20,4399,3,10,-9990,0,0,10,E,8,9,E,8,8.8,E,8,3.2,E,8,68,E,8,989,E,8,18,E,8,1.5,E,8,-9990,0,0,-9990,0,0,1.158,E,8,0.136,E,8,0.20,E,8,0,-9990,0,0
03/20/2005,20:00,0,0,0,3,0,0,3,0,0,3,0,0,3,0,0,3,0,0,3,0,-9990,0,0,9,E,8,8,E,8,8.0,E,8,3.9,E,8,75,E,8,989,E,8,42,E,8,1.5,E,8,-9990,0,0,-9990,0,0,1.215,E,8,0.136,E,8,0.20,E,8,0,-9990,0,0
03/20/2005,21:00,0,0,0,3,0,0,3,0,0,3,0,0,3,0,0,3,0,0,3,0,-9990,0,0,9,E,8,8,E,8,7.2,E,8,3.9,E,8,79,E,8,989,E,8,0,E,8,1.2,E,8,-9990,0,0,-9990,0,0,1.218,E,8,0.136,E,8,0.20,E,8,0,-9990,0,0
03/20/2005,22:00,0,0,0,3,0,0,3,0,0,3,0,0,3,0,0,3,0,0,3,0,-9990,0,0,9,E,8,8,E,8,6.4,E,8,3.8,E,8,83,E,8,989,E,8,45,E,8,1.6,E,8,-9990,0,0,-9990,0,0,1.207,E,8,0.136,E,8,0.20,E,8,0,-9990,0,0
03/20/2005,23:00,0,0,0,3,0,0,3,0,0,3,0,0,3,0,0,3,0,0,3,0,-9990,0,0,8,E,8,7,E,8,5.7,E,8,3.3,E,8,85,E,8,989,E,8,74,E,8,2.5,E,8,-9990,0,0,-9990,0,0,1.169,E,8,0.136,E,8,0.20,E,8,0,-9990,0,0
03/20/2005,24:00,0,0,0,3,0,0,3,0,0,3,0,0,3,0,0,3,0,0,3,0,-9990,0,0,8,E,8,7,E,8,4.9,E,8,2.4,E,8,84,E,8,989,E,8,141,E,8,2.7,E,8,-9990,0,0,-9990,0,0,1.100,E,8,0.136,E,8,0.20,E,8,0,-9990,0,0
03/21/2005,01:00,0,0,0,3,0,0,3,0,0,3,0,0,3,0,0,3,0,0,3,0,-9990,0,0,6,E,8,6,E,8,4.5,E,8,2.7,E,8,88,E,8,989,E,8,133,E,8,2.1,E,8,-9990,0,0,-9990,0,0,1.122,E,8,0.132,E,8,0.20,E,8,0,-9990,0,0
03/21/2005,02:00,0,0,0,3,0,0,3,0,0,3,0,0,3,0,0,3,0,0,3,0,-9990,0,0,6,E,8,6,E,8,4.2,E,8,2.9,E,8,91,E,8,989,E,8,126,E,8,1.8,E,8,-9990,0,0,-9990,0,0,1.136,E,8,0.132,E,8,0.20,E,8,0,-9990,0,0
03/21/2005,03:00,0,0,0,3,0,0,3,0,0,3,0,0,3,0,0,3,0,0,3,0,-9990,0,0,6,E,8,6,E,8,3.8,E,8,2.5,E,8,91,E,8,989,E,8,159,E,8,3.0,E,8,-9990,0,0,-9990,0,0,1.105,E,8,0.132,E,8,0.20,E,8,0,-9990,0,0
03/21/2005,04:00,0,0,0,3,0,0,3,0,0,3,0,0,3,0,0,3,0,0,3,0,-9990,0,0,5,E,8,5,E,8,3.6,E,8,2.6,E,8,93,E,8,989,E,8,193,E,8,2.3,E,8,-9990,0,0,-9990,0,0,1.113,E,8,0.132,E,8,0.20,E,8,0,-9990,0,0
03/21/2005,05:00,0,0,0,3,0,0,3,0,0,3,0,0,3,0,0,3,0,0,3,0,-9990,0,0,5,E,8,5,E,8,3.5,E,8,2.8,E,8,95,E,8,989,E,8,41,E,8,1.8,E,8,-9990,0,0,-9990,0,0,1.128,E,8,0.132,E,8,0.20,E,8,0,-9990,0,0
03/21/2005,06:00,0,0,0,3,0,0,3,0,0,3,0,0,3,0,0,3,0,0,3,0,-9990,0,0,5,E,8,5,E,8,3.3,E,8,2.6,E,8,95,E,8,989,E,8,68,E,8,2.3,E,8,-9990,0,0,-9990,0,0,1.117,E,8,0.132,E,8,0.20,E,8,0,-9990,0,0
03/21/2005,07:00,1,69,0,3,10,0,3,20,0,3,10,0,3,10,0,3,20,0,3,10,-9990,0,0,4,E,8,3,E,8,3.4,E,8,2.3,E,8,92,E,8,989,E,8,66,E,8,1.9,E,8,-9990,0,0,-9990,0,0,1.086,E,8,0.132,E,8,0.20,E,8,0,-9990,0,0
03/21/2005,08:00,145,1378,76,3,10,435,3,20,31,3,10,7677,3,10,30099,3,20,4520,3,10,-9990,0,0,4,E,8,3,E,8,4.6,E,8,3.3,E,8,92,E,8,989,E,8,57,E,8,1.8,E,8,-9990,0,0,-9990,0,0,1.171,E,8,0.132,E,8,0.20,E,8,0,-9990,0,0
03/21/2005,09:00,376,1378,241,3,10,526,3,20,97,3,10,23626,3,10,40999,3,20,12432,3,10,-9990,0,0,3,E,8,2,E,8,6.7,E,8,4.6,E,8,86,E,8,989,E,8,171,E,8,1.9,E,8,-9990,0,0,-9990,0,0,1.280,E,8,0.132,E,8,0.20,E,8,0,-9990,0,0
03/21/2005,10:00,582,1378,217,3,10,87,3,20,180,3,10,23885,3,10,8670,3,20,20221,3,10,-9990,0,0,10,E,8,9,E,8,7.6,E,8,4.3,E,8,79,E,8,989,E,8,170,E,8,1.8,E,8,-9990,0,0,-9990,0,0,1.250,E,8,0.132,E,8,0.20,E,8,0,-9990,0,0
03/21/2005,11:00,748,1378,385,3,10,266,3,20,241,3,10,41535,3,10,25758,3,20,27542,3,10,-9990,0,0,8,E,8,6,E,8,9.2,E,8,4.2,E,8,71,E,8,989,E,8,192,E,8,1.4,E,8,-9990,0,0,-9990,0,0,1.245,E,8,0.132,E,8,0.20,E,8,0,-9990,0,0
03/21/2005,12:00,864,1378,231,3,10,19,3,20,218,3,10,26025,3,10,1989,3,20,24778,3,10,-9990,0,0,10,E,8,9,E,8,9.4,E,8,4.0,E,8,69,E,8,989,E,8,198,E,8,0.9,E,8,-9990,0,0,-9990,0,0,1.224,E,8,0.132,E,8,0.20,E,8,0,-9990,0,0
03/21/2005,13:00,920,1378,426,3,10,170,3,20,312,3,10,46208,3,10,15928,3,20,35570,3,10,-9990,0,0,9,E,8,8,E,8,10.5,E,8,5.0,E,8,69,E,8,989,E,8,186,E,8,1.2,E,8,-9990,0,0,-9990,0,0,1.318,E,8,0.132,E,8,0.20,E,8,0,-9990,0,0
03/21/2005,14:00,914,1378,541,3,10,393,3,20,281,3,10,57714,3,10,37818,3,20,32630,3,10,-9990,0,0,6,E,8,5,E,8,11.7,E,8,4.6,E,8,62,E,8,989,E,8,147,E,8,1.8,E,8,-9990,0,0,-9990,0,0,1.284,E,8,0.132,E,8,0.20,E,8,0,-9990,0,0
03/21/2005,15:00,845,1378,546,3,10,576,3,20,193,3,10,57881,3,10,50536,3,20,26876,3,10,-9990,0,0,4,E,8,3,E,8,12.7,E,8,4.5,E,8,57,E,8,989,E,8,92,E,8,3.2,E,8,-9990,0,0,-9990,0,0,1.272,E,8,0.132,E,8,0.20,E,8,0,-9990,0,0
03/21/2005,16:00,719,1378,380,3,10,271,3,20,238,3,10,40936,3,10,26248,3,20,27237,3,10,-9990,0,0,8,E,8,6,E,8,13.0,E,8,4.5,E,8,56,E,8,989,E,8,178,E,8,3.0,E,8,-9990,0,0,-9990,0,0,1.270,E,8,0.132,E,8,0.20,E,8,0,-9990,0,0
03/21/2005,17:00,544,1378,112,3,10,0,3,20,112,3,10,12501,3,10,0,3,20,12501,3,10,-9990,0,0,10,E,8,9,E,8,12.1,E,8,4.1,E,8,58,E,8,989,E,8,169,E,8,3.5,E,8,-9990,0,0,-9990,0,0,1.232,E,8,0.132,E,8,0.20,E,8,0,-9990,0,0
03/21/2005,18:00,331,1378,18,3,10,0,3,20,18,3,10,2195,3,10,0,3,20,2195,3,10,-9990,0,0,10,E,8,9,E,8,10.9,E,8,4.7,E,8,65,E,8,989,E,8,224,E,8,4.6,E,8,-9990,0,0,-9990,0,0,1.287,E,8,0.132,E,8,0.20,E,8,0,-9990,0,0
03/21/2005,19:00,97,619,4,3,10,0,3,20,4,3,10,484,3,10,5,3,20,483,3,10,-9990,0,0,10,E,8,9,E,8,9.8,E,8,4.3,E,8,68,E,8,989,E,8,230,E,8,8.9,E,8,-9990,0,0,-9990,0,0,1.253,E,8,0.132,E,8,0.20,E,8,0,-9990,0,0
03/21/2005,20:00,0,0,0,3,0,0,3,0,0,3,0,0,3,0,0,3,0,0,3,0,-9990,0,0,10,E,8,9,E,8,9.5,E,8,5.0,E,8,74,E,8,989,E,8,209,E,8,8.9,E,8,-9990,0,0,-9990,0,0,1.317,E,8,0.132,E,8,0.20,E,8,0,-9990,0,0
03/21/2005,21:00,0,0,0,3,0,0,3,0,0,3,0,0,3,0,0,3,0,0,3,0,-9990,0,0,10,E,8,9,E,8,9.1,E,8,4.9,E,8,75,E,8,989,E,8,207,E,8,12.2,E,8,-9990,0,0,-9990,0,0,1.312,E,8,0.132,E,8,0.20,E,8,0,-9990,0,0
03/21/2005,22:00,0,0,0,3,0,0,3,0,0,3,0,0,3,0,0,3,0,0,3,0,-9990,0,0,10,E,8,9,E,8,8.8,E,8,5.1,E,8,78,E,8,989,E,8,221,E,8,12.2,E,8,-9990,0,0,-9990,0,0,1.323,E,8,0.132,E,8,0.20,E,8,0,-9990,0,0
03/21/2005,23:00,0,0,0,3,0,0,3,0,0,3,0,0,3,0,0,3,0,0,3,0,-9990,0,0,10,E,8,9,E,8,8.4,E,8,5.2,E,8,80,E,8,989,E,8,103,E,8,10.6,E,8,-9990,0,0,-9990,0,0,1.337,E,8,0.132,E,8,0.20,E,8,0,-9990,0,0
03/21/2005,24:00,0,0,0,3,0,0,3,0,0,3,0,0,3,0,0,3,0,0,3,0,-9990,0,0,10,E,8,9,E,8,8.1,E,8,5.4,E,8,83,E,8,989,E,8,193,E,8,11.0,E,8,-9990,0,0,-9990,0,0,1.355,E,8,0.132,E,8,0.20,E,8,0,-9990,0,0
03/22/2005,01:00,0,0,0,3,0,0,3,0,0,3,0,0,3,0,0,3,0,0,3,0,-9990,0,0,10,E,8,9,E,8,7.7,E,8,5.0,E,8,83,E,8,989,E,8,119,E,8,8.9,E,8,-9990,0,0,-9990,0,0,1.318,E,8,0.134,E,8,0.20,E,8,0,-9990,0,0
03/22/2005,02:00,0,0,0,3,0,0,3,0,0,3,0,0,3,0,0,3,0,0,3,0,-9990,0,0,10,E,8,9,E,8,7.4,E,8,4.8,E,8,83,E,8,989,E,8,197,E,8,7.6,E,8,-9990,0,0,-9990,0,0,1.295,E,8,0.134,E,8,0.20,E,8,0,-9990,0,0
03/22/2005,03:00,0,0,0,3,0,0,3,0,0,3,0,0,3,0,0,3,0,0,3,0,-9990,0,0,10,E,8,9,E,8,7.0,E,8,4.7,E,8,85,E,8,989,E,8,187,E,8,7.6,E,8,-9990,0,0,-9990,0,0,1.287,E,8,0.134,E,8,0.20,E,8,0,-9990,0,0
03/22/2005,04:00,0,0,0,3,0,0,3,0,0,3,0,0,3,0,0,3,0,0,3,0,-9990,0,0,10,E,8,9,E,8,6.8,E,8,4.7,E,8,86,E,8,989,E,8,198,E,8,6.1,E,8,-9990,0,0,-9990,0,0,1.289,E,8,0.134,E,8,0.20,E,8,0,-9990,0,0
03/22/2005,05:00,0,0,0,3,0,0,3,0,0,3,0,0,3,0,0,3,0,0,3,0,-9990,0,0,10,E,8,9,E,8,6.7,E,8,4.3,E,8,85,E,8,989,E,8,228,E,8,4.1,E,8,-9990,0,0,-9990,0,0,1.256,E,8,0.134,E,8,0.20,E,8,0,-9990,0,0
03/22/2005,06:00,0,0,0,3,0,0,3,0,0,3,0,0,3,0,0,3,0,0,3,0,-9990,0,0,10,E,8,9,E,8,6.5,E,8,5.4,E,8,93,E,8,989,E,8,210,E,8,3.2,E,8,-9990,0,0,-9990,0,0,1.356,E,8,0.134,E,8,0.20,E,8,0,-9990,0,0
03/22/2005,07:00,2,92,0,3,10,0,3,20,0,3,10,0,3,10,0,3,20,0,3,10,-9990,0,0,10,E,8,9,E,8,6.5,E,8,5.4,E,8,93,E,8,989,E,8,190,E,8,2.7,E,8,-9990,0,0,-9990,0,0,1.357,E,8,0.134,E,8,0.20,E,8,0,-9990,0,0
03/22/2005,08:00,153,1377,36,3,10,0,3,20,36,3,10,3910,3,10,0,3,20,3910,3,10,-9990,0,0,10,E,8,9,E,8,7.2,E,8,5.3,E,8,88,E,8,989,E,8,227,E,8,4.1,E,8,-9990,0,0,-9990,0,0,1.347,E,8,0.134,E,8,0.20,E,8,0,-9990,0,0
03/22/2005,09:00,384,1377,139,3,10,74,3,20,119,3,10,15271,3,10,7387,3,20,13211,3,10,-9990,0,0,10,E,8,9,E,8,8.5,E,8,6.0,E,8,84,E,8,989,E,8,243,E,8,3.5,E,8,-9990,0,0,-9990,0,0,1.410,E,8,0.134,E,8,0.20,E,8,0,-9990,0,0
03/22/2005,10:00,590,1377,242,3,10,94,3,20,202,3,10,26649,3,10,9406,3,20,22620,3,10,-9990,0,0,10,E,8,9,E,8,10.1,E,8,5.1,E,8,71,E,8,989,E,8,296,E,8,4.1,E,8,-9990,0,0,-9990,0,0,1.324,E,8,0.134,E,8,0.20,E,8,0,-9990,0,0
03/22/2005,11:00,756,1377,356,3,10,135,3,20,282,3,10,39214,3,10,13969,3,20,31547,3,10,-9990,0,0,9,E,8,8,E,8,11.8,E,8,5.2,E,8,64,E,8,989,E,8,334,E,8,4.4,E,8,-9990,0,0,-9990,0,0,1.333,E,8,0.134,E,8,0.20,E,8,0,-9990,0,0
03/22/2005,12:00,871,1377,413,3,10,152,3,20,317,3,10,45599,3,10,15840,3,20,35582,3,10,-9990,0,0,9,E,8,8,E,8,13.2,E,8,5.7,E,8,60,E,8,989,E,8,298,E,8,4.4,E,8,-9990,0,0,-9990,0,0,1.379,E,8,0.134,E,8,0.20,E,8,0,-9990,0,0
03/22/2005,13:00,927,1377,427,3,10,147,3,20,327,3,10,47219,3,10,15389,3,20,36861,3,10,-9990,0,0,9,E,8,8,E,8,14.3,E,8,5.4,E,8,55,E,8,988,E,8,206,E,8,2.5,E,8,-9990,0,0,-9990,0,0,1.355,E,8,0.134,E,8,0.20,E,8,0,-9990,0,0
03/22/2005,14:00,920,1377,445,3,10,176,3,20,327,3,10,48103,3,10,16414,3,20,37135,3,10,-9990,0,0,9,E,8,8,E,8,15.2,E,8,5.1,E,8,51,E,8,988,E,8,309,E,8,2.1,E,8,-9990,0,0,-9990,0,0,1.323,E,8,0.134,E,8,0.20,E,8,0,-9990,0,0
03/22/2005,15:00,851,1377,360,3,10,113,3,20,291,3,10,39845,3,10,11486,3,20,32744,3,10,-9990,0,0,10,E,8,9,E,8,15.6,E,8,4.8,E,8,49,E,8,988,E,8,322,E,8,2.1,E,8,-9990,0,0,-9990,0,0,1.302,E,8,0.134,E,8,0.20,E,8,0,-9990,0,0
03/22/2005,16:00,725,1377,295,3,10,78,3,20,254,3,10,32552,3,10,7595,3,20,28554,3,10,-9990,0,0,10,E,8,9,E,8,15.7,E,8,4.6,E,8,47,E,8,988,E,8,252,E,8,1.6,E,8,-9990,0,0,-9990,0,0,1.278,E,8,0.134,E,8,0.20,E,8,0,-9990,0,0
03/22/2005,17:00,550,1377,212,3,10,76,3,20,182,3,10,23349,3,10,7367,3,20,20409,3,10,-9990,0,0,10,E,8,9,E,8,15.4,E,8,4.0,E,8,46,E,8,988,E,8,250,E,8,3.0,E,8,-9990,0,0,-9990,0,0,1.226,E,8,0.134,E,8,0.20,E,8,0,-9990,0,0
03/22/2005,18:00,337,1377,104,3,10,50,3,20,92,3,10,11438,3,10,4637,3,20,10302,3,10,-9990,0,0,10,E,8,9,E,8,14.6,E,8,4.0,E,8,49,E,8,988,E,8,300,E,8,3.0,E,8,-9990,0,0,-9990,0,0,1.229,E,8,0.134,E,8,0.20,E,8,0,-9990,0,0
03/22/2005,19:00,102,635,5,3,10,0,3,20,5,3,10,588,3,10,4,3,20,588,3,10,-9990,0,0,10,E,8,9,E,8,13.5,E,8,4.2,E,8,53,E,8,988,E,8,216,E,8,3.2,E,8,-9990,0,0,-9990,0,0,1.247,E,8,0.134,E,8,0.20,E,8,0,-9990,0,0
03/22/2005,20:00,0,0,0,3,0,0,3,0,0,3,0,0,3,0,0,3,0,0,3,0,-9990,0,0,9,E,8,8,E,8,12.7,E,8,5.1,E,8,60,E,8,988,E,8,244,E,8,3.2,E,8,-9990,0,0,-9990,0,0,1.326,E,8,0.134,E,8,0.20,E,8,0,-9990,0,0
03/22/2005,21:00,0,0,0,3,0,0,3,0,0,3,0,0,3,0,0,3,0,0,3,0,-9990,0,0,9,E,8,8,E,8,11.9,E,8,4.9,E,8,62,E,8,988,E,8,203,E,8,2.3,E,8,-9990,0,0,-9990,0,0,1.309,E,8,0.134,E,8,0.20,E,8,0,-9990,0,0
03/22/2005,22:00,0,0,0,3,0,0,3,0,0,3,0,0,3,0,0,3,0,0,3,0,-9990,0,0,9,E,8,8,E,8,11.1,E,8,4.7,E,8,64,E,8,988,E,8,252,E,8,1.8,E,8,-9990,0,0,-9990,0,0,1.290,E,8,0.134,E,8,0.20,E,8,0,-9990,0,0
03/22/2005,23:00,0,0,0,3,0,0,3,0,0,3,0,0,3,0,0,3,0,0,3,0,-9990,0,0,9,E,8,8,E,8,10.3,E,8,4.8,E,8,68,E,8,988,E,8,283,E,8,1.5,E,8,-9990,0,0,-9990,0,0,1.297,E,8,0.134,E,8,0.20,E,8,0,-9990,0,0
03/22/2005,24:00,0,0,0,3,0,0,3,0,0,3,0,0,3,0,0,3,0,0,3,0,-9990,0,0,8,E,8,6,E,8,9.5,E,8,4.6,E,8,71,E,8,988,E,8,162,E,8,1.3,E,8,-9990,0,0,-9990,0,0,1.277,E,8,0.134,E,8,0.20,E,8,0,-9990,0,0
03/23/2005,01:00,0,0,0,3,0,0,3,0,0,3,0,0,3,0,0,3,0,0,3,0,-9990,0,0,8,E,8,6,E,8,8.7,E,8,4.7,E,8,75,E,8,988,E,8,241,E,8,1.3,E,8,-9990,0,0,-9990,0,0,1.286,E,8,0.120,E,8,0.20,E,8,0,-9990,0,0
03/23/2005,02:00,0,0,0,3,0,0,3,0,0,3,0,0,3,0,0,3,0,0,3,0,-9990,0,0,8,E,8,6,E,8,7.9,E,8,3.5,E,8,74,E,8,988,E,8,225,E,8,2.1,E,8,-9990,0,0,-9990,0,0,1.186,E,8,0.120,E,8,0.20,E,8,0,-9990,0,0
03/23/2005,03:00,0,0,0,3,0,0,3,0,0,3,0,0,3,0,0,3,0,0,3,0,-9990,0,0,6,E,8,5,E,8,7.0,E,8,3.1,E,8,76,E,8,988,E,8,173,E,8,2.3,E,8,-9990,0,0,-9990,0,0,1.156,E,8,0.120,E,8,0.20,E,8,0,-9990,0,0
03/23/2005,04:00,0,0,0,3,0,0,3,0,0,3,0,0,3,0,0,3,0,0,3,0,-9990,0,0,6,E,8,5,E,8,6.6,E,8,2.9,E,8,77,E,8,988,E,8,197,E,8,3.0,E,8,-9990,0,0,-9990,0,0,1.139,E,8,0.120,E,8,0.20,E,8,0,-9990,0,0
03/23/2005,05:00,0,0,0,3,0,0,3,0,0,3,0,0,3,0,0,3,0,0,3,0,-9990,0,0,6,E,8,6,E,8,6.1,E,8,3.2,E,8,82,E,8,988,E,8,205,E,8,3.2,E,8,-9990,0,0,-9990,0,0,1.162,E,8,0.120,E,8,0.20,E,8,0,-9990,0,0
03/23/2005,06:00,0,0,0,3,0,0,3,0,0,3,0,0,3,0,0,3,0,0,3,0,-9990,0,0,6,E,8,6,E,8,5.8,E,8,2.6,E,8,80,E,8,988,E,8,208,E,8,2.7,E,8,-9990,0,0,-9990,0,0,1.116,E,8,0.120,E,8,0.20,E,8,0,-9990,0,0
03/23/2005,07:00,3,116,2,3,10,0,3,20,2,3,10,0,3,10,0,3,20,0,3,10,-9990,0,0,5,E,8,5,E,8,5.8,E,8,2.8,E,8,81,E,8,988,E,8,214,E,8,3.5,E,8,-9990,0,0,-9990,0,0,1.130,E,8,0.120,E,8,0.20,E,8,0,-9990,0,0
03/23/2005,08:00,161,1376,73,3,10,299,3,20,38,3,10,7315,3,10,19316,3,20,5057,3,10,-9990,0,0,5,E,8,4,E,8,6.7,E,8,3.0,E,8,77,E,8,988,E,8,237,E,8,2.3,E,8,-9990,0,0,-9990,0,0,1.141,E,8,0.120,E,8,0.20,E,8,0,-9990,0,0
03/23/2005,09:00,392,1376,207,3,10,403,3,20,92,3,10,20394,3,10,30123,3,20,11813,3,10,-9990,0,0,5,E,8,4,E,8,8.2,E,8,2.8,E,8,69,E,8,988,E,8,164,E,8,3.0,E,8,-9990,0,0,-9990,0,0,1.131,E,8,0.120,E,8,0.20,E,8,0,-9990,0,0
03/23/2005,10:00,597,1376,448,3,10,679,3,20,153,3,10,45375,3,10,58012,3,20,20190,3,10,-9990,0,0,4,E,8,3,E,8,10.7,E,8,2.4,E,8,56,E,8,988,E,8,198,E,8,2.5,E,8,-9990,0,0,-9990,0,0,1.096,E,8,0.120,E,8,0.20,E,8,0,-9990,0,0
03/23/2005,11:00,763,1376,402,3,10,258,3,20,259,3,10,43068,3,10,24853,3,20,29287,3,10,-9990,0,0,8,E,8,6,E,8,11.8,E,8,2.5,E,8,53,E,8,988,E,8,167,E,8,2.7,E,8,-9990,0,0,-9990,0,0,1.104,E,8,0.120,E,8,0.20,E,8,0,-9990,0,0
03/23/2005,12:00,878,1376,408,3,10,169,3,20,300,3,10,43976,3,10,15769,3,20,33920,3,10,-9990,0,0,9,E,8,8,E,8,12.6,E,8,2.7,E,8,50,E,8,988,E,8,148,E,8,6.1,E,8,-9990,0,0,-9990,0,0,1.117,E,8,0.120,E,8,0.20,E,8,0,-9990,0,0
03/23/2005,13:00,933,1376,357,3,10,73,3,20,307,3,10,39430,3,10,7113,3,20,34606,3,10,-9990,0,0,10,E,8,9,E,8,13.0,E,8,3.7,E,8,53,E,8,988,E,8,60,E,8,5.0,E,8,-9990,0,0,-9990,0,0,1.204,E,8,0.120,E,8,0.20,E,8,0,-9990,0,0
03/23/2005,14:00,926,1376,178,3,10,2,3,20,177,3,10,20697,3,10,130,3,20,20609,3,10,-9990,0,0,10,E,8,9,E,8,12.4,E,8,3.2,E,8,53,E,8,988,E,8,114,E,8,4.4,E,8,-9990,0,0,-9990,0,0,1.158,E,8,0.120,E,8,0.20,E,8,0,-9990,0,0
03/23/2005,15:00,857,1376,208,3,10,7,3,20,204,3,10,23639,3,10,621,3,20,23252,3,10,-9990,0,0,10,E,8,9,E,8,12.1,E,8,3.6,E,8,56,E,8,988,E,8,145,E,8,5.0,E,8,-9990,0,0,-9990,0,0,1.194,E,8,0.120,E,8,0.20,E,8,0,-9990,0,0
03/23/2005,16:00,731,1376,262,3,10,45,3,20,238,3,10,28878,3,10,4011,3,20,26748,3,10,-9990,0,0,10,E,8,9,E,8,12.0,E,8,4.4,E,8,59,E,8,988,E,8,138,E,8,5.4,E,8,-9990,0,0,-9990,0,0,1.261,E,8,0.120,E,8,0.20,E,8,0,-9990,0,0
03/23/2005,17:00,555,1376,167,3,10,21,3,20,159,3,10,18155,3,10,2111,3,20,17304,3,10,-9990,0,0,10,E,8,9,E,8,11.6,E,8,5.3,E,8,65,E,8,988,E,8,173,E,8,6.6,E,8,-9990,0,0,-9990,0,0,1.345,E,8,0.120,E,8,0.20,E,8,0,-9990,0,0
03/23/2005,18:00,343,1376,24,3,10,0,3,20,24,3,10,2875,3,10,0,3,20,2875,3,10,-9990,0,0,10,E,8,9,E,8,10.7,E,8,5.3,E,8,69,E,8,988,E,8,192,E,8,4.6,E,8,-9990,0,0,-9990,0,0,1.341,E,8,0.120,E,8,0.20,E,8,0,-9990,0,0
03/23/2005,19:00,108,651,31,3,10,0,3,20,31,3,10,3401,3,10,0,3,20,3401,3,10,-9990,0,0,10,E,8,9,E,8,9.9,E,8,4.6,E,8,69,E,8,988,E,8,219,E,8,5.0,E,8,-9990,0,0,-9990,0,0,1.279,E,8,0.120,E,8,0.20,E,8,0,-9990,0,0
03/23/2005,20:00,0,0,0,3,0,0,3,0,0,3,0,0,3,0,0,3,0,0,3,0,-9990,0,0,10,E,8,9,E,8,9.3,E,8,6.5,E,8,82,E,8,988,E,8,196,E,8,3.2,E,8,-9990,0,0,-9990,0,0,1.459,E,8,0.120,E,8,0.20,E,8,0,-9990,0,0
03/23/2005,21:00,0,0,0,3,0,0,3,0,0,3,0,0,3,0,0,3,0,0,3,0,-9990,0,0,10,E,8,9,E,8,8.8,E,8,6.9,E,8,88,E,8,988,E,8,116,E,8,3.2,E,8,-9990,0,0,-9990,0,0,1.506,E,8,0.120,E,8,0.20,E,8,0,-9990,0,0
03/23/2005,22:00,0,0,0,3,0,0,3,0,0,3,0,0,3,0,0,3,0,0,3,0,-9990,0,0,10,E,8,9,E,8,8.2,E,8,6.9,E,8,91,E,8,988,E,8,121,E,8,2.1,E,8,-9990,0,0,-9990,0,0,1.503,E,8,0.120,E,8,0.20,E,8,0,-9990,0,0
03/23/2005,23:00,0,0,0,3,0,0,3,0,0,3,0,0,3,0,0,3,0,0,3,0,-9990,0,0,10,E,8,9,E,8,7.6,E,8,6.1,E,8,90,E,8,988,E,8,69,E,8,1.8,E,8,-9990,0,0,-9990,0,0,1.419,E,8,0.120,E,8,0.20,E,8,0,-9990,0,0
03/23/2005,24:00,0,0,0,3,0,0,3,0,0,3,0,0,3,0,0,3,0,0,3,0,-9990,0,0,10,E,8,9,E,8,7.0,E,8,5.3,E,8,89,E,8,988,E,8,170,E,8,1.3,E,8,-9990,0,0,-9990,0,0,1.347,E,8,0.120,E,8,0.20,E,8,0,-9990,0,0
03/24/2005,01:00,0,0,0,3,0,0,3,0,0,3,0,0,3,0,0,3,0,0,3,0,-9990,0,0,10,E,8,9,E,8,6.7,E,8,4.7,E,8,87,E,8,988,E,8,189,E,8,0.7,E,8,-9990,0,0,-9990,0,0,1.291,E,8,0.137,E,8,0.20,E,8,0,-9990,0,0
03/24/2005,02:00,0,0,0,3,0,0,3,0,0,3,0,0,3,0,0,3,0,0,3,0,-9990,0,0,10,E,8,9,E,8,6.4,E,8,4.4,E,8,87,E,8,988,E,8,203,E,8,0.6,E,8,-9990,0,0,-9990,0,0,1.264,E,8,0.137,E,8,0.20,E,8,0,-9990,0,0
03/24/2005,03:00,0,0,0,3,0,0,3,0,0,3,0,0,3,0,0,3,0,0,3,0,-9990,0,0,10,E,8,9,E,8,6.1,E,8,4.7,E,8,91,E,8,988,E,8,174,E,8,0.8,E,8,-9990,0,0,-9990,0,0,1.286,E,8,0.137,E,8,0.20,E,8,0,-9990,0,0
03/24/2005,04:00,0,0,0,3,0,0,3,0,0,3,0,0,3,0,0,3,0,0,3,0,-9990,0,0,10,E,8,9,E,8,5.9,E,8,4.7,E,8,92,E,8,988,E,8,198,E,8,0.3,E,8,-9990,0,0,-9990,0,0,1.293,E,8,0.137,E,8,0.20,E,8,0,-9990,0,0
03/24/2005,05:00,0,0,0,3,0,0,3,0,0,3,0,0,3,0,0,3,0,0,3,0,-9990,0,0,10,E,8,9,E,8,5.7,E,8,5.5,E,8,98,E,8,988,E,8,232,E,8,0.2,E,8,-9990,0,0,-9990,0,0,1.359,E,8,0.137,E,8,0.20,E,8,0,-9990,0,0
03/24/2005,06:00,0,0,0,3,0,0,3,0,0,3,0,0,3,0,0,3,0,0,3,0,-9990,0,0,10,E,8,9,E,8,5.6,E,8,5.4,E,8,98,E,8,988,E,8,180,E,8,0.6,E,8,-9990,0,0,-9990,0,0,1.350,E,8,0.137,E,8,0.20,E,8,0,-9990,0,0
03/24/2005,07:00,5,140,1,3,10,0,3,20,1,3,10,0,3,10,0,3,20,0,3,10,-9990,0,0,10,E,8,9,E,8,5.6,E,8,3.9,E,8,88,E,8,988,E,8,163,E,8,0.8,E,8,-9990,0,0,-9990,0,0,1.218,E,8,0.137,E,8,0.20,E,8,0,-9990,0,0
03/24/2005,08:00,169,1375,62,3,10,119,3,20,48,3,10,6308,3,10,4479,3,20,5758,3,10,-9990,0,0,10,E,8,9,E,8,6.6,E,8,4.5,E,8,86,E,8,988,E,8,73,E,8,1.3,E,8,-9990,0,0,-9990,0,0,1.267,E,8,0.137,E,8,0.20,E,8,0,-9990,0,0
03/24/2005,09:00,400,1375,136,3,10,65,3,20,117,3,10,14919,3,10,6419,3,20,13053,3,10,-9990,0,0,10,E,8,9,E,8,7.8,E,8,4.4,E,8,79,E,8,988,E,8,18,E,8,1.5,E,8,-9990,0,0,-9990,0,0,1.260,E,8,0.137,E,8,0.20,E,8,0,-9990,0,0
03/24/2005,10:00,605,1375,258,3,10,114,3,20,208,3,10,28414,3,10,11692,3,20,23271,3,10,-9990,0,0,9,E,8,8,E,8,9.4,E,8,4.8,E,8,73,E,8,988,E,8,39,E,8,2.3,E,8,-9990,0,0,-9990,0,0,1.294,E,8,0.137,E,8,0.20,E,8,0,-9990,0,0
03/24/2005,11:00,770,1375,351,3,10,117,3,20,285,3,10,38654,3,10,11993,3,20,31937,3,10,-9990,0,0,10,E,8,9,E,8,10.9,E,8,5.2,E,8,68,E,8,988,E,8,97,E,8,3.8,E,8,-9990,0,0,-9990,0,0,1.335,E,8,0.137,E,8,0.20,E,8,0,-9990,0,0
03/24/2005,12:00,885,1375,450,3,10,238,3,20,297,3,10,48593,3,10,23103,3,20,33736,3,10,-9990,0,0,8,E,8,6,E,8,12.5,E,8,4.5,E,8,58,E,8,988,E,8,46,E,8,3.0,E,8,-9990,0,0,-9990,0,0,1.270,E,8,0.137,E,8,0.20,E,8,0,-9990,0,0
03/24/2005,13:00,940,1375,391,3,10,103,3,20,321,3,10,43300,3,10,10522,3,20,36110,3,10,-9990,0,0,10,E,8,9,E,8,13.4,E,8,4.6,E,8,55,E,8,988,E,8,51,E,8,3.0,E,8,-9990,0,0,-9990,0,0,1.280,E,8,0.137,E,8,0.20,E,8,0,-9990,0,0
03/24/2005,14:00,933,1375,423,3,10,136,3,20,331,3,10,46821,3,10,14105,3,20,37257,3,10,-9990,0,0,9,E,8,8,E,8,14.1,E,8,5.0,E,8,54,E,8,988,E,8,24,E,8,3.2,E,8,-9990,0,0,-9990,0,0,1.316,E,8,0.137,E,8,0.20,E,8,0,-9990,0,0
03/24/2005,15:00,863,1375,324,3,10,44,3,20,296,3,10,35811,3,10,3950,3,20,33332,3,10,-9990,0,0,10,E,8,9,E,8,14.4,E,8,5.2,E,8,54,E,8,988,E,8,21,E,8,4.6,E,8,-9990,0,0,-9990,0,0,1.332,E,8,0.137,E,8,0.20,E,8,0,-9990,0,0
03/24/2005,16:00,736,1375,259,3,10,30,3,20,242,3,10,28205,3,10,3026,3,20,26585,3,10,-9990,0,0,10,E,8,9,E,8,14.3,E,8,4.7,E,8,52,E,8,988,E,8,352,E,8,5.4,E,8,-9990,0,0,-9990,0,0,1.285,E,8,0.137,E,8,0.20,E,8,0,-9990,0,0
03/24/2005,17:00,561,1375,167,3,10,14,3,20,161,3,10,18115,3,10,1332,3,20,17572,3,10,-9990,0,0,10,E,8,9,E,8,13.8,E,8,4.4,E,8,53,E,8,987,E,8,42,E,8,8.9,E,8,-9990,0,0,-9990,0,0,1.263,E,8,0.137,E,8,0.20,E,8,0,-9990,0,0
03/24/2005,18:00,348,1375,82,3,10,0,3,20,82,3,10,8746,3,10,0,3,20,8746,3,10,-9990,0,0,10,E,8,9,E,8,13.0,E,8,3.9,E,8,54,E,8,987,E,8,8,E,8,6.6,E,8,-9990,0,0,-9990,0,0,1.223,E,8,0.137,E,8,0.20,E,8,0,-9990,0,0
03/24/2005,19:00,113,668,5,3,10,0,3,20,5,3,10,654,3,10,3,3,20,653,3,10,-9990,0,0,10,E,8,9,E,8,11.9,E,8,3.6,E,8,57,E,8,987,E,8,315,E,8,3.5,E,8,-9990,0,0,-9990,0,0,1.195,E,8,0.137,E,8,0.20,E,8,0,-9990,0,0
03/24/2005,20:00,0,0,0,3,0,0,3,0,0,3,0,0,3,0,0,3,0,0,3,0,-9990,0,0,10,E,8,9,E,8,11.4,E,8,3.9,E,8,60,E,8,987,E,8,338,E,8,2.7,E,8,-9990,0,0,-9990,0,0,1.222,E,8,0.137,E,8,0.20,E,8,0,-9990,0,0
03/24/2005,21:00,0,0,0,3,0,0,3,0,0,3,0,0,3,0,0,3,0,0,3,0,-9990,0,0,10,E,8,9,E,8,10.9,E,8,3.6,E,8,61,E,8,987,E,8,17,E,8,1.9,E,8,-9990,0,0,-9990,0,0,1.196,E,8,0.137,E,8,0.20,E,8,0,-9990,0,0
03/24/2005,22:00,0,0,0,3,0,0,3,0,0,3,0,0,3,0,0,3,0,0,3,0,-9990,0,0,10,E,8,9,E,8,10.3,E,8,3.2,E,8,61,E,8,987,E,8,342,E,8,1.5,E,8,-9990,0,0,-9990,0,0,1.161,E,8,0.137,E,8,0.20,E,8,0,-9990,0,0
03/24/2005,23:00,0,0,0,3,0,0,3,0,0,3,0,0,3,0,0,3,0,0,3,0,-9990,0,0,10,E,8,9,E,8,9.8,E,8,3.8,E,8,66,E,8,987,E,8,68,E,8,1.4,E,8,-9990,0,0,-9990,0,0,1.208,E,8,0.137,E,8,0.20,E,8,0,-9990,0,0
03/24/2005,24:00,0,0,0,3,0,0,3,0,0,3,0,0,3,0,0,3,0,0,3,0,-9990,0,0,10,E,8,9,E,8,9.2,E,8,6.4,E,8,82,E,8,987,E,8,28,E,8,1.2,E,8,-9990,0,0,-9990,0,0,1.452,E,8,0.137,E,8,0.20,E,8,0,-9990,0,0
03/25/2005,01:00,0,0,0,3,0,0,3,0,0,3,0,0,3,0,0,3,0,0,3,0,-9990,0,0,10,E,8,9,E,8,8.7,E,8,5.8,E,8,82,E,8,987,E,8,62,E,8,1.8,E,8,-9990,0,0,-9990,0,0,1.396,E,8,0.127,E,8,0.20,E,8,1,-9990,0,0
03/25/2005,02:00,0,0,0,3,0,0,3,0,0,3,0,0,3,0,0,3,0,0,3,0,-9990,0,0,10,E,8,9,E,8,7.7,E,8,5.6,E,8,86,E,8,986,E,8,52,E,8,3.5,E,8,-9990,0,0,-9990,0,0,1.372,E,8,0.127,E,8,0.20,E,8,3,-9990,0,0
03/25/2005,03:00,0,0,0,3,0,0,3,0,0,3,0,0,3,0,0,3,0,0,3,0,-9990,0,0,10,E,8,9,E,8,7.6,E,8,5.5,E,8,86,E,8,986,E,8,74,E,8,5.0,E,8,-9990,0,0,-9990,0,0,1.364,E,8,0.127,E,8,0.20,E,8,1,-9990,0,0
03/25/2005,04:00,0,0,0,3,0,0,3,0,0,3,0,0,3,0,0,3,0,0,3,0,-9990,0,0,10,E,8,9,E,8,7.6,E,8,4.8,E,8,82,E,8,986,E,8,164,E,8,4.6,E,8,-9990,0,0,-9990,0,0,1.300,E,8,0.127,E,8,0.20,E,8,0,-9990,0,0
03/25/2005,05:00,0,0,0,3,0,0,3,0,0,3,0,0,3,0,0,3,0,0,3,0,-9990,0,0,10,E,8,9,E,8,7.4,E,8,5.3,E,8,86,E,8,986,E,8,211,E,8,3.2,E,8,-9990,0,0,-9990,0,0,1.345,E,8,0.127,E,8,0.20,E,8,0,-9990,0,0
03/25/2005,06:00,0,0,0,3,0,0,3,0,0,3,0,0,3,0,0,3,0,0,3,0,-9990,0,0,10,E,8,9,E,8,7.2,E,8,4.5,E,8,82,E,8,986,E,8,170,E,8,2.5,E,8,-9990,0,0,-9990,0,0,1.268,E,8,0.127,E,8,0.20,E,8,0,-9990,0,0
03/25/2005,07:00,7,163,0,3,10,0,3,20,0,3,10,0,3,10,0,3,20,0,3,10,-9990,0,0,10,E,8,9,E,8,7.4,E,8,5.2,E,8,86,E,8,986,E,8,190,E,8,2.5,E,8,-9990,0,0,-9990,0,0,1.338,E,8,0.127,E,8,0.20,E,8,0,-9990,0,0
03/25/2005,08:00,177,1375,49,3,10,41,3,20,44,3,10,5422,3,10,3573,3,20,4962,3,10,-9990,0,0,10,E,8,9,E,8,8.2,E,8,6.1,E,8,86,E,8,986,E,8,153,E,8,3.0,E,8,-9990,0,0,-9990,0,0,1.420,E,8,0.127,E,8,0.20,E,8,0,-9990,0,0
03/25/2005,09:00,408,1375,33,3,10,0,3,20,33,3,10,3779,3,10,0,3,20,3779,3,10,-9990,0,0,10,E,8,9,E,8,8.4,E,8,5.5,E,8,82,E,8,986,E,8,137,E,8,3.2,E,8,-9990,0,0,-9990,0,0,1.368,E,8,0.127,E,8,0.20,E,8,0,-9990,0,0
03/25/2005,10:00,613,1375,37,3,10,0,3,20,37,3,10,4524,3,10,0,3,20,4524,3,10,-9990,0,0,10,E,8,9,E,8,8.4,E,8,5.6,E,8,82,E,8,986,E,8,61,E,8,2.7,E,8,-9990,0,0,-9990,0,0,1.377,E,8,0.127,E,8,0.20,E,8,0,-9990,0,0
03/25/2005,11:00,778,1375,50,3,10,0,3,20,50,3,10,6124,3,10,0,3,20,6124,3,10,-9990,0,0,10,E,8,9,E,8,8.6,E,8,5.8,E,8,82,E,8,985,E,8,49,E,8,3.5,E,8,-9990,0,0,-9990,0,0,1.395,E,8,0.127,E,8,0.20,E,8,0,-9990,0,0
03/25/2005,12:00,891,1375,58,3,10,0,3,20,58,3,10,7276,3,10,0,3,20,7276,3,10,-9990,0,0,10,E,8,9,E,8,8.8,E,8,2.9,E,8,66,E,8,985,E,8,347,E,8,2.3,E,8,-9990,0,0,-9990,0,0,1.135,E,8,0.127,E,8,0.20,E,8,0,-9990,0,0
03/25/2005,13:00,946,1375,108,3,10,0,3,20,108,3,10,13046,3,10,0,3,20,13046,3,10,-9990,0,0,10,E,8,9,E,8,9.2,E,8,3.1,E,8,65,E,8,985,E,8,10,E,8,2.7,E,8,-9990,0,0,-9990,0,0,1.150,E,8,0.127,E,8,0.20,E,8,0,-9990,0,0
03/25/2005,14:00,939,1375,227,3,10,13,3,20,218,3,10,25866,3,10,1319,3,20,24965,3,10,-9990,0,0,10,E,8,9,E,8,10.0,E,8,3.9,E,8,66,E,8,986,E,8,35,E,8,2.7,E,8,-9990,0,0,-9990,0,0,1.219,E,8,0.127,E,8,0.20,E,8,0,-9990,0,0
03/25/2005,15:00,869,1375,381,3,10,142,3,20,291,3,10,42059,3,10,14793,3,20,32707,3,10,-9990,0,0,9,E,8,8,E,8,11.2,E,8,3.9,E,8,61,E,8,986,E,8,345,E,8,1.9,E,8,-9990,0,0,-9990,0,0,1.221,E,8,0.127,E,8,0.20,E,8,0,-9990,0,0
03/25/2005,16:00,742,1375,455,3,10,483,3,20,194,3,10,46936,3,10,38572,3,20,26116,3,10,-9990,0,0,5,E,8,4,E,8,12.4,E,8,4.1,E,8,57,E,8,986,E,8,17,E,8,3.5,E,8,-9990,0,0,-9990,0,0,1.234,E,8,0.127,E,8,0.20,E,8,0,-9990,0,0
03/25/2005,17:00,566,1375,361,3,10,645,3,20,95,3,10,37270,3,10,57357,3,20,13640,3,10,-9990,0,0,0,E,8,0,E,8,13.2,E,8,4.6,E,8,56,E,8,987,E,8,358,E,8,4.1,E,8,-9990,0,0,-9990,0,0,1.281,E,8,0.127,E,8,0.20,E,8,0,-9990,0,0
03/25/2005,18:00,354,1375,185,3,10,352,3,20,95,3,10,18813,3,10,29245,3,20,11282,3,10,-9990,0,0,5,E,8,4,E,8,13.3,E,8,4.9,E,8,57,E,8,987,E,8,351,E,8,3.2,E,8,-9990,0,0,-9990,0,0,1.311,E,8,0.127,E,8,0.20,E,8,0,-9990,0,0
03/25/2005,19:00,119,684,30,3,10,0,3,20,30,3,10,3219,3,10,0,3,20,3219,3,10,-9990,0,0,5,E,8,4,E,8,12.7,E,8,4.0,E,8,55,E,8,987,E,8,11,E,8,1.9,E,8,-9990,0,0,-9990,0,0,1.225,E,8,0.127,E,8,0.20,E,8,0,-9990,0,0
03/25/2005,20:00,0,0,0,3,0,0,3,0,0,3,0,0,3,0,0,3,0,0,3,0,-9990,0,0,5,E,8,4,E,8,11.7,E,8,3.4,E,8,57,E,8,988,E,8,339,E,8,1.4,E,8,-9990,0,0,-9990,0,0,1.178,E,8,0.127,E,8,0.20,E,8,0,-9990,0,0
03/25/2005,21:00,0,0,0,3,0,0,3,0,0,3,0,0,3,0,0,3,0,0,3,0,-9990,0,0,5,E,8,4,E,8,10.7,E,8,2.7,E,8,58,E,8,988,E,8,343,E,8,1.2,E,8,-9990,0,0,-9990,0,0,1.121,E,8,0.127,E,8,0.20,E,8,0,-9990,0,0
03/25/2005,22:00,0,0,0,3,0,0,3,0,0,3,0,0,3,0,0,3,0,0,3,0,-9990,0,0,4,E,8,3,E,8,9.7,E,8,2.4,E,8,60,E,8,988,E,8,60,E,8,1.6,E,8,-9990,0,0,-9990,0,0,1.094,E,8,0.127,E,8,0.20,E,8,0,-9990,0,0
03/25/2005,23:00,0,0,0,3,0,0,3,0,0,3,0,0,3,0,0,3,0,0,3,0,-9990,0,0,4,E,8,3,E,8,8.7,E,8,2.2,E,8,64,E,8,988,E,8,45,E,8,1.6,E,8,-9990,0,0,-9990,0,0,1.081,E,8,0.127,E,8,0.20,E,8,0,-9990,0,0
03/25/2005,24:00,0,0,0,3,0,0,3,0,0,3,0,0,3,0,0,3,0,0,3,0,-9990,0,0,4,E,8,3,E,8,7.6,E,8,1.8,E,8,67,E,8,989,E,8,53,E,8,1.0,E,8,-9990,0,0,-9990,0,0,1.055,E,8,0.127,E,8,0.20,E,8,0,-9990,0,0
03/26/2005,01:00,0,0,0,3,0,0,3,0,0,3,0,0,3,0,0,3,0,0,3,0,-9990,0,0,3,E,8,2,E,8,6.5,E,8,1.0,E,8,68,E,8,989,E,8,6,E,8,2.3,E,8,-9990,0,0,-9990,0,0,0.997,E,8,0.135,E,8,0.20,E,8,0,-9990,0,0
03/26/2005,02:00,0,0,0,3,0,0,3,0,0,3,0,0,3,0,0,3,0,0,3,0,-9990,0,0,3,E,8,2,E,8,5.2,E,8,1.6,E,8,78,E,8,989,E,8,347,E,8,2.3,E,8,-9990,0,0,-9990,0,0,1.039,E,8,0.135,E,8,0.20,E,8,0,-9990,0,0
03/26/2005,03:00,0,0,0,3,0,0,3,0,0,3,0,0,3,0,0,3,0,0,3,0,-9990,0,0,3,E,8,2,E,8,3.9,E,8,1.0,E,8,81,E,8,990,E,8,3,E,8,2.1,E,8,-9990,0,0,-9990,0,0,0.992,E,8,0.135,E,8,0.20,E,8,0,-9990,0,0
03/26/2005,04:00,0,0,0,3,0,0,3,0,0,3,0,0,3,0,0,3,0,0,3,0,-9990,0,0,1,E,8,1,E,8,3.2,E,8,0.7,E,8,83,E,8,990,E,8,8,E,8,2.5,E,8,-9990,0,0,-9990,0,0,0.975,E,8,0.135,E,8,0.20,E,8,0,-9990,0,0
03/26/2005,05:00,0,0,0,3,0,0,3,0,0,3,0,0,3,0,0,3,0,0,3,0,-9990,0,0,1,E,8,1,E,8,2.5,E,8,0.1,E,8,84,E,8,990,E,8,350,E,8,4.1,E,8,-9990,0,0,-9990,0,0,0.933,E,8,0.135,E,8,0.20,E,8,0,-9990,0,0
03/26/2005,06:00,0,0,0,3,0,0,3,0,0,3,0,0,3,0,0,3,0,0,3,0,-9990,0,0,1,E,8,1,E,8,2.1,E,8,0.7,E,8,91,E,8,991,E,8,5,E,8,5.0,E,8,-9990,0,0,-9990,0,0,0.974,E,8,0.135,E,8,0.20,E,8,0,-9990,0,0
03/26/2005,07:00,9,187,1,3,10,0,3,20,1,3,10,0,3,10,0,3,20,0,3,10,-9990,0,0,1,E,8,1,E,8,2.0,E,8,0.8,E,8,92,E,8,991,E,8,64,E,8,5.0,E,8,-9990,0,0,-9990,0,0,0.983,E,8,0.135,E,8,0.20,E,8,0,-9990,0,0
03/26/2005,08:00,185,1374,91,3,10,388,3,20,38,3,10,8952,3,10,26549,3,20,5372,3,10,-9990,0,0,0,E,8,0,E,8,3.3,E,8,2.1,E,8,91,E,8,991,E,8,22,E,8,5.0,E,8,-9990,0,0,-9990,0,0,1.071,E,8,0.135,E,8,0.20,E,8,0,-9990,0,0
03/26/2005,09:00,416,1374,247,3,10,612,3,20,62,3,10,24851,3,10,52972,3,20,8826,3,10,-9990,0,0,0,E,8,0,E,8,5.4,E,8,2.9,E,8,84,E,8,992,E,8,341,E,8,5.8,E,8,-9990,0,0,-9990,0,0,1.139,E,8,0.135,E,8,0.20,E,8,0,-9990,0,0
03/26/2005,10:00,620,1374,409,3,10,737,3,20,77,3,10,42889,3,10,69579,3,20,11487,3,10,-9990,0,0,0,E,8,0,E,8,7.7,E,8,2.4,E,8,69,E,8,992,E,8,348,E,8,7.6,E,8,-9990,0,0,-9990,0,0,1.099,E,8,0.135,E,8,0.20,E,8,0,-9990,0,0
03/26/2005,11:00,785,1374,545,3,10,791,3,20,94,3,10,58090,3,10,77309,3,20,13940,3,10,-9990,0,0,0,E,8,0,E,8,9.9,E,8,2.4,E,8,60,E,8,992,E,8,329,E,8,6.1,E,8,-9990,0,0,-9990,0,0,1.101,E,8,0.135,E,8,0.20,E,8,0,-9990,0,0
03/26/2005,12:00,898,1374,634,3,10,788,3,20,119,3,10,67660,3,10,77251,3,20,17163,3,10,-9990,0,0,0,E,8,0,E,8,11.8,E,8,2.7,E,8,53,E,8,993,E,8,328,E,8,6.6,E,8,-9990,0,0,-9990,0,0,1.120,E,8,0.135,E,8,0.20,E,8,0,-9990,0,0
03/26/2005,13:00,953,1374,667,3,10,729,3,20,161,3,10,70239,3,10,69569,3,20,21997,3,10,-9990,0,0,0,E,8,0,E,8,13.3,E,8,3.0,E,8,49,E,8,993,E,8,348,E,8,7.6,E,8,-9990,0,0,-9990,0,0,1.147,E,8,0.135,E,8,0.20,E,8,0,-9990,0,0
03/26/2005,14:00,945,1374,634,3,10,638,3,20,195,3,10,67763,3,10,58771,3,20,27348,3,10,-9990,0,0,3,E,8,2,E,8,14.3,E,8,2.3,E,8,44,E,8,993,E,8,331,E,8,7.1,E,8,-9990,0,0,-9990,0,0,1.092,E,8,0.135,E,8,0.20,E,8,0,-9990,0,0
03/26/2005,15:00,875,1374,602,3,10,722,3,20,143,3,10,63348,3,10,68397,3,20,19796,3,10,-9990,0,0,0,E,8,0,E,8,14.9,E,8,2.2,E,8,42,E,8,993,E,8,8,E,8,8.1,E,8,-9990,0,0,-9990,0,0,1.082,E,8,0.135,E,8,0.20,E,8,0,-9990,0,0
03/26/2005,16:00,748,1374,489,3,10,675,3,20,121,3,10,51117,3,10,62378,3,20,17172,3,10,-9990,0,0,0,E,8,0,E,8,15.0,E,8,3.0,E,8,44,E,8,993,E,8,354,E,8,5.8,E,8,-9990,0,0,-9990,0,0,1.148,E,8,0.135,E,8,0.20,E,8,0,-9990,0,0
03/26/2005,17:00,572,1374,360,3,10,653,3,20,88,3,10,37314,3,10,58919,3,20,12790,3,10,-9990,0,0,0,E,8,0,E,8,14.6,E,8,3.4,E,8,47,E,8,993,E,8,2,E,8,6.1,E,8,-9990,0,0,-9990,0,0,1.178,E,8,0.135,E,8,0.20,E,8,0,-9990,0,0
03/26/2005,18:00,360,1374,202,3,10,519,3,20,66,3,10,20170,3,10,41785,3,20,9236,3,10,-9990,0,0,0,E,8,0,E,8,13.5,E,8,3.5,E,8,51,E,8,993,E,8,23,E,8,6.1,E,8,-9990,0,0,-9990,0,0,1.187,E,8,0.135,E,8,0.20,E,8,0,-9990,0,0
03/26/2005,19:00,125,1374,59,3,10,244,3,20,37,3,10,5968,3,10,10735,3,20,4991,3,10,-9990,0,0,0,E,8,0,E,8,11.9,E,8,3.9,E,8,58,E,8,993,E,8,38,E,8,3.5,E,8,-9990,0,0,-9990,0,0,1.217,E,8,0.135,E,8,0.20,E,8,0,-9990,0,0
03/26/2005,20:00,0,0,0,3,10,0,3,20,0,3,10,0,3,10,0,3,20,0,3,10,-9990,0,0,0,E,8,0,E,8,10.3,E,8,5.1,E,8,70,E,8,993,E,8,135,E,8,4.4,E,8,-9990,0,0,-9990,0,0,1.329,E,8,0.135,E,8,0.20,E,8,0,-9990,0,0
03/26/2005,21:00,0,0,0,3,0,0,3,0,0,3,0,0,3,0,0,3,0,0,3,0,-9990,0,0,0,E,8,0,E,8,9.6,E,8,4.7,E,8,71,E,8,993,E,8,19,E,8,5.4,E,8,-9990,0,0,-9990,0,0,1.289,E,8,0.135,E,8,0.20,E,8,0,-9990,0,0
03/26/2005,22:00,0,0,0,3,0,0,3,0,0,3,0,0,3,0,0,3,0,0,3,0,-9990,0,0,1,E,8,1,E,8,8.8,E,8,3.8,E,8,71,E,8,992,E,8,126,E,8,7.1,E,8,-9990,0,0,-9990,0,0,1.215,E,8,0.135,E,8,0.20,E,8,0,-9990,0,0
03/26/2005,23:00,0,0,0,3,0,0,3,0,0,3,0,0,3,0,0,3,0,0,3,0,-9990,0,0,1,E,8,1,E,8,8.1,E,8,4.4,E,8,77,E,8,992,E,8,112,E,8,4.4,E,8,-9990,0,0,-9990,0,0,1.260,E,8,0.135,E,8,0.20,E,8,0,-9990,0,0
03/26/2005,24:00,0,0,0,3,0,0,3,0,0,3,0,0,3,0,0,3,0,0,3,0,-9990,0,0,1,E,8,1,E,8,7.3,E,8,4.9,E,8,84,E,8,992,E,8,113,E,8,4.4,E,8,-9990,0,0,-9990,0,0,1.305,E,8,0.135,E,8,0.20,E,8,0,-9990,0,0
03/27/2005,01:00,0,0,0,3,0,0,3,0,0,3,0,0,3,0,0,3,0,0,3,0,-9990,0,0,1,E,8,1,E,8,7.0,E,8,3.8,E,8,79,E,8,992,E,8,57,E,8,2.7,E,8,-9990,0,0,-9990,0,0,1.207,E,8,0.142,E,8,0.20,E,8,0,-9990,0,0
03/27/2005,02:00,0,0,0,3,0,0,3,0,0,3,0,0,3,0,0,3,0,0,3,0,-9990,0,0,1,E,8,1,E,8,6.7,E,8,4.3,E,8,85,E,8,992,E,8,18,E,8,1.9,E,8,-9990,0,0,-9990,0,0,1.255,E,8,0.142,E,8,0.20,E,8,0,-9990,0,0
03/27/2005,03:00,0,0,0,3,0,0,3,0,0,3,0,0,3,0,0,3,0,0,3,0,-9990,0,0,1,E,8,1,E,8,6.3,E,8,4.0,E,8,85,E,8,992,E,8,145,E,8,2.5,E,8,-9990,0,0,-9990,0,0,1.230,E,8,0.142,E,8,0.20,E,8,0,-9990,0,0
03/27/2005,04:00,0,0,0,3,0,0,3,0,0,3,0,0,3,0,0,3,0,0,3,0,-9990,0,0,3,E,8,2,E,8,6.1,E,8,3.6,E,8,84,E,8,992,E,8,167,E,8,2.7,E,8,-9990,0,0,-9990,0,0,1.192,E,8,0.142,E,8,0.20,E,8,0,-9990,0,0
03/27/2005,05:00,0,0,0,3,0,0,3,0,0,3,0,0,3,0,0,3,0,0,3,0,-9990,0,0,3,E,8,2,E,8,5.9,E,8,3.6,E,8,85,E,8,992,E,8,216,E,8,3.5,E,8,-9990,0,0,-9990,0,0,1.196,E,8,0.142,E,8,0.20,E,8,0,-9990,0,0
03/27/2005,06:00,0,0,0,3,0,0,3,0,0,3,0,0,3,0,0,3,0,0,3,0,-9990,0,0,3,E,8,2,E,8,5.7,E,8,4.1,E,8,89,E,8,992,E,8,161,E,8,3.5,E,8,-9990,0,0,-9990,0,0,1.235,E,8,0.142,E,8,0.20,E,8,0,-9990,0,0
03/27/2005,07:00,11,210,1,3,10,0,3,20,1,3,10,0,3,10,0,3,20,0,3,10,-9990,0,0,3,E,8,2,E,8,5.7,E,8,4.2,E,8,90,E,8,992,E,8,177,E,8,3.8,E,8,-9990,0,0,-9990,0,0,1.244,E,8,0.142,E,8,0.20,E,8,0,-9990,0,0
03/27/2005,08:00,193,1373,104,3,10,352,3,20,54,3,10,10068,3,10,22603,3,20,6886,3,10,-9990,0,0,3,E,8,2,E,8,7.7,E,8,4.7,E,8,81,E,8,992,E,8,221,E,8,2.5,E,8,-9990,0,0,-9990,0,0,1.287,E,8,0.142,E,8,0.20,E,8,0,-9990,0,0
03/27/2005,09:00,423,1373,250,3,10,482,3,20,101,3,10,24432,3,10,37410,3,20,12896,3,10,-9990,0,0,3,E,8,2,E,8,10.3,E,8,5.2,E,8,71,E,8,992,E,8,254,E,8,2.1,E,8,-9990,0,0,-9990,0,0,1.338,E,8,0.142,E,8,0.20,E,8,0,-9990,0,0
03/27/2005,10:00,628,1373,354,3,10,432,3,20,157,3,10,36942,3,10,39955,3,20,18682,3,10,-9990,0,0,5,E,8,4,E,8,12.6,E,8,3.8,E,8,55,E,8,992,E,8,248,E,8,1.6,E,8,-9990,0,0,-9990,0,0,1.212,E,8,0.142,E,8,0.20,E,8,0,-9990,0,0
03/27/2005,11:00,792,1373,433,3,10,352,3,20,231,3,10,45459,3,10,32207,3,20,26890,3,10,-9990,0,0,6,E,8,5,E,8,14.6,E,8,4.0,E,8,49,E,8,992,E,8,248,E,8,2.1,E,8,-9990,0,0,-9990,0,0,1.230,E,8,0.142,E,8,0.20,E,8,0,-9990,0,0
03/27/2005,12:00,905,1373,518,3,10,380,3,20,268,3,10,54897,3,10,36163,3,20,31069,3,10,-9990,0,0,6,E,8,5,E,8,16.4,E,8,4.0,E,8,44,E,8,992,E,8,273,E,8,1.8,E,8,-9990,0,0,-9990,0,0,1.232,E,8,0.142,E,8,0.20,E,8,0,-9990,0,0
03/27/2005,13:00,959,1373,506,3,10,237,3,20,340,3,10,54582,3,10,23053,3,20,38482,3,10,-9990,0,0,9,E,8,8,E,8,17.7,E,8,4.8,E,8,42,E,8,992,E,8,252,E,8,1.8,E,8,-9990,0,0,-9990,0,0,1.296,E,8,0.142,E,8,0.20,E,8,0,-9990,0,0
03/27/2005,14:00,951,1373,477,3,10,197,3,20,341,3,10,51391,3,10,18699,3,20,38444,3,10,-9990,0,0,9,E,8,8,E,8,18.5,E,8,4.2,E,8,39,E,8,992,E,8,244,E,8,1.6,E,8,-9990,0,0,-9990,0,0,1.245,E,8,0.142,E,8,0.20,E,8,0,-9990,0,0
03/27/2005,15:00,881,1373,503,3,10,351,3,20,278,3,10,53067,3,10,32781,3,20,32045,3,10,-9990,0,0,6,E,8,5,E,8,19.2,E,8,4.0,E,8,36,E,8,992,E,8,237,E,8,2.1,E,8,-9990,0,0,-9990,0,0,1.224,E,8,0.142,E,8,0.20,E,8,0,-9990,0,0
03/27/2005,16:00,753,1373,489,3,10,614,3,20,152,3,10,51784,3,10,55403,3,20,21395,3,10,-9990,0,0,3,E,8,2,E,8,19.6,E,8,4.5,E,8,37,E,8,992,E,8,232,E,8,1.3,E,8,-9990,0,0,-9990,0,0,1.272,E,8,0.142,E,8,0.20,E,8,0,-9990,0,0
03/27/2005,17:00,577,1373,358,3,10,623,3,20,96,3,10,36993,3,10,55109,3,20,13823,3,10,-9990,0,0,0,E,8,0,E,8,19.5,E,8,4.9,E,8,38,E,8,991,E,8,225,E,8,1.3,E,8,-9990,0,0,-9990,0,0,1.310,E,8,0.142,E,8,0.20,E,8,0,-9990,0,0
03/27/2005,18:00,365,1373,202,3,10,500,3,20,70,3,10,20209,3,10,39518,3,20,9705,3,10,-9990,0,0,0,E,8,0,E,8,18.6,E,8,5.8,E,8,43,E,8,991,E,8,224,E,8,1.6,E,8,-9990,0,0,-9990,0,0,1.394,E,8,0.142,E,8,0.20,E,8,0,-9990,0,0
03/27/2005,19:00,131,1373,66,3,10,284,3,20,39,3,10,6622,3,10,14473,3,20,5245,3,10,-9990,0,0,0,E,8,0,E,8,17.0,E,8,5.7,E,8,47,E,8,991,E,8,233,E,8,2.3,E,8,-9990,0,0,-9990,0,0,1.378,E,8,0.142,E,8,0.20,E,8,0,-9990,0,0
03/27/2005,20:00,0,0,0,3,10,0,3,20,0,3,10,0,3,10,0,3,20,0,3,10,-9990,0,0,1,E,8,1,E,8,15.3,E,8,7.3,E,8,59,E,8,991,E,8,245,E,8,3.8,E,8,-9990,0,0,-9990,0,0,1.548,E,8,0.142,E,8,0.20,E,8,0,-9990,0,0
03/27/2005,21:00,0,0,0,3,0,0,3,0,0,3,0,0,3,0,0,3,0,0,3,0,-9990,0,0,1,E,8,1,E,8,14.1,E,8,7.8,E,8,66,E,8,991,E,8,145,E,8,2.7,E,8,-9990,0,0,-9990,0,0,1.605,E,8,0.142,E,8,0.20,E,8,0,-9990,0,0
03/27/2005,22:00,0,0,0,3,0,0,3,0,0,3,0,0,3,0,0,3,0,0,3,0,-9990,0,0,3,E,8,2,E,8,12.9,E,8,8.4,E,8,74,E,8,991,E,8,144,E,8,4.4,E,8,-9990,0,0,-9990,0,0,1.672,E,8,0.142,E,8,0.20,E,8,0,-9990,0,0
03/27/2005,23:00,0,0,0,3,0,0,3,0,0,3,0,0,3,0,0,3,0,0,3,0,-9990,0,0,3,E,8,2,E,8,11.7,E,8,7.5,E,8,75,E,8,991,E,8,79,E,8,4.1,E,8,-9990,0,0,-9990,0,0,1.565,E,8,0.142,E,8,0.20,E,8,0,-9990,0,0
03/27/2005,24:00,0,0,0,3,0,0,3,0,0,3,0,0,3,0,0,3,0,0,3,0,-9990,0,0,3,E,8,2,E,8,10.5,E,8,6.8,E,8,78,E,8,991,E,8,135,E,8,7.6,E,8,-9990,0,0,-9990,0,0,1.495,E,8,0.142,E,8,0.20,E,8,0,-9990,0,0
03/28/2005,01:00,0,0,0,3,0,0,3,0,0,3,0,0,3,0,0,3,0,0,3,0,-9990,0,0,4,E,8,3,E,8,9.6,E,8,7.6,E,8,87,E,8,991,E,8,131,E,8,7.1,E,8,-9990,0,0,-9990,0,0,1.577,E,8,0.139,E,8,0.20,E,8,0,-9990,0,0
03/28/2005,02:00,0,0,0,3,0,0,3,0,0,3,0,0,3,0,0,3,0,0,3,0,-9990,0,0,4,E,8,3,E,8,8.6,E,8,6.8,E,8,88,E,8,991,E,8,181,E,8,8.4,E,8,-9990,0,0,-9990,0,0,1.491,E,8,0.139,E,8,0.20,E,8,0,-9990,0,0
03/28/2005,03:00,0,0,0,3,0,0,3,0,0,3,0,0,3,0,0,3,0,0,3,0,-9990,0,0,4,E,8,3,E,8,7.7,E,8,6.5,E,8,92,E,8,991,E,8,225,E,8,9.5,E,8,-9990,0,0,-9990,0,0,1.463,E,8,0.139,E,8,0.20,E,8,0,-9990,0,0
03/28/2005,04:00,0,0,0,3,0,0,3,0,0,3,0,0,3,0,0,3,0,0,3,0,-9990,0,0,5,E,8,5,E,8,7.2,E,8,5.8,E,8,91,E,8,991,E,8,214,E,8,6.6,E,8,-9990,0,0,-9990,0,0,1.394,E,8,0.139,E,8,0.20,E,8,0,-9990,0,0
03/28/2005,05:00,0,0,0,3,0,0,3,0,0,3,0,0,3,0,0,3,0,0,3,0,-9990,0,0,5,E,8,5,E,8,6.7,E,8,5.4,E,8,92,E,8,991,E,8,248,E,8,8.9,E,8,-9990,0,0,-9990,0,0,1.356,E,8,0.139,E,8,0.20,E,8,0,-9990,0,0
03/28/2005,06:00,0,0,0,3,0,0,3,0,0,3,0,0,3,0,0,3,0,0,3,0,-9990,0,0,6,E,8,6,E,8,6.3,E,8,5.0,E,8,91,E,8,991,E,8,203,E,8,10.2,E,8,-9990,0,0,-9990,0,0,1.313,E,8,0.139,E,8,0.20,E,8,0,-9990,0,0
03/28/2005,07:00,14,234,1,3,10,0,3,20,1,3,10,0,3,10,0,3,20,0,3,10,-9990,0,0,6,E,8,6,E,8,6.3,E,8,4.5,E,8,88,E,8,991,E,8,180,E,8,6.6,E,8,-9990,0,0,-9990,0,0,1.267,E,8,0.139,E,8,0.20,E,8,0,-9990,0,0
03/28/2005,08:00,201,1372,102,3,10,244,3,20,66,3,10,10053,3,10,16187,3,20,7678,3,10,-9990,0,0,6,E,8,5,E,8,7.9,E,8,4.1,E,8,77,E,8,991,E,8,192,E,8,6.6,E,8,-9990,0,0,-9990,0,0,1.236,E,8,0.139,E,8,0.20,E,8,0,-9990,0,0
03/28/2005,09:00,431,1372,206,3,10,244,3,20,130,3,10,21474,3,10,21856,3,20,14608,3,10,-9990,0,0,8,E,8,6,E,8,9.5,E,8,4.6,E,8,71,E,8,991,E,8,222,E,8,4.6,E,8,-9990,0,0,-9990,0,0,1.276,E,8,0.139,E,8,0.20,E,8,0,-9990,0,0
03/28/2005,10:00,635,1372,423,3,10,643,3,20,126,3,10,43792,3,10,57399,3,20,17237,3,10,-9990,0,0,0,E,8,0,E,8,12.0,E,8,3.7,E,8,57,E,8,991,E,8,119,E,8,5.4,E,8,-9990,0,0,-9990,0,0,1.202,E,8,0.139,E,8,0.20,E,8,0,-9990,0,0
03/28/2005,11:00,799,1372,560,3,10,747,3,20,125,3,10,58441,3,10,70259,3,20,17551,3,10,-9990,0,0,0,E,8,0,E,8,14.4,E,8,2.9,E,8,46,E,8,991,E,8,188,E,8,4.1,E,8,-9990,0,0,-9990,0,0,1.140,E,8,0.139,E,8,0.20,E,8,0,-9990,0,0
03/28/2005,12:00,911,1372,569,3,10,489,3,20,244,3,10,60685,3,10,48446,3,20,28512,3,10,-9990,0,0,5,E,8,4,E,8,16.0,E,8,3.0,E,8,41,E,8,991,E,8,243,E,8,5.0,E,8,-9990,0,0,-9990,0,0,1.144,E,8,0.139,E,8,0.20,E,8,0,-9990,0,0
03/28/2005,13:00,965,1372,506,3,10,250,3,20,330,3,10,54667,3,10,24742,3,20,37264,3,10,-9990,0,0,8,E,8,6,E,8,16.9,E,8,2.7,E,8,39,E,8,991,E,8,231,E,8,7.6,E,8,-9990,0,0,-9990,0,0,1.124,E,8,0.139,E,8,0.20,E,8,0,-9990,0,0
03/28/2005,14:00,957,1372,598,3,10,479,3,20,264,3,10,64037,3,10,47730,3,20,30764,3,10,-9990,0,0,5,E,8,4,E,8,17.9,E,8,3.5,E,8,38,E,8,991,E,8,238,E,8,5.8,E,8,-9990,0,0,-9990,0,0,1.185,E,8,0.139,E,8,0.20,E,8,0,-9990,0,0
03/28/2005,15:00,886,1372,438,3,10,213,3,20,301,3,10,47232,3,10,20418,3,20,34047,3,10,-9990,0,0,9,E,8,8,E,8,18.1,E,8,3.2,E,8,37,E,8,991,E,8,182,E,8,5.4,E,8,-9990,0,0,-9990,0,0,1.160,E,8,0.139,E,8,0.20,E,8,0,-9990,0,0
03/28/2005,16:00,759,1372,414,3,10,344,3,20,224,3,10,43471,3,10,31464,3,20,26077,3,10,-9990,0,0,6,E,8,5,E,8,18.1,E,8,3.2,E,8,37,E,8,991,E,8,202,E,8,5.0,E,8,-9990,0,0,-9990,0,0,1.159,E,8,0.139,E,8,0.20,E,8,0,-9990,0,0
03/28/2005,17:00,583,1372,298,3,10,321,3,20,162,3,10,30940,3,10,27819,3,20,19128,3,10,-9990,0,0,6,E,8,5,E,8,17.7,E,8,3.4,E,8,39,E,8,991,E,8,148,E,8,5.0,E,8,-9990,0,0,-9990,0,0,1.181,E,8,0.139,E,8,0.20,E,8,0,-9990,0,0
03/28/2005,18:00,370,1372,146,3,10,131,3,20,110,3,10,15271,3,10,10209,3,20,12515,3,10,-9990,0,0,9,E,8,8,E,8,16.6,E,8,3.0,E,8,40,E,8,992,E,8,148,E,8,5.4,E,8,-9990,0,0,-9990,0,0,1.142,E,8,0.139,E,8,0.20,E,8,0,-9990,0,0
03/28/2005,19:00,136,1372,26,3,10,0,3,20,26,3,10,2827,3,10,0,3,20,2827,3,10,-9990,0,0,9,E,8,8,E,8,15.1,E,8,4.2,E,8,48,E,8,992,E,8,87,E,8,7.6,E,8,-9990,0,0,-9990,0,0,1.241,E,8,0.139,E,8,0.20,E,8,0,-9990,0,0
03/28/2005,20:00,1,46,0,3,10,0,3,20,0,3,10,0,3,10,0,3,20,0,3,10,-9990,0,0,9,E,8,8,E,8,13.8,E,8,3.6,E,8,50,E,8,992,E,8,66,E,8,10.0,E,8,-9990,0,0,-9990,0,0,1.195,E,8,0.139,E,8,0.20,E,8,0,-9990,0,0
03/28/2005,21:00,0,0,0,3,0,0,3,0,0,3,0,0,3,0,0,3,0,0,3,0,-9990,0,0,9,E,8,8,E,8,12.5,E,8,4.7,E,8,59,E,8,992,E,8,40,E,8,6.1,E,8,-9990,0,0,-9990,0,0,1.287,E,8,0.139,E,8,0.20,E,8,0,-9990,0,0
03/28/2005,22:00,0,0,0,3,0,0,3,0,0,3,0,0,3,0,0,3,0,0,3,0,-9990,0,0,9,E,8,8,E,8,11.3,E,8,4.7,E,8,64,E,8,992,E,8,123,E,8,5.8,E,8,-9990,0,0,-9990,0,0,1.285,E,8,0.139,E,8,0.20,E,8,0,-9990,0,0
03/28/2005,23:00,0,0,0,3,0,0,3,0,0,3,0,0,3,0,0,3,0,0,3,0,-9990,0,0,9,E,8,8,E,8,10.0,E,8,4.1,E,8,67,E,8,992,E,8,39,E,8,6.6,E,8,-9990,0,0,-9990,0,0,1.236,E,8,0.139,E,8,0.20,E,8,0,-9990,0,0
03/28/2005,24:00,0,0,0,3,0,0,3,0,0,3,0,0,3,0,0,3,0,0,3,0,-9990,0,0,9,E,8,8,E,8,8.7,E,8,3.2,E,8,68,E,8,992,E,8,330,E,8,5.0,E,8,-9990,0,0,-9990,0,0,1.164,E,8,0.139,E,8,0.20,E,8,0,-9990,0,0
03/29/2005,01:00,0,0,0,3,0,0,3,0,0,3,0,0,3,0,0,3,0,0,3,0,-9990,0,0,9,E,8,8,E,8,7.7,E,8,3.5,E,8,74,E,8,992,E,8,36,E,8,6.6,E,8,-9990,0,0,-9990,0,0,1.183,E,8,0.158,E,8,0.20,E,8,0,-9990,0,0
03/29/2005,02:00,0,0,0,3,0,0,3,0,0,3,0,0,3,0,0,3,0,0,3,0,-9990,0,0,9,E,8,8,E,8,6.7,E,8,2.9,E,8,77,E,8,992,E,8,66,E,8,5.4,E,8,-9990,0,0,-9990,0,0,1.137,E,8,0.158,E,8,0.20,E,8,0,-9990,0,0
03/29/2005,03:00,0,0,0,3,0,0,3,0,0,3,0,0,3,0,0,3,0,0,3,0,-9990,0,0,9,E,8,8,E,8,5.6,E,8,1.9,E,8,77,E,8,992,E,8,65,E,8,4.6,E,8,-9990,0,0,-9990,0,0,1.059,E,8,0.158,E,8,0.20,E,8,0,-9990,0,0
03/29/2005,04:00,0,0,0,3,0,0,3,0,0,3,0,0,3,0,0,3,0,0,3,0,-9990,0,0,9,E,8,8,E,8,5.0,E,8,1.4,E,8,77,E,8,992,E,8,166,E,8,5.4,E,8,-9990,0,0,-9990,0,0,1.020,E,8,0.158,E,8,0.20,E,8,0,-9990,0,0
03/29/2005,05:00,0,0,0,3,0,0,3,0,0,3,0,0,3,0,0,3,0,0,3,0,-9990,0,0,9,E,8,8,E,8,4.4,E,8,1.6,E,8,82,E,8,992,E,8,184,E,8,6.1,E,8,-9990,0,0,-9990,0,0,1.038,E,8,0.158,E,8,0.20,E,8,0,-9990,0,0
03/29/2005,06:00,0,0,0,3,0,0,3,0,0,3,0,0,3,0,0,3,0,0,3,0,-9990,0,0,9,E,8,8,E,8,4.0,E,8,0.4,E,8,77,E,8,992,E,8,204,E,8,3.8,E,8,-9990,0,0,-9990,0,0,0.955,E,8,0.158,E,8,0.20,E,8,0,-9990,0,0
03/29/2005,07:00,17,257,1,3,10,0,3,20,1,3,10,0,3,10,0,3,20,0,3,10,-9990,0,0,9,E,8,8,E,8,4.0,E,8,0.5,E,8,78,E,8,992,E,8,101,E,8,2.3,E,8,-9990,0,0,-9990,0,0,0.960,E,8,0.158,E,8,0.20,E,8,0,-9990,0,0
03/29/2005,08:00,209,1372,80,3,10,155,3,20,57,3,10,8028,3,10,9092,3,20,6641,3,10,-9990,0,0,9,E,8,8,E,8,5.2,E,8,0.5,E,8,72,E,8,992,E,8,165,E,8,2.1,E,8,-9990,0,0,-9990,0,0,0.963,E,8,0.158,E,8,0.20,E,8,0,-9990,0,0
03/29/2005,09:00,439,1372,203,3,10,156,3,20,153,3,10,20825,3,10,12299,3,20,16890,3,10,-9990,0,0,9,E,8,8,E,8,6.9,E,8,1.5,E,8,68,E,8,992,E,8,158,E,8,3.2,E,8,-9990,0,0,-9990,0,0,1.034,E,8,0.158,E,8,0.20,E,8,0,-9990,0,0
03/29/2005,10:00,642,1372,331,3,10,325,3,20,179,3,10,34144,3,10,28558,3,20,20772,3,10,-9990,0,0,6,E,8,5,E,8,8.8,E,8,0.9,E,8,57,E,8,992,E,8,205,E,8,2.3,E,8,-9990,0,0,-9990,0,0,0.990,E,8,0.158,E,8,0.20,E,8,0,-9990,0,0
03/29/2005,11:00,806,1372,447,3,10,364,3,20,233,3,10,46769,3,10,33741,3,20,26951,3,10,-9990,0,0,6,E,8,5,E,8,10.7,E,8,2.0,E,8,55,E,8,992,E,8,192,E,8,4.1,E,8,-9990,0,0,-9990,0,0,1.069,E,8,0.158,E,8,0.20,E,8,0,-9990,0,0
03/29/2005,12:00,918,1372,559,3,10,470,3,20,244,3,10,59505,3,10,46680,3,20,28265,3,10,-9990,0,0,5,E,8,4,E,8,12.6,E,8,1.3,E,8,46,E,8,992,E,8,167,E,8,2.3,E,8,-9990,0,0,-9990,0,0,1.015,E,8,0.158,E,8,0.20,E,8,0,-9990,0,0
03/29/2005,13:00,971,1372,619,3,10,552,3,20,228,3,10,65036,3,10,48206,3,20,30893,3,10,-9990,0,0,4,E,8,3,E,8,14.2,E,8,0.4,E,8,39,E,8,992,E,8,136,E,8,1.4,E,8,-9990,0,0,-9990,0,0,0.952,E,8,0.158,E,8,0.20,E,8,0,-9990,0,0
03/29/2005,14:00,963,1372,633,3,10,612,3,20,203,3,10,67277,3,10,55793,3,20,28124,3,10,-9990,0,0,3,E,8,2,E,8,15.4,E,8,0.5,E,8,36,E,8,992,E,8,94,E,8,3.2,E,8,-9990,0,0,-9990,0,0,0.964,E,8,0.158,E,8,0.20,E,8,0,-9990,0,0
03/29/2005,15:00,892,1372,614,3,10,712,3,20,151,3,10,64271,3,10,67089,3,20,20650,3,10,-9990,0,0,0,E,8,0,E,8,16.3,E,8,1.8,E,8,37,E,8,992,E,8,75,E,8,2.1,E,8,-9990,0,0,-9990,0,0,1.049,E,8,0.158,E,8,0.20,E,8,0,-9990,0,0
03/29/2005,16:00,764,1372,498,3,10,617,3,20,154,3,10,52557,3,10,55807,3,20,21466,3,10,-9990,0,0,0,E,8,0,E,8,16.6,E,8,2.0,E,8,37,E,8,991,E,8,181,E,8,2.1,E,8,-9990,0,0,-9990,0,0,1.068,E,8,0.158,E,8,0.20,E,8,0,-9990,0,0
03/29/2005,17:00,588,1372,391,3,10,712,3,20,86,3,10,40593,3,10,65478,3,20,12518,3,10,-9990,0,0,0,E,8,0,E,8,16.4,E,8,2.3,E,8,39,E,8,991,E,8,120,E,8,2.7,E,8,-9990,0,0,-9990,0,0,1.094,E,8,0.158,E,8,0.20,E,8,0,-9990,0,0
03/29/2005,18:00,376,1372,208,3,10,521,3,20,65,3,10,20778,3,10,42453,3,20,9145,3,10,-9990,0,0,0,E,8,0,E,8,15.5,E,8,1.8,E,8,40,E,8,991,E,8,117,E,8,1.9,E,8,-9990,0,0,-9990,0,0,1.056,E,8,0.158,E,8,0.20,E,8,0,-9990,0,0
03/29/2005,19:00,142,1372,67,3,10,248,3,20,41,3,10,6600,3,10,11959,3,20,5364,3,10,-9990,0,0,0,E,8,0,E,8,14.0,E,8,2.4,E,8,45,E,8,991,E,8,118,E,8,2.3,E,8,-9990,0,0,-9990,0,0,1.096,E,8,0.158,E,8,0.20,E,8,0,-9990,0,0
03/29/2005,20:00,1,62,0,3,10,0,3,20,0,3,10,0,3,10,0,3,20,0,3,10,-9990,0,0,0,E,8,0,E,8,12.5,E,8,3.2,E,8,53,E,8,991,E,8,21,E,8,3.8,E,8,-9990,0,0,-9990,0,0,1.158,E,8,0.158,E,8,0.20,E,8,0,-9990,0,0
03/29/2005,21:00,0,0,0,3,0,0,3,0,0,3,0,0,3,0,0,3,0,0,3,0,-9990,0,0,1,E,8,1,E,8,11.7,E,8,4.3,E,8,60,E,8,990,E,8,51,E,8,3.8,E,8,-9990,0,0,-9990,0,0,1.252,E,8,0.158,E,8,0.20,E,8,0,-9990,0,0
03/29/2005,22:00,0,0,0,3,0,0,3,0,0,3,0,0,3,0,0,3,0,0,3,0,-9990,0,0,1,E,8,1,E,8,11.0,E,8,3.8,E,8,61,E,8,990,E,8,26,E,8,3.8,E,8,-9990,0,0,-9990,0,0,1.213,E,8,0.158,E,8,0.20,E,8,0,-9990,0,0
03/29/2005,23:00,0,0,0,3,0,0,3,0,0,3,0,0,3,0,0,3,0,0,3,0,-9990,0,0,1,E,8,1,E,8,10.2,E,8,3.3,E,8,62,E,8,990,E,8,50,E,8,2.7,E,8,-9990,0,0,-9990,0,0,1.173,E,8,0.158,E,8,0.20,E,8,0,-9990,0,0
03/29/2005,24:00,0,0,0,3,0,0,3,0,0,3,0,0,3,0,0,3,0,0,3,0,-9990,0,0,1,E,8,1,E,8,9.4,E,8,3.5,E,8,66,E,8,990,E,8,68,E,8,3.5,E,8,-9990,0,0,-9990,0,0,1.182,E,8,0.158,E,8,0.20,E,8,0,-9990,0,0
03/30/2005,01:00,0,0,0,3,0,0,3,0,0,3,0,0,3,0,0,3,0,0,3,0,-9990,0,0,1,E,8,1,E,8,9.0,E,8,2.3,E,8,63,E,8,989,E,8,240,E,8,5.0,E,8,-9990,0,0,-9990,0,0,1.090,E,8,0.134,E,8,0.20,E,8,0,-9990,0,0
03/30/2005,02:00,0,0,0,3,0,0,3,0,0,3,0,0,3,0,0,3,0,0,3,0,-9990,0,0,1,E,8,1,E,8,8.5,E,8,2.5,E,8,66,E,8,989,E,8,175,E,8,5.0,E,8,-9990,0,0,-9990,0,0,1.102,E,8,0.134,E,8,0.20,E,8,0,-9990,0,0
03/30/2005,03:00,0,0,0,3,0,0,3,0,0,3,0,0,3,0,0,3,0,0,3,0,-9990,0,0,3,E,8,2,E,8,8.0,E,8,2.2,E,8,67,E,8,989,E,8,214,E,8,5.4,E,8,-9990,0,0,-9990,0,0,1.082,E,8,0.134,E,8,0.20,E,8,0,-9990,0,0
03/30/2005,04:00,0,0,0,3,0,0,3,0,0,3,0,0,3,0,0,3,0,0,3,0,-9990,0,0,3,E,8,2,E,8,7.7,E,8,2.5,E,8,70,E,8,989,E,8,189,E,8,7.6,E,8,-9990,0,0,-9990,0,0,1.108,E,8,0.134,E,8,0.20,E,8,0,-9990,0,0
03/30/2005,05:00,0,0,0,3,0,0,3,0,0,3,0,0,3,0,0,3,0,0,3,0,-9990,0,0,3,E,8,2,E,8,7.5,E,8,2.1,E,8,69,E,8,989,E,8,172,E,8,7.6,E,8,-9990,0,0,-9990,0,0,1.076,E,8,0.134,E,8,0.20,E,8,0,-9990,0,0
03/30/2005,06:00,0,0,0,3,0,0,3,0,0,3,0,0,3,0,0,3,0,0,3,0,-9990,0,0,3,E,8,2,E,8,7.3,E,8,3.8,E,8,79,E,8,988,E,8,219,E,8,5.8,E,8,-9990,0,0,-9990,0,0,1.209,E,8,0.134,E,8,0.20,E,8,0,-9990,0,0
03/30/2005,07:00,20,280,3,3,10,0,3,20,3,3,10,0,3,10,0,3,20,0,3,10,-9990,0,0,3,E,8,2,E,8,7.3,E,8,4.2,E,8,81,E,8,988,E,8,177,E,8,4.4,E,8,-9990,0,0,-9990,0,0,1.246,E,8,0.134,E,8,0.20,E,8,0,-9990,0,0
03/30/2005,08:00,217,1371,105,3,10,278,3,20,61,3,10,10014,3,10,15760,3,20,7515,3,10,-9990,0,0,3,E,8,2,E,8,9.0,E,8,4.5,E,8,74,E,8,988,E,8,138,E,8,3.5,E,8,-9990,0,0,-9990,0,0,1.273,E,8,0.134,E,8,0.20,E,8,0,-9990,0,0
03/30/2005,09:00,447,1371,324,3,10,605,3,20,127,3,10,30809,3,10,47324,3,20,15395,3,10,-9990,0,0,4,E,8,3,E,8,12.0,E,8,4.3,E,8,59,E,8,988,E,8,174,E,8,4.1,E,8,-9990,0,0,-9990,0,0,1.255,E,8,0.134,E,8,0.20,E,8,0,-9990,0,0
03/30/2005,10:00,650,1371,264,3,10,117,3,20,209,3,10,29032,3,10,12085,3,20,23306,3,10,-9990,0,0,9,E,8,8,E,8,13.0,E,8,3.6,E,8,53,E,8,988,E,8,255,E,8,3.0,E,8,-9990,0,0,-9990,0,0,1.197,E,8,0.134,E,8,0.20,E,8,0,-9990,0,0
03/30/2005,11:00,813,1371,231,3,10,16,3,20,221,3,10,25409,3,10,1576,3,20,24475,3,10,-9990,0,0,10,E,8,9,E,8,13.3,E,8,4.6,E,8,55,E,8,987,E,8,249,E,8,1.4,E,8,-9990,0,0,-9990,0,0,1.276,E,8,0.134,E,8,0.20,E,8,0,-9990,0,0
03/30/2005,12:00,924,1371,297,3,10,28,3,20,278,3,10,32822,3,10,2844,3,20,30905,3,10,-9990,0,0,10,E,8,9,E,8,13.9,E,8,4.3,E,8,52,E,8,987,E,8,207,E,8,2.7,E,8,-9990,0,0,-9990,0,0,1.251,E,8,0.134,E,8,0.20,E,8,0,-9990,0,0
03/30/2005,13:00,978,1371,156,3,10,0,3,20,156,3,10,18325,3,10,0,3,20,18325,3,10,-9990,0,0,10,E,8,9,E,8,13.6,E,8,4.3,E,8,53,E,8,987,E,8,150,E,8,1.8,E,8,-9990,0,0,-9990,0,0,1.251,E,8,0.134,E,8,0.20,E,8,0,-9990,0,0
03/30/2005,14:00,968,1371,279,3,10,18,3,20,267,3,10,31363,3,10,1751,3,20,30127,3,10,-9990,0,0,10,E,8,9,E,8,13.9,E,8,4.1,E,8,51,E,8,987,E,8,74,E,8,1.4,E,8,-9990,0,0,-9990,0,0,1.234,E,8,0.134,E,8,0.20,E,8,0,-9990,0,0
03/30/2005,15:00,897,1371,320,3,10,34,3,20,297,3,10,35142,3,10,3462,3,20,32876,3,10,-9990,0,0,10,E,8,9,E,8,14.3,E,8,4.0,E,8,50,E,8,987,E,8,117,E,8,2.5,E,8,-9990,0,0,-9990,0,0,1.225,E,8,0.134,E,8,0.20,E,8,0,-9990,0,0
03/30/2005,16:00,769,1371,227,3,10,17,3,20,217,3,10,24960,3,10,1625,3,20,24048,3,10,-9990,0,0,10,E,8,9,E,8,14.2,E,8,4.8,E,8,53,E,8,987,E,8,182,E,8,5.4,E,8,-9990,0,0,-9990,0,0,1.296,E,8,0.134,E,8,0.20,E,8,0,-9990,0,0
03/30/2005,17:00,593,1371,289,3,10,250,3,20,181,3,10,30903,3,10,23477,3,20,20740,3,10,-9990,0,0,8,E,8,6,E,8,14.4,E,8,5.1,E,8,54,E,8,987,E,8,228,E,8,6.1,E,8,-9990,0,0,-9990,0,0,1.326,E,8,0.134,E,8,0.20,E,8,0,-9990,0,0
03/30/2005,18:00,381,1371,130,3,10,67,3,20,111,3,10,14221,3,10,6574,3,20,12393,3,10,-9990,0,0,10,E,8,9,E,8,13.8,E,8,4.4,E,8,53,E,8,987,E,8,207,E,8,6.6,E,8,-9990,0,0,-9990,0,0,1.263,E,8,0.134,E,8,0.20,E,8,0,-9990,0,0
03/30/2005,19:00,147,1371,31,3,10,0,3,20,31,3,10,3399,3,10,0,3,20,3399,3,10,-9990,0,0,10,E,8,9,E,8,12.9,E,8,7.5,E,8,70,E,8,987,E,8,211,E,8,4.6,E,8,-9990,0,0,-9990,0,0,1.564,E,8,0.134,E,8,0.20,E,8,0,-9990,0,0
03/30/2005,20:00,2,78,0,3,10,0,3,20,0,3,10,0,3,10,0,3,20,0,3,10,-9990,0,0,10,E,8,9,E,8,12.0,E,8,4.5,E,8,60,E,8,987,E,8,248,E,8,4.1,E,8,-9990,0,0,-9990,0,0,1.268,E,8,0.134,E,8,0.20,E,8,0,-9990,0,0
03/30/2005,21:00,0,0,0,3,0,0,3,0,0,3,0,0,3,0,0,3,0,0,3,0,-9990,0,0,10,E,8,9,E,8,11.5,E,8,5.6,E,8,67,E,8,987,E,8,236,E,8,5.8,E,8,-9990,0,0,-9990,0,0,1.374,E,8,0.134,E,8,0.20,E,8,0,-9990,0,0
03/30/2005,22:00,0,0,0,3,0,0,3,0,0,3,0,0,3,0,0,3,0,0,3,0,-9990,0,0,10,E,8,9,E,8,11.0,E,8,6.1,E,8,72,E,8,987,E,8,236,E,8,7.1,E,8,-9990,0,0,-9990,0,0,1.426,E,8,0.134,E,8,0.20,E,8,0,-9990,0,0
03/30/2005,23:00,0,0,0,3,0,0,3,0,0,3,0,0,3,0,0,3,0,0,3,0,-9990,0,0,10,E,8,9,E,8,10.5,E,8,6.9,E,8,79,E,8,987,E,8,246,E,8,6.6,E,8,-9990,0,0,-9990,0,0,1.504,E,8,0.134,E,8,0.20,E,8,0,-9990,0,0
03/30/2005,24:00,0,0,0,3,0,0,3,0,0,3,0,0,3,0,0,3,0,0,3,0,-9990,0,0,10,E,8,9,E,8,9.7,E,8,8.2,E,8,90,E,8,987,E,8,235,E,8,5.4,E,8,-9990,0,0,-9990,0,0,1.647,E,8,0.134,E,8,0.20,E,8,1,-9990,0,0
03/31/2005,01:00,0,0,0,3,0,0,3,0,0,3,0,0,3,0,0,3,0,0,3,0,-9990,0,0,10,E,8,9,E,8,9.7,E,8,6.9,E,8,82,E,8,987,E,8,297,E,8,4.6,E,8,-9990,0,0,-9990,0,0,1.500,E,8,0.134,E,8,0.20,E,8,0,-9990,0,0
03/31/2005,02:00,0,0,0,3,0,0,3,0,0,3,0,0,3,0,0,3,0,0,3,0,-9990,0,0,10,E,8,9,E,8,9.6,E,8,8.3,E,8,92,E,8,987,E,8,312,E,8,3.5,E,8,-9990,0,0,-9990,0,0,1.662,E,8,0.134,E,8,0.20,E,8,0,-9990,0,0
03/31/2005,03:00,0,0,0,3,0,0,3,0,0,3,0,0,3,0,0,3,0,0,3,0,-9990,0,0,10,E,8,9,E,8,9.4,E,8,7.9,E,8,90,E,8,987,E,8,314,E,8,2.3,E,8,-9990,0,0,-9990,0,0,1.609,E,8,0.134,E,8,0.20,E,8,0,-9990,0,0
03/31/2005,04:00,0,0,0,3,0,0,3,0,0,3,0,0,3,0,0,3,0,0,3,0,-9990,0,0,10,E,8,9,E,8,9.3,E,8,7.8,E,8,90,E,8,987,E,8,326,E,8,2.1,E,8,-9990,0,0,-9990,0,0,1.607,E,8,0.134,E,8,0.20,E,8,0,-9990,0,0
03/31/2005,05:00,0,0,0,3,0,0,3,0,0,3,0,0,3,0,0,3,0,0,3,0,-9990,0,0,10,E,8,9,E,8,9.3,E,8,7.8,E,8,90,E,8,987,E,8,303,E,8,1.9,E,8,-9990,0,0,-9990,0,0,1.596,E,8,0.134,E,8,0.20,E,8,0,-9990,0,0
03/31/2005,06:00,0,0,0,3,0,0,3,0,0,3,0,0,3,0,0,3,0,0,3,0,-9990,0,0,10,E,8,9,E,8,9.2,E,8,8.9,E,8,98,E,8,987,E,8,307,E,8,2.5,E,8,-9990,0,0,-9990,0,0,1.729,E,8,0.134,E,8,0.20,E,8,0,-9990,0,0
03/31/2005,07:00,23,304,6,3,10,0,3,20,6,3,10,0,3,10,0,3,20,0,3,10,-9990,0,0,10,E,8,9,E,8,9.5,E,8,9.2,E,8,98,E,8,987,E,8,342,E,8,3.8,E,8,-9990,0,0,-9990,0,0,1.765,E,8,0.134,E,8,0.20,E,8,0,-9990,0,0
03/31/2005,08:00,225,1370,69,3,10,54,3,20,60,3,10,7584,3,10,5176,3,20,6733,3,10,-9990,0,0,10,E,8,9,E,8,10.5,E,8,9.2,E,8,91,E,8,987,E,8,229,E,8,2.3,E,8,-9990,0,0,-9990,0,0,1.764,E,8,0.134,E,8,0.20,E,8,1,-9990,0,0
03/31/2005,09:00,454,1370,59,3,10,0,3,20,59,3,10,6519,3,10,0,3,20,6519,3,10,-9990,0,0,10,E,8,9,E,8,11.0,E,8,9.5,E,8,90,E,8,987,E,8,296,E,8,2.5,E,8,-9990,0,0,-9990,0,0,1.799,E,8,0.134,E,8,0.20,E,8,0,-9990,0,0
03/31/2005,10:00,657,1370,318,3,10,230,3,20,208,3,10,33816,3,10,20743,3,20,23873,3,10,-9990,0,0,8,E,8,6,E,8,13.5,E,8,8.9,E,8,74,E,8,987,E,8,317,E,8,2.7,E,8,-9990,0,0,-9990,0,0,1.734,E,8,0.134,E,8,0.20,E,8,0,-9990,0,0
03/31/2005,11:00,819,1370,352,3,10,137,3,20,270,3,10,38935,3,10,14249,3,20,30414,3,10,-9990,0,0,9,E,8,8,E,8,15.3,E,8,8.8,E,8,65,E,8,987,E,8,291,E,8,1.5,E,8,-9990,0,0,-9990,0,0,1.723,E,8,0.134,E,8,0.20,E,8,0,-9990,0,0
03/31/2005,12:00,931,1370,211,3,10,15,3,20,201,3,10,23922,3,10,1524,3,20,22887,3,10,-9990,0,0,10,E,8,9,E,8,15.6,E,8,9.0,E,8,65,E,8,987,E,8,242,E,8,1.8,E,8,-9990,0,0,-9990,0,0,1.742,E,8,0.134,E,8,0.20,E,8,0,-9990,0,0
03/31/2005,13:00,984,1370,130,3,10,0,3,20,130,3,10,15362,3,10,0,3,20,15362,3,10,-9990,0,0,10,E,8,9,E,8,15.5,E,8,9.1,E,8,66,E,8,987,E,8,258,E,8,1.4,E,8,-9990,0,0,-9990,0,0,1.752,E,8,0.134,E,8,0.20,E,8,0,-9990,0,0
03/31/2005,14:00,974,1370,392,3,10,91,3,20,327,3,10,43441,3,10,9176,3,20,36918,3,10,-9990,0,0,10,E,8,9,E,8,16.5,E,8,8.5,E,8,59,E,8,987,E,8,184,E,8,3.0,E,8,-9990,0,0,-9990,0,0,1.681,E,8,0.134,E,8,0.20,E,8,0,-9990,0,0
03/31/2005,15:00,903,1370,318,3,10,33,3,20,297,3,10,34958,3,10,3285,3,20,32793,3,10,-9990,0,0,10,E,8,9,E,8,17.1,E,8,8.0,E,8,55,E,8,988,E,8,245,E,8,2.1,E,8,-9990,0,0,-9990,0,0,1.621,E,8,0.134,E,8,0.20,E,8,0,-9990,0,0
03/31/2005,16:00,775,1370,312,3,10,98,3,20,256,3,10,34475,3,10,9952,3,20,28847,3,10,-9990,0,0,10,E,8,9,E,8,17.5,E,8,7.0,E,8,50,E,8,988,E,8,212,E,8,3.2,E,8,-9990,0,0,-9990,0,0,1.515,E,8,0.134,E,8,0.20,E,8,0,-9990,0,0
03/31/2005,17:00,599,1370,417,3,10,638,3,20,139,3,10,42789,3,10,54707,3,20,18883,3,10,-9990,0,0,3,E,8,2,E,8,18.2,E,8,7.2,E,8,48,E,8,988,E,8,220,E,8,2.5,E,8,-9990,0,0,-9990,0,0,1.531,E,8,0.134,E,8,0.20,E,8,0,-9990,0,0
03/31/2005,18:00,386,1370,208,3,10,305,3,20,122,3,10,20728,3,10,23103,3,20,14211,3,10,-9990,0,0,6,E,8,5,E,8,18.1,E,8,6.0,E,8,45,E,8,988,E,8,211,E,8,3.0,E,8,-9990,0,0,-9990,0,0,1.412,E,8,0.134,E,8,0.20,E,8,0,-9990,0,0
03/31/2005,19:00,153,1370,7,3,10,0,3,20,7,3,10,806,3,10,3,3,20,806,3,10,-9990,0,0,6,E,8,5,E,8,17.0,E,8,4.9,E,8,45,E,8,988,E,8,217,E,8,3.2,E,8,-9990,0,0,-9990,0,0,1.309,E,8,0.134,E,8,0.20,E,8,0,-9990,0,0
03/31/2005,20:00,2,95,0,3,10,0,3,20,0,3,10,0,3,10,0,3,20,0,3,10,-9990,0,0,8,E,8,6,E,8,16.1,E,8,5.4,E,8,49,E,8,988,E,8,233,E,8,3.0,E,8,-9990,0,0,-9990,0,0,1.358,E,8,0.134,E,8,0.20,E,8,0,-9990,0,0
03/31/2005,21:00,0,0,0,3,0,0,3,0,0,3,0,0,3,0,0,3,0,0,3,0,-9990,0,0,8,E,8,6,E,8,14.7,E,8,5.9,E,8,55,E,8,989,E,8,189,E,8,2.5,E,8,-9990,0,0,-9990,0,0,1.404,E,8,0.134,E,8,0.20,E,8,0,-9990,0,0
03/31/2005,22:00,0,0,0,3,0,0,3,0,0,3,0,0,3,0,0,3,0,0,3,0,-9990,0,0,8,E,8,6,E,8,13.3,E,8,5.0,E,8,57,E,8,989,E,8,215,E,8,2.1,E,8,-9990,0,0,-9990,0,0,1.315,E,8,0.134,E,8,0.20,E,8,0,-9990,0,0
03/31/2005,23:00,0,0,0,3,0,0,3,0,0,3,0,0,3,0,0,3,0,0,3,0,-9990,0,0,8,E,8,6,E,8,11.9,E,8,4.7,E,8,61,E,8,989,E,8,210,E,8,3.0,E,8,-9990,0,0,-9990,0,0,1.285,E,8,0.134,E,8,0.20,E,8,0,-9990,0,0
03/31/2005,24:00,0,0,0,3,0,0,3,0,0,3,0,0,3,0,0,3,0,0,3,0,-9990,0,0,8,E,8,6,E,8,10.4,E,8,4.7,E,8,68,E,8,989,E,8,126,E,8,3.2,E,8,-9990,0,0,-9990,0,0,1.287,E,8,0.134,E,8,0.20,E,8,0,-9990,0,0
04/01/2005,01:00,0,0,0,3,0,0,3,0,0,3,0,0,3,0,0,3,0,0,3,0,-9990,0,0,5,E,8,4,E,8,8.9,E,8,2.8,E,8,66,E,8,989,E,8,106,E,8,1.8,E,8,-9990,0,0,-9990,0,0,1.132,E,8,0.145,E,8,0.20,E,8,0,-9990,0,0
04/01/2005,02:00,0,0,0,3,0,0,3,0,0,3,0,0,3,0,0,3,0,0,3,0,-9990,0,0,5,E,8,4,E,8,7.4,E,8,3.3,E,8,75,E,8,989,E,8,171,E,8,2.2,E,8,-9990,0,0,-9990,0,0,1.166,E,8,0.145,E,8,0.20,E,8,0,-9990,0,0
04/01/2005,03:00,0,0,0,3,0,0,3,0,0,3,0,0,3,0,0,3,0,0,3,0,-9990,0,0,5,E,8,4,E,8,5.9,E,8,2.0,E,8,76,E,8,989,E,8,208,E,8,3.7,E,8,-9990,0,0,-9990,0,0,1.068,E,8,0.145,E,8,0.20,E,8,0,-9990,0,0
04/01/2005,04:00,0,0,0,3,0,0,3,0,0,3,0,0,3,0,0,3,0,0,3,0,-9990,0,0,5,E,8,4,E,8,5.0,E,8,1.5,E,8,78,E,8,989,E,8,43,E,8,2.4,E,8,-9990,0,0,-9990,0,0,1.030,E,8,0.145,E,8,0.20,E,8,0,-9990,0,0
04/01/2005,05:00,0,0,0,3,0,0,3,0,0,3,0,0,3,0,0,3,0,0,3,0,-9990,0,0,5,E,8,5,E,8,4.2,E,8,1.2,E,8,81,E,8,989,E,8,144,E,8,1.5,E,8,-9990,0,0,-9990,0,0,1.009,E,8,0.145,E,8,0.20,E,8,0,-9990,0,0
04/01/2005,06:00,0,0,0,3,0,0,3,0,0,3,0,0,3,0,0,3,0,0,3,0,-9990,0,0,5,E,8,5,E,8,3.6,E,8,1.4,E,8,85,E,8,990,E,8,134,E,8,1.8,E,8,-9990,0,0,-9990,0,0,1.021,E,8,0.145,E,8,0.20,E,8,0,-9990,0,0
04/01/2005,07:00,27,327,3,3,10,0,3,20,3,3,10,446,3,10,10,3,20,445,3,10,-9990,0,0,5,E,8,5,E,8,3.5,E,8,2.1,E,8,90,E,8,990,E,8,120,E,8,1.6,E,8,-9990,0,0,-9990,0,0,1.072,E,8,0.145,E,8,0.20,E,8,0,-9990,0,0
04/01/2005,08:00,233,1369,106,3,10,320,3,20,51,3,10,11188,3,10,22551,3,20,7349,3,10,-9990,0,0,5,E,8,5,E,8,4.6,E,8,1.8,E,8,82,E,8,990,E,8,143,E,8,2.0,E,8,-9990,0,0,-9990,0,0,1.051,E,8,0.145,E,8,0.20,E,8,0,-9990,0,0
04/01/2005,09:00,462,1369,231,3,10,350,3,20,113,3,10,24408,3,10,25186,3,20,15916,3,10,-9990,0,0,5,E,8,4,E,8,5.9,E,8,1.8,E,8,75,E,8,990,E,8,134,E,8,0.9,E,8,-9990,0,0,-9990,0,0,1.054,E,8,0.145,E,8,0.20,E,8,0,-9990,0,0
04/01/2005,10:00,664,1369,331,3,10,228,3,20,220,3,10,36181,3,10,22221,3,20,25407,3,10,-9990,0,0,8,E,8,6,E,8,7.0,E,8,1.9,E,8,70,E,8,990,E,8,140,E,8,1.5,E,8,-9990,0,0,-9990,0,0,1.060,E,8,0.145,E,8,0.20,E,8,0,-9990,0,0
04/01/2005,11:00,826,1369,538,3,10,594,3,20,180,3,10,56526,3,10,53992,3,20,23953,3,10,-9990,0,0,4,E,8,3,E,8,8.7,E,8,0.4,E,8,56,E,8,990,E,8,64,E,8,1.8,E,8,-9990,0,0,-9990,0,0,0.957,E,8,0.145,E,8,0.20,E,8,0,-9990,0,0
04/01/2005,12:00,937,1369,578,3,10,494,3,20,240,3,10,62184,3,10,41999,3,20,33440,3,10,-9990,0,0,5,E,8,4,E,8,9.9,E,8,1.1,E,8,54,E,8,990,E,8,77,E,8,3.7,E,8,-9990,0,0,-9990,0,0,1.001,E,8,0.145,E,8,0.20,E,8,0,-9990,0,0
04/01/2005,13:00,990,1369,608,3,10,458,3,20,277,3,10,64979,3,10,37372,3,20,37972,3,10,-9990,0,0,6,E,8,5,E,8,10.8,E,8,0.7,E,8,50,E,8,991,E,8,153,E,8,6.6,E,8,-9990,0,0,-9990,0,0,0.974,E,8,0.145,E,8,0.20,E,8,0,-9990,0,0
04/01/2005,14:00,980,1369,582,3,10,394,3,20,300,3,10,63574,3,10,40758,3,20,34414,3,10,-9990,0,0,6,E,8,5,E,8,11.4,E,8,1.0,E,8,49,E,8,991,E,8,55,E,8,6.6,E,8,-9990,0,0,-9990,0,0,0.997,E,8,0.145,E,8,0.20,E,8,0,-9990,0,0
04/01/2005,15:00,908,1369,581,3,10,559,3,20,210,3,10,63119,3,10,50194,3,20,29827,3,10,-9990,0,0,4,E,8,3,E,8,11.8,E,8,1.4,E,8,49,E,8,991,E,8,36,E,8,4.6,E,8,-9990,0,0,-9990,0,0,1.020,E,8,0.145,E,8,0.20,E,8,0,-9990,0,0
04/01/2005,16:00,780,1369,443,3,10,402,3,20,214,3,10,46979,3,10,30779,3,20,29446,3,10,-9990,0,0,6,E,8,5,E,8,11.8,E,8,0.9,E,8,47,E,8,991,E,8,9,E,8,2.8,E,8,-9990,0,0,-9990,0,0,0.988,E,8,0.145,E,8,0.20,E,8,0,-9990,0,0
04/01/2005,17:00,604,1369,330,3,10,395,3,20,156,3,10,34979,3,10,29981,3,20,21757,3,10,-9990,0,0,5,E,8,4,E,8,11.4,E,8,1.2,E,8,49,E,8,991,E,8,82,E,8,3.7,E,8,-9990,0,0,-9990,0,0,1.007,E,8,0.145,E,8,0.20,E,8,0,-9990,0,0
04/01/2005,18:00,392,1369,174,3,10,202,3,20,116,3,10,18426,3,10,15080,3,20,14112,3,10,-9990,0,0,5,E,8,4,E,8,10.6,E,8,1.9,E,8,55,E,8,991,E,8,59,E,8,4.0,E,8,-9990,0,0,-9990,0,0,1.063,E,8,0.145,E,8,0.20,E,8,0,-9990,0,0
04/01/2005,19:00,158,1369,73,3,10,181,3,20,52,3,10,7563,3,10,10104,3,20,6396,3,10,-9990,0,0,5,E,8,4,E,8,9.5,E,8,2.6,E,8,62,E,8,991,E,8,35,E,8,3.2,E,8,-9990,0,0,-9990,0,0,1.113,E,8,0.145,E,8,0.20,E,8,0,-9990,0,0
04/01/2005,20:00,3,111,0,3,10,0,3,20,0,3,10,62,3,10,10,3,20,62,3,10,-9990,0,0,6,E,8,5,E,8,8.4,E,8,2.6,E,8,67,E,8,991,E,8,13,E,8,1.3,E,8,-9990,0,0,-9990,0,0,1.114,E,8,0.145,E,8,0.20,E,8,0,-9990,0,0
04/01/2005,21:00,0,0,0,3,0,0,3,0,0,3,0,0,3,0,0,3,0,0,3,0,-9990,0,0,6,E,8,5,E,8,7.5,E,8,3.5,E,8,76,E,8,991,E,8,344,E,8,2.2,E,8,-9990,0,0,-9990,0,0,1.188,E,8,0.145,E,8,0.20,E,8,0,-9990,0,0
04/01/2005,22:00,0,0,0,3,0,0,3,0,0,3,0,0,3,0,0,3,0,0,3,0,-9990,0,0,6,E,8,5,E,8,6.6,E,8,3.1,E,8,78,E,8,991,E,8,344,E,8,2.0,E,8,-9990,0,0,-9990,0,0,1.152,E,8,0.145,E,8,0.20,E,8,0,-9990,0,0
04/01/2005,23:00,0,0,0,3,0,0,3,0,0,3,0,0,3,0,0,3,0,0,3,0,-9990,0,0,6,E,8,6,E,8,5.7,E,8,2.7,E,8,81,E,8,991,E,8,348,E,8,2.4,E,8,-9990,0,0,-9990,0,0,1.120,E,8,0.145,E,8,0.20,E,8,0,-9990,0,0
04/01/2005,24:00,0,0,0,3,0,0,3,0,0,3,0,0,3,0,0,3,0,0,3,0,-9990,0,0,6,E,8,6,E,8,4.8,E,8,2.1,E,8,83,E,8,991,E,8,341,E,8,2.8,E,8,-9990,0,0,-9990,0,0,1.077,E,8,0.145,E,8,0.20,E,8,0,-9990,0,0
04/02/2005,01:00,0,0,0,3,0,0,3,0,0,3,0,0,3,0,0,3,0,0,3,0,-9990,0,0,6,E,8,6,E,8,4.5,E,8,1.8,E,8,83,E,8,991,E,8,347,E,8,2.2,E,8,-9990,0,0,-9990,0,0,1.054,E,8,0.138,E,8,0.20,E,8,0,-9990,0,0
04/02/2005,02:00,0,0,0,3,0,0,3,0,0,3,0,0,3,0,0,3,0,0,3,0,-9990,0,0,6,E,8,6,E,8,4.2,E,8,2.2,E,8,87,E,8,991,E,8,351,E,8,2.8,E,8,-9990,0,0,-9990,0,0,1.084,E,8,0.138,E,8,0.20,E,8,0,-9990,0,0
04/02/2005,03:00,0,0,0,3,0,0,3,0,0,3,0,0,3,0,0,3,0,0,3,0,-9990,0,0,6,E,8,6,E,8,3.9,E,8,2.1,E,8,88,E,8,991,E,8,339,E,8,4.2,E,8,-9990,0,0,-9990,0,0,1.074,E,8,0.138,E,8,0.20,E,8,0,-9990,0,0
04/02/2005,04:00,0,0,0,3,0,0,3,0,0,3,0,0,3,0,0,3,0,0,3,0,-9990,0,0,6,E,8,6,E,8,3.8,E,8,2.2,E,8,90,E,8,991,E,8,357,E,8,3.2,E,8,-9990,0,0,-9990,0,0,1.085,E,8,0.138,E,8,0.20,E,8,0,-9990,0,0
04/02/2005,05:00,0,0,0,3,0,0,3,0,0,3,0,0,3,0,0,3,0,0,3,0,-9990,0,0,8,E,8,7,E,8,3.6,E,8,2.0,E,8,89,E,8,991,E,8,351,E,8,2.8,E,8,-9990,0,0,-9990,0,0,1.067,E,8,0.138,E,8,0.20,E,8,0,-9990,0,0
04/02/2005,06:00,0,0,0,3,0,0,3,0,0,3,0,0,3,0,0,3,0,0,3,0,-9990,0,0,8,E,8,7,E,8,3.5,E,8,1.9,E,8,89,E,8,991,E,8,340,E,8,3.4,E,8,-9990,0,0,-9990,0,0,1.057,E,8,0.138,E,8,0.20,E,8,0,-9990,0,0
04/02/2005,07:00,31,350,3,3,10,0,3,20,3,3,10,448,3,10,9,3,20,448,3,10,-9990,0,0,8,E,8,7,E,8,3.6,E,8,1.7,E,8,87,E,8,991,E,8,340,E,8,6.6,E,8,-9990,0,0,-9990,0,0,1.045,E,8,0.138,E,8,0.20,E,8,0,-9990,0,0
04/02/2005,08:00,241,1368,110,3,10,208,3,20,73,3,10,11480,3,10,14310,3,20,8961,3,10,-9990,0,0,8,E,8,6,E,8,5.1,E,8,1.4,E,8,77,E,8,991,E,8,341,E,8,7.6,E,8,-9990,0,0,-9990,0,0,1.023,E,8,0.138,E,8,0.20,E,8,0,-9990,0,0
04/02/2005,09:00,469,1368,272,3,10,531,3,20,90,3,10,28390,3,10,44419,3,20,13163,3,10,-9990,0,0,1,E,8,1,E,8,7.1,E,8,1.5,E,8,67,E,8,991,E,8,350,E,8,7.0,E,8,-9990,0,0,-9990,0,0,1.029,E,8,0.138,E,8,0.20,E,8,0,-9990,0,0
04/02/2005,10:00,671,1368,403,3,10,528,3,20,145,3,10,43543,3,10,46674,3,20,20659,3,10,-9990,0,0,4,E,8,3,E,8,9.1,E,8,0.2,E,8,54,E,8,991,E,8,356,E,8,9.4,E,8,-9990,0,0,-9990,0,0,0.942,E,8,0.138,E,8,0.20,E,8,0,-9990,0,0
04/02/2005,11:00,833,1368,529,3,10,570,3,20,182,3,10,57425,3,10,51832,3,20,25885,3,10,-9990,0,0,4,E,8,3,E,8,10.9,E,8,-0.7,E,8,44,E,8,991,E,8,4,E,8,4.6,E,8,-9990,0,0,-9990,0,0,0.881,E,8,0.138,E,8,0.20,E,8,0,-9990,0,0
04/02/2005,12:00,943,1368,540,3,10,354,3,20,296,3,10,58694,3,10,36175,3,20,33756,3,10,-9990,0,0,8,E,8,6,E,8,12.2,E,8,-1.1,E,8,39,E,8,991,E,8,353,E,8,2.8,E,8,-9990,0,0,-9990,0,0,0.858,E,8,0.138,E,8,0.20,E,8,0,-9990,0,0
04/02/2005,13:00,995,1368,622,3,10,464,3,20,284,3,10,66267,3,10,37887,3,20,38710,3,10,-9990,0,0,6,E,8,5,E,8,13.5,E,8,-0.4,E,8,38,E,8,991,E,8,12,E,8,3.7,E,8,-9990,0,0,-9990,0,0,0.903,E,8,0.138,E,8,0.20,E,8,0,-9990,0,0
04/02/2005,14:00,985,1368,705,3,10,703,3,20,199,3,10,74938,3,10,67915,3,20,26045,3,10,-9990,0,0,3,E,8,2,E,8,14.7,E,8,0.4,E,8,37,E,8,991,E,8,7,E,8,3.0,E,8,-9990,0,0,-9990,0,0,0.953,E,8,0.138,E,8,0.20,E,8,0,-9990,0,0
04/02/2005,15:00,913,1368,545,3,10,398,3,20,279,3,10,59257,3,10,40692,3,20,32094,3,10,-9990,0,0,6,E,8,5,E,8,15.2,E,8,-0.3,E,8,35,E,8,991,E,8,8,E,8,3.4,E,8,-9990,0,0,-9990,0,0,0.906,E,8,0.138,E,8,0.20,E,8,0,-9990,0,0
04/02/2005,16:00,785,1368,427,3,10,332,3,20,237,3,10,46172,3,10,32385,3,20,27590,3,10,-9990,0,0,8,E,8,6,E,8,15.2,E,8,0.2,E,8,36,E,8,991,E,8,41,E,8,3.0,E,8,-9990,0,0,-9990,0,0,0.938,E,8,0.138,E,8,0.20,E,8,0,-9990,0,0
04/02/2005,17:00,609,1368,285,3,10,161,3,20,214,3,10,30989,3,10,14627,3,20,24479,3,10,-9990,0,0,9,E,8,8,E,8,14.7,E,8,-0.3,E,8,36,E,8,991,E,8,90,E,8,2.0,E,8,-9990,0,0,-9990,0,0,0.910,E,8,0.138,E,8,0.20,E,8,0,-9990,0,0
04/02/2005,18:00,397,1368,162,3,10,145,3,20,120,3,10,17630,3,10,12682,3,20,13951,3,10,-9990,0,0,9,E,8,8,E,8,13.7,E,8,-1.0,E,8,36,E,8,991,E,8,24,E,8,4.6,E,8,-9990,0,0,-9990,0,0,0.863,E,8,0.138,E,8,0.20,E,8,0,-9990,0,0
04/02/2005,19:00,164,1368,25,3,10,0,3,20,25,3,10,2924,3,10,0,3,20,2924,3,10,-9990,0,0,9,E,8,8,E,8,12.4,E,8,-0.9,E,8,40,E,8,991,E,8,67,E,8,4.6,E,8,-9990,0,0,-9990,0,0,0.872,E,8,0.138,E,8,0.20,E,8,0,-9990,0,0
04/02/2005,20:00,4,127,0,3,10,0,3,20,0,3,10,36,3,10,6,3,20,35,3,10,-9990,0,0,9,E,8,8,E,8,11.2,E,8,-0.8,E,8,43,E,8,991,E,8,62,E,8,3.4,E,8,-9990,0,0,-9990,0,0,0.880,E,8,0.138,E,8,0.20,E,8,0,-9990,0,0
04/02/2005,21:00,0,0,0,3,0,0,3,0,0,3,0,0,3,0,0,3,0,0,3,0,-9990,0,0,8,E,8,6,E,8,10.1,E,8,1.1,E,8,53,E,8,991,E,8,69,E,8,5.1,E,8,-9990,0,0,-9990,0,0,1.003,E,8,0.138,E,8,0.20,E,8,0,-9990,0,0
04/02/2005,22:00,0,0,0,3,0,0,3,0,0,3,0,0,3,0,0,3,0,0,3,0,-9990,0,0,8,E,8,6,E,8,9.0,E,8,0.5,E,8,55,E,8,991,E,8,77,E,8,5.1,E,8,-9990,0,0,-9990,0,0,0.960,E,8,0.138,E,8,0.20,E,8,0,-9990,0,0
04/02/2005,23:00,0,0,0,3,0,0,3,0,0,3,0,0,3,0,0,3,0,0,3,0,-9990,0,0,8,E,8,6,E,8,7.9,E,8,0.0,E,8,57,E,8,991,E,8,61,E,8,3.7,E,8,-9990,0,0,-9990,0,0,0.925,E,8,0.138,E,8,0.20,E,8,0,-9990,0,0
04/02/2005,24:00,0,0,0,3,0,0,3,0,0,3,0,0,3,0,0,3,0,0,3,0,-9990,0,0,8,E,8,6,E,8,6.8,E,8,-0.1,E,8,61,E,8,991,E,8,43,E,8,3.0,E,8,-9990,0,0,-9990,0,0,0.923,E,8,0.138,E,8,0.20,E,8,0,-9990,0,0
04/03/2005,01:00,0,0,0,3,0,0,3,0,0,3,0,0,3,0,0,3,0,0,3,0,-9990,0,0,8,E,8,6,E,8,5.7,E,8,-0.4,E,8,65,E,8,991,E,8,59,E,8,3.7,E,8,-9990,0,0,-9990,0,0,0.901,E,8,0.129,E,8,0.20,E,8,0,-9990,0,0
04/03/2005,02:00,0,0,0,3,0,0,3,0,0,3,0,0,3,0,0,3,0,0,3,0,-9990,0,0,8,E,8,6,E,8,4.4,E,8,-0.8,E,8,69,E,8,991,E,8,76,E,8,2.4,E,8,-9990,0,0,-9990,0,0,0.876,E,8,0.129,E,8,0.20,E,8,0,-9990,0,0
04/03/2005,03:00,0,0,0,3,0,0,3,0,0,3,0,0,3,0,0,3,0,0,3,0,-9990,0,0,8,E,8,6,E,8,3.1,E,8,-0.9,E,8,75,E,8,991,E,8,42,E,8,3.7,E,8,-9990,0,0,-9990,0,0,0.874,E,8,0.129,E,8,0.20,E,8,0,-9990,0,0
04/03/2005,04:00,0,0,0,3,0,0,3,0,0,3,0,0,3,0,0,3,0,0,3,0,-9990,0,0,8,E,8,7,E,8,2.4,E,8,-0.6,E,8,81,E,8,991,E,8,116,E,8,1.6,E,8,-9990,0,0,-9990,0,0,0.893,E,8,0.129,E,8,0.20,E,8,0,-9990,0,0
04/03/2005,05:00,0,0,0,3,0,0,3,0,0,3,0,0,3,0,0,3,0,0,3,0,-9990,0,0,6,E,8,6,E,8,1.7,E,8,-0.4,E,8,86,E,8,991,E,8,119,E,8,1.2,E,8,-9990,0,0,-9990,0,0,0.905,E,8,0.129,E,8,0.20,E,8,0,-9990,0,0
04/03/2005,06:00,0,0,0,3,0,0,3,0,0,3,0,0,3,0,0,3,0,0,3,0,-9990,0,0,6,E,8,6,E,8,1.1,E,8,-0.5,E,8,89,E,8,991,E,8,195,E,8,1.6,E,8,-9990,0,0,-9990,0,0,0.896,E,8,0.129,E,8,0.20,E,8,0,-9990,0,0
04/03/2005,07:00,35,373,5,3,10,0,3,20,5,3,10,582,3,10,8,3,20,581,3,10,-9990,0,0,6,E,8,6,E,8,1.1,E,8,-0.9,E,8,86,E,8,991,E,8,137,E,8,2.4,E,8,-9990,0,0,-9990,0,0,0.872,E,8,0.129,E,8,0.20,E,8,0,-9990,0,0
04/03/2005,08:00,249,1368,116,3,10,268,3,20,67,3,10,11880,3,10,15131,3,20,9129,3,10,-9990,0,0,6,E,8,6,E,8,2.3,E,8,-0.5,E,8,82,E,8,991,E,8,142,E,8,1.3,E,8,-9990,0,0,-9990,0,0,0.896,E,8,0.129,E,8,0.20,E,8,0,-9990,0,0
04/03/2005,09:00,477,1368,259,3,10,449,3,20,103,3,10,27634,3,10,37433,3,20,14591,3,10,-9990,0,0,4,E,8,3,E,8,3.6,E,8,-0.4,E,8,75,E,8,991,E,8,133,E,8,2.0,E,8,-9990,0,0,-9990,0,0,0.902,E,8,0.129,E,8,0.20,E,8,0,-9990,0,0
04/03/2005,10:00,678,1368,361,3,10,337,3,20,194,3,10,38876,3,10,32136,3,20,22946,3,10,-9990,0,0,6,E,8,5,E,8,4.8,E,8,0.1,E,8,71,E,8,991,E,8,69,E,8,1.3,E,8,-9990,0,0,-9990,0,0,0.937,E,8,0.129,E,8,0.20,E,8,0,-9990,0,0
04/03/2005,11:00,839,1368,528,3,10,549,3,20,191,3,10,57097,3,10,48978,3,20,27040,3,10,-9990,0,0,4,E,8,3,E,8,6.3,E,8,0.2,E,8,65,E,8,991,E,8,71,E,8,1.6,E,8,-9990,0,0,-9990,0,0,0.939,E,8,0.129,E,8,0.20,E,8,0,-9990,0,0
04/03/2005,12:00,950,1368,572,3,10,436,3,20,270,3,10,60863,3,10,34687,3,20,36782,3,10,-9990,0,0,6,E,8,5,E,8,7.4,E,8,0.5,E,8,62,E,8,991,E,8,61,E,8,1.2,E,8,-9990,0,0,-9990,0,0,0.962,E,8,0.129,E,8,0.20,E,8,0,-9990,0,0
04/03/2005,13:00,1001,1368,630,3,10,500,3,20,264,3,10,67708,3,10,42494,3,20,36602,3,10,-9990,0,0,5,E,8,4,E,8,8.3,E,8,1.0,E,8,60,E,8,991,E,8,47,E,8,0.8,E,8,-9990,0,0,-9990,0,0,0.996,E,8,0.129,E,8,0.20,E,8,0,-9990,0,0
04/03/2005,14:00,991,1368,575,3,10,360,3,20,315,3,10,62610,3,10,36793,3,20,35960,3,10,-9990,0,0,8,E,8,6,E,8,8.8,E,8,1.5,E,8,60,E,8,991,E,8,35,E,8,0.7,E,8,-9990,0,0,-9990,0,0,1.034,E,8,0.129,E,8,0.20,E,8,0,-9990,0,0
04/03/2005,15:00,919,1368,572,3,10,502,3,20,235,3,10,61484,3,10,42768,3,20,32755,3,10,-9990,0,0,5,E,8,4,E,8,9.1,E,8,2.1,E,8,61,E,8,991,E,8,55,E,8,1.0,E,8,-9990,0,0,-9990,0,0,1.071,E,8,0.129,E,8,0.20,E,8,0,-9990,0,0
04/03/2005,16:00,790,1368,534,3,10,633,3,20,168,3,10,56117,3,10,57827,3,20,22702,3,10,-9990,0,0,4,E,8,3,E,8,9.3,E,8,2.5,E,8,62,E,8,991,E,8,65,E,8,1.1,E,8,-9990,0,0,-9990,0,0,1.108,E,8,0.129,E,8,0.20,E,8,0,-9990,0,0
04/03/2005,17:00,614,1368,353,3,10,420,3,20,164,3,10,37168,3,10,32064,3,20,22771,3,10,-9990,0,0,6,E,8,5,E,8,9.0,E,8,2.5,E,8,64,E,8,991,E,8,89,E,8,0.8,E,8,-9990,0,0,-9990,0,0,1.104,E,8,0.129,E,8,0.20,E,8,0,-9990,0,0
04/03/2005,18:00,402,1368,187,3,10,260,3,20,110,3,10,19866,3,10,21539,3,20,13532,3,10,-9990,0,0,8,E,8,6,E,8,8.1,E,8,3.2,E,8,71,E,8,991,E,8,126,E,8,0.8,E,8,-9990,0,0,-9990,0,0,1.163,E,8,0.129,E,8,0.20,E,8,0,-9990,0,0
04/03/2005,19:00,169,1368,54,3,10,81,3,20,44,3,10,5918,3,10,5213,3,20,5274,3,10,-9990,0,0,8,E,8,6,E,8,7.0,E,8,2.8,E,8,75,E,8,991,E,8,69,E,8,0.1,E,8,-9990,0,0,-9990,0,0,1.129,E,8,0.129,E,8,0.20,E,8,0,-9990,0,0
04/03/2005,20:00,5,143,0,3,10,0,3,20,0,3,10,38,3,10,5,3,20,38,3,10,-9990,0,0,8,E,8,7,E,8,5.8,E,8,2.9,E,8,81,E,8,992,E,8,64,E,8,0.1,E,8,-9990,0,0,-9990,0,0,1.135,E,8,0.129,E,8,0.20,E,8,0,-9990,0,0
04/03/2005,21:00,0,0,0,3,0,0,3,0,0,3,0,0,3,0,0,3,0,0,3,0,-9990,0,0,8,E,8,7,E,8,5.1,E,8,3.5,E,8,89,E,8,992,E,8,70,E,8,0.0,E,8,-9990,0,0,-9990,0,0,1.182,E,8,0.129,E,8,0.20,E,8,0,-9990,0,0
04/03/2005,22:00,0,0,0,3,0,0,3,0,0,3,0,0,3,0,0,3,0,0,3,0,-9990,0,0,8,E,8,7,E,8,4.4,E,8,3.3,E,8,93,E,8,992,E,8,99,E,8,0.1,E,8,-9990,0,0,-9990,0,0,1.169,E,8,0.129,E,8,0.20,E,8,0,-9990,0,0
04/03/2005,23:00,0,0,0,3,0,0,3,0,0,3,0,0,3,0,0,3,0,0,3,0,-9990,0,0,6,E,8,6,E,8,3.7,E,8,2.9,E,8,95,E,8,992,E,8,43,E,8,0.1,E,8,-9990,0,0,-9990,0,0,1.140,E,8,0.129,E,8,0.20,E,8,0,-9990,0,0
04/03/2005,24:00,0,0,0,3,0,0,3,0,0,3,0,0,3,0,0,3,0,0,3,0,-9990,0,0,6,E,8,6,E,8,2.9,E,8,2.1,E,8,94,E,8,992,E,8,137,E,8,0.1,E,8,-9990,0,0,-9990,0,0,1.078,E,8,0.129,E,8,0.20,E,8,0,-9990,0,0
04/04/2005,01:00,0,0,0,3,0,0,3,0,0,3,0,0,3,0,0,3,0,0,3,0,-9990,0,0,6,E,8,6,E,8,2.9,E,8,1.2,E,8,89,E,8,992,E,8,63,E,8,0.1,E,8,-9990,0,0,-9990,0,0,1.008,E,8,0.114,E,8,0.20,E,8,0,-9990,0,0
04/04/2005,02:00,0,0,0,3,0,0,3,0,0,3,0,0,3,0,0,3,0,0,3,0,-9990,0,0,6,E,8,6,E,8,2.8,E,8,2.1,E,8,95,E,8,992,E,8,114,E,8,0.0,E,8,-9990,0,0,-9990,0,0,1.072,E,8,0.114,E,8,0.20,E,8,0,-9990,0,0
04/04/2005,03:00,0,0,0,3,0,0,3,0,0,3,0,0,3,0,0,3,0,0,3,0,-9990,0,0,6,E,8,6,E,8,2.7,E,8,1.7,E,8,93,E,8,993,E,8,56,E,8,0.2,E,8,-9990,0,0,-9990,0,0,1.042,E,8,0.114,E,8,0.20,E,8,0,-9990,0,0
04/04/2005,04:00,0,0,0,3,0,0,3,0,0,3,0,0,3,0,0,3,0,0,3,0,-9990,0,0,6,E,8,6,E,8,2.7,E,8,1.7,E,8,93,E,8,993,E,8,157,E,8,0.3,E,8,-9990,0,0,-9990,0,0,1.047,E,8,0.114,E,8,0.20,E,8,0,-9990,0,0
04/04/2005,05:00,0,0,0,3,0,0,3,0,0,3,0,0,3,0,0,3,0,0,3,0,-9990,0,0,6,E,8,6,E,8,2.7,E,8,1.4,E,8,92,E,8,993,E,8,70,E,8,0.3,E,8,-9990,0,0,-9990,0,0,1.026,E,8,0.114,E,8,0.20,E,8,0,-9990,0,0
04/04/2005,06:00,0,0,0,3,0,0,3,0,0,3,0,0,3,0,0,3,0,0,3,0,-9990,0,0,6,E,8,6,E,8,2.6,E,8,2.0,E,8,95,E,8,993,E,8,102,E,8,0.4,E,8,-9990,0,0,-9990,0,0,1.066,E,8,0.114,E,8,0.20,E,8,0,-9990,0,0
04/04/2005,07:00,40,396,6,3,10,0,3,20,6,3,10,706,3,10,7,3,20,706,3,10,-9990,0,0,6,E,8,6,E,8,2.8,E,8,2.6,E,8,98,E,8,993,E,8,42,E,8,0.1,E,8,-9990,0,0,-9990,0,0,1.110,E,8,0.114,E,8,0.20,E,8,0,-9990,0,0
04/04/2005,08:00,256,1367,147,3,10,335,3,20,84,3,10,14743,3,10,19562,3,20,11073,3,10,-9990,0,0,6,E,8,6,E,8,4.9,E,8,1.8,E,8,80,E,8,993,E,8,44,E,8,0.7,E,8,-9990,0,0,-9990,0,0,1.055,E,8,0.114,E,8,0.20,E,8,0,-9990,0,0
04/04/2005,09:00,484,1367,322,3,10,770,3,20,49,3,10,34523,3,10,75831,3,20,7678,3,10,-9990,0,0,0,E,8,0,E,8,7.4,E,8,2.0,E,8,69,E,8,993,E,8,129,E,8,0.9,E,8,-9990,0,0,-9990,0,0,1.069,E,8,0.114,E,8,0.20,E,8,0,-9990,0,0
04/04/2005,10:00,685,1367,494,3,10,877,3,20,54,3,10,53043,3,10,89463,3,20,8216,3,10,-9990,0,0,0,E,8,0,E,8,9.9,E,8,1.6,E,8,56,E,8,994,E,8,156,E,8,0.6,E,8,-9990,0,0,-9990,0,0,1.036,E,8,0.114,E,8,0.20,E,8,0,-9990,0,0
04/04/2005,11:00,846,1367,634,3,10,918,3,20,66,3,10,67752,3,10,93890,3,20,9655,3,10,-9990,0,0,0,E,8,0,E,8,12.2,E,8,0.7,E,8,45,E,8,994,E,8,98,E,8,0.3,E,8,-9990,0,0,-9990,0,0,0.974,E,8,0.114,E,8,0.20,E,8,0,-9990,0,0
04/04/2005,12:00,956,1367,730,3,10,933,3,20,78,3,10,77617,3,10,95203,3,20,11059,3,10,-9990,0,0,0,E,8,0,E,8,14.3,E,8,0.7,E,8,40,E,8,994,E,8,73,E,8,0.3,E,8,-9990,0,0,-9990,0,0,0.976,E,8,0.114,E,8,0.20,E,8,0,-9990,0,0
04/04/2005,13:00,1007,1367,774,3,10,937,3,20,84,3,10,82155,3,10,95529,3,20,11787,3,10,-9990,0,0,0,E,8,0,E,8,15.9,E,8,0.9,E,8,36,E,8,994,E,8,44,E,8,0.9,E,8,-9990,0,0,-9990,0,0,0.985,E,8,0.114,E,8,0.20,E,8,0,-9990,0,0
04/04/2005,14:00,996,1367,771,3,10,949,3,20,80,3,10,81960,3,10,97069,3,20,11226,3,10,-9990,0,0,0,E,8,0,E,8,17.1,E,8,1.0,E,8,33,E,8,994,E,8,57,E,8,0.2,E,8,-9990,0,0,-9990,0,0,0.992,E,8,0.114,E,8,0.20,E,8,0,-9990,0,0
04/04/2005,15:00,924,1367,709,3,10,942,3,20,72,3,10,75532,3,10,96498,3,20,10308,3,10,-9990,0,0,0,E,8,0,E,8,17.9,E,8,1.0,E,8,32,E,8,994,E,8,44,E,8,0.3,E,8,-9990,0,0,-9990,0,0,0.992,E,8,0.114,E,8,0.20,E,8,0,-9990,0,0
04/04/2005,16:00,795,1367,598,3,10,925,3,20,60,3,10,64132,3,10,95112,3,20,8789,3,10,-9990,0,0,0,E,8,0,E,8,18.1,E,8,2.1,E,8,34,E,8,994,E,8,86,E,8,0.2,E,8,-9990,0,0,-9990,0,0,1.072,E,8,0.114,E,8,0.20,E,8,0,-9990,0,0
04/04/2005,17:00,619,1367,451,3,10,889,3,20,49,3,10,48611,3,10,90859,3,20,7454,3,10,-9990,0,0,0,E,8,0,E,8,17.8,E,8,2.1,E,8,35,E,8,994,E,8,38,E,8,0.7,E,8,-9990,0,0,-9990,0,0,1.074,E,8,0.114,E,8,0.20,E,8,0,-9990,0,0
04/04/2005,18:00,407,1367,276,3,10,774,3,20,45,3,10,29589,3,10,75564,3,20,7072,3,10,-9990,0,0,0,E,8,0,E,8,16.8,E,8,2.8,E,8,39,E,8,994,E,8,145,E,8,0.5,E,8,-9990,0,0,-9990,0,0,1.126,E,8,0.114,E,8,0.20,E,8,0,-9990,0,0
04/04/2005,19:00,174,1367,101,3,10,554,3,20,31,3,10,10189,3,10,40759,3,20,4992,3,10,-9990,0,0,0,E,8,0,E,8,15.3,E,8,3.8,E,8,46,E,8,993,E,8,157,E,8,0.3,E,8,-9990,0,0,-9990,0,0,1.208,E,8,0.114,E,8,0.20,E,8,0,-9990,0,0
04/04/2005,20:00,6,159,1,3,10,0,3,20,1,3,10,96,3,10,9,3,20,96,3,10,-9990,0,0,1,E,8,1,E,8,13.6,E,8,4.4,E,8,54,E,8,993,E,8,167,E,8,0.5,E,8,-9990,0,0,-9990,0,0,1.264,E,8,0.114,E,8,0.20,E,8,0,-9990,0,0
04/04/2005,21:00,0,0,0,3,0,0,3,0,0,3,0,0,3,0,0,3,0,0,3,0,-9990,0,0,1,E,8,1,E,8,13.0,E,8,6.5,E,8,65,E,8,993,E,8,175,E,8,0.8,E,8,-9990,0,0,-9990,0,0,1.465,E,8,0.114,E,8,0.20,E,8,0,-9990,0,0
04/04/2005,22:00,0,0,0,3,0,0,3,0,0,3,0,0,3,0,0,3,0,0,3,0,-9990,0,0,1,E,8,1,E,8,12.5,E,8,6.3,E,8,66,E,8,993,E,8,259,E,8,2.8,E,8,-9990,0,0,-9990,0,0,1.440,E,8,0.114,E,8,0.20,E,8,0,-9990,0,0
04/04/2005,23:00,0,0,0,3,0,0,3,0,0,3,0,0,3,0,0,3,0,0,3,0,-9990,0,0,3,E,8,2,E,8,11.9,E,8,5.6,E,8,65,E,8,993,E,8,169,E,8,2.2,E,8,-9990,0,0,-9990,0,0,1.377,E,8,0.114,E,8,0.20,E,8,0,-9990,0,0
04/04/2005,24:00,0,0,0,3,0,0,3,0,0,3,0,0,3,0,0,3,0,0,3,0,-9990,0,0,3,E,8,2,E,8,11.3,E,8,5.4,E,8,67,E,8,993,E,8,132,E,8,2.8,E,8,-9990,0,0,-9990,0,0,1.356,E,8,0.114,E,8,0.20,E,8,0,-9990,0,0
04/05/2005,01:00,0,0,0,3,0,0,3,0,0,3,0,0,3,0,0,3,0,0,3,0,-9990,0,0,4,E,8,3,E,8,10.8,E,8,5.3,E,8,69,E,8,993,E,8,140,E,8,3.7,E,8,-9990,0,0,-9990,0,0,1.344,E,8,0.123,E,8,0.20,E,8,0,-9990,0,0
04/05/2005,02:00,0,0,0,3,0,0,3,0,0,3,0,0,3,0,0,3,0,0,3,0,-9990,0,0,4,E,8,3,E,8,10.2,E,8,5.5,E,8,73,E,8,993,E,8,297,E,8,2.8,E,8,-9990,0,0,-9990,0,0,1.368,E,8,0.123,E,8,0.20,E,8,0,-9990,0,0
04/05/2005,03:00,0,0,0,3,0,0,3,0,0,3,0,0,3,0,0,3,0,0,3,0,-9990,0,0,4,E,8,3,E,8,9.6,E,8,6.4,E,8,80,E,8,993,E,8,274,E,8,4.0,E,8,-9990,0,0,-9990,0,0,1.449,E,8,0.123,E,8,0.20,E,8,0,-9990,0,0
04/05/2005,04:00,0,0,0,3,0,0,3,0,0,3,0,0,3,0,0,3,0,0,3,0,-9990,0,0,5,E,8,5,E,8,9.3,E,8,6.6,E,8,83,E,8,993,E,8,304,E,8,3.7,E,8,-9990,0,0,-9990,0,0,1.471,E,8,0.123,E,8,0.20,E,8,0,-9990,0,0
04/05/2005,05:00,0,0,0,3,0,0,3,0,0,3,0,0,3,0,0,3,0,0,3,0,-9990,0,0,5,E,8,5,E,8,9.0,E,8,6.7,E,8,85,E,8,993,E,8,231,E,8,2.4,E,8,-9990,0,0,-9990,0,0,1.481,E,8,0.123,E,8,0.20,E,8,0,-9990,0,0
04/05/2005,06:00,0,0,0,3,0,0,3,0,0,3,0,0,3,0,0,3,0,0,3,0,-9990,0,0,5,E,8,5,E,8,8.8,E,8,7.3,E,8,90,E,8,992,E,8,183,E,8,2.2,E,8,-9990,0,0,-9990,0,0,1.543,E,8,0.123,E,8,0.20,E,8,0,-9990,0,0
04/05/2005,07:00,45,418,5,3,10,0,3,20,5,3,10,679,3,10,6,3,20,678,3,10,-9990,0,0,6,E,8,6,E,8,8.9,E,8,7.9,E,8,93,E,8,992,E,8,197,E,8,3.7,E,8,-9990,0,0,-9990,0,0,1.611,E,8,0.123,E,8,0.20,E,8,0,-9990,0,0
04/05/2005,08:00,264,1366,126,3,10,284,3,20,71,3,10,12936,3,10,15746,3,20,9892,3,10,-9990,0,0,6,E,8,6,E,8,10.5,E,8,8.3,E,8,86,E,8,992,E,8,268,E,8,3.2,E,8,-9990,0,0,-9990,0,0,1.662,E,8,0.123,E,8,0.20,E,8,0,-9990,0,0
04/05/2005,09:00,491,1366,272,3,10,445,3,20,113,3,10,29000,3,10,35219,3,20,16338,3,10,-9990,0,0,5,E,8,5,E,8,12.4,E,8,9.3,E,8,81,E,8,992,E,8,155,E,8,1.8,E,8,-9990,0,0,-9990,0,0,1.781,E,8,0.123,E,8,0.20,E,8,0,-9990,0,0
04/05/2005,10:00,692,1366,413,3,10,481,3,20,170,3,10,44133,3,10,39166,3,20,24300,3,10,-9990,0,0,5,E,8,4,E,8,14.3,E,8,7.9,E,8,65,E,8,992,E,8,138,E,8,0.8,E,8,-9990,0,0,-9990,0,0,1.612,E,8,0.123,E,8,0.20,E,8,0,-9990,0,0
04/05/2005,11:00,852,1366,531,3,10,528,3,20,201,3,10,57430,3,10,45574,3,20,28999,3,10,-9990,0,0,5,E,8,4,E,8,16.1,E,8,7.6,E,8,57,E,8,992,E,8,280,E,8,0.7,E,8,-9990,0,0,-9990,0,0,1.584,E,8,0.123,E,8,0.20,E,8,0,-9990,0,0
04/05/2005,12:00,962,1366,614,3,10,541,3,20,233,3,10,66574,3,10,47107,3,20,33414,3,10,-9990,0,0,5,E,8,4,E,8,17.7,E,8,7.3,E,8,51,E,8,992,E,8,258,E,8,1.3,E,8,-9990,0,0,-9990,0,0,1.547,E,8,0.123,E,8,0.20,E,8,0,-9990,0,0
04/05/2005,13:00,1013,1366,650,3,10,534,3,20,254,3,10,70417,3,10,46284,3,20,36113,3,10,-9990,0,0,5,E,8,4,E,8,18.9,E,8,6.7,E,8,45,E,8,992,E,8,311,E,8,0.6,E,8,-9990,0,0,-9990,0,0,1.478,E,8,0.123,E,8,0.20,E,8,0,-9990,0,0
04/05/2005,14:00,1001,1366,639,3,10,528,3,20,252,3,10,69284,3,10,45408,3,20,36000,3,10,-9990,0,0,5,E,8,4,E,8,19.8,E,8,7.8,E,8,46,E,8,992,E,8,311,E,8,0.4,E,8,-9990,0,0,-9990,0,0,1.601,E,8,0.123,E,8,0.20,E,8,0,-9990,0,0
04/05/2005,15:00,929,1366,581,3,10,511,3,20,233,3,10,62728,3,10,43244,3,20,33320,3,10,-9990,0,0,5,E,8,4,E,8,20.3,E,8,7.7,E,8,44,E,8,991,E,8,316,E,8,0.4,E,8,-9990,0,0,-9990,0,0,1.595,E,8,0.123,E,8,0.20,E,8,0,-9990,0,0
04/05/2005,16:00,800,1366,495,3,10,529,3,20,185,3,10,53598,3,10,45769,3,20,26784,3,10,-9990,0,0,5,E,8,4,E,8,20.4,E,8,7.8,E,8,44,E,8,991,E,8,331,E,8,0.6,E,8,-9990,0,0,-9990,0,0,1.604,E,8,0.123,E,8,0.20,E,8,0,-9990,0,0
04/05/2005,17:00,624,1366,371,3,10,496,3,20,144,3,10,39808,3,10,41386,3,20,20899,3,10,-9990,0,0,5,E,8,4,E,8,20.1,E,8,8.5,E,8,47,E,8,990,E,8,309,E,8,2.4,E,8,-9990,0,0,-9990,0,0,1.677,E,8,0.123,E,8,0.20,E,8,0,-9990,0,0
04/05/2005,18:00,412,1366,222,3,10,453,3,20,85,3,10,23813,3,10,37331,3,20,12543,3,10,-9990,0,0,4,E,8,3,E,8,19.3,E,8,9.0,E,8,51,E,8,990,E,8,289,E,8,1.6,E,8,-9990,0,0,-9990,0,0,1.748,E,8,0.123,E,8,0.20,E,8,0,-9990,0,0
04/05/2005,19:00,180,1366,80,3,10,291,3,20,42,3,10,8394,3,10,17819,3,20,6051,3,10,-9990,0,0,4,E,8,3,E,8,18.0,E,8,8.7,E,8,54,E,8,990,E,8,282,E,8,1.6,E,8,-9990,0,0,-9990,0,0,1.707,E,8,0.123,E,8,0.20,E,8,0,-9990,0,0
04/05/2005,20:00,8,175,0,3,10,0,3,20,0,3,10,55,3,10,6,3,20,54,3,10,-9990,0,0,5,E,8,4,E,8,16.7,E,8,9.6,E,8,63,E,8,989,E,8,305,E,8,2.4,E,8,-9990,0,0,-9990,0,0,1.815,E,8,0.123,E,8,0.20,E,8,0,-9990,0,0
04/05/2005,21:00,0,0,0,3,0,0,3,0,0,3,0,0,3,0,0,3,0,0,3,0,-9990,0,0,5,E,8,4,E,8,16.0,E,8,10.5,E,8,70,E,8,989,E,8,317,E,8,2.8,E,8,-9990,0,0,-9990,0,0,1.929,E,8,0.123,E,8,0.20,E,8,0,-9990,0,0
04/05/2005,22:00,0,0,0,3,0,0,3,0,0,3,0,0,3,0,0,3,0,0,3,0,-9990,0,0,5,E,8,4,E,8,15.4,E,8,10.4,E,8,72,E,8,989,E,8,311,E,8,3.2,E,8,-9990,0,0,-9990,0,0,1.915,E,8,0.123,E,8,0.20,E,8,0,-9990,0,0
04/05/2005,23:00,0,0,0,3,0,0,3,0,0,3,0,0,3,0,0,3,0,0,3,0,-9990,0,0,6,E,8,5,E,8,14.7,E,8,10.1,E,8,74,E,8,988,E,8,306,E,8,2.6,E,8,-9990,0,0,-9990,0,0,1.881,E,8,0.123,E,8,0.20,E,8,0,-9990,0,0
04/05/2005,24:00,0,0,0,3,0,0,3,0,0,3,0,0,3,0,0,3,0,0,3,0,-9990,0,0,6,E,8,5,E,8,14.1,E,8,10.5,E,8,79,E,8,988,E,8,331,E,8,2.0,E,8,-9990,0,0,-9990,0,0,1.937,E,8,0.123,E,8,0.20,E,8,0,-9990,0,0
04/06/2005,01:00,0,0,0,3,0,0,3,0,0,3,0,0,3,0,0,3,0,0,3,0,-9990,0,0,8,E,8,6,E,8,13.6,E,8,10.0,E,8,79,E,8,988,E,8,311,E,8,2.0,E,8,-9990,0,0,-9990,0,0,1.875,E,8,0.151,E,8,0.20,E,8,0,-9990,0,0
04/06/2005,02:00,0,0,0,3,0,0,3,0,0,3,0,0,3,0,0,3,0,0,3,0,-9990,0,0,8,E,8,7,E,8,13.2,E,8,10.3,E,8,82,E,8,987,E,8,274,E,8,1.2,E,8,-9990,0,0,-9990,0,0,1.902,E,8,0.151,E,8,0.20,E,8,0,-9990,0,0
04/06/2005,03:00,0,0,0,3,0,0,3,0,0,3,0,0,3,0,0,3,0,0,3,0,-9990,0,0,8,E,8,7,E,8,12.7,E,8,10.6,E,8,87,E,8,987,E,8,284,E,8,1.1,E,8,-9990,0,0,-9990,0,0,1.942,E,8,0.151,E,8,0.20,E,8,0,-9990,0,0
04/06/2005,04:00,0,0,0,3,0,0,3,0,0,3,0,0,3,0,0,3,0,0,3,0,-9990,0,0,9,E,8,8,E,8,12.4,E,8,10.0,E,8,85,E,8,987,E,8,329,E,8,1.6,E,8,-9990,0,0,-9990,0,0,1.869,E,8,0.151,E,8,0.20,E,8,0,-9990,0,0
04/06/2005,05:00,0,0,0,3,0,0,3,0,0,3,0,0,3,0,0,3,0,0,3,0,-9990,0,0,9,E,8,8,E,8,12.2,E,8,9.9,E,8,86,E,8,986,E,8,307,E,8,1.0,E,8,-9990,0,0,-9990,0,0,1.856,E,8,0.151,E,8,0.20,E,8,0,-9990,0,0
04/06/2005,06:00,0,0,0,3,0,0,3,0,0,3,0,0,3,0,0,3,0,0,3,0,-9990,0,0,9,E,8,8,E,8,12.0,E,8,10.2,E,8,89,E,8,986,E,8,252,E,8,1.5,E,8,-9990,0,0,-9990,0,0,1.894,E,8,0.151,E,8,0.20,E,8,0,-9990,0,0
04/06/2005,07:00,49,441,2,3,10,0,3,20,2,3,10,264,3,10,7,3,20,264,3,10,-9990,0,0,10,E,8,9,E,8,12.0,E,8,10.4,E,8,90,E,8,986,E,8,302,E,8,1.2,E,8,-9990,0,0,-9990,0,0,1.923,E,8,0.151,E,8,0.20,E,8,0,-9990,0,0
04/06/2005,08:00,272,1365,39,3,10,0,3,20,39,3,10,4467,3,10,0,3,20,4467,3,10,-9990,0,0,10,E,8,9,E,8,12.4,E,8,10.7,E,8,89,E,8,985,E,8,234,E,8,1.1,E,8,-9990,0,0,-9990,0,0,1.963,E,8,0.151,E,8,0.20,E,8,0,-9990,0,0
04/06/2005,09:00,498,1365,84,3,10,0,3,20,84,3,10,9699,3,10,0,3,20,9699,3,10,-9990,0,0,10,E,8,9,E,8,12.9,E,8,11.0,E,8,88,E,8,985,E,8,155,E,8,0.8,E,8,-9990,0,0,-9990,0,0,2.003,E,8,0.151,E,8,0.20,E,8,0,-9990,0,0
04/06/2005,10:00,699,1365,126,3,10,0,3,20,126,3,10,14640,3,10,0,3,20,14640,3,10,-9990,0,0,10,E,8,9,E,8,13.4,E,8,11.4,E,8,88,E,8,984,E,8,175,E,8,0.9,E,8,-9990,0,0,-9990,0,0,2.059,E,8,0.151,E,8,0.20,E,8,0,-9990,0,0
04/06/2005,11:00,859,1365,163,3,10,0,3,20,163,3,10,19135,3,10,0,3,20,19135,3,10,-9990,0,0,10,E,8,9,E,8,13.8,E,8,11.5,E,8,86,E,8,984,E,8,95,E,8,0.8,E,8,-9990,0,0,-9990,0,0,2.074,E,8,0.151,E,8,0.20,E,8,0,-9990,0,0
04/06/2005,12:00,968,1365,188,3,10,3,3,20,186,3,10,22318,3,10,259,3,20,22134,3,10,-9990,0,0,10,E,8,9,E,8,14.2,E,8,11.1,E,8,82,E,8,984,E,8,132,E,8,1.1,E,8,-9990,0,0,-9990,0,0,2.020,E,8,0.151,E,8,0.20,E,8,0,-9990,0,0
04/06/2005,13:00,1018,1365,202,3,10,5,3,20,198,3,10,24006,3,10,439,3,20,23678,3,10,-9990,0,0,10,E,8,9,E,8,14.5,E,8,12.6,E,8,88,E,8,983,E,8,137,E,8,1.2,E,8,-9990,0,0,-9990,0,0,2.236,E,8,0.151,E,8,0.20,E,8,0,-9990,0,0
04/06/2005,14:00,1007,1365,197,3,10,5,3,20,194,3,10,23459,3,10,384,3,20,23176,3,10,-9990,0,0,10,E,8,9,E,8,14.7,E,8,11.9,E,8,83,E,8,983,E,8,137,E,8,1.5,E,8,-9990,0,0,-9990,0,0,2.127,E,8,0.151,E,8,0.20,E,8,0,-9990,0,0
04/06/2005,15:00,934,1365,183,3,10,3,3,20,181,3,10,21649,3,10,177,3,20,21528,3,10,-9990,0,0,10,E,8,9,E,8,14.8,E,8,11.9,E,8,83,E,8,983,E,8,78,E,8,1.6,E,8,-9990,0,0,-9990,0,0,2.133,E,8,0.151,E,8,0.20,E,8,0,-9990,0,0
04/06/2005,16:00,805,1365,153,3,10,0,3,20,153,3,10,17966,3,10,0,3,20,17966,3,10,-9990,0,0,10,E,8,9,E,8,14.9,E,8,10.9,E,8,77,E,8,983,E,8,144,E,8,1.2,E,8,-9990,0,0,-9990,0,0,1.985,E,8,0.151,E,8,0.20,E,8,0,-9990,0,0
04/06/2005,17:00,629,1365,114,3,10,0,3,20,114,3,10,13194,3,10,0,3,20,13194,3,10,-9990,0,0,10,E,8,9,E,8,14.7,E,8,11.9,E,8,84,E,8,983,E,8,133,E,8,0.9,E,8,-9990,0,0,-9990,0,0,2.141,E,8,0.151,E,8,0.20,E,8,0,-9990,0,0
04/06/2005,18:00,417,1365,66,3,10,0,3,20,66,3,10,7604,3,10,0,3,20,7604,3,10,-9990,0,0,10,E,8,9,E,8,13.8,E,8,12.4,E,8,91,E,8,983,E,8,119,E,8,0.4,E,8,-9990,0,0,-9990,0,0,2.205,E,8,0.151,E,8,0.20,E,8,3,-9990,0,0
04/06/2005,19:00,185,1365,25,3,10,0,3,20,25,3,10,2888,3,10,0,3,20,2888,3,10,-9990,0,0,10,E,8,9,E,8,13.8,E,8,12.1,E,8,89,E,8,983,E,8,135,E,8,0.5,E,8,-9990,0,0,-9990,0,0,2.167,E,8,0.151,E,8,0.20,E,8,1,-9990,0,0
04/06/2005,20:00,9,191,0,3,10,0,3,20,0,3,10,63,3,10,6,3,20,63,3,10,-9990,0,0,10,E,8,9,E,8,13.6,E,8,12.0,E,8,90,E,8,983,E,8,212,E,8,0.7,E,8,-9990,0,0,-9990,0,0,2.153,E,8,0.151,E,8,0.20,E,8,1,-9990,0,0
04/06/2005,21:00,0,0,0,3,0,0,3,0,0,3,0,0,3,0,0,3,0,0,3,0,-9990,0,0,10,E,8,9,E,8,13.5,E,8,11.8,E,8,90,E,8,984,E,8,160,E,8,1.5,E,8,-9990,0,0,-9990,0,0,2.124,E,8,0.151,E,8,0.20,E,8,1,-9990,0,0
04/06/2005,22:00,0,0,0,3,0,0,3,0,0,3,0,0,3,0,0,3,0,0,3,0,-9990,0,0,10,E,8,9,E,8,13.4,E,8,11.7,E,8,89,E,8,984,E,8,94,E,8,2.8,E,8,-9990,0,0,-9990,0,0,2.108,E,8,0.151,E,8,0.20,E,8,0,-9990,0,0
04/06/2005,23:00,0,0,0,3,0,0,3,0,0,3,0,0,3,0,0,3,0,0,3,0,-9990,0,0,10,E,8,9,E,8,13.4,E,8,12.0,E,8,91,E,8,984,E,8,173,E,8,2.4,E,8,-9990,0,0,-9990,0,0,2.143,E,8,0.151,E,8,0.20,E,8,0,-9990,0,0
04/06/2005,24:00,0,0,0,3,0,0,3,0,0,3,0,0,3,0,0,3,0,0,3,0,-9990,0,0,10,E,8,9,E,8,13.2,E,8,12.0,E,8,92,E,8,984,E,8,196,E,8,3.4,E,8,-9990,0,0,-9990,0,0,2.151,E,8,0.151,E,8,0.20,E,8,0,-9990,0,0
04/07/2005,01:00,0,0,0,3,0,0,3,0,0,3,0,0,3,0,0,3,0,0,3,0,-9990,0,0,10,E,8,9,E,8,13.3,E,8,12.0,E,8,91,E,8,984,E,8,142,E,8,3.2,E,8,-9990,0,0,-9990,0,0,2.144,E,8,0.150,E,8,0.20,E,8,0,-9990,0,0
04/07/2005,02:00,0,0,0,3,0,0,3,0,0,3,0,0,3,0,0,3,0,0,3,0,-9990,0,0,10,E,8,9,E,8,13.4,E,8,11.7,E,8,89,E,8,984,E,8,182,E,8,2.8,E,8,-9990,0,0,-9990,0,0,2.102,E,8,0.150,E,8,0.20,E,8,0,-9990,0,0
04/07/2005,03:00,0,0,0,3,0,0,3,0,0,3,0,0,3,0,0,3,0,0,3,0,-9990,0,0,10,E,8,9,E,8,13.5,E,8,12.1,E,8,91,E,8,984,E,8,223,E,8,1.5,E,8,-9990,0,0,-9990,0,0,2.163,E,8,0.150,E,8,0.20,E,8,0,-9990,0,0
04/07/2005,04:00,0,0,0,3,0,0,3,0,0,3,0,0,3,0,0,3,0,0,3,0,-9990,0,0,10,E,8,9,E,8,13.6,E,8,11.5,E,8,87,E,8,984,E,8,263,E,8,1.5,E,8,-9990,0,0,-9990,0,0,2.075,E,8,0.150,E,8,0.20,E,8,0,-9990,0,0
04/07/2005,05:00,0,0,0,3,0,0,3,0,0,3,0,0,3,0,0,3,0,0,3,0,-9990,0,0,10,E,8,9,E,8,13.7,E,8,12.2,E,8,91,E,8,984,E,8,273,E,8,1.2,E,8,-9990,0,0,-9990,0,0,2.172,E,8,0.150,E,8,0.20,E,8,0,-9990,0,0
04/07/2005,06:00,0,0,0,3,0,0,3,0,0,3,0,0,3,0,0,3,0,0,3,0,-9990,0,0,10,E,8,9,E,8,13.7,E,8,12.3,E,8,91,E,8,984,E,8,143,E,8,1.3,E,8,-9990,0,0,-9990,0,0,2.202,E,8,0.150,E,8,0.20,E,8,0,-9990,0,0
04/07/2005,07:00,55,463,2,3,10,0,3,20,2,3,10,291,3,10,6,3,20,290,3,10,-9990,0,0,10,E,8,9,E,8,13.8,E,8,11.8,E,8,88,E,8,984,E,8,181,E,8,2.6,E,8,-9990,0,0,-9990,0,0,2.117,E,8,0.150,E,8,0.20,E,8,0,-9990,0,0
04/07/2005,08:00,279,1365,43,3,10,0,3,20,43,3,10,4872,3,10,0,3,20,4872,3,10,-9990,0,0,10,E,8,9,E,8,14.4,E,8,11.5,E,8,82,E,8,984,E,8,142,E,8,4.2,E,8,-9990,0,0,-9990,0,0,2.072,E,8,0.150,E,8,0.20,E,8,0,-9990,0,0
04/07/2005,09:00,506,1365,89,3,10,0,3,20,89,3,10,10230,3,10,0,3,20,10230,3,10,-9990,0,0,10,E,8,9,E,8,15.1,E,8,11.0,E,8,76,E,8,984,E,8,157,E,8,3.2,E,8,-9990,0,0,-9990,0,0,2.000,E,8,0.150,E,8,0.20,E,8,0,-9990,0,0
04/07/2005,10:00,705,1365,136,3,10,0,3,20,136,3,10,15735,3,10,0,3,20,15735,3,10,-9990,0,0,10,E,8,9,E,8,15.9,E,8,11.7,E,8,76,E,8,984,E,8,139,E,8,3.7,E,8,-9990,0,0,-9990,0,0,2.106,E,8,0.150,E,8,0.20,E,8,0,-9990,0,0
04/07/2005,11:00,865,1365,175,3,10,2,3,20,174,3,10,20490,3,10,43,3,20,20462,3,10,-9990,0,0,10,E,8,9,E,8,16.5,E,8,11.1,E,8,70,E,8,984,E,8,138,E,8,2.8,E,8,-9990,0,0,-9990,0,0,2.020,E,8,0.150,E,8,0.20,E,8,0,-9990,0,0
04/07/2005,12:00,973,1365,206,3,10,5,3,20,202,3,10,24235,3,10,464,3,20,23904,3,10,-9990,0,0,10,E,8,9,E,8,17.2,E,8,12.1,E,8,72,E,8,984,E,8,228,E,8,2.0,E,8,-9990,0,0,-9990,0,0,2.157,E,8,0.150,E,8,0.20,E,8,0,-9990,0,0
04/07/2005,13:00,1024,1365,215,3,10,6,3,20,211,3,10,25455,3,10,574,3,20,25024,3,10,-9990,0,0,10,E,8,9,E,8,17.7,E,8,11.8,E,8,68,E,8,984,E,8,135,E,8,3.0,E,8,-9990,0,0,-9990,0,0,2.115,E,8,0.150,E,8,0.20,E,8,0,-9990,0,0
04/07/2005,14:00,1012,1365,211,3,10,6,3,20,207,3,10,24936,3,10,527,3,20,24545,3,10,-9990,0,0,10,E,8,9,E,8,17.9,E,8,14.6,E,8,81,E,8,984,E,8,262,E,8,3.0,E,8,-9990,0,0,-9990,0,0,2.579,E,8,0.150,E,8,0.20,E,8,0,-9990,0,0
04/07/2005,15:00,939,1365,197,3,10,4,3,20,194,3,10,23067,3,10,346,3,20,22829,3,10,-9990,0,0,10,E,8,9,E,8,17.7,E,8,15.1,E,8,85,E,8,984,E,8,151,E,8,5.5,E,8,-9990,0,0,-9990,0,0,2.675,E,8,0.150,E,8,0.20,E,8,3,-9990,0,0
04/07/2005,16:00,810,1365,168,3,10,1,3,20,167,3,10,19492,3,10,0,3,20,19492,3,10,-9990,0,0,10,E,8,9,E,8,18.3,E,8,15.0,E,8,81,E,8,984,E,8,158,E,8,5.5,E,8,-9990,0,0,-9990,0,0,2.649,E,8,0.150,E,8,0.20,E,8,0,-9990,0,0
04/07/2005,17:00,634,1365,121,3,10,0,3,20,121,3,10,13990,3,10,0,3,20,13990,3,10,-9990,0,0,10,E,8,9,E,8,18.2,E,8,14.9,E,8,81,E,8,984,E,8,224,E,8,7.0,E,8,-9990,0,0,-9990,0,0,2.632,E,8,0.150,E,8,0.20,E,8,0,-9990,0,0
04/07/2005,18:00,423,1365,74,3,10,0,3,20,74,3,10,8474,3,10,0,3,20,8474,3,10,-9990,0,0,10,E,8,9,E,8,18.0,E,8,11.6,E,8,66,E,8,983,E,8,126,E,8,5.1,E,8,-9990,0,0,-9990,0,0,2.094,E,8,0.150,E,8,0.20,E,8,0,-9990,0,0
04/07/2005,19:00,190,1365,28,3,10,0,3,20,28,3,10,3143,3,10,0,3,20,3143,3,10,-9990,0,0,10,E,8,9,E,8,17.5,E,8,14.2,E,8,81,E,8,983,E,8,78,E,8,4.6,E,8,-9990,0,0,-9990,0,0,2.500,E,8,0.150,E,8,0.20,E,8,0,-9990,0,0
04/07/2005,20:00,11,207,1,3,10,0,3,20,1,3,10,71,3,10,6,3,20,71,3,10,-9990,0,0,10,E,8,9,E,8,17.1,E,8,10.9,E,8,67,E,8,983,E,8,107,E,8,5.5,E,8,-9990,0,0,-9990,0,0,1.996,E,8,0.150,E,8,0.20,E,8,0,-9990,0,0
04/07/2005,21:00,0,0,0,3,0,0,3,0,0,3,0,0,3,0,0,3,0,0,3,0,-9990,0,0,10,E,8,9,E,8,16.8,E,8,10.7,E,8,67,E,8,983,E,8,94,E,8,5.1,E,8,-9990,0,0,-9990,0,0,1.959,E,8,0.150,E,8,0.20,E,8,0,-9990,0,0
04/07/2005,22:00,0,0,0,3,0,0,3,0,0,3,0,0,3,0,0,3,0,0,3,0,-9990,0,0,10,E,8,9,E,8,16.5,E,8,11.0,E,8,70,E,8,983,E,8,85,E,8,5.5,E,8,-9990,0,0,-9990,0,0,2.000,E,8,0.150,E,8,0.20,E,8,0,-9990,0,0
04/07/2005,23:00,0,0,0,3,0,0,3,0,0,3,0,0,3,0,0,3,0,0,3,0,-9990,0,0,10,E,8,9,E,8,16.1,E,8,12.8,E,8,81,E,8,983,E,8,32,E,8,5.1,E,8,-9990,0,0,-9990,0,0,2.274,E,8,0.150,E,8,0.20,E,8,1,-9990,0,0
04/07/2005,24:00,0,0,0,3,0,0,3,0,0,3,0,0,3,0,0,3,0,0,3,0,-9990,0,0,10,E,8,9,E,8,15.7,E,8,13.2,E,8,85,E,8,983,E,8,65,E,8,4.6,E,8,-9990,0,0,-9990,0,0,2.336,E,8,0.150,E,8,0.20,E,8,1,-9990,0,0
04/08/2005,01:00,0,0,0,3,0,0,3,0,0,3,0,0,3,0,0,3,0,0,3,0,-9990,0,0,10,E,8,9,E,8,15.5,E,8,12.2,E,8,81,E,8,983,E,8,18,E,8,4.2,E,8,-9990,0,0,-9990,0,0,2.185,E,8,0.148,E,8,0.20,E,8,0,-9990,0,0
04/08/2005,02:00,0,0,0,3,0,0,3,0,0,3,0,0,3,0,0,3,0,0,3,0,-9990,0,0,10,E,8,9,E,8,15.1,E,8,11.8,E,8,81,E,8,983,E,8,356,E,8,3.0,E,8,-9990,0,0,-9990,0,0,2.123,E,8,0.148,E,8,0.20,E,8,1,-9990,0,0
04/08/2005,03:00,0,0,0,3,0,0,3,0,0,3,0,0,3,0,0,3,0,0,3,0,-9990,0,0,10,E,8,9,E,8,14.6,E,8,12.7,E,8,88,E,8,983,E,8,345,E,8,2.0,E,8,-9990,0,0,-9990,0,0,2.252,E,8,0.148,E,8,0.20,E,8,1,-9990,0,0
04/08/2005,04:00,0,0,0,3,0,0,3,0,0,3,0,0,3,0,0,3,0,0,3,0,-9990,0,0,10,E,8,9,E,8,14.5,E,8,11.8,E,8,84,E,8,983,E,8,348,E,8,2.4,E,8,-9990,0,0,-9990,0,0,2.118,E,8,0.148,E,8,0.20,E,8,0,-9990,0,0
04/08/2005,05:00,0,0,0,3,0,0,3,0,0,3,0,0,3,0,0,3,0,0,3,0,-9990,0,0,10,E,8,9,E,8,14.1,E,8,13.3,E,8,95,E,8,983,E,8,17,E,8,2.6,E,8,-9990,0,0,-9990,0,0,2.351,E,8,0.148,E,8,0.20,E,8,2,-9990,0,0
04/08/2005,06:00,0,0,0,3,0,0,3,0,0,3,0,0,3,0,0,3,0,0,3,0,-9990,0,0,10,E,8,9,E,8,13.8,E,8,13.5,E,8,98,E,8,983,E,8,21,E,8,4.6,E,8,-9990,0,0,-9990,0,0,2.389,E,8,0.148,E,8,0.20,E,8,2,-9990,0,0
04/08/2005,07:00,60,486,3,3,10,0,3,20,3,3,10,338,3,10,6,3,20,337,3,10,-9990,0,0,10,E,8,9,E,8,14.3,E,8,14.0,E,8,98,E,8,983,E,8,9,E,8,4.6,E,8,-9990,0,0,-9990,0,0,2.469,E,8,0.148,E,8,0.20,E,8,0,-9990,0,0
04/08/2005,08:00,287,1364,33,3,10,0,3,20,33,3,10,3764,3,10,0,3,20,3764,3,10,-9990,0,0,10,E,8,9,E,8,14.7,E,8,13.3,E,8,92,E,8,983,E,8,346,E,8,4.2,E,8,-9990,0,0,-9990,0,0,2.355,E,8,0.148,E,8,0.20,E,8,0,-9990,0,0
04/08/2005,09:00,513,1364,66,3,10,0,3,20,66,3,10,7726,3,10,0,3,20,7726,3,10,-9990,0,0,10,E,8,9,E,8,15.0,E,8,13.0,E,8,88,E,8,983,E,8,348,E,8,3.7,E,8,-9990,0,0,-9990,0,0,2.313,E,8,0.148,E,8,0.20,E,8,0,-9990,0,0
04/08/2005,10:00,712,1364,99,3,10,0,3,20,99,3,10,11741,3,10,0,3,20,11741,3,10,-9990,0,0,10,E,8,9,E,8,15.4,E,8,12.7,E,8,84,E,8,983,E,8,341,E,8,3.2,E,8,-9990,0,0,-9990,0,0,2.264,E,8,0.148,E,8,0.20,E,8,0,-9990,0,0
04/08/2005,11:00,871,1364,136,3,10,0,3,20,136,3,10,16209,3,10,0,3,20,16209,3,10,-9990,0,0,10,E,8,9,E,8,15.7,E,8,12.7,E,8,82,E,8,983,E,8,26,E,8,2.4,E,8,-9990,0,0,-9990,0,0,2.258,E,8,0.148,E,8,0.20,E,8,1,-9990,0,0
04/08/2005,12:00,979,1364,128,3,10,0,3,20,128,3,10,15607,3,10,0,3,20,15607,3,10,-9990,0,0,10,E,8,9,E,8,16.0,E,8,12.7,E,8,81,E,8,983,E,8,35,E,8,4.0,E,8,-9990,0,0,-9990,0,0,2.263,E,8,0.148,E,8,0.20,E,8,0,-9990,0,0
04/08/2005,13:00,1029,1364,128,3,10,0,3,20,128,3,10,15746,3,10,0,3,20,15746,3,10,-9990,0,0,10,E,8,9,E,8,16.2,E,8,12.9,E,8,81,E,8,983,E,8,29,E,8,3.7,E,8,-9990,0,0,-9990,0,0,2.285,E,8,0.148,E,8,0.20,E,8,0,-9990,0,0
04/08/2005,14:00,1017,1364,129,3,10,0,3,20,129,3,10,15741,3,10,0,3,20,15741,3,10,-9990,0,0,10,E,8,9,E,8,15.0,E,8,13.4,E,8,90,E,8,983,E,8,49,E,8,4.2,E,8,-9990,0,0,-9990,0,0,2.375,E,8,0.148,E,8,0.20,E,8,7,-9990,0,0
04/08/2005,15:00,944,1364,143,3,10,0,3,20,143,3,10,17194,3,10,0,3,20,17194,3,10,-9990,0,0,10,E,8,9,E,8,15.8,E,8,13.3,E,8,85,E,8,983,E,8,95,E,8,5.1,E,8,-9990,0,0,-9990,0,0,2.352,E,8,0.148,E,8,0.20,E,8,3,-9990,0,0
04/08/2005,16:00,815,1364,124,3,10,0,3,20,124,3,10,14713,3,10,0,3,20,14713,3,10,-9990,0,0,10,E,8,9,E,8,16.3,E,8,13.0,E,8,81,E,8,984,E,8,67,E,8,3.4,E,8,-9990,0,0,-9990,0,0,2.312,E,8,0.148,E,8,0.20,E,8,1,-9990,0,0
04/08/2005,17:00,639,1364,90,3,10,0,3,20,90,3,10,10594,3,10,0,3,20,10594,3,10,-9990,0,0,10,E,8,9,E,8,16.2,E,8,13.7,E,8,85,E,8,984,E,8,129,E,8,3.2,E,8,-9990,0,0,-9990,0,0,2.413,E,8,0.148,E,8,0.20,E,8,1,-9990,0,0
04/08/2005,18:00,427,1364,55,3,10,0,3,20,55,3,10,6448,3,10,0,3,20,6448,3,10,-9990,0,0,10,E,8,9,E,8,16.2,E,8,13.0,E,8,81,E,8,985,E,8,248,E,8,2.6,E,8,-9990,0,0,-9990,0,0,2.297,E,8,0.148,E,8,0.20,E,8,0,-9990,0,0
04/08/2005,19:00,195,1364,23,3,10,0,3,20,23,3,10,2622,3,10,0,3,20,2622,3,10,-9990,0,0,10,E,8,9,E,8,15.9,E,8,12.7,E,8,81,E,8,985,E,8,130,E,8,2.2,E,8,-9990,0,0,-9990,0,0,2.253,E,8,0.148,E,8,0.20,E,8,0,-9990,0,0
04/08/2005,20:00,13,223,1,3,10,0,3,20,1,3,10,84,3,10,6,3,20,84,3,10,-9990,0,0,10,E,8,9,E,8,15.7,E,8,12.5,E,8,81,E,8,986,E,8,144,E,8,0.8,E,8,-9990,0,0,-9990,0,0,2.222,E,8,0.148,E,8,0.20,E,8,0,-9990,0,0
04/08/2005,21:00,0,0,0,3,0,0,3,0,0,3,0,0,3,0,0,3,0,0,3,0,-9990,0,0,9,E,8,8,E,8,15.1,E,8,11.9,E,8,81,E,8,986,E,8,151,E,8,0.8,E,8,-9990,0,0,-9990,0,0,2.132,E,8,0.148,E,8,0.20,E,8,0,-9990,0,0
04/08/2005,22:00,0,0,0,3,0,0,3,0,0,3,0,0,3,0,0,3,0,0,3,0,-9990,0,0,9,E,8,8,E,8,14.5,E,8,11.3,E,8,81,E,8,986,E,8,97,E,8,1.1,E,8,-9990,0,0,-9990,0,0,2.044,E,8,0.148,E,8,0.20,E,8,0,-9990,0,0
04/08/2005,23:00,0,0,0,3,0,0,3,0,0,3,0,0,3,0,0,3,0,0,3,0,-9990,0,0,9,E,8,8,E,8,13.9,E,8,11.5,E,8,85,E,8,987,E,8,108,E,8,1.3,E,8,-9990,0,0,-9990,0,0,2.069,E,8,0.148,E,8,0.20,E,8,0,-9990,0,0
04/08/2005,24:00,0,0,0,3,0,0,3,0,0,3,0,0,3,0,0,3,0,0,3,0,-9990,0,0,9,E,8,8,E,8,13.3,E,8,10.9,E,8,85,E,8,987,E,8,251,E,8,2.6,E,8,-9990,0,0,-9990,0,0,1.985,E,8,0.148,E,8,0.20,E,8,0,-9990,0,0
04/09/2005,01:00,0,0,0,3,0,0,3,0,0,3,0,0,3,0,0,3,0,0,3,0,-9990,0,0,8,E,8,7,E,8,12.2,E,8,9.8,E,8,85,E,8,988,E,8,250,E,8,2.0,E,8,-9990,0,0,-9990,0,0,1.838,E,8,0.132,E,8,0.20,E,8,0,-9990,0,0
04/09/2005,02:00,0,0,0,3,0,0,3,0,0,3,0,0,3,0,0,3,0,0,3,0,-9990,0,0,8,E,8,7,E,8,11.0,E,8,8.9,E,8,87,E,8,988,E,8,179,E,8,0.8,E,8,-9990,0,0,-9990,0,0,1.728,E,8,0.132,E,8,0.20,E,8,0,-9990,0,0
04/09/2005,03:00,0,0,0,3,0,0,3,0,0,3,0,0,3,0,0,3,0,0,3,0,-9990,0,0,8,E,8,7,E,8,9.7,E,8,8.1,E,8,90,E,8,989,E,8,145,E,8,0.4,E,8,-9990,0,0,-9990,0,0,1.633,E,8,0.132,E,8,0.20,E,8,0,-9990,0,0
04/09/2005,04:00,0,0,0,3,0,0,3,0,0,3,0,0,3,0,0,3,0,0,3,0,-9990,0,0,8,E,8,7,E,8,9.0,E,8,8.6,E,8,97,E,8,989,E,8,271,E,8,2.0,E,8,-9990,0,0,-9990,0,0,1.697,E,8,0.132,E,8,0.20,E,8,0,-9990,0,0
04/09/2005,05:00,0,0,0,3,0,0,3,0,0,3,0,0,3,0,0,3,0,0,3,0,-9990,0,0,8,E,8,7,E,8,8.3,E,8,7.9,E,8,97,E,8,989,E,8,257,E,8,1.6,E,8,-9990,0,0,-9990,0,0,1.611,E,8,0.132,E,8,0.20,E,8,0,-9990,0,0
04/09/2005,06:00,0,0,0,3,0,0,3,0,0,3,0,0,3,0,0,3,0,0,3,0,-9990,0,0,6,E,8,6,E,8,7.9,E,8,7.3,E,8,96,E,8,990,E,8,259,E,8,2.0,E,8,-9990,0,0,-9990,0,0,1.543,E,8,0.132,E,8,0.20,E,8,0,-9990,0,0
04/09/2005,07:00,66,508,11,3,10,0,3,20,11,3,10,1274,3,10,0,3,20,1274,3,10,-9990,0,0,6,E,8,6,E,8,8.0,E,8,7.2,E,8,95,E,8,990,E,8,256,E,8,2.2,E,8,-9990,0,0,-9990,0,0,1.536,E,8,0.132,E,8,0.20,E,8,0,-9990,0,0
04/09/2005,08:00,294,1363,162,3,10,327,3,20,91,3,10,16637,3,10,25712,3,20,11088,3,10,-9990,0,0,6,E,8,6,E,8,9.9,E,8,7.0,E,8,82,E,8,991,E,8,285,E,8,3.7,E,8,-9990,0,0,-9990,0,0,1.516,E,8,0.132,E,8,0.20,E,8,0,-9990,0,0
04/09/2005,09:00,520,1363,328,3,10,671,3,20,72,3,10,34992,3,10,62532,3,20,11154,3,10,-9990,0,0,0,E,8,0,E,8,11.9,E,8,6.9,E,8,71,E,8,991,E,8,322,E,8,3.2,E,8,-9990,0,0,-9990,0,0,1.503,E,8,0.132,E,8,0.20,E,8,0,-9990,0,0
04/09/2005,10:00,718,1363,481,3,10,725,3,20,98,3,10,51802,3,10,70298,3,20,14747,3,10,-9990,0,0,0,E,8,0,E,8,13.8,E,8,5.8,E,8,58,E,8,992,E,8,304,E,8,5.5,E,8,-9990,0,0,-9990,0,0,1.392,E,8,0.132,E,8,0.20,E,8,0,-9990,0,0
04/09/2005,11:00,877,1363,611,3,10,754,3,20,126,3,10,66158,3,10,74519,3,20,18203,3,10,-9990,0,0,0,E,8,0,E,8,15.6,E,8,6.0,E,8,53,E,8,992,E,8,308,E,8,4.6,E,8,-9990,0,0,-9990,0,0,1.416,E,8,0.132,E,8,0.20,E,8,0,-9990,0,0
04/09/2005,12:00,985,1363,692,3,10,734,3,20,162,3,10,74595,3,10,72304,3,20,22352,3,10,-9990,0,0,0,E,8,0,E,8,17.1,E,8,5.7,E,8,47,E,8,992,E,8,324,E,8,5.5,E,8,-9990,0,0,-9990,0,0,1.380,E,8,0.132,E,8,0.20,E,8,0,-9990,0,0
04/09/2005,13:00,1034,1363,723,3,10,703,3,20,190,3,10,77622,3,10,68803,3,20,25416,3,10,-9990,0,0,3,E,8,2,E,8,18.3,E,8,6.0,E,8,44,E,8,993,E,8,293,E,8,4.6,E,8,-9990,0,0,-9990,0,0,1.412,E,8,0.132,E,8,0.20,E,8,0,-9990,0,0
04/09/2005,14:00,1022,1363,706,3,10,678,3,20,197,3,10,75471,3,10,65733,3,20,26188,3,10,-9990,0,0,3,E,8,2,E,8,19.1,E,8,6.1,E,8,42,E,8,993,E,8,291,E,8,6.2,E,8,-9990,0,0,-9990,0,0,1.417,E,8,0.132,E,8,0.20,E,8,0,-9990,0,0
04/09/2005,15:00,949,1363,651,3,10,692,3,20,169,3,10,69855,3,10,67019,3,20,23206,3,10,-9990,0,0,3,E,8,2,E,8,19.5,E,8,6.8,E,8,44,E,8,992,E,8,300,E,8,5.9,E,8,-9990,0,0,-9990,0,0,1.494,E,8,0.132,E,8,0.20,E,8,0,-9990,0,0
04/09/2005,16:00,820,1363,548,3,10,688,3,20,134,3,10,58938,3,10,65985,3,20,19255,3,10,-9990,0,0,0,E,8,0,E,8,19.6,E,8,7.8,E,8,47,E,8,992,E,8,274,E,8,5.1,E,8,-9990,0,0,-9990,0,0,1.605,E,8,0.132,E,8,0.20,E,8,0,-9990,0,0
04/09/2005,17:00,644,1363,409,3,10,645,3,20,105,3,10,43620,3,10,59637,3,20,15460,3,10,-9990,0,0,0,E,8,0,E,8,19.1,E,8,7.7,E,8,48,E,8,992,E,8,194,E,8,4.6,E,8,-9990,0,0,-9990,0,0,1.595,E,8,0.132,E,8,0.20,E,8,0,-9990,0,0
04/09/2005,18:00,432,1363,250,3,10,500,3,20,91,3,10,26632,3,10,42006,3,20,13305,3,10,-9990,0,0,4,E,8,3,E,8,18.1,E,8,8.8,E,8,54,E,8,991,E,8,211,E,8,5.9,E,8,-9990,0,0,-9990,0,0,1.712,E,8,0.132,E,8,0.20,E,8,0,-9990,0,0
04/09/2005,19:00,201,1363,97,3,10,374,3,20,42,3,10,9900,3,10,24729,3,20,6261,3,10,-9990,0,0,4,E,8,3,E,8,16.7,E,8,8.9,E,8,60,E,8,991,E,8,145,E,8,4.0,E,8,-9990,0,0,-9990,0,0,1.729,E,8,0.132,E,8,0.20,E,8,0,-9990,0,0
04/09/2005,20:00,14,239,1,3,10,0,3,20,1,3,10,96,3,10,6,3,20,95,3,10,-9990,0,0,4,E,8,3,E,8,15.2,E,8,9.9,E,8,70,E,8,991,E,8,142,E,8,2.0,E,8,-9990,0,0,-9990,0,0,1.855,E,8,0.132,E,8,0.20,E,8,0,-9990,0,0
04/09/2005,21:00,0,0,0,3,0,0,3,0,0,3,0,0,3,0,0,3,0,0,3,0,-9990,0,0,4,E,8,3,E,8,14.8,E,8,12.1,E,8,84,E,8,991,E,8,168,E,8,3.2,E,8,-9990,0,0,-9990,0,0,2.160,E,8,0.132,E,8,0.20,E,8,0,-9990,0,0
04/09/2005,22:00,0,0,0,3,0,0,3,0,0,3,0,0,3,0,0,3,0,0,3,0,-9990,0,0,5,E,8,5,E,8,14.3,E,8,11.7,E,8,85,E,8,990,E,8,151,E,8,2.6,E,8,-9990,0,0,-9990,0,0,2.110,E,8,0.132,E,8,0.20,E,8,0,-9990,0,0
04/09/2005,23:00,0,0,0,3,0,0,3,0,0,3,0,0,3,0,0,3,0,0,3,0,-9990,0,0,5,E,8,5,E,8,13.8,E,8,11.3,E,8,85,E,8,990,E,8,161,E,8,1.6,E,8,-9990,0,0,-9990,0,0,2.050,E,8,0.132,E,8,0.20,E,8,0,-9990,0,0
04/09/2005,24:00,0,0,0,3,0,0,3,0,0,3,0,0,3,0,0,3,0,0,3,0,-9990,0,0,5,E,8,5,E,8,13.3,E,8,10.3,E,8,82,E,8,990,E,8,139,E,8,2.2,E,8,-9990,0,0,-9990,0,0,1.904,E,8,0.132,E,8,0.20,E,8,0,-9990,0,0
04/10/2005,01:00,0,0,0,3,0,0,3,0,0,3,0,0,3,0,0,3,0,0,3,0,-9990,0,0,6,E,8,5,E,8,13.4,E,8,9.9,E,8,79,E,8,989,E,8,272,E,8,1.8,E,8,-9990,0,0,-9990,0,0,1.859,E,8,0.146,E,8,0.20,E,8,0,-9990,0,0
04/10/2005,02:00,0,0,0,3,0,0,3,0,0,3,0,0,3,0,0,3,0,0,3,0,-9990,0,0,6,E,8,6,E,8,13.6,E,8,11.1,E,8,85,E,8,989,E,8,121,E,8,2.2,E,8,-9990,0,0,-9990,0,0,2.017,E,8,0.146,E,8,0.20,E,8,0,-9990,0,0
04/10/2005,03:00,0,0,0,3,0,0,3,0,0,3,0,0,3,0,0,3,0,0,3,0,-9990,0,0,6,E,8,6,E,8,13.8,E,8,11.2,E,8,84,E,8,989,E,8,243,E,8,2.0,E,8,-9990,0,0,-9990,0,0,2.025,E,8,0.146,E,8,0.20,E,8,0,-9990,0,0
04/10/2005,04:00,0,0,0,3,0,0,3,0,0,3,0,0,3,0,0,3,0,0,3,0,-9990,0,0,8,E,8,7,E,8,13.9,E,8,10.9,E,8,82,E,8,989,E,8,252,E,8,1.8,E,8,-9990,0,0,-9990,0,0,1.985,E,8,0.146,E,8,0.20,E,8,0,-9990,0,0
04/10/2005,05:00,0,0,0,3,0,0,3,0,0,3,0,0,3,0,0,3,0,0,3,0,-9990,0,0,8,E,8,6,E,8,14.1,E,8,10.3,E,8,78,E,8,988,E,8,231,E,8,2.2,E,8,-9990,0,0,-9990,0,0,1.913,E,8,0.146,E,8,0.20,E,8,0,-9990,0,0
04/10/2005,06:00,0,0,0,3,0,0,3,0,0,3,0,0,3,0,0,3,0,0,3,0,-9990,0,0,8,E,8,7,E,8,14.2,E,8,11.6,E,8,84,E,8,988,E,8,156,E,8,2.2,E,8,-9990,0,0,-9990,0,0,2.086,E,8,0.146,E,8,0.20,E,8,0,-9990,0,0
04/10/2005,07:00,71,530,16,3,10,0,3,20,16,3,10,1880,3,10,0,3,20,1880,3,10,-9990,0,0,8,E,8,6,E,8,14.6,E,8,10.3,E,8,75,E,8,988,E,8,36,E,8,2.6,E,8,-9990,0,0,-9990,0,0,1.907,E,8,0.146,E,8,0.20,E,8,0,-9990,0,0
04/10/2005,08:00,301,1362,112,3,10,129,3,20,84,3,10,12160,3,10,9826,3,20,9986,3,10,-9990,0,0,9,E,8,8,E,8,15.9,E,8,10.9,E,8,72,E,8,988,E,8,77,E,8,1.3,E,8,-9990,0,0,-9990,0,0,1.993,E,8,0.146,E,8,0.20,E,8,0,-9990,0,0
04/10/2005,09:00,526,1362,284,3,10,343,3,20,152,3,10,30147,3,10,28920,3,20,18969,3,10,-9990,0,0,6,E,8,5,E,8,17.8,E,8,11.3,E,8,66,E,8,987,E,8,167,E,8,1.5,E,8,-9990,0,0,-9990,0,0,2.051,E,8,0.146,E,8,0.20,E,8,0,-9990,0,0
04/10/2005,10:00,725,1362,140,3,10,0,3,20,140,3,10,16133,3,10,0,3,20,16133,3,10,-9990,0,0,10,E,8,9,E,8,17.9,E,8,11.6,E,8,67,E,8,987,E,8,71,E,8,1.1,E,8,-9990,0,0,-9990,0,0,2.090,E,8,0.146,E,8,0.20,E,8,0,-9990,0,0
04/10/2005,11:00,883,1362,495,3,10,304,3,20,298,3,10,53235,3,10,26986,3,20,35740,3,10,-9990,0,0,8,E,8,6,E,8,19.7,E,8,11.4,E,8,59,E,8,987,E,8,119,E,8,3.0,E,8,-9990,0,0,-9990,0,0,2.057,E,8,0.146,E,8,0.20,E,8,0,-9990,0,0
04/10/2005,12:00,990,1362,525,3,10,253,3,20,342,3,10,57927,3,10,25048,3,20,39715,3,10,-9990,0,0,8,E,8,6,E,8,21.0,E,8,11.3,E,8,54,E,8,986,E,8,27,E,8,2.6,E,8,-9990,0,0,-9990,0,0,2.045,E,8,0.146,E,8,0.20,E,8,0,-9990,0,0
04/10/2005,13:00,1039,1362,374,3,10,42,3,20,342,3,10,41856,3,10,3539,3,20,39155,3,10,-9990,0,0,10,E,8,9,E,8,21.5,E,8,12.0,E,8,55,E,8,986,E,8,62,E,8,3.7,E,8,-9990,0,0,-9990,0,0,2.155,E,8,0.146,E,8,0.20,E,8,0,-9990,0,0
04/10/2005,14:00,1027,1362,389,3,10,84,3,20,326,3,10,43527,3,10,8217,3,20,37333,3,10,-9990,0,0,10,E,8,9,E,8,21.9,E,8,12.4,E,8,55,E,8,987,E,8,47,E,8,6.2,E,8,-9990,0,0,-9990,0,0,2.206,E,8,0.146,E,8,0.20,E,8,0,-9990,0,0
04/10/2005,15:00,953,1362,65,3,10,0,3,20,65,3,10,8295,3,10,0,3,20,8295,3,10,-9990,0,0,10,E,8,9,E,8,20.8,E,8,15.4,E,8,71,E,8,987,E,8,70,E,8,3.7,E,8,-9990,0,0,-9990,0,0,2.730,E,8,0.146,E,8,0.20,E,8,1,-9990,0,0
04/10/2005,16:00,824,1362,74,3,10,0,3,20,74,3,10,9187,3,10,0,3,20,9187,3,10,-9990,0,0,10,E,8,9,E,8,20.2,E,8,15.4,E,8,74,E,8,987,E,8,139,E,8,2.8,E,8,-9990,0,0,-9990,0,0,2.730,E,8,0.146,E,8,0.20,E,8,0,-9990,0,0
04/10/2005,17:00,648,1362,126,3,10,0,3,20,126,3,10,14504,3,10,0,3,20,14504,3,10,-9990,0,0,10,E,8,9,E,8,19.8,E,8,13.3,E,8,66,E,8,988,E,8,146,E,8,3.4,E,8,-9990,0,0,-9990,0,0,2.350,E,8,0.146,E,8,0.20,E,8,0,-9990,0,0
04/10/2005,18:00,437,1362,40,3,10,0,3,20,40,3,10,4769,3,10,0,3,20,4769,3,10,-9990,0,0,10,E,8,9,E,8,19.2,E,8,12.5,E,8,65,E,8,988,E,8,118,E,8,3.7,E,8,-9990,0,0,-9990,0,0,2.218,E,8,0.146,E,8,0.20,E,8,0,-9990,0,0
04/10/2005,19:00,206,1362,40,3,10,0,3,20,40,3,10,4386,3,10,0,3,20,4386,3,10,-9990,0,0,10,E,8,9,E,8,18.7,E,8,12.1,E,8,65,E,8,988,E,8,126,E,8,8.1,E,8,-9990,0,0,-9990,0,0,2.164,E,8,0.146,E,8,0.20,E,8,0,-9990,0,0
04/10/2005,20:00,16,255,1,3,10,0,3,20,1,3,10,107,3,10,6,3,20,106,3,10,-9990,0,0,9,E,8,8,E,8,18.2,E,8,12.0,E,8,67,E,8,989,E,8,56,E,8,7.0,E,8,-9990,0,0,-9990,0,0,2.150,E,8,0.146,E,8,0.20,E,8,0,-9990,0,0
04/10/2005,21:00,0,0,0,3,0,0,3,0,0,3,0,0,3,0,0,3,0,0,3,0,-9990,0,0,9,E,8,8,E,8,17.7,E,8,13.4,E,8,76,E,8,989,E,8,83,E,8,4.0,E,8,-9990,0,0,-9990,0,0,2.377,E,8,0.146,E,8,0.20,E,8,0,-9990,0,0
04/10/2005,22:00,0,0,0,3,0,0,3,0,0,3,0,0,3,0,0,3,0,0,3,0,-9990,0,0,9,E,8,8,E,8,17.1,E,8,12.8,E,8,76,E,8,989,E,8,43,E,8,5.1,E,8,-9990,0,0,-9990,0,0,2.267,E,8,0.146,E,8,0.20,E,8,0,-9990,0,0
04/10/2005,23:00,0,0,0,3,0,0,3,0,0,3,0,0,3,0,0,3,0,0,3,0,-9990,0,0,9,E,8,8,E,8,16.6,E,8,11.7,E,8,73,E,8,990,E,8,51,E,8,5.1,E,8,-9990,0,0,-9990,0,0,2.111,E,8,0.146,E,8,0.20,E,8,0,-9990,0,0
04/10/2005,24:00,0,0,0,3,0,0,3,0,0,3,0,0,3,0,0,3,0,0,3,0,-9990,0,0,8,E,8,6,E,8,16.0,E,8,12.2,E,8,78,E,8,990,E,8,65,E,8,4.2,E,8,-9990,0,0,-9990,0,0,2.177,E,8,0.146,E,8,0.20,E,8,0,-9990,0,0
04/11/2005,01:00,0,0,0,3,0,0,3,0,0,3,0,0,3,0,0,3,0,0,3,0,-9990,0,0,8,E,8,7,E,8,15.1,E,8,12.0,E,8,82,E,8,990,E,8,70,E,8,2.8,E,8,-9990,0,0,-9990,0,0,2.151,E,8,0.135,E,8,0.20,E,8,0,-9990,0,0
04/11/2005,02:00,0,0,0,3,0,0,3,0,0,3,0,0,3,0,0,3,0,0,3,0,-9990,0,0,8,E,8,7,E,8,14.2,E,8,11.8,E,8,85,E,8,991,E,8,87,E,8,2.4,E,8,-9990,0,0,-9990,0,0,2.114,E,8,0.135,E,8,0.20,E,8,0,-9990,0,0
04/11/2005,03:00,0,0,0,3,0,0,3,0,0,3,0,0,3,0,0,3,0,0,3,0,-9990,0,0,8,E,8,7,E,8,13.4,E,8,11.4,E,8,88,E,8,991,E,8,87,E,8,0.7,E,8,-9990,0,0,-9990,0,0,2.060,E,8,0.135,E,8,0.20,E,8,0,-9990,0,0
04/11/2005,04:00,0,0,0,3,0,0,3,0,0,3,0,0,3,0,0,3,0,0,3,0,-9990,0,0,6,E,8,6,E,8,12.9,E,8,11.4,E,8,91,E,8,991,E,8,56,E,8,1.6,E,8,-9990,0,0,-9990,0,0,2.066,E,8,0.135,E,8,0.20,E,8,0,-9990,0,0
04/11/2005,05:00,0,0,0,3,0,0,3,0,0,3,0,0,3,0,0,3,0,0,3,0,-9990,0,0,6,E,8,6,E,8,12.5,E,8,11.9,E,8,96,E,8,992,E,8,51,E,8,1.6,E,8,-9990,0,0,-9990,0,0,2.131,E,8,0.135,E,8,0.20,E,8,0,-9990,0,0
04/11/2005,06:00,0,0,0,3,0,0,3,0,0,3,0,0,3,0,0,3,0,0,3,0,-9990,0,0,6,E,8,6,E,8,12.2,E,8,11.3,E,8,94,E,8,992,E,8,77,E,8,2.0,E,8,-9990,0,0,-9990,0,0,2.052,E,8,0.135,E,8,0.20,E,8,0,-9990,0,0
04/11/2005,07:00,77,552,16,3,10,0,3,20,16,3,10,1857,3,10,0,3,20,1857,3,10,-9990,0,0,6,E,8,6,E,8,12.6,E,8,11.5,E,8,93,E,8,993,E,8,170,E,8,1.8,E,8,-9990,0,0,-9990,0,0,2.069,E,8,0.135,E,8,0.20,E,8,0,-9990,0,0
04/11/2005,08:00,309,1361,190,3,10,401,3,20,99,3,10,18916,3,10,24757,3,20,13302,3,10,-9990,0,0,5,E,8,5,E,8,14.7,E,8,12.2,E,8,85,E,8,993,E,8,270,E,8,1.1,E,8,-9990,0,0,-9990,0,0,2.186,E,8,0.135,E,8,0.20,E,8,0,-9990,0,0
04/11/2005,09:00,533,1361,372,3,10,828,3,20,47,3,10,40706,3,10,84979,3,20,7417,3,10,-9990,0,0,0,E,8,0,E,8,16.9,E,8,12.5,E,8,75,E,8,993,E,8,291,E,8,0.9,E,8,-9990,0,0,-9990,0,0,2.229,E,8,0.135,E,8,0.20,E,8,0,-9990,0,0
04/11/2005,10:00,731,1361,544,3,10,910,3,20,55,3,10,59382,3,10,95149,3,20,8274,3,10,-9990,0,0,0,E,8,0,E,8,19.0,E,8,11.3,E,8,61,E,8,994,E,8,215,E,8,0.4,E,8,-9990,0,0,-9990,0,0,2.045,E,8,0.135,E,8,0.20,E,8,0,-9990,0,0
04/11/2005,11:00,889,1361,681,3,10,940,3,20,68,3,10,74058,3,10,98300,3,20,9865,3,10,-9990,0,0,0,E,8,0,E,8,21.0,E,8,11.3,E,8,54,E,8,994,E,8,286,E,8,0.7,E,8,-9990,0,0,-9990,0,0,2.042,E,8,0.135,E,8,0.20,E,8,0,-9990,0,0
04/11/2005,12:00,996,1361,775,3,10,951,3,20,79,3,10,83804,3,10,99259,3,20,11194,3,10,-9990,0,0,0,E,8,0,E,8,22.7,E,8,10.9,E,8,47,E,8,994,E,8,311,E,8,1.1,E,8,-9990,0,0,-9990,0,0,1.993,E,8,0.135,E,8,0.20,E,8,0,-9990,0,0
04/11/2005,13:00,1045,1361,817,3,10,954,3,20,85,3,10,88128,3,10,99354,3,20,11899,3,10,-9990,0,0,0,E,8,0,E,8,24.0,E,8,10.6,E,8,43,E,8,995,E,8,252,E,8,1.2,E,8,-9990,0,0,-9990,0,0,1.954,E,8,0.135,E,8,0.20,E,8,0,-9990,0,0
04/11/2005,14:00,1032,1361,805,3,10,952,3,20,84,3,10,86777,3,10,99028,3,20,11735,3,10,-9990,0,0,0,E,8,0,E,8,25.0,E,8,10.2,E,8,39,E,8,995,E,8,117,E,8,0.5,E,8,-9990,0,0,-9990,0,0,1.893,E,8,0.135,E,8,0.20,E,8,0,-9990,0,0
04/11/2005,15:00,958,1361,735,3,10,935,3,20,77,3,10,79184,3,10,96865,3,20,11012,3,10,-9990,0,0,0,E,8,0,E,8,25.6,E,8,8.8,E,8,34,E,8,995,E,8,142,E,8,0.3,E,8,-9990,0,0,-9990,0,0,1.713,E,8,0.135,E,8,0.20,E,8,0,-9990,0,0
04/11/2005,16:00,829,1361,617,3,10,905,3,20,66,3,10,66705,3,10,93602,3,20,9710,3,10,-9990,0,0,0,E,8,0,E,8,25.8,E,8,8.3,E,8,33,E,8,994,E,8,158,E,8,0.1,E,8,-9990,0,0,-9990,0,0,1.662,E,8,0.135,E,8,0.20,E,8,0,-9990,0,0
04/11/2005,17:00,653,1361,462,3,10,847,3,20,55,3,10,50079,3,10,86829,3,20,8432,3,10,-9990,0,0,0,E,8,0,E,8,25.4,E,8,8.8,E,8,35,E,8,994,E,8,43,E,8,0.1,E,8,-9990,0,0,-9990,0,0,1.717,E,8,0.135,E,8,0.20,E,8,0,-9990,0,0
04/11/2005,18:00,442,1361,284,3,10,717,3,20,51,3,10,30131,3,10,67651,3,20,8159,3,10,-9990,0,0,0,E,8,0,E,8,24.6,E,8,9.8,E,8,39,E,8,994,E,8,129,E,8,0.3,E,8,-9990,0,0,-9990,0,0,1.841,E,8,0.135,E,8,0.20,E,8,0,-9990,0,0
04/11/2005,19:00,211,1361,113,3,10,477,3,20,39,3,10,11551,3,10,36682,3,20,5869,3,10,-9990,0,0,0,E,8,0,E,8,23.3,E,8,8.6,E,8,39,E,8,994,E,8,147,E,8,0.3,E,8,-9990,0,0,-9990,0,0,1.694,E,8,0.135,E,8,0.20,E,8,0,-9990,0,0
04/11/2005,20:00,18,271,1,3,10,0,3,20,1,3,10,154,3,10,6,3,20,154,3,10,-9990,0,0,1,E,8,1,E,8,21.9,E,8,7.4,E,8,39,E,8,994,E,8,116,E,8,0.7,E,8,-9990,0,0,-9990,0,0,1.553,E,8,0.135,E,8,0.20,E,8,0,-9990,0,0
04/11/2005,21:00,0,0,0,3,0,0,3,0,0,3,0,0,3,0,0,3,0,0,3,0,-9990,0,0,1,E,8,1,E,8,20.3,E,8,9.5,E,8,50,E,8,994,E,8,141,E,8,0.9,E,8,-9990,0,0,-9990,0,0,1.799,E,8,0.135,E,8,0.20,E,8,0,-9990,0,0
04/11/2005,22:00,0,0,0,3,0,0,3,0,0,3,0,0,3,0,0,3,0,0,3,0,-9990,0,0,1,E,8,1,E,8,18.7,E,8,9.7,E,8,56,E,8,994,E,8,214,E,8,1.0,E,8,-9990,0,0,-9990,0,0,1.829,E,8,0.135,E,8,0.20,E,8,0,-9990,0,0
04/11/2005,23:00,0,0,0,3,0,0,3,0,0,3,0,0,3,0,0,3,0,0,3,0,-9990,0,0,3,E,8,2,E,8,17.1,E,8,9.3,E,8,60,E,8,994,E,8,76,E,8,1.1,E,8,-9990,0,0,-9990,0,0,1.775,E,8,0.135,E,8,0.20,E,8,0,-9990,0,0
04/11/2005,24:00,0,0,0,3,0,0,3,0,0,3,0,0,3,0,0,3,0,0,3,0,-9990,0,0,3,E,8,2,E,8,15.5,E,8,9.2,E,8,66,E,8,994,E,8,66,E,8,0.8,E,8,-9990,0,0,-9990,0,0,1.765,E,8,0.135,E,8,0.20,E,8,0,-9990,0,0
04/12/2005,01:00,0,0,0,3,0,0,3,0,0,3,0,0,3,0,0,3,0,0,3,0,-9990,0,0,3,E,8,2,E,8,13.8,E,8,10.1,E,8,78,E,8,994,E,8,163,E,8,0.8,E,8,-9990,0,0,-9990,0,0,1.883,E,8,0.127,E,8,0.20,E,8,0,-9990,0,0
04/12/2005,02:00,0,0,0,3,0,0,3,0,0,3,0,0,3,0,0,3,0,0,3,0,-9990,0,0,4,E,8,3,E,8,12.0,E,8,9.3,E,8,84,E,8,994,E,8,160,E,8,1.0,E,8,-9990,0,0,-9990,0,0,1.782,E,8,0.127,E,8,0.20,E,8,0,-9990,0,0
04/12/2005,03:00,0,0,0,3,0,0,3,0,0,3,0,0,3,0,0,3,0,0,3,0,-9990,0,0,4,E,8,3,E,8,10.2,E,8,8.5,E,8,89,E,8,994,E,8,147,E,8,2.4,E,8,-9990,0,0,-9990,0,0,1.678,E,8,0.127,E,8,0.20,E,8,0,-9990,0,0
04/12/2005,04:00,0,0,0,3,0,0,3,0,0,3,0,0,3,0,0,3,0,0,3,0,-9990,0,0,5,E,8,5,E,8,9.2,E,8,8.3,E,8,94,E,8,994,E,8,151,E,8,3.7,E,8,-9990,0,0,-9990,0,0,1.662,E,8,0.127,E,8,0.20,E,8,0,-9990,0,0
04/12/2005,05:00,0,0,0,3,0,0,3,0,0,3,0,0,3,0,0,3,0,0,3,0,-9990,0,0,5,E,8,5,E,8,8.2,E,8,8.0,E,8,99,E,8,993,E,8,122,E,8,3.2,E,8,-9990,0,0,-9990,0,0,1.626,E,8,0.127,E,8,0.20,E,8,0,-9990,0,0
04/12/2005,06:00,0,0,0,3,0,0,3,0,0,3,0,0,3,0,0,3,0,0,3,0,-9990,0,0,5,E,8,5,E,8,7.5,E,8,7.3,E,8,98,E,8,993,E,8,115,E,8,3.2,E,8,-9990,0,0,-9990,0,0,1.542,E,8,0.127,E,8,0.20,E,8,0,-9990,0,0
04/12/2005,07:00,84,574,16,3,10,0,3,20,16,3,10,1902,3,10,0,3,20,1902,3,10,-9990,0,0,6,E,8,6,E,8,7.8,E,8,7.1,E,8,95,E,8,993,E,8,147,E,8,5.5,E,8,-9990,0,0,-9990,0,0,1.520,E,8,0.127,E,8,0.20,E,8,0,-9990,0,0
04/12/2005,08:00,316,1361,176,3,10,346,3,20,96,3,10,18036,3,10,27666,3,20,11614,3,10,-9990,0,0,6,E,8,6,E,8,9.6,E,8,7.3,E,8,85,E,8,993,E,8,140,E,8,3.4,E,8,-9990,0,0,-9990,0,0,1.543,E,8,0.127,E,8,0.20,E,8,0,-9990,0,0
04/12/2005,09:00,540,1361,348,3,10,702,3,20,69,3,10,37201,3,10,66621,3,20,10758,3,10,-9990,0,0,0,E,8,0,E,8,11.5,E,8,6.9,E,8,74,E,8,993,E,8,141,E,8,4.6,E,8,-9990,0,0,-9990,0,0,1.508,E,8,0.127,E,8,0.20,E,8,0,-9990,0,0
04/12/2005,10:00,738,1361,504,3,10,762,3,20,91,3,10,53301,3,10,73573,3,20,13420,3,10,-9990,0,0,0,E,8,0,E,8,13.3,E,8,5.7,E,8,60,E,8,993,E,8,112,E,8,6.2,E,8,-9990,0,0,-9990,0,0,1.384,E,8,0.127,E,8,0.20,E,8,0,-9990,0,0
04/12/2005,11:00,895,1361,640,3,10,789,3,20,121,3,10,67556,3,10,76935,3,20,16958,3,10,-9990,0,0,0,E,8,0,E,8,15.0,E,8,5.6,E,8,53,E,8,993,E,8,141,E,8,6.2,E,8,-9990,0,0,-9990,0,0,1.372,E,8,0.127,E,8,0.20,E,8,0,-9990,0,0
04/12/2005,12:00,1001,1361,703,3,10,707,3,20,183,3,10,75088,3,10,68700,3,20,24532,3,10,-9990,0,0,3,E,8,2,E,8,16.4,E,8,4.8,E,8,46,E,8,993,E,8,98,E,8,5.5,E,8,-9990,0,0,-9990,0,0,1.302,E,8,0.127,E,8,0.20,E,8,0,-9990,0,0
04/12/2005,13:00,1050,1361,734,3,10,694,3,20,198,3,10,78323,3,10,67591,3,20,26184,3,10,-9990,0,0,3,E,8,2,E,8,17.4,E,8,4.2,E,8,41,E,8,993,E,8,142,E,8,6.2,E,8,-9990,0,0,-9990,0,0,1.245,E,8,0.127,E,8,0.20,E,8,0,-9990,0,0
04/12/2005,14:00,1036,1361,729,3,10,714,3,20,185,3,10,78091,3,10,70050,3,20,24732,3,10,-9990,0,0,3,E,8,2,E,8,18.2,E,8,3.9,E,8,39,E,8,993,E,8,90,E,8,5.9,E,8,-9990,0,0,-9990,0,0,1.215,E,8,0.127,E,8,0.20,E,8,0,-9990,0,0
04/12/2005,15:00,963,1361,665,3,10,699,3,20,170,3,10,71008,3,10,67745,3,20,23074,3,10,-9990,0,0,3,E,8,2,E,8,18.5,E,8,3.3,E,8,36,E,8,993,E,8,256,E,8,5.9,E,8,-9990,0,0,-9990,0,0,1.173,E,8,0.127,E,8,0.20,E,8,0,-9990,0,0
04/12/2005,16:00,834,1361,558,3,10,682,3,20,140,3,10,59421,3,10,64902,3,20,19661,3,10,-9990,0,0,1,E,8,1,E,8,18.5,E,8,3.2,E,8,36,E,8,993,E,8,143,E,8,6.2,E,8,-9990,0,0,-9990,0,0,1.163,E,8,0.127,E,8,0.20,E,8,0,-9990,0,0
04/12/2005,17:00,658,1361,422,3,10,658,3,20,104,3,10,44771,3,10,61230,3,20,15177,3,10,-9990,0,0,0,E,8,0,E,8,18.0,E,8,3.3,E,8,37,E,8,993,E,8,108,E,8,3.7,E,8,-9990,0,0,-9990,0,0,1.169,E,8,0.127,E,8,0.20,E,8,0,-9990,0,0
04/12/2005,18:00,447,1361,260,3,10,550,3,20,80,3,10,27079,3,10,46661,3,20,11750,3,10,-9990,0,0,1,E,8,1,E,8,17.1,E,8,3.7,E,8,41,E,8,993,E,8,155,E,8,4.0,E,8,-9990,0,0,-9990,0,0,1.204,E,8,0.127,E,8,0.20,E,8,0,-9990,0,0
04/12/2005,19:00,216,1361,103,3,10,305,3,20,54,3,10,10399,3,10,19186,3,20,7354,3,10,-9990,0,0,1,E,8,1,E,8,15.7,E,8,4.4,E,8,47,E,8,993,E,8,86,E,8,3.0,E,8,-9990,0,0,-9990,0,0,1.260,E,8,0.127,E,8,0.20,E,8,0,-9990,0,0
04/12/2005,20:00,21,287,1,3,10,0,3,20,1,3,10,128,3,10,6,3,20,128,3,10,-9990,0,0,3,E,8,2,E,8,14.2,E,8,4.4,E,8,52,E,8,993,E,8,227,E,8,2.6,E,8,-9990,0,0,-9990,0,0,1.265,E,8,0.127,E,8,0.20,E,8,0,-9990,0,0
04/12/2005,21:00,0,0,0,3,0,0,3,0,0,3,0,0,3,0,0,3,0,0,3,0,-9990,0,0,3,E,8,2,E,8,12.8,E,8,4.5,E,8,57,E,8,993,E,8,112,E,8,2.4,E,8,-9990,0,0,-9990,0,0,1.267,E,8,0.127,E,8,0.20,E,8,0,-9990,0,0
04/12/2005,22:00,0,0,0,3,0,0,3,0,0,3,0,0,3,0,0,3,0,0,3,0,-9990,0,0,3,E,8,2,E,8,11.4,E,8,4.9,E,8,64,E,8,993,E,8,254,E,8,1.6,E,8,-9990,0,0,-9990,0,0,1.304,E,8,0.127,E,8,0.20,E,8,0,-9990,0,0
04/12/2005,23:00,0,0,0,3,0,0,3,0,0,3,0,0,3,0,0,3,0,0,3,0,-9990,0,0,3,E,8,2,E,8,10.1,E,8,4.6,E,8,69,E,8,993,E,8,248,E,8,2.2,E,8,-9990,0,0,-9990,0,0,1.278,E,8,0.127,E,8,0.20,E,8,0,-9990,0,0
04/12/2005,24:00,0,0,0,3,0,0,3,0,0,3,0,0,3,0,0,3,0,0,3,0,-9990,0,0,4,E,8,3,E,8,8.7,E,8,3.6,E,8,70,E,8,993,E,8,178,E,8,1.6,E,8,-9990,0,0,-9990,0,0,1.192,E,8,0.127,E,8,0.20,E,8,0,-9990,0,0
04/13/2005,01:00,0,0,0,3,0,0,3,0,0,3,0,0,3,0,0,3,0,0,3,0,-9990,0,0,4,E,8,3,E,8,8.0,E,8,3.8,E,8,74,E,8,993,E,8,140,E,8,1.6,E,8,-9990,0,0,-9990,0,0,1.207,E,8,0.125,E,8,0.20,E,8,0,-9990,0,0
04/13/2005,02:00,0,0,0,3,0,0,3,0,0,3,0,0,3,0,0,3,0,0,3,0,-9990,0,0,4,E,8,3,E,8,7.3,E,8,3.4,E,8,76,E,8,993,E,8,167,E,8,1.6,E,8,-9990,0,0,-9990,0,0,1.175,E,8,0.125,E,8,0.20,E,8,0,-9990,0,0
04/13/2005,03:00,0,0,0,3,0,0,3,0,0,3,0,0,3,0,0,3,0,0,3,0,-9990,0,0,5,E,8,4,E,8,6.5,E,8,3.1,E,8,79,E,8,993,E,8,195,E,8,0.9,E,8,-9990,0,0,-9990,0,0,1.156,E,8,0.125,E,8,0.20,E,8,0,-9990,0,0
04/13/2005,04:00,0,0,0,3,0,0,3,0,0,3,0,0,3,0,0,3,0,0,3,0,-9990,0,0,5,E,8,5,E,8,6.1,E,8,3.5,E,8,83,E,8,993,E,8,251,E,8,1.8,E,8,-9990,0,0,-9990,0,0,1.185,E,8,0.125,E,8,0.20,E,8,0,-9990,0,0
04/13/2005,05:00,0,0,0,3,0,0,3,0,0,3,0,0,3,0,0,3,0,0,3,0,-9990,0,0,5,E,8,5,E,8,5.7,E,8,3.4,E,8,85,E,8,993,E,8,274,E,8,1.5,E,8,-9990,0,0,-9990,0,0,1.174,E,8,0.125,E,8,0.20,E,8,0,-9990,0,0
04/13/2005,06:00,0,0,0,3,0,0,3,0,0,3,0,0,3,0,0,3,0,0,3,0,-9990,0,0,5,E,8,5,E,8,5.5,E,8,2.9,E,8,84,E,8,993,E,8,294,E,8,1.5,E,8,-9990,0,0,-9990,0,0,1.139,E,8,0.125,E,8,0.20,E,8,0,-9990,0,0
04/13/2005,07:00,90,595,19,3,10,0,3,20,19,3,10,2142,3,10,0,3,20,2142,3,10,-9990,0,0,6,E,8,6,E,8,5.9,E,8,3.4,E,8,83,E,8,993,E,8,284,E,8,1.6,E,8,-9990,0,0,-9990,0,0,1.173,E,8,0.125,E,8,0.20,E,8,0,-9990,0,0
04/13/2005,08:00,323,1360,181,3,10,354,3,20,97,3,10,17915,3,10,22657,3,20,12535,3,10,-9990,0,0,6,E,8,5,E,8,8.2,E,8,3.7,E,8,73,E,8,993,E,8,258,E,8,1.1,E,8,-9990,0,0,-9990,0,0,1.202,E,8,0.125,E,8,0.20,E,8,0,-9990,0,0
04/13/2005,09:00,547,1360,349,3,10,684,3,20,74,3,10,37076,3,10,63991,3,20,11350,3,10,-9990,0,0,0,E,8,0,E,8,10.5,E,8,5.2,E,8,70,E,8,993,E,8,275,E,8,1.3,E,8,-9990,0,0,-9990,0,0,1.338,E,8,0.125,E,8,0.20,E,8,0,-9990,0,0
04/13/2005,10:00,744,1360,506,3,10,747,3,20,97,3,10,54406,3,10,73010,3,20,14476,3,10,-9990,0,0,0,E,8,0,E,8,12.7,E,8,3.7,E,8,54,E,8,993,E,8,139,E,8,0.8,E,8,-9990,0,0,-9990,0,0,1.199,E,8,0.125,E,8,0.20,E,8,0,-9990,0,0
04/13/2005,11:00,901,1360,638,3,10,782,3,20,120,3,10,67266,3,10,76327,3,20,16717,3,10,-9990,0,0,0,E,8,0,E,8,14.7,E,8,3.9,E,8,48,E,8,993,E,8,256,E,8,0.9,E,8,-9990,0,0,-9990,0,0,1.218,E,8,0.125,E,8,0.20,E,8,0,-9990,0,0
04/13/2005,12:00,1007,1360,729,3,10,799,3,20,137,3,10,77027,3,10,79023,3,20,18532,3,10,-9990,0,0,0,E,8,0,E,8,16.5,E,8,3.5,E,8,42,E,8,993,E,8,121,E,8,0.6,E,8,-9990,0,0,-9990,0,0,1.185,E,8,0.125,E,8,0.20,E,8,0,-9990,0,0
04/13/2005,13:00,1055,1360,767,3,10,794,3,20,151,3,10,80868,3,10,78423,3,20,20053,3,10,-9990,0,0,0,E,8,0,E,8,17.9,E,8,4.0,E,8,39,E,8,993,E,8,61,E,8,0.3,E,8,-9990,0,0,-9990,0,0,1.225,E,8,0.125,E,8,0.20,E,8,0,-9990,0,0
04/13/2005,14:00,1041,1360,762,3,10,816,3,20,137,3,10,81018,3,10,81808,3,20,18385,3,10,-9990,0,0,0,E,8,0,E,8,19.0,E,8,2.8,E,8,34,E,8,993,E,8,160,E,8,0.5,E,8,-9990,0,0,-9990,0,0,1.127,E,8,0.125,E,8,0.20,E,8,0,-9990,0,0
04/13/2005,15:00,967,1360,701,3,10,815,3,20,121,3,10,74789,3,10,81688,3,20,16684,3,10,-9990,0,0,0,E,8,0,E,8,19.5,E,8,3.8,E,8,35,E,8,993,E,8,220,E,8,1.8,E,8,-9990,0,0,-9990,0,0,1.209,E,8,0.125,E,8,0.20,E,8,0,-9990,0,0
04/13/2005,16:00,838,1360,605,3,10,845,3,20,84,3,10,64346,3,10,84656,3,20,12176,3,10,-9990,0,0,0,E,8,0,E,8,19.7,E,8,3.5,E,8,34,E,8,993,E,8,283,E,8,1.1,E,8,-9990,0,0,-9990,0,0,1.187,E,8,0.125,E,8,0.20,E,8,0,-9990,0,0
04/13/2005,17:00,662,1360,463,3,10,826,3,20,61,3,10,49649,3,10,83055,3,20,9205,3,10,-9990,0,0,0,E,8,0,E,8,19.4,E,8,3.8,E,8,36,E,8,993,E,8,303,E,8,1.3,E,8,-9990,0,0,-9990,0,0,1.215,E,8,0.125,E,8,0.20,E,8,0,-9990,0,0
04/13/2005,18:00,452,1360,295,3,10,734,3,20,51,3,10,31013,3,10,68989,3,20,8095,3,10,-9990,0,0,0,E,8,0,E,8,18.4,E,8,3.5,E,8,37,E,8,993,E,8,244,E,8,0.9,E,8,-9990,0,0,-9990,0,0,1.188,E,8,0.125,E,8,0.20,E,8,0,-9990,0,0
04/13/2005,19:00,221,1360,125,3,10,531,3,20,38,3,10,12722,3,10,42827,3,20,5761,3,10,-9990,0,0,0,E,8,0,E,8,17.0,E,8,4.2,E,8,42,E,8,993,E,8,275,E,8,0.7,E,8,-9990,0,0,-9990,0,0,1.241,E,8,0.125,E,8,0.20,E,8,0,-9990,0,0
04/13/2005,20:00,23,302,3,3,10,0,3,20,3,3,10,427,3,10,5,3,20,426,3,10,-9990,0,0,1,E,8,1,E,8,15.3,E,8,4.4,E,8,48,E,8,993,E,8,125,E,8,1.2,E,8,-9990,0,0,-9990,0,0,1.260,E,8,0.125,E,8,0.20,E,8,0,-9990,0,0
04/13/2005,21:00,0,0,0,3,0,0,3,0,0,3,0,0,3,0,0,3,0,0,3,0,-9990,0,0,1,E,8,1,E,8,14.1,E,8,7.1,E,8,62,E,8,993,E,8,131,E,8,2.4,E,8,-9990,0,0,-9990,0,0,1.522,E,8,0.125,E,8,0.20,E,8,0,-9990,0,0
04/13/2005,22:00,0,0,0,3,0,0,3,0,0,3,0,0,3,0,0,3,0,0,3,0,-9990,0,0,1,E,8,1,E,8,13.0,E,8,6.9,E,8,66,E,8,993,E,8,112,E,8,4.2,E,8,-9990,0,0,-9990,0,0,1.502,E,8,0.125,E,8,0.20,E,8,0,-9990,0,0
04/13/2005,23:00,0,0,0,3,0,0,3,0,0,3,0,0,3,0,0,3,0,0,3,0,-9990,0,0,3,E,8,2,E,8,11.8,E,8,6.1,E,8,68,E,8,993,E,8,167,E,8,7.0,E,8,-9990,0,0,-9990,0,0,1.423,E,8,0.125,E,8,0.20,E,8,0,-9990,0,0
04/13/2005,24:00,0,0,0,3,0,0,3,0,0,3,0,0,3,0,0,3,0,0,3,0,-9990,0,0,3,E,8,2,E,8,10.6,E,8,5.8,E,8,72,E,8,992,E,8,292,E,8,11.7,E,8,-9990,0,0,-9990,0,0,1.396,E,8,0.125,E,8,0.20,E,8,0,-9990,0,0
04/14/2005,01:00,0,0,0,3,0,0,3,0,0,3,0,0,3,0,0,3,0,0,3,0,-9990,0,0,3,E,8,2,E,8,9.7,E,8,5.6,E,8,75,E,8,992,E,8,163,E,8,9.4,E,8,-9990,0,0,-9990,0,0,1.371,E,8,0.147,E,8,0.20,E,8,0,-9990,0,0
04/14/2005,02:00,0,0,0,3,0,0,3,0,0,3,0,0,3,0,0,3,0,0,3,0,-9990,0,0,4,E,8,3,E,8,8.8,E,8,5.3,E,8,79,E,8,992,E,8,230,E,8,10.7,E,8,-9990,0,0,-9990,0,0,1.342,E,8,0.147,E,8,0.20,E,8,0,-9990,0,0
04/14/2005,03:00,0,0,0,3,0,0,3,0,0,3,0,0,3,0,0,3,0,0,3,0,-9990,0,0,4,E,8,3,E,8,7.8,E,8,5.6,E,8,86,E,8,992,E,8,204,E,8,13.2,E,8,-9990,0,0,-9990,0,0,1.369,E,8,0.147,E,8,0.20,E,8,0,-9990,0,0
04/14/2005,04:00,0,0,0,3,0,0,3,0,0,3,0,0,3,0,0,3,0,0,3,0,-9990,0,0,4,E,8,3,E,8,7.3,E,8,5.9,E,8,91,E,8,992,E,8,194,E,8,7.6,E,8,-9990,0,0,-9990,0,0,1.404,E,8,0.147,E,8,0.20,E,8,0,-9990,0,0
04/14/2005,05:00,0,0,0,3,0,0,3,0,0,3,0,0,3,0,0,3,0,0,3,0,-9990,0,0,4,E,8,3,E,8,6.8,E,8,6.0,E,8,95,E,8,992,E,8,170,E,8,7.6,E,8,-9990,0,0,-9990,0,0,1.410,E,8,0.147,E,8,0.20,E,8,0,-9990,0,0
04/14/2005,06:00,0,0,0,3,0,0,3,0,0,3,0,0,3,0,0,3,0,0,3,0,-9990,0,0,5,E,8,5,E,8,6.4,E,8,6.2,E,8,99,E,8,992,E,8,163,E,8,10.1,E,8,-9990,0,0,-9990,0,0,1.436,E,8,0.147,E,8,0.20,E,8,0,-9990,0,0
04/14/2005,07:00,97,617,20,3,10,0,3,20,20,3,10,2252,3,10,0,3,20,2252,3,10,-9990,0,0,5,E,8,5,E,8,6.8,E,8,5.4,E,8,90,E,8,992,E,8,124,E,8,6.6,E,8,-9990,0,0,-9990,0,0,1.353,E,8,0.147,E,8,0.20,E,8,0,-9990,0,0
04/14/2005,08:00,330,1359,179,3,10,345,3,20,96,3,10,18385,3,10,28217,3,20,11535,3,10,-9990,0,0,5,E,8,5,E,8,8.9,E,8,5.8,E,8,81,E,8,992,E,8,120,E,8,8.7,E,8,-9990,0,0,-9990,0,0,1.396,E,8,0.147,E,8,0.20,E,8,0,-9990,0,0
04/14/2005,09:00,553,1359,332,3,10,568,3,20,101,3,10,34514,3,10,49110,3,20,14522,3,10,-9990,0,0,0,E,8,0,E,8,10.9,E,8,6.0,E,8,72,E,8,992,E,8,267,E,8,8.4,E,8,-9990,0,0,-9990,0,0,1.411,E,8,0.147,E,8,0.20,E,8,0,-9990,0,0
04/14/2005,10:00,750,1359,466,3,10,535,3,20,171,3,10,49559,3,10,46176,3,20,24083,3,10,-9990,0,0,4,E,8,3,E,8,12.7,E,8,5.3,E,8,60,E,8,992,E,8,221,E,8,7.6,E,8,-9990,0,0,-9990,0,0,1.340,E,8,0.147,E,8,0.20,E,8,0,-9990,0,0
04/14/2005,11:00,906,1359,586,3,10,577,3,20,201,3,10,63157,3,10,51916,3,20,28540,3,10,-9990,0,0,4,E,8,3,E,8,14.4,E,8,4.7,E,8,52,E,8,992,E,8,234,E,8,7.0,E,8,-9990,0,0,-9990,0,0,1.293,E,8,0.147,E,8,0.20,E,8,0,-9990,0,0
04/14/2005,12:00,1012,1359,655,3,10,544,3,20,250,3,10,70365,3,10,47374,3,20,35096,3,10,-9990,0,0,5,E,8,4,E,8,15.9,E,8,5.2,E,8,49,E,8,991,E,8,144,E,8,4.6,E,8,-9990,0,0,-9990,0,0,1.334,E,8,0.147,E,8,0.20,E,8,0,-9990,0,0
04/14/2005,13:00,1059,1359,673,3,10,541,3,20,251,3,10,72787,3,10,48047,3,20,35334,3,10,-9990,0,0,5,E,8,4,E,8,16.9,E,8,3.8,E,8,41,E,8,991,E,8,247,E,8,6.2,E,8,-9990,0,0,-9990,0,0,1.210,E,8,0.147,E,8,0.20,E,8,0,-9990,0,0
04/14/2005,14:00,1046,1359,671,3,10,536,3,20,259,3,10,72270,3,10,46941,3,20,36152,3,10,-9990,0,0,5,E,8,4,E,8,17.7,E,8,3.6,E,8,39,E,8,991,E,8,309,E,8,5.5,E,8,-9990,0,0,-9990,0,0,1.196,E,8,0.147,E,8,0.20,E,8,0,-9990,0,0
04/14/2005,15:00,972,1359,587,3,10,416,3,20,290,3,10,63714,3,10,42071,3,20,33634,3,10,-9990,0,0,6,E,8,5,E,8,18.0,E,8,3.9,E,8,39,E,8,991,E,8,260,E,8,4.6,E,8,-9990,0,0,-9990,0,0,1.219,E,8,0.147,E,8,0.20,E,8,0,-9990,0,0
04/14/2005,16:00,842,1359,461,3,10,331,3,20,255,3,10,49553,3,10,31665,3,20,29925,3,10,-9990,0,0,8,E,8,6,E,8,18.0,E,8,4.2,E,8,40,E,8,991,E,8,149,E,8,2.6,E,8,-9990,0,0,-9990,0,0,1.243,E,8,0.147,E,8,0.20,E,8,0,-9990,0,0
04/14/2005,17:00,667,1359,356,3,10,332,3,20,193,3,10,37952,3,10,30451,3,20,23014,3,10,-9990,0,0,6,E,8,5,E,8,17.4,E,8,4.4,E,8,42,E,8,991,E,8,119,E,8,3.4,E,8,-9990,0,0,-9990,0,0,1.263,E,8,0.147,E,8,0.20,E,8,0,-9990,0,0
04/14/2005,18:00,456,1359,223,3,10,285,3,20,127,3,10,23455,3,10,23890,3,20,15431,3,10,-9990,0,0,6,E,8,5,E,8,16.5,E,8,4.7,E,8,46,E,8,991,E,8,59,E,8,4.2,E,8,-9990,0,0,-9990,0,0,1.293,E,8,0.147,E,8,0.20,E,8,0,-9990,0,0
04/14/2005,19:00,226,1359,89,3,10,179,3,20,59,3,10,9142,3,10,11532,3,20,7224,3,10,-9990,0,0,6,E,8,5,E,8,15.2,E,8,5.1,E,8,51,E,8,991,E,8,102,E,8,4.0,E,8,-9990,0,0,-9990,0,0,1.326,E,8,0.147,E,8,0.20,E,8,0,-9990,0,0
04/14/2005,20:00,25,318,1,3,10,0,3,20,1,3,10,150,3,10,5,3,20,149,3,10,-9990,0,0,6,E,8,5,E,8,13.8,E,8,5.1,E,8,56,E,8,991,E,8,75,E,8,5.9,E,8,-9990,0,0,-9990,0,0,1.329,E,8,0.147,E,8,0.20,E,8,0,-9990,0,0
04/14/2005,21:00,0,0,0,3,0,0,3,0,0,3,0,0,3,0,0,3,0,0,3,0,-9990,0,0,6,E,8,5,E,8,12.6,E,8,6.7,E,8,67,E,8,991,E,8,64,E,8,6.2,E,8,-9990,0,0,-9990,0,0,1.484,E,8,0.147,E,8,0.20,E,8,0,-9990,0,0
04/14/2005,22:00,0,0,0,3,0,0,3,0,0,3,0,0,3,0,0,3,0,0,3,0,-9990,0,0,6,E,8,5,E,8,11.4,E,8,6.2,E,8,70,E,8,991,E,8,149,E,8,3.2,E,8,-9990,0,0,-9990,0,0,1.433,E,8,0.147,E,8,0.20,E,8,0,-9990,0,0
04/14/2005,23:00,0,0,0,3,0,0,3,0,0,3,0,0,3,0,0,3,0,0,3,0,-9990,0,0,6,E,8,5,E,8,10.1,E,8,5.5,E,8,73,E,8,991,E,8,70,E,8,3.2,E,8,-9990,0,0,-9990,0,0,1.365,E,8,0.147,E,8,0.20,E,8,0,-9990,0,0
04/14/2005,24:00,0,0,0,3,0,0,3,0,0,3,0,0,3,0,0,3,0,0,3,0,-9990,0,0,6,E,8,5,E,8,8.9,E,8,5.0,E,8,76,E,8,991,E,8,218,E,8,4.6,E,8,-9990,0,0,-9990,0,0,1.316,E,8,0.147,E,8,0.20,E,8,0,-9990,0,0
04/15/2005,01:00,0,0,0,3,0,0,3,0,0,3,0,0,3,0,0,3,0,0,3,0,-9990,0,0,6,E,8,5,E,8,8.0,E,8,4.6,E,8,79,E,8,991,E,8,212,E,8,4.2,E,8,-9990,0,0,-9990,0,0,1.285,E,8,0.145,E,8,0.20,E,8,0,-9990,0,0
04/15/2005,02:00,0,0,0,3,0,0,3,0,0,3,0,0,3,0,0,3,0,0,3,0,-9990,0,0,6,E,8,6,E,8,7.0,E,8,4.0,E,8,81,E,8,991,E,8,208,E,8,5.1,E,8,-9990,0,0,-9990,0,0,1.228,E,8,0.145,E,8,0.20,E,8,0,-9990,0,0
04/15/2005,03:00,0,0,0,3,0,0,3,0,0,3,0,0,3,0,0,3,0,0,3,0,-9990,0,0,6,E,8,6,E,8,6.0,E,8,4.0,E,8,87,E,8,991,E,8,224,E,8,7.0,E,8,-9990,0,0,-9990,0,0,1.231,E,8,0.145,E,8,0.20,E,8,0,-9990,0,0
04/15/2005,04:00,0,0,0,3,0,0,3,0,0,3,0,0,3,0,0,3,0,0,3,0,-9990,0,0,5,E,8,5,E,8,5.5,E,8,3.9,E,8,89,E,8,991,E,8,137,E,8,5.9,E,8,-9990,0,0,-9990,0,0,1.216,E,8,0.145,E,8,0.20,E,8,0,-9990,0,0
04/15/2005,05:00,0,0,0,3,0,0,3,0,0,3,0,0,3,0,0,3,0,0,3,0,-9990,0,0,5,E,8,5,E,8,4.9,E,8,3.6,E,8,91,E,8,991,E,8,161,E,8,10.7,E,8,-9990,0,0,-9990,0,0,1.190,E,8,0.145,E,8,0.20,E,8,0,-9990,0,0
04/15/2005,06:00,0,0,0,3,0,0,3,0,0,3,0,0,3,0,0,3,0,0,3,0,-9990,0,0,5,E,8,5,E,8,4.5,E,8,4.2,E,8,97,E,8,991,E,8,175,E,8,8.1,E,8,-9990,0,0,-9990,0,0,1.241,E,8,0.145,E,8,0.20,E,8,0,-9990,0,0
04/15/2005,07:00,103,638,27,3,10,0,3,20,27,3,10,2964,3,10,0,3,20,2964,3,10,-9990,0,0,5,E,8,5,E,8,5.1,E,8,4.6,E,8,96,E,8,991,E,8,220,E,8,6.2,E,8,-9990,0,0,-9990,0,0,1.278,E,8,0.145,E,8,0.20,E,8,0,-9990,0,0
04/15/2005,08:00,337,1358,223,3,10,449,3,20,112,3,10,21773,3,10,30626,3,20,14179,3,10,-9990,0,0,5,E,8,5,E,8,7.6,E,8,5.1,E,8,84,E,8,991,E,8,182,E,8,6.6,E,8,-9990,0,0,-9990,0,0,1.323,E,8,0.145,E,8,0.20,E,8,0,-9990,0,0
04/15/2005,09:00,560,1358,420,3,10,878,3,20,58,3,10,44966,3,10,87501,3,20,8910,3,10,-9990,0,0,0,E,8,0,E,8,10.0,E,8,4.8,E,8,70,E,8,991,E,8,120,E,8,6.6,E,8,-9990,0,0,-9990,0,0,1.296,E,8,0.145,E,8,0.20,E,8,0,-9990,0,0
04/15/2005,10:00,756,1358,613,3,10,958,3,20,80,3,10,65147,3,10,95915,3,20,11777,3,10,-9990,0,0,0,E,8,0,E,8,12.4,E,8,2.9,E,8,52,E,8,991,E,8,179,E,8,7.3,E,8,-9990,0,0,-9990,0,0,1.139,E,8,0.145,E,8,0.20,E,8,0,-9990,0,0
04/15/2005,11:00,912,1358,782,3,10,832,3,20,223,3,10,80927,3,10,78259,3,20,28395,3,10,-9990,0,0,3,E,8,2,E,8,14.7,E,8,2.6,E,8,44,E,8,991,E,8,304,E,8,9.4,E,8,-9990,0,0,-9990,0,0,1.113,E,8,0.145,E,8,0.20,E,8,0,-9990,0,0
04/15/2005,12:00,1017,1358,536,3,10,241,3,20,356,3,10,58599,3,10,24484,3,20,40268,3,10,-9990,0,0,9,E,8,8,E,8,15.1,E,8,2.8,E,8,43,E,8,991,E,8,250,E,8,8.7,E,8,-9990,0,0,-9990,0,0,1.132,E,8,0.145,E,8,0.20,E,8,0,-9990,0,0
04/15/2005,13:00,1064,1358,544,3,10,198,3,20,389,3,10,59493,3,10,19972,3,20,43845,3,10,-9990,0,0,9,E,8,8,E,8,15.4,E,8,3.1,E,8,43,E,8,991,E,8,212,E,8,7.3,E,8,-9990,0,0,-9990,0,0,1.151,E,8,0.145,E,8,0.20,E,8,0,-9990,0,0
04/15/2005,14:00,1050,1358,538,3,10,202,3,20,382,3,10,58810,3,10,20292,3,20,43120,3,10,-9990,0,0,9,E,8,8,E,8,15.6,E,8,3.1,E,8,43,E,8,990,E,8,252,E,8,5.1,E,8,-9990,0,0,-9990,0,0,1.150,E,8,0.145,E,8,0.20,E,8,0,-9990,0,0
04/15/2005,15:00,976,1358,492,3,10,172,3,20,368,3,10,53480,3,10,16738,3,20,41452,3,10,-9990,0,0,9,E,8,8,E,8,15.6,E,8,2.3,E,8,41,E,8,990,E,8,154,E,8,5.5,E,8,-9990,0,0,-9990,0,0,1.091,E,8,0.145,E,8,0.20,E,8,0,-9990,0,0
04/15/2005,16:00,847,1358,419,3,10,179,3,20,308,3,10,45508,3,10,16995,3,20,34913,3,10,-9990,0,0,9,E,8,8,E,8,15.3,E,8,2.9,E,8,43,E,8,990,E,8,159,E,8,8.7,E,8,-9990,0,0,-9990,0,0,1.135,E,8,0.145,E,8,0.20,E,8,0,-9990,0,0
04/15/2005,17:00,671,1358,309,3,10,131,3,20,244,3,10,34094,3,10,13400,3,20,27472,3,10,-9990,0,0,9,E,8,8,E,8,14.6,E,8,3.4,E,8,47,E,8,990,E,8,137,E,8,9.4,E,8,-9990,0,0,-9990,0,0,1.178,E,8,0.145,E,8,0.20,E,8,0,-9990,0,0
04/15/2005,18:00,461,1358,200,3,10,119,3,20,160,3,10,21476,3,10,9118,3,20,18380,3,10,-9990,0,0,9,E,8,8,E,8,13.6,E,8,3.7,E,8,51,E,8,989,E,8,66,E,8,7.3,E,8,-9990,0,0,-9990,0,0,1.199,E,8,0.145,E,8,0.20,E,8,0,-9990,0,0
04/15/2005,19:00,231,1358,86,3,10,96,3,20,70,3,10,9134,3,10,6363,3,20,8052,3,10,-9990,0,0,9,E,8,8,E,8,12.3,E,8,3.3,E,8,54,E,8,989,E,8,53,E,8,4.6,E,8,-9990,0,0,-9990,0,0,1.167,E,8,0.145,E,8,0.20,E,8,0,-9990,0,0
04/15/2005,20:00,28,334,3,3,10,0,3,20,3,3,10,360,3,10,5,3,20,359,3,10,-9990,0,0,9,E,8,8,E,8,10.9,E,8,2.9,E,8,58,E,8,989,E,8,51,E,8,5.1,E,8,-9990,0,0,-9990,0,0,1.138,E,8,0.145,E,8,0.20,E,8,0,-9990,0,0
04/15/2005,21:00,0,0,0,3,0,0,3,0,0,3,0,0,3,0,0,3,0,0,3,0,-9990,0,0,10,E,8,9,E,8,10.2,E,8,3.5,E,8,63,E,8,989,E,8,39,E,8,3.7,E,8,-9990,0,0,-9990,0,0,1.187,E,8,0.145,E,8,0.20,E,8,0,-9990,0,0
04/15/2005,22:00,0,0,0,3,0,0,3,0,0,3,0,0,3,0,0,3,0,0,3,0,-9990,0,0,10,E,8,9,E,8,9.4,E,8,3.2,E,8,65,E,8,989,E,8,56,E,8,2.8,E,8,-9990,0,0,-9990,0,0,1.165,E,8,0.145,E,8,0.20,E,8,0,-9990,0,0
04/15/2005,23:00,0,0,0,3,0,0,3,0,0,3,0,0,3,0,0,3,0,0,3,0,-9990,0,0,10,E,8,9,E,8,8.7,E,8,3.3,E,8,69,E,8,988,E,8,134,E,8,3.4,E,8,-9990,0,0,-9990,0,0,1.172,E,8,0.145,E,8,0.20,E,8,0,-9990,0,0
04/15/2005,24:00,0,0,0,3,0,0,3,0,0,3,0,0,3,0,0,3,0,0,3,0,-9990,0,0,10,E,8,9,E,8,8.0,E,8,3.3,E,8,72,E,8,988,E,8,115,E,8,2.6,E,8,-9990,0,0,-9990,0,0,1.165,E,8,0.145,E,8,0.20,E,8,0,-9990,0,0
04/16/2005,01:00,0,0,0,3,0,0,3,0,0,3,0,0,3,0,0,3,0,0,3,0,-9990,0,0,10,E,8,9,E,8,7.7,E,8,2.5,E,8,69,E,8,988,E,8,140,E,8,1.0,E,8,-9990,0,0,-9990,0,0,1.106,E,8,0.154,E,8,0.20,E,8,0,-9990,0,0
04/16/2005,02:00,0,0,0,3,0,0,3,0,0,3,0,0,3,0,0,3,0,0,3,0,-9990,0,0,10,E,8,9,E,8,7.5,E,8,2.8,E,8,72,E,8,988,E,8,114,E,8,0.7,E,8,-9990,0,0,-9990,0,0,1.132,E,8,0.154,E,8,0.20,E,8,0,-9990,0,0
04/16/2005,03:00,0,0,0,3,0,0,3,0,0,3,0,0,3,0,0,3,0,0,3,0,-9990,0,0,10,E,8,9,E,8,7.3,E,8,3.4,E,8,76,E,8,987,E,8,128,E,8,1.1,E,8,-9990,0,0,-9990,0,0,1.175,E,8,0.154,E,8,0.20,E,8,0,-9990,0,0
04/16/2005,04:00,0,0,0,3,0,0,3,0,0,3,0,0,3,0,0,3,0,0,3,0,-9990,0,0,10,E,8,9,E,8,7.2,E,8,4.2,E,8,81,E,8,987,E,8,53,E,8,1.0,E,8,-9990,0,0,-9990,0,0,1.242,E,8,0.154,E,8,0.20,E,8,0,-9990,0,0
04/16/2005,05:00,0,0,0,3,0,0,3,0,0,3,0,0,3,0,0,3,0,0,3,0,-9990,0,0,10,E,8,9,E,8,6.8,E,8,4.5,E,8,85,E,8,987,E,8,140,E,8,1.2,E,8,-9990,0,0,-9990,0,0,1.274,E,8,0.154,E,8,0.20,E,8,1,-9990,0,0
04/16/2005,06:00,0,0,0,3,0,0,3,0,0,3,0,0,3,0,0,3,0,0,3,0,-9990,0,0,10,E,8,9,E,8,7.0,E,8,4.5,E,8,84,E,8,987,E,8,240,E,8,1.6,E,8,-9990,0,0,-9990,0,0,1.269,E,8,0.154,E,8,0.20,E,8,0,-9990,0,0
04/16/2005,07:00,110,659,12,3,10,0,3,20,12,3,10,1429,3,10,0,3,20,1429,3,10,-9990,0,0,10,E,8,9,E,8,7.4,E,8,5.4,E,8,87,E,8,986,E,8,191,E,8,1.6,E,8,-9990,0,0,-9990,0,0,1.354,E,8,0.154,E,8,0.20,E,8,0,-9990,0,0
04/16/2005,08:00,344,1358,85,3,10,0,3,20,85,3,10,9110,3,10,0,3,20,9110,3,10,-9990,0,0,10,E,8,9,E,8,8.4,E,8,5.3,E,8,81,E,8,986,E,8,229,E,8,3.0,E,8,-9990,0,0,-9990,0,0,1.348,E,8,0.154,E,8,0.20,E,8,0,-9990,0,0
04/16/2005,09:00,566,1358,147,3,10,4,3,20,145,3,10,16247,3,10,284,3,20,16129,3,10,-9990,0,0,10,E,8,9,E,8,9.3,E,8,6.2,E,8,81,E,8,986,E,8,130,E,8,2.6,E,8,-9990,0,0,-9990,0,0,1.435,E,8,0.154,E,8,0.20,E,8,0,-9990,0,0
04/16/2005,10:00,762,1358,217,3,10,10,3,20,211,3,10,24323,3,10,924,3,20,23805,3,10,-9990,0,0,10,E,8,9,E,8,10.3,E,8,3.4,E,8,62,E,8,986,E,8,257,E,8,3.7,E,8,-9990,0,0,-9990,0,0,1.180,E,8,0.154,E,8,0.20,E,8,0,-9990,0,0
04/16/2005,11:00,917,1358,287,3,10,21,3,20,273,3,10,32448,3,10,2064,3,20,31054,3,10,-9990,0,0,10,E,8,9,E,8,11.2,E,8,3.6,E,8,59,E,8,985,E,8,257,E,8,2.8,E,8,-9990,0,0,-9990,0,0,1.196,E,8,0.154,E,8,0.20,E,8,0,-9990,0,0
04/16/2005,12:00,1022,1358,319,3,10,20,3,20,304,3,10,36455,3,10,1974,3,20,34968,3,10,-9990,0,0,10,E,8,9,E,8,12.0,E,8,3.1,E,8,54,E,8,985,E,8,287,E,8,0.5,E,8,-9990,0,0,-9990,0,0,1.150,E,8,0.154,E,8,0.20,E,8,0,-9990,0,0
04/16/2005,13:00,1069,1358,329,3,10,22,3,20,311,3,10,37817,3,10,2261,3,20,36037,3,10,-9990,0,0,10,E,8,9,E,8,12.6,E,8,3.3,E,8,53,E,8,985,E,8,336,E,8,0.2,E,8,-9990,0,0,-9990,0,0,1.165,E,8,0.154,E,8,0.20,E,8,0,-9990,0,0
04/16/2005,14:00,1055,1358,310,3,10,19,3,20,295,3,10,35723,3,10,1894,3,20,34251,3,10,-9990,0,0,10,E,8,9,E,8,13.0,E,8,3.3,E,8,52,E,8,985,E,8,321,E,8,0.4,E,8,-9990,0,0,-9990,0,0,1.171,E,8,0.154,E,8,0.20,E,8,0,-9990,0,0
04/16/2005,15:00,980,1358,281,3,10,14,3,20,271,3,10,32285,3,10,1388,3,20,31283,3,10,-9990,0,0,10,E,8,9,E,8,13.2,E,8,3.4,E,8,51,E,8,986,E,8,329,E,8,1.0,E,8,-9990,0,0,-9990,0,0,1.179,E,8,0.154,E,8,0.20,E,8,0,-9990,0,0
04/16/2005,16:00,851,1358,246,3,10,13,3,20,238,3,10,27908,3,10,1217,3,20,27145,3,10,-9990,0,0,10,E,8,9,E,8,13.3,E,8,4.6,E,8,55,E,8,986,E,8,319,E,8,0.9,E,8,-9990,0,0,-9990,0,0,1.278,E,8,0.154,E,8,0.20,E,8,0,-9990,0,0
04/16/2005,17:00,676,1358,171,3,10,4,3,20,169,3,10,19296,3,10,265,3,20,19164,3,10,-9990,0,0,10,E,8,9,E,8,13.1,E,8,4.7,E,8,57,E,8,986,E,8,304,E,8,1.0,E,8,-9990,0,0,-9990,0,0,1.285,E,8,0.154,E,8,0.20,E,8,0,-9990,0,0
04/16/2005,18:00,466,1358,113,3,10,0,3,20,113,3,10,12499,3,10,0,3,20,12499,3,10,-9990,0,0,10,E,8,9,E,8,12.6,E,8,4.6,E,8,58,E,8,987,E,8,324,E,8,1.1,E,8,-9990,0,0,-9990,0,0,1.279,E,8,0.154,E,8,0.20,E,8,0,-9990,0,0
04/16/2005,19:00,236,1358,49,3,10,0,3,20,49,3,10,5367,3,10,0,3,20,5367,3,10,-9990,0,0,10,E,8,9,E,8,12.0,E,8,4.9,E,8,62,E,8,987,E,8,296,E,8,1.2,E,8,-9990,0,0,-9990,0,0,1.311,E,8,0.154,E,8,0.20,E,8,0,-9990,0,0
04/16/2005,20:00,30,349,1,3,10,0,3,20,1,3,10,161,3,10,5,3,20,160,3,10,-9990,0,0,9,E,8,8,E,8,11.3,E,8,5.1,E,8,65,E,8,988,E,8,273,E,8,1.0,E,8,-9990,0,0,-9990,0,0,1.329,E,8,0.154,E,8,0.20,E,8,0,-9990,0,0
04/16/2005,21:00,0,0,0,3,0,0,3,0,0,3,0,0,3,0,0,3,0,0,3,0,-9990,0,0,9,E,8,8,E,8,10.5,E,8,5.2,E,8,69,E,8,988,E,8,310,E,8,1.3,E,8,-9990,0,0,-9990,0,0,1.333,E,8,0.154,E,8,0.20,E,8,0,-9990,0,0
04/16/2005,22:00,0,0,0,3,0,0,3,0,0,3,0,0,3,0,0,3,0,0,3,0,-9990,0,0,8,E,8,6,E,8,9.7,E,8,4.8,E,8,71,E,8,988,E,8,323,E,8,2.8,E,8,-9990,0,0,-9990,0,0,1.295,E,8,0.154,E,8,0.20,E,8,0,-9990,0,0
04/16/2005,23:00,0,0,0,3,0,0,3,0,0,3,0,0,3,0,0,3,0,0,3,0,-9990,0,0,8,E,8,6,E,8,8.9,E,8,4.7,E,8,75,E,8,989,E,8,314,E,8,1.6,E,8,-9990,0,0,-9990,0,0,1.291,E,8,0.154,E,8,0.20,E,8,0,-9990,0,0
04/16/2005,24:00,0,0,0,3,0,0,3,0,0,3,0,0,3,0,0,3,0,0,3,0,-9990,0,0,6,E,8,5,E,8,8.1,E,8,4.7,E,8,79,E,8,989,E,8,327,E,8,1.5,E,8,-9990,0,0,-9990,0,0,1.292,E,8,0.154,E,8,0.20,E,8,0,-9990,0,0
04/17/2005,01:00,0,0,0,3,0,0,3,0,0,3,0,0,3,0,0,3,0,0,3,0,-9990,0,0,6,E,8,6,E,8,7.1,E,8,5.3,E,8,88,E,8,989,E,8,258,E,8,1.2,E,8,-9990,0,0,-9990,0,0,1.345,E,8,0.143,E,8,0.20,E,8,0,-9990,0,0
04/17/2005,02:00,0,0,0,3,0,0,3,0,0,3,0,0,3,0,0,3,0,0,3,0,-9990,0,0,5,E,8,5,E,8,6.1,E,8,5.0,E,8,93,E,8,990,E,8,290,E,8,1.1,E,8,-9990,0,0,-9990,0,0,1.315,E,8,0.143,E,8,0.20,E,8,0,-9990,0,0
04/17/2005,03:00,0,0,0,3,0,0,3,0,0,3,0,0,3,0,0,3,0,0,3,0,-9990,0,0,4,E,8,3,E,8,5.6,E,8,4.7,E,8,94,E,8,990,E,8,289,E,8,1.8,E,8,-9990,0,0,-9990,0,0,1.285,E,8,0.143,E,8,0.20,E,8,0,-9990,0,0
04/17/2005,04:00,0,0,0,3,0,0,3,0,0,3,0,0,3,0,0,3,0,0,3,0,-9990,0,0,4,E,8,3,E,8,5.0,E,8,4.6,E,8,97,E,8,990,E,8,296,E,8,1.3,E,8,-9990,0,0,-9990,0,0,1.280,E,8,0.143,E,8,0.20,E,8,0,-9990,0,0
04/17/2005,05:00,0,0,0,3,0,0,3,0,0,3,0,0,3,0,0,3,0,0,3,0,-9990,0,0,3,E,8,2,E,8,4.6,E,8,4.2,E,8,97,E,8,991,E,8,274,E,8,1.3,E,8,-9990,0,0,-9990,0,0,1.242,E,8,0.143,E,8,0.20,E,8,0,-9990,0,0
04/17/2005,06:00,0,0,0,3,10,0,3,20,0,3,10,0,3,10,0,3,20,0,3,10,-9990,0,0,3,E,8,2,E,8,4.6,E,8,4.5,E,8,100,E,8,991,E,8,284,E,8,1.2,E,8,-9990,0,0,-9990,0,0,1.274,E,8,0.143,E,8,0.20,E,8,0,-9990,0,0
04/17/2005,07:00,117,1357,56,3,10,242,3,20,35,3,10,5748,3,10,10012,3,20,4887,3,10,-9990,0,0,1,E,8,1,E,8,5.4,E,8,4.4,E,8,94,E,8,991,E,8,258,E,8,0.6,E,8,-9990,0,0,-9990,0,0,1.266,E,8,0.143,E,8,0.20,E,8,0,-9990,0,0
04/17/2005,08:00,350,1357,203,3,10,576,3,20,55,3,10,20806,3,10,49306,3,20,8074,3,10,-9990,0,0,1,E,8,1,E,8,7.1,E,8,4.7,E,8,84,E,8,992,E,8,261,E,8,0.4,E,8,-9990,0,0,-9990,0,0,1.287,E,8,0.143,E,8,0.20,E,8,0,-9990,0,0
04/17/2005,09:00,572,1357,378,3,10,740,3,20,66,3,10,39507,3,10,69474,3,20,10200,3,10,-9990,0,0,0,E,8,0,E,8,9.3,E,8,5.2,E,8,76,E,8,992,E,8,268,E,8,0.3,E,8,-9990,0,0,-9990,0,0,1.337,E,8,0.143,E,8,0.20,E,8,0,-9990,0,0
04/17/2005,10:00,768,1357,543,3,10,820,3,20,79,3,10,58087,3,10,81944,3,20,11732,3,10,-9990,0,0,0,E,8,0,E,8,11.5,E,8,3.5,E,8,58,E,8,993,E,8,228,E,8,0.1,E,8,-9990,0,0,-9990,0,0,1.188,E,8,0.143,E,8,0.20,E,8,0,-9990,0,0
04/17/2005,11:00,923,1357,672,3,10,839,3,20,102,3,10,72067,3,10,84788,3,20,14413,3,10,-9990,0,0,0,E,8,0,E,8,13.7,E,8,2.9,E,8,48,E,8,993,E,8,131,E,8,0.2,E,8,-9990,0,0,-9990,0,0,1.139,E,8,0.143,E,8,0.20,E,8,0,-9990,0,0
04/17/2005,12:00,1027,1357,760,3,10,846,3,20,120,3,10,81512,3,10,86015,3,20,16408,3,10,-9990,0,0,0,E,8,0,E,8,15.6,E,8,3.3,E,8,44,E,8,993,E,8,268,E,8,0.1,E,8,-9990,0,0,-9990,0,0,1.165,E,8,0.143,E,8,0.20,E,8,0,-9990,0,0
04/17/2005,13:00,1073,1357,805,3,10,863,3,20,122,3,10,86852,3,10,88852,3,20,16551,3,10,-9990,0,0,0,E,8,0,E,8,17.1,E,8,4.0,E,8,42,E,8,994,E,8,200,E,8,0.1,E,8,-9990,0,0,-9990,0,0,1.231,E,8,0.143,E,8,0.20,E,8,0,-9990,0,0
04/17/2005,14:00,1059,1357,793,3,10,862,3,20,119,3,10,85531,3,10,88771,3,20,16236,3,10,-9990,0,0,0,E,8,0,E,8,18.3,E,8,3.3,E,8,37,E,8,994,E,8,265,E,8,0.4,E,8,-9990,0,0,-9990,0,0,1.171,E,8,0.143,E,8,0.20,E,8,0,-9990,0,0
04/17/2005,15:00,985,1357,729,3,10,857,3,20,107,3,10,78706,3,10,87957,3,20,14870,3,10,-9990,0,0,0,E,8,0,E,8,19.1,E,8,3.0,E,8,34,E,8,994,E,8,223,E,8,0.3,E,8,-9990,0,0,-9990,0,0,1.143,E,8,0.143,E,8,0.20,E,8,0,-9990,0,0
04/17/2005,16:00,855,1357,625,3,10,864,3,20,81,3,10,66517,3,10,86961,3,20,11693,3,10,-9990,0,0,0,E,8,0,E,8,19.4,E,8,2.6,E,8,33,E,8,994,E,8,128,E,8,0.3,E,8,-9990,0,0,-9990,0,0,1.112,E,8,0.143,E,8,0.20,E,8,0,-9990,0,0
04/17/2005,17:00,680,1357,482,3,10,845,3,20,59,3,10,51638,3,10,85264,3,20,8907,3,10,-9990,0,0,0,E,8,0,E,8,19.2,E,8,2.1,E,8,32,E,8,994,E,8,78,E,8,0.3,E,8,-9990,0,0,-9990,0,0,1.078,E,8,0.143,E,8,0.20,E,8,0,-9990,0,0
04/17/2005,18:00,470,1357,307,3,10,738,3,20,51,3,10,32210,3,10,69543,3,20,8100,3,10,-9990,0,0,0,E,8,0,E,8,18.4,E,8,1.4,E,8,32,E,8,994,E,8,93,E,8,0.5,E,8,-9990,0,0,-9990,0,0,1.024,E,8,0.143,E,8,0.20,E,8,0,-9990,0,0
04/17/2005,19:00,241,1357,136,3,10,316,3,20,80,3,10,13171,3,10,17886,3,20,9995,3,10,-9990,0,0,6,E,8,5,E,8,17.0,E,8,2.6,E,8,38,E,8,994,E,8,66,E,8,0.4,E,8,-9990,0,0,-9990,0,0,1.116,E,8,0.143,E,8,0.20,E,8,0,-9990,0,0
04/17/2005,20:00,33,365,5,3,10,0,3,20,5,3,10,601,3,10,1,3,20,601,3,10,-9990,0,0,5,E,8,4,E,8,15.4,E,8,3.3,E,8,44,E,8,993,E,8,153,E,8,1.0,E,8,-9990,0,0,-9990,0,0,1.172,E,8,0.143,E,8,0.20,E,8,0,-9990,0,0
04/17/2005,21:00,0,0,0,3,0,0,3,0,0,3,0,0,3,0,0,3,0,0,3,0,-9990,0,0,5,E,8,4,E,8,13.5,E,8,4.4,E,8,54,E,8,993,E,8,77,E,8,1.0,E,8,-9990,0,0,-9990,0,0,1.261,E,8,0.143,E,8,0.20,E,8,0,-9990,0,0
04/17/2005,22:00,0,0,0,3,0,0,3,0,0,3,0,0,3,0,0,3,0,0,3,0,-9990,0,0,5,E,8,4,E,8,11.6,E,8,4.0,E,8,59,E,8,993,E,8,22,E,8,1.6,E,8,-9990,0,0,-9990,0,0,1.227,E,8,0.143,E,8,0.20,E,8,0,-9990,0,0
04/17/2005,23:00,0,0,0,3,0,0,3,0,0,3,0,0,3,0,0,3,0,0,3,0,-9990,0,0,4,E,8,3,E,8,9.7,E,8,3.5,E,8,65,E,8,993,E,8,69,E,8,0.3,E,8,-9990,0,0,-9990,0,0,1.185,E,8,0.143,E,8,0.20,E,8,0,-9990,0,0
04/17/2005,24:00,0,0,0,3,0,0,3,0,0,3,0,0,3,0,0,3,0,0,3,0,-9990,0,0,4,E,8,3,E,8,7.9,E,8,3.3,E,8,73,E,8,993,E,8,94,E,8,0.1,E,8,-9990,0,0,-9990,0,0,1.167,E,8,0.143,E,8,0.20,E,8,0,-9990,0,0
04/18/2005,01:00,0,0,0,3,0,0,3,0,0,3,0,0,3,0,0,3,0,0,3,0,-9990,0,0,4,E,8,3,E,8,6.3,E,8,3.1,E,8,80,E,8,993,E,8,97,E,8,0.2,E,8,-9990,0,0,-9990,0,0,1.149,E,8,0.141,E,8,0.20,E,8,0,-9990,0,0
04/18/2005,02:00,0,0,0,3,0,0,3,0,0,3,0,0,3,0,0,3,0,0,3,0,-9990,0,0,3,E,8,2,E,8,4.6,E,8,2.9,E,8,89,E,8,993,E,8,122,E,8,0.6,E,8,-9990,0,0,-9990,0,0,1.139,E,8,0.141,E,8,0.20,E,8,0,-9990,0,0
04/18/2005,03:00,0,0,0,3,0,0,3,0,0,3,0,0,3,0,0,3,0,0,3,0,-9990,0,0,3,E,8,2,E,8,3.7,E,8,2.4,E,8,91,E,8,993,E,8,70,E,8,0.2,E,8,-9990,0,0,-9990,0,0,1.095,E,8,0.141,E,8,0.20,E,8,0,-9990,0,0
04/18/2005,04:00,0,0,0,3,0,0,3,0,0,3,0,0,3,0,0,3,0,0,3,0,-9990,0,0,1,E,8,1,E,8,2.8,E,8,2.5,E,8,98,E,8,993,E,8,147,E,8,0.5,E,8,-9990,0,0,-9990,0,0,1.103,E,8,0.141,E,8,0.20,E,8,0,-9990,0,0
04/18/2005,05:00,0,0,0,3,0,0,3,0,0,3,0,0,3,0,0,3,0,0,3,0,-9990,0,0,1,E,8,1,E,8,2.1,E,8,1.8,E,8,98,E,8,993,E,8,166,E,8,1.0,E,8,-9990,0,0,-9990,0,0,1.053,E,8,0.141,E,8,0.20,E,8,0,-9990,0,0
04/18/2005,06:00,0,0,0,3,10,0,3,20,0,3,10,0,3,10,0,3,20,0,3,10,-9990,0,0,1,E,8,1,E,8,2.0,E,8,1.5,E,8,97,E,8,993,E,8,138,E,8,1.0,E,8,-9990,0,0,-9990,0,0,1.033,E,8,0.141,E,8,0.20,E,8,0,-9990,0,0
04/18/2005,07:00,124,1356,59,3,10,242,3,20,37,3,10,6002,3,10,10876,3,20,5010,3,10,-9990,0,0,0,E,8,0,E,8,2.7,E,8,0.9,E,8,88,E,8,993,E,8,114,E,8,0.3,E,8,-9990,0,0,-9990,0,0,0.991,E,8,0.141,E,8,0.20,E,8,0,-9990,0,0
04/18/2005,08:00,357,1356,206,3,10,554,3,20,60,3,10,20855,3,10,46208,3,20,8689,3,10,-9990,0,0,0,E,8,0,E,8,4.3,E,8,0.9,E,8,79,E,8,993,E,8,254,E,8,0.2,E,8,-9990,0,0,-9990,0,0,0.987,E,8,0.141,E,8,0.20,E,8,0,-9990,0,0
04/18/2005,09:00,579,1356,378,3,10,717,3,20,72,3,10,40079,3,10,68129,3,20,11012,3,10,-9990,0,0,0,E,8,0,E,8,6.2,E,8,2.1,E,8,75,E,8,993,E,8,266,E,8,1.2,E,8,-9990,0,0,-9990,0,0,1.076,E,8,0.141,E,8,0.20,E,8,0,-9990,0,0
04/18/2005,10:00,773,1356,543,3,10,804,3,20,85,3,10,57593,3,10,79157,3,20,12456,3,10,-9990,0,0,0,E,8,0,E,8,8.2,E,8,1.3,E,8,62,E,8,993,E,8,277,E,8,1.2,E,8,-9990,0,0,-9990,0,0,1.018,E,8,0.141,E,8,0.20,E,8,0,-9990,0,0
04/18/2005,11:00,928,1356,670,3,10,817,3,20,112,3,10,71038,3,10,80962,3,20,15642,3,10,-9990,0,0,0,E,8,0,E,8,10.1,E,8,1.7,E,8,56,E,8,993,E,8,137,E,8,1.5,E,8,-9990,0,0,-9990,0,0,1.048,E,8,0.141,E,8,0.20,E,8,0,-9990,0,0
04/18/2005,12:00,1032,1356,754,3,10,811,3,20,137,3,10,79579,3,10,80367,3,20,18429,3,10,-9990,0,0,0,E,8,0,E,8,11.8,E,8,1.9,E,8,51,E,8,993,E,8,262,E,8,2.2,E,8,-9990,0,0,-9990,0,0,1.063,E,8,0.141,E,8,0.20,E,8,0,-9990,0,0
04/18/2005,13:00,1078,1356,785,3,10,786,3,20,160,3,10,84811,3,10,79013,3,20,21996,3,10,-9990,0,0,0,E,8,0,E,8,13.1,E,8,1.5,E,8,45,E,8,993,E,8,270,E,8,2.6,E,8,-9990,0,0,-9990,0,0,1.032,E,8,0.141,E,8,0.20,E,8,0,-9990,0,0
04/18/2005,14:00,1063,1356,776,3,10,796,3,20,151,3,10,81453,3,10,78308,3,20,20044,3,10,-9990,0,0,0,E,8,0,E,8,14.1,E,8,1.5,E,8,42,E,8,993,E,8,301,E,8,2.4,E,8,-9990,0,0,-9990,0,0,1.028,E,8,0.141,E,8,0.20,E,8,0,-9990,0,0
04/18/2005,15:00,989,1356,723,3,10,827,3,20,120,3,10,77034,3,10,83027,3,20,16487,3,10,-9990,0,0,0,E,8,0,E,8,14.7,E,8,1.6,E,8,41,E,8,993,E,8,315,E,8,1.2,E,8,-9990,0,0,-9990,0,0,1.039,E,8,0.141,E,8,0.20,E,8,0,-9990,0,0
04/18/2005,16:00,860,1356,618,3,10,829,3,20,93,3,10,66320,3,10,83586,3,20,13336,3,10,-9990,0,0,0,E,8,0,E,8,14.9,E,8,1.3,E,8,39,E,8,993,E,8,325,E,8,1.1,E,8,-9990,0,0,-9990,0,0,1.016,E,8,0.141,E,8,0.20,E,8,0,-9990,0,0
04/18/2005,17:00,684,1356,470,3,10,784,3,20,74,3,10,49903,3,10,76806,3,20,11145,3,10,-9990,0,0,0,E,8,0,E,8,14.7,E,8,0.6,E,8,38,E,8,993,E,8,316,E,8,0.7,E,8,-9990,0,0,-9990,0,0,0.965,E,8,0.141,E,8,0.20,E,8,0,-9990,0,0
04/18/2005,18:00,475,1356,303,3,10,697,3,20,59,3,10,31269,3,10,63124,3,20,9160,3,10,-9990,0,0,0,E,8,0,E,8,13.8,E,8,0.6,E,8,40,E,8,993,E,8,304,E,8,1.1,E,8,-9990,0,0,-9990,0,0,0.970,E,8,0.141,E,8,0.20,E,8,0,-9990,0,0
04/18/2005,19:00,246,1356,134,3,10,301,3,20,80,3,10,13479,3,10,23094,3,20,9293,3,10,-9990,0,0,6,E,8,5,E,8,12.5,E,8,0.7,E,8,44,E,8,993,E,8,305,E,8,1.1,E,8,-9990,0,0,-9990,0,0,0.972,E,8,0.141,E,8,0.20,E,8,0,-9990,0,0
04/18/2005,20:00,36,381,5,3,10,0,3,20,5,3,10,613,3,10,0,3,20,613,3,10,-9990,0,0,6,E,8,5,E,8,11.0,E,8,1.3,E,8,51,E,8,993,E,8,282,E,8,0.3,E,8,-9990,0,0,-9990,0,0,1.013,E,8,0.141,E,8,0.20,E,8,0,-9990,0,0
04/18/2005,21:00,0,0,0,3,0,0,3,0,0,3,0,0,3,0,0,3,0,0,3,0,-9990,0,0,5,E,8,4,E,8,9.4,E,8,2.2,E,8,61,E,8,993,E,8,295,E,8,0.7,E,8,-9990,0,0,-9990,0,0,1.085,E,8,0.141,E,8,0.20,E,8,0,-9990,0,0
04/18/2005,22:00,0,0,0,3,0,0,3,0,0,3,0,0,3,0,0,3,0,0,3,0,-9990,0,0,5,E,8,4,E,8,7.8,E,8,1.6,E,8,65,E,8,993,E,8,282,E,8,0.8,E,8,-9990,0,0,-9990,0,0,1.040,E,8,0.141,E,8,0.20,E,8,0,-9990,0,0
04/18/2005,23:00,0,0,0,3,0,0,3,0,0,3,0,0,3,0,0,3,0,0,3,0,-9990,0,0,4,E,8,3,E,8,6.2,E,8,1.1,E,8,70,E,8,993,E,8,254,E,8,0.5,E,8,-9990,0,0,-9990,0,0,1.000,E,8,0.141,E,8,0.20,E,8,0,-9990,0,0
04/18/2005,24:00,0,0,0,3,0,0,3,0,0,3,0,0,3,0,0,3,0,0,3,0,-9990,0,0,4,E,8,3,E,8,4.6,E,8,0.7,E,8,76,E,8,993,E,8,258,E,8,0.5,E,8,-9990,0,0,-9990,0,0,0.973,E,8,0.141,E,8,0.20,E,8,0,-9990,0,0
04/19/2005,01:00,0,0,0,3,0,0,3,0,0,3,0,0,3,0,0,3,0,0,3,0,-9990,0,0,4,E,8,3,E,8,3.6,E,8,0.4,E,8,79,E,8,993,E,8,110,E,8,0.3,E,8,-9990,0,0,-9990,0,0,0.956,E,8,0.154,E,8,0.20,E,8,0,-9990,0,0
04/19/2005,02:00,0,0,0,3,0,0,3,0,0,3,0,0,3,0,0,3,0,0,3,0,-9990,0,0,3,E,8,2,E,8,2.6,E,8,-0.1,E,8,82,E,8,992,E,8,183,E,8,0.2,E,8,-9990,0,0,-9990,0,0,0.920,E,8,0.154,E,8,0.20,E,8,0,-9990,0,0
04/19/2005,03:00,0,0,0,3,0,0,3,0,0,3,0,0,3,0,0,3,0,0,3,0,-9990,0,0,3,E,8,2,E,8,2.0,E,8,-0.1,E,8,86,E,8,992,E,8,196,E,8,0.3,E,8,-9990,0,0,-9990,0,0,0.920,E,8,0.154,E,8,0.20,E,8,0,-9990,0,0
04/19/2005,04:00,0,0,0,3,0,0,3,0,0,3,0,0,3,0,0,3,0,0,3,0,-9990,0,0,3,E,8,2,E,8,1.4,E,8,-0.2,E,8,89,E,8,992,E,8,220,E,8,0.5,E,8,-9990,0,0,-9990,0,0,0.915,E,8,0.154,E,8,0.20,E,8,0,-9990,0,0
04/19/2005,05:00,0,0,0,3,0,0,3,0,0,3,0,0,3,0,0,3,0,0,3,0,-9990,0,0,1,E,8,1,E,8,1.0,E,8,-0.7,E,8,88,E,8,992,E,8,330,E,8,0.5,E,8,-9990,0,0,-9990,0,0,0.881,E,8,0.154,E,8,0.20,E,8,0,-9990,0,0
04/19/2005,06:00,0,45,0,3,10,0,3,20,0,3,10,0,3,10,0,3,20,0,3,10,-9990,0,0,1,E,8,1,E,8,0.9,E,8,-0.1,E,8,93,E,8,992,E,8,324,E,8,1.8,E,8,-9990,0,0,-9990,0,0,0.922,E,8,0.154,E,8,0.20,E,8,0,-9990,0,0
04/19/2005,07:00,131,1355,59,3,10,221,3,20,38,3,10,5988,3,10,9313,3,20,5090,3,10,-9990,0,0,0,E,8,0,E,8,1.6,E,8,0.4,E,8,92,E,8,992,E,8,292,E,8,1.1,E,8,-9990,0,0,-9990,0,0,0.954,E,8,0.154,E,8,0.20,E,8,0,-9990,0,0
04/19/2005,08:00,364,1355,193,3,10,455,3,20,71,3,10,19688,3,10,37695,3,20,9577,3,10,-9990,0,0,0,E,8,0,E,8,2.9,E,8,1.1,E,8,88,E,8,992,E,8,327,E,8,1.2,E,8,-9990,0,0,-9990,0,0,1.005,E,8,0.154,E,8,0.20,E,8,0,-9990,0,0
04/19/2005,09:00,585,1355,356,3,10,547,3,20,120,3,10,37328,3,10,47947,3,20,16645,3,10,-9990,0,0,3,E,8,2,E,8,4.7,E,8,1.6,E,8,81,E,8,992,E,8,332,E,8,2.8,E,8,-9990,0,0,-9990,0,0,1.041,E,8,0.154,E,8,0.20,E,8,0,-9990,0,0
04/19/2005,10:00,779,1355,505,3,10,629,3,20,144,3,10,52733,3,10,57423,3,20,19734,3,10,-9990,0,0,1,E,8,1,E,8,6.5,E,8,1.1,E,8,68,E,8,992,E,8,302,E,8,2.6,E,8,-9990,0,0,-9990,0,0,1.004,E,8,0.154,E,8,0.20,E,8,0,-9990,0,0
04/19/2005,11:00,933,1355,635,3,10,675,3,20,170,3,10,66947,3,10,64010,3,20,22881,3,10,-9990,0,0,1,E,8,1,E,8,8.2,E,8,0.8,E,8,59,E,8,992,E,8,297,E,8,2.0,E,8,-9990,0,0,-9990,0,0,0.979,E,8,0.154,E,8,0.20,E,8,0,-9990,0,0
04/19/2005,12:00,1037,1355,714,3,10,659,3,20,210,3,10,75093,3,10,62844,3,20,27029,3,10,-9990,0,0,3,E,8,2,E,8,9.8,E,8,0.3,E,8,51,E,8,992,E,8,283,E,8,2.4,E,8,-9990,0,0,-9990,0,0,0.947,E,8,0.154,E,8,0.20,E,8,0,-9990,0,0
04/19/2005,13:00,1082,1355,742,3,10,630,3,20,239,3,10,77762,3,10,59916,3,20,29907,3,10,-9990,0,0,4,E,8,3,E,8,11.0,E,8,-0.1,E,8,46,E,8,992,E,8,140,E,8,2.6,E,8,-9990,0,0,-9990,0,0,0.923,E,8,0.154,E,8,0.20,E,8,0,-9990,0,0
04/19/2005,14:00,1068,1355,721,3,10,641,3,20,216,3,10,76014,3,10,61445,3,20,27611,3,10,-9990,0,0,3,E,8,2,E,8,11.9,E,8,-1.0,E,8,41,E,8,992,E,8,141,E,8,5.1,E,8,-9990,0,0,-9990,0,0,0.863,E,8,0.154,E,8,0.20,E,8,0,-9990,0,0
04/19/2005,15:00,993,1355,658,3,10,588,3,20,228,3,10,70799,3,10,53405,3,20,31669,3,10,-9990,0,0,4,E,8,3,E,8,12.3,E,8,-0.5,E,8,41,E,8,992,E,8,118,E,8,5.1,E,8,-9990,0,0,-9990,0,0,0.899,E,8,0.154,E,8,0.20,E,8,0,-9990,0,0
04/19/2005,16:00,864,1355,567,3,10,618,3,20,172,3,10,59283,3,10,56918,3,20,23010,3,10,-9990,0,0,3,E,8,2,E,8,12.5,E,8,0.4,E,8,43,E,8,992,E,8,57,E,8,3.2,E,8,-9990,0,0,-9990,0,0,0.952,E,8,0.154,E,8,0.20,E,8,0,-9990,0,0
04/19/2005,17:00,689,1355,424,3,10,568,3,20,136,3,10,45491,3,10,51514,3,20,19319,3,10,-9990,0,0,3,E,8,2,E,8,12.2,E,8,1.0,E,8,46,E,8,992,E,8,104,E,8,4.0,E,8,-9990,0,0,-9990,0,0,0.995,E,8,0.154,E,8,0.20,E,8,0,-9990,0,0
04/19/2005,18:00,479,1355,265,3,10,467,3,20,100,3,10,27795,3,10,39106,3,20,13961,3,10,-9990,0,0,3,E,8,2,E,8,11.4,E,8,1.0,E,8,49,E,8,992,E,8,138,E,8,3.7,E,8,-9990,0,0,-9990,0,0,0.998,E,8,0.154,E,8,0.20,E,8,0,-9990,0,0
04/19/2005,19:00,251,1355,111,3,10,186,3,20,77,3,10,11189,3,10,11766,3,20,9013,3,10,-9990,0,0,8,E,8,6,E,8,10.1,E,8,1.3,E,8,54,E,8,992,E,8,103,E,8,3.0,E,8,-9990,0,0,-9990,0,0,1.017,E,8,0.154,E,8,0.20,E,8,0,-9990,0,0
04/19/2005,20:00,39,396,3,3,10,0,3,20,3,3,10,345,3,10,5,3,20,345,3,10,-9990,0,0,8,E,8,6,E,8,8.7,E,8,1.2,E,8,59,E,8,991,E,8,141,E,8,1.3,E,8,-9990,0,0,-9990,0,0,1.011,E,8,0.154,E,8,0.20,E,8,0,-9990,0,0
04/19/2005,21:00,0,0,0,3,0,0,3,0,0,3,0,0,3,0,0,3,0,0,3,0,-9990,0,0,8,E,8,6,E,8,7.5,E,8,3.1,E,8,74,E,8,991,E,8,126,E,8,1.0,E,8,-9990,0,0,-9990,0,0,1.152,E,8,0.154,E,8,0.20,E,8,0,-9990,0,0
04/19/2005,22:00,0,0,0,3,0,0,3,0,0,3,0,0,3,0,0,3,0,0,3,0,-9990,0,0,8,E,8,6,E,8,6.3,E,8,2.4,E,8,76,E,8,991,E,8,173,E,8,0.9,E,8,-9990,0,0,-9990,0,0,1.095,E,8,0.154,E,8,0.20,E,8,0,-9990,0,0
04/19/2005,23:00,0,0,0,3,0,0,3,0,0,3,0,0,3,0,0,3,0,0,3,0,-9990,0,0,8,E,8,7,E,8,5.0,E,8,2.1,E,8,81,E,8,991,E,8,63,E,8,0.5,E,8,-9990,0,0,-9990,0,0,1.077,E,8,0.154,E,8,0.20,E,8,0,-9990,0,0
04/19/2005,24:00,0,0,0,3,0,0,3,0,0,3,0,0,3,0,0,3,0,0,3,0,-9990,0,0,8,E,8,7,E,8,3.8,E,8,1.3,E,8,83,E,8,991,E,8,62,E,8,0.9,E,8,-9990,0,0,-9990,0,0,1.013,E,8,0.154,E,8,0.20,E,8,0,-9990,0,0
04/20/2005,01:00,0,0,0,3,0,0,3,0,0,3,0,0,3,0,0,3,0,0,3,0,-9990,0,0,8,E,8,7,E,8,3.2,E,8,0.7,E,8,83,E,8,991,E,8,70,E,8,0.8,E,8,-9990,0,0,-9990,0,0,0.975,E,8,0.142,E,8,0.20,E,8,0,-9990,0,0
04/20/2005,02:00,0,0,0,3,0,0,3,0,0,3,0,0,3,0,0,3,0,0,3,0,-9990,0,0,8,E,8,7,E,8,2.6,E,8,-0.1,E,8,82,E,8,991,E,8,81,E,8,0.3,E,8,-9990,0,0,-9990,0,0,0.920,E,8,0.142,E,8,0.20,E,8,0,-9990,0,0
04/20/2005,03:00,0,0,0,3,0,0,3,0,0,3,0,0,3,0,0,3,0,0,3,0,-9990,0,0,8,E,8,7,E,8,2.3,E,8,0.0,E,8,85,E,8,991,E,8,65,E,8,0.7,E,8,-9990,0,0,-9990,0,0,0.926,E,8,0.142,E,8,0.20,E,8,0,-9990,0,0
04/20/2005,04:00,0,0,0,3,0,0,3,0,0,3,0,0,3,0,0,3,0,0,3,0,-9990,0,0,8,E,8,7,E,8,2.0,E,8,-0.6,E,8,83,E,8,991,E,8,51,E,8,0.1,E,8,-9990,0,0,-9990,0,0,0.891,E,8,0.142,E,8,0.20,E,8,0,-9990,0,0
04/20/2005,05:00,0,0,0,3,0,0,3,0,0,3,0,0,3,0,0,3,0,0,3,0,-9990,0,0,8,E,8,7,E,8,1.7,E,8,-1.1,E,8,81,E,8,991,E,8,82,E,8,0.3,E,8,-9990,0,0,-9990,0,0,0.858,E,8,0.142,E,8,0.20,E,8,0,-9990,0,0
04/20/2005,06:00,1,67,0,3,10,0,3,20,0,3,10,0,3,10,0,3,20,0,3,10,-9990,0,0,8,E,8,6,E,8,1.7,E,8,-1.6,E,8,79,E,8,991,E,8,182,E,8,0.6,E,8,-9990,0,0,-9990,0,0,0.829,E,8,0.142,E,8,0.20,E,8,0,-9990,0,0
04/20/2005,07:00,138,1354,63,3,10,177,3,20,45,3,10,6459,3,10,9961,3,20,5447,3,10,-9990,0,0,6,E,8,6,E,8,2.6,E,8,-0.3,E,8,81,E,8,991,E,8,154,E,8,0.5,E,8,-9990,0,0,-9990,0,0,0.907,E,8,0.142,E,8,0.20,E,8,0,-9990,0,0
04/20/2005,08:00,370,1354,168,3,10,248,3,20,100,3,10,17120,3,10,19560,3,20,11778,3,10,-9990,0,0,6,E,8,5,E,8,4.0,E,8,0.1,E,8,76,E,8,991,E,8,44,E,8,0.6,E,8,-9990,0,0,-9990,0,0,0.933,E,8,0.142,E,8,0.20,E,8,0,-9990,0,0
04/20/2005,09:00,591,1354,303,3,10,314,3,20,166,3,10,31648,3,10,27877,3,20,19493,3,10,-9990,0,0,6,E,8,5,E,8,5.7,E,8,1.0,E,8,71,E,8,991,E,8,128,E,8,1.2,E,8,-9990,0,0,-9990,0,0,0.993,E,8,0.142,E,8,0.20,E,8,0,-9990,0,0
04/20/2005,10:00,784,1354,478,3,10,489,3,20,195,3,10,49968,3,10,40731,3,20,26382,3,10,-9990,0,0,5,E,8,4,E,8,7.8,E,8,0.3,E,8,59,E,8,991,E,8,163,E,8,1.2,E,8,-9990,0,0,-9990,0,0,0.945,E,8,0.142,E,8,0.20,E,8,0,-9990,0,0
04/20/2005,11:00,938,1354,550,3,10,380,3,20,287,3,10,58899,3,10,37628,3,20,32840,3,10,-9990,0,0,6,E,8,5,E,8,9.6,E,8,1.1,E,8,55,E,8,991,E,8,261,E,8,1.6,E,8,-9990,0,0,-9990,0,0,1.004,E,8,0.142,E,8,0.20,E,8,0,-9990,0,0
04/20/2005,12:00,1041,1354,548,3,10,260,3,20,348,3,10,59931,3,10,26839,3,20,39300,3,10,-9990,0,0,8,E,8,6,E,8,10.8,E,8,0.6,E,8,49,E,8,991,E,8,256,E,8,3.2,E,8,-9990,0,0,-9990,0,0,0.971,E,8,0.142,E,8,0.20,E,8,0,-9990,0,0
04/20/2005,13:00,1087,1354,646,3,10,380,3,20,341,3,10,69855,3,10,39192,3,20,38409,3,10,-9990,0,0,6,E,8,5,E,8,12.1,E,8,0.3,E,8,44,E,8,991,E,8,236,E,8,4.2,E,8,-9990,0,0,-9990,0,0,0.949,E,8,0.142,E,8,0.20,E,8,0,-9990,0,0
04/20/2005,14:00,1072,1354,660,3,10,450,3,20,304,3,10,69736,3,10,36479,3,20,40872,3,10,-9990,0,0,6,E,8,5,E,8,13.1,E,8,0.4,E,8,41,E,8,990,E,8,255,E,8,3.7,E,8,-9990,0,0,-9990,0,0,0.952,E,8,0.142,E,8,0.20,E,8,0,-9990,0,0
04/20/2005,15:00,997,1354,643,3,10,553,3,20,235,3,10,68906,3,10,49255,3,20,32650,3,10,-9990,0,0,5,E,8,4,E,8,13.9,E,8,0.4,E,8,39,E,8,990,E,8,302,E,8,4.0,E,8,-9990,0,0,-9990,0,0,0.955,E,8,0.142,E,8,0.20,E,8,0,-9990,0,0
04/20/2005,16:00,868,1354,558,3,10,580,3,20,187,3,10,59939,3,10,52630,3,20,26222,3,10,-9990,0,0,4,E,8,3,E,8,14.3,E,8,-0.2,E,8,37,E,8,990,E,8,296,E,8,4.6,E,8,-9990,0,0,-9990,0,0,0.914,E,8,0.142,E,8,0.20,E,8,0,-9990,0,0
04/20/2005,17:00,693,1354,428,3,10,553,3,20,146,3,10,45592,3,10,49131,3,20,20464,3,10,-9990,0,0,4,E,8,3,E,8,14.3,E,8,0.7,E,8,39,E,8,990,E,8,287,E,8,1.8,E,8,-9990,0,0,-9990,0,0,0.972,E,8,0.142,E,8,0.20,E,8,0,-9990,0,0
04/20/2005,18:00,484,1354,247,3,10,315,3,20,134,3,10,25826,3,10,27510,3,20,15998,3,10,-9990,0,0,6,E,8,5,E,8,13.5,E,8,0.8,E,8,42,E,8,990,E,8,290,E,8,1.1,E,8,-9990,0,0,-9990,0,0,0.981,E,8,0.142,E,8,0.20,E,8,0,-9990,0,0
04/20/2005,19:00,256,1354,94,3,10,131,3,20,69,3,10,9962,3,10,10554,3,20,7971,3,10,-9990,0,0,9,E,8,8,E,8,12.3,E,8,0.9,E,8,46,E,8,989,E,8,237,E,8,1.8,E,8,-9990,0,0,-9990,0,0,0.989,E,8,0.142,E,8,0.20,E,8,0,-9990,0,0
04/20/2005,20:00,42,411,4,3,10,0,3,20,4,3,10,457,3,10,3,3,20,456,3,10,-9990,0,0,9,E,8,8,E,8,10.9,E,8,1.3,E,8,51,E,8,989,E,8,166,E,8,1.6,E,8,-9990,0,0,-9990,0,0,1.015,E,8,0.142,E,8,0.20,E,8,0,-9990,0,0
04/20/2005,21:00,0,0,0,3,0,0,3,0,0,3,0,0,3,0,0,3,0,0,3,0,-9990,0,0,9,E,8,8,E,8,9.9,E,8,2.4,E,8,59,E,8,989,E,8,124,E,8,2.8,E,8,-9990,0,0,-9990,0,0,1.099,E,8,0.142,E,8,0.20,E,8,0,-9990,0,0
04/20/2005,22:00,0,0,0,3,0,0,3,0,0,3,0,0,3,0,0,3,0,0,3,0,-9990,0,0,9,E,8,8,E,8,8.9,E,8,2.5,E,8,64,E,8,989,E,8,86,E,8,3.4,E,8,-9990,0,0,-9990,0,0,1.102,E,8,0.142,E,8,0.20,E,8,0,-9990,0,0
04/20/2005,23:00,0,0,0,3,0,0,3,0,0,3,0,0,3,0,0,3,0,0,3,0,-9990,0,0,9,E,8,8,E,8,8.0,E,8,1.7,E,8,64,E,8,988,E,8,187,E,8,4.6,E,8,-9990,0,0,-9990,0,0,1.043,E,8,0.142,E,8,0.20,E,8,0,-9990,0,0
04/20/2005,24:00,0,0,0,3,0,0,3,0,0,3,0,0,3,0,0,3,0,0,3,0,-9990,0,0,9,E,8,8,E,8,7.0,E,8,1.5,E,8,68,E,8,988,E,8,236,E,8,5.5,E,8,-9990,0,0,-9990,0,0,1.028,E,8,0.142,E,8,0.20,E,8,0,-9990,0,0
04/21/2005,01:00,0,0,0,3,0,0,3,0,0,3,0,0,3,0,0,3,0,0,3,0,-9990,0,0,9,E,8,8,E,8,6.2,E,8,1.2,E,8,70,E,8,988,E,8,229,E,8,5.9,E,8,-9990,0,0,-9990,0,0,1.008,E,8,0.158,E,8,0.20,E,8,0,-9990,0,0
04/21/2005,02:00,0,0,0,3,0,0,3,0,0,3,0,0,3,0,0,3,0,0,3,0,-9990,0,0,9,E,8,8,E,8,5.5,E,8,0.8,E,8,72,E,8,988,E,8,241,E,8,4.2,E,8,-9990,0,0,-9990,0,0,0.982,E,8,0.158,E,8,0.20,E,8,0,-9990,0,0
04/21/2005,03:00,0,0,0,3,0,0,3,0,0,3,0,0,3,0,0,3,0,0,3,0,-9990,0,0,9,E,8,8,E,8,5.0,E,8,1.3,E,8,77,E,8,987,E,8,251,E,8,5.5,E,8,-9990,0,0,-9990,0,0,1.014,E,8,0.158,E,8,0.20,E,8,0,-9990,0,0
04/21/2005,04:00,0,0,0,3,0,0,3,0,0,3,0,0,3,0,0,3,0,0,3,0,-9990,0,0,10,E,8,9,E,8,4.6,E,8,1.4,E,8,80,E,8,987,E,8,213,E,8,3.4,E,8,-9990,0,0,-9990,0,0,1.023,E,8,0.158,E,8,0.20,E,8,0,-9990,0,0
04/21/2005,05:00,0,0,0,3,0,0,3,0,0,3,0,0,3,0,0,3,0,0,3,0,-9990,0,0,10,E,8,9,E,8,4.3,E,8,0.8,E,8,78,E,8,987,E,8,252,E,8,3.7,E,8,-9990,0,0,-9990,0,0,0.984,E,8,0.158,E,8,0.20,E,8,0,-9990,0,0
04/21/2005,06:00,2,88,0,3,10,0,3,20,0,3,10,0,3,10,0,3,20,0,3,10,-9990,0,0,10,E,8,9,E,8,4.2,E,8,1.6,E,8,83,E,8,987,E,8,174,E,8,4.6,E,8,-9990,0,0,-9990,0,0,1.035,E,8,0.158,E,8,0.20,E,8,0,-9990,0,0
04/21/2005,07:00,144,1354,29,3,10,0,3,20,29,3,10,3250,3,10,0,3,20,3250,3,10,-9990,0,0,10,E,8,9,E,8,4.6,E,8,1.4,E,8,80,E,8,987,E,8,127,E,8,4.6,E,8,-9990,0,0,-9990,0,0,1.022,E,8,0.158,E,8,0.20,E,8,0,-9990,0,0
04/21/2005,08:00,376,1354,97,3,10,2,3,20,96,3,10,10283,3,10,43,3,20,10271,3,10,-9990,0,0,10,E,8,9,E,8,5.3,E,8,1.6,E,8,77,E,8,986,E,8,155,E,8,4.0,E,8,-9990,0,0,-9990,0,0,1.037,E,8,0.158,E,8,0.20,E,8,0,-9990,0,0
04/21/2005,09:00,596,1354,150,3,10,3,3,20,149,3,10,16553,3,10,135,3,20,16494,3,10,-9990,0,0,10,E,8,9,E,8,6.0,E,8,1.9,E,8,75,E,8,986,E,8,65,E,8,2.2,E,8,-9990,0,0,-9990,0,0,1.057,E,8,0.158,E,8,0.20,E,8,0,-9990,0,0
04/21/2005,10:00,790,1354,219,3,10,12,3,20,212,3,10,24528,3,10,1087,3,20,23894,3,10,-9990,0,0,10,E,8,9,E,8,6.7,E,8,1.3,E,8,68,E,8,986,E,8,150,E,8,3.0,E,8,-9990,0,0,-9990,0,0,1.017,E,8,0.158,E,8,0.20,E,8,0,-9990,0,0
04/21/2005,11:00,943,1354,279,3,10,14,3,20,269,3,10,31639,3,10,1353,3,20,30696,3,10,-9990,0,0,10,E,8,9,E,8,7.5,E,8,1.6,E,8,66,E,8,986,E,8,135,E,8,4.0,E,8,-9990,0,0,-9990,0,0,1.036,E,8,0.158,E,8,0.20,E,8,0,-9990,0,0
04/21/2005,12:00,1046,1354,358,3,10,27,3,20,337,3,10,40609,3,10,2789,3,20,38455,3,10,-9990,0,0,10,E,8,9,E,8,8.3,E,8,1.9,E,8,64,E,8,985,E,8,106,E,8,2.2,E,8,-9990,0,0,-9990,0,0,1.057,E,8,0.158,E,8,0.20,E,8,0,-9990,0,0
04/21/2005,13:00,1091,1354,362,3,10,29,3,20,339,3,10,41389,3,10,3011,3,20,38962,3,10,-9990,0,0,10,E,8,9,E,8,9.0,E,8,1.6,E,8,60,E,8,985,E,8,146,E,8,1.5,E,8,-9990,0,0,-9990,0,0,1.037,E,8,0.158,E,8,0.20,E,8,0,-9990,0,0
04/21/2005,14:00,1076,1354,364,3,10,31,3,20,339,3,10,41500,3,10,3273,3,20,38899,3,10,-9990,0,0,10,E,8,9,E,8,9.4,E,8,2.5,E,8,62,E,8,985,E,8,138,E,8,0.9,E,8,-9990,0,0,-9990,0,0,1.108,E,8,0.158,E,8,0.20,E,8,0,-9990,0,0
04/21/2005,15:00,1001,1354,353,3,10,28,3,20,332,3,10,39840,3,10,2877,3,20,37712,3,10,-9990,0,0,10,E,8,9,E,8,9.8,E,8,2.6,E,8,61,E,8,985,E,8,92,E,8,1.6,E,8,-9990,0,0,-9990,0,0,1.116,E,8,0.158,E,8,0.20,E,8,0,-9990,0,0
04/21/2005,16:00,872,1354,284,3,10,22,3,20,270,3,10,31967,3,10,2216,3,20,30541,3,10,-9990,0,0,10,E,8,9,E,8,9.9,E,8,2.3,E,8,59,E,8,985,E,8,143,E,8,2.2,E,8,-9990,0,0,-9990,0,0,1.087,E,8,0.158,E,8,0.20,E,8,0,-9990,0,0
04/21/2005,17:00,697,1354,198,3,10,10,3,20,192,3,10,22070,3,10,892,3,20,21611,3,10,-9990,0,0,10,E,8,9,E,8,9.7,E,8,1.7,E,8,57,E,8,985,E,8,78,E,8,3.2,E,8,-9990,0,0,-9990,0,0,1.045,E,8,0.158,E,8,0.20,E,8,0,-9990,0,0
04/21/2005,18:00,488,1354,130,3,10,5,3,20,128,3,10,14252,3,10,390,3,20,14111,3,10,-9990,0,0,10,E,8,9,E,8,9.3,E,8,1.8,E,8,59,E,8,985,E,8,134,E,8,4.0,E,8,-9990,0,0,-9990,0,0,1.050,E,8,0.158,E,8,0.20,E,8,0,-9990,0,0
04/21/2005,19:00,260,1354,49,3,10,0,3,20,49,3,10,5354,3,10,0,3,20,5354,3,10,-9990,0,0,10,E,8,9,E,8,8.7,E,8,1.2,E,8,59,E,8,985,E,8,132,E,8,4.2,E,8,-9990,0,0,-9990,0,0,1.011,E,8,0.158,E,8,0.20,E,8,0,-9990,0,0
04/21/2005,20:00,45,427,2,3,10,0,3,20,2,3,10,238,3,10,5,3,20,237,3,10,-9990,0,0,10,E,8,9,E,8,7.9,E,8,4.3,E,8,78,E,8,984,E,8,80,E,8,4.6,E,8,-9990,0,0,-9990,0,0,1.254,E,8,0.158,E,8,0.20,E,8,0,-9990,0,0
04/21/2005,21:00,0,0,0,3,0,0,3,0,0,3,0,0,3,0,0,3,0,0,3,0,-9990,0,0,10,E,8,9,E,8,7.7,E,8,4.7,E,8,81,E,8,984,E,8,118,E,8,3.4,E,8,-9990,0,0,-9990,0,0,1.285,E,8,0.158,E,8,0.20,E,8,0,-9990,0,0
04/21/2005,22:00,0,0,0,3,0,0,3,0,0,3,0,0,3,0,0,3,0,0,3,0,-9990,0,0,10,E,8,9,E,8,7.2,E,8,4.2,E,8,81,E,8,984,E,8,122,E,8,3.0,E,8,-9990,0,0,-9990,0,0,1.244,E,8,0.158,E,8,0.20,E,8,1,-9990,0,0
04/21/2005,23:00,0,0,0,3,0,0,3,0,0,3,0,0,3,0,0,3,0,0,3,0,-9990,0,0,10,E,8,9,E,8,7.1,E,8,4.8,E,8,85,E,8,984,E,8,85,E,8,2.6,E,8,-9990,0,0,-9990,0,0,1.298,E,8,0.158,E,8,0.20,E,8,0,-9990,0,0
04/21/2005,24:00,0,0,0,3,0,0,3,0,0,3,0,0,3,0,0,3,0,0,3,0,-9990,0,0,10,E,8,9,E,8,6.8,E,8,4.5,E,8,85,E,8,984,E,8,54,E,8,2.6,E,8,-9990,0,0,-9990,0,0,1.273,E,8,0.158,E,8,0.20,E,8,0,-9990,0,0
04/22/2005,01:00,0,0,0,3,0,0,3,0,0,3,0,0,3,0,0,3,0,0,3,0,-9990,0,0,10,E,8,9,E,8,6.9,E,8,4.6,E,8,85,E,8,984,E,8,30,E,8,1.6,E,8,-9990,0,0,-9990,0,0,1.279,E,8,0.161,E,8,0.20,E,8,0,-9990,0,0
04/22/2005,02:00,0,0,0,3,0,0,3,0,0,3,0,0,3,0,0,3,0,0,3,0,-9990,0,0,10,E,8,9,E,8,6.8,E,8,4.5,E,8,85,E,8,984,E,8,133,E,8,1.2,E,8,-9990,0,0,-9990,0,0,1.267,E,8,0.161,E,8,0.20,E,8,1,-9990,0,0
04/22/2005,03:00,0,0,0,3,0,0,3,0,0,3,0,0,3,0,0,3,0,0,3,0,-9990,0,0,10,E,8,9,E,8,7.0,E,8,4.0,E,8,81,E,8,984,E,8,177,E,8,2.2,E,8,-9990,0,0,-9990,0,0,1.224,E,8,0.161,E,8,0.20,E,8,0,-9990,0,0
04/22/2005,04:00,0,0,0,3,0,0,3,0,0,3,0,0,3,0,0,3,0,0,3,0,-9990,0,0,10,E,8,9,E,8,7.1,E,8,4.8,E,8,85,E,8,984,E,8,135,E,8,3.2,E,8,-9990,0,0,-9990,0,0,1.299,E,8,0.161,E,8,0.20,E,8,0,-9990,0,0
04/22/2005,05:00,0,0,0,3,0,0,3,0,0,3,0,0,3,0,0,3,0,0,3,0,-9990,0,0,10,E,8,9,E,8,7.1,E,8,4.8,E,8,85,E,8,984,E,8,143,E,8,2.8,E,8,-9990,0,0,-9990,0,0,1.300,E,8,0.161,E,8,0.20,E,8,0,-9990,0,0
04/22/2005,06:00,3,110,0,3,10,0,3,20,0,3,10,0,3,10,0,3,20,0,3,10,-9990,0,0,10,E,8,9,E,8,7.2,E,8,5.8,E,8,91,E,8,983,E,8,127,E,8,2.4,E,8,-9990,0,0,-9990,0,0,1.389,E,8,0.161,E,8,0.20,E,8,0,-9990,0,0
04/22/2005,07:00,151,1353,27,3,10,0,3,20,27,3,10,3029,3,10,0,3,20,3029,3,10,-9990,0,0,10,E,8,9,E,8,7.6,E,8,5.4,E,8,86,E,8,983,E,8,142,E,8,2.0,E,8,-9990,0,0,-9990,0,0,1.358,E,8,0.161,E,8,0.20,E,8,0,-9990,0,0
04/22/2005,08:00,383,1353,65,3,10,0,3,20,65,3,10,7153,3,10,0,3,20,7153,3,10,-9990,0,0,10,E,8,9,E,8,7.4,E,8,5.5,E,8,88,E,8,983,E,8,196,E,8,3.0,E,8,-9990,0,0,-9990,0,0,1.367,E,8,0.161,E,8,0.20,E,8,4,-9990,0,0
04/22/2005,09:00,602,1353,109,3,10,0,3,20,109,3,10,12358,3,10,0,3,20,12358,3,10,-9990,0,0,10,E,8,9,E,8,8.8,E,8,5.7,E,8,81,E,8,983,E,8,152,E,8,1.5,E,8,-9990,0,0,-9990,0,0,1.385,E,8,0.161,E,8,0.20,E,8,1,-9990,0,0
04/22/2005,10:00,795,1353,173,3,10,2,3,20,172,3,10,19749,3,10,36,3,20,19728,3,10,-9990,0,0,10,E,8,9,E,8,9.7,E,8,6.6,E,8,81,E,8,983,E,8,206,E,8,1.5,E,8,-9990,0,0,-9990,0,0,1.474,E,8,0.161,E,8,0.20,E,8,0,-9990,0,0
04/22/2005,11:00,948,1353,205,3,10,5,3,20,202,3,10,23776,3,10,357,3,20,23526,3,10,-9990,0,0,10,E,8,9,E,8,10.5,E,8,7.4,E,8,81,E,8,983,E,8,169,E,8,1.8,E,8,-9990,0,0,-9990,0,0,1.557,E,8,0.161,E,8,0.20,E,8,0,-9990,0,0
04/22/2005,12:00,1050,1353,172,3,10,1,3,20,172,3,10,20555,3,10,0,3,20,20555,3,10,-9990,0,0,10,E,8,9,E,8,10.8,E,8,7.7,E,8,81,E,8,983,E,8,164,E,8,2.2,E,8,-9990,0,0,-9990,0,0,1.593,E,8,0.161,E,8,0.20,E,8,0,-9990,0,0
04/22/2005,13:00,1095,1353,200,3,10,1,3,20,199,3,10,23773,3,10,0,3,20,23773,3,10,-9990,0,0,10,E,8,9,E,8,10.9,E,8,8.5,E,8,85,E,8,983,E,8,251,E,8,1.8,E,8,-9990,0,0,-9990,0,0,1.685,E,8,0.161,E,8,0.20,E,8,2,-9990,0,0
04/22/2005,14:00,1080,1353,191,3,10,1,3,20,190,3,10,22724,3,10,0,3,20,22724,3,10,-9990,0,0,10,E,8,9,E,8,11.6,E,8,8.4,E,8,81,E,8,983,E,8,209,E,8,1.6,E,8,-9990,0,0,-9990,0,0,1.674,E,8,0.161,E,8,0.20,E,8,0,-9990,0,0
04/22/2005,15:00,1005,1353,147,3,10,0,3,20,147,3,10,17631,3,10,0,3,20,17631,3,10,-9990,0,0,10,E,8,9,E,8,11.6,E,8,8.4,E,8,81,E,8,983,E,8,287,E,8,1.5,E,8,-9990,0,0,-9990,0,0,1.675,E,8,0.161,E,8,0.20,E,8,0,-9990,0,0
04/22/2005,16:00,876,1353,148,3,10,0,3,20,148,3,10,17363,3,10,0,3,20,17363,3,10,-9990,0,0,10,E,8,9,E,8,11.7,E,8,8.6,E,8,81,E,8,984,E,8,293,E,8,2.0,E,8,-9990,0,0,-9990,0,0,1.688,E,8,0.161,E,8,0.20,E,8,0,-9990,0,0
04/22/2005,17:00,701,1353,121,3,10,0,3,20,121,3,10,14044,3,10,0,3,20,14044,3,10,-9990,0,0,10,E,8,9,E,8,11.7,E,8,8.5,E,8,81,E,8,984,E,8,242,E,8,1.8,E,8,-9990,0,0,-9990,0,0,1.688,E,8,0.161,E,8,0.20,E,8,0,-9990,0,0
04/22/2005,18:00,493,1353,51,3,10,0,3,20,51,3,10,5981,3,10,0,3,20,5981,3,10,-9990,0,0,10,E,8,9,E,8,11.4,E,8,8.2,E,8,81,E,8,985,E,8,276,E,8,1.3,E,8,-9990,0,0,-9990,0,0,1.650,E,8,0.161,E,8,0.20,E,8,0,-9990,0,0
04/22/2005,19:00,265,1353,38,3,10,0,3,20,38,3,10,4224,3,10,0,3,20,4224,3,10,-9990,0,0,10,E,8,9,E,8,10.9,E,8,7.7,E,8,81,E,8,985,E,8,251,E,8,1.6,E,8,-9990,0,0,-9990,0,0,1.595,E,8,0.161,E,8,0.20,E,8,1,-9990,0,0
04/22/2005,20:00,49,442,2,3,10,0,3,20,2,3,10,264,3,10,4,3,20,263,3,10,-9990,0,0,9,E,8,8,E,8,10.6,E,8,7.5,E,8,81,E,8,985,E,8,192,E,8,1.8,E,8,-9990,0,0,-9990,0,0,1.566,E,8,0.161,E,8,0.20,E,8,0,-9990,0,0
04/22/2005,21:00,0,0,0,3,0,0,3,0,0,3,0,0,3,0,0,3,0,0,3,0,-9990,0,0,9,E,8,8,E,8,9.9,E,8,6.8,E,8,81,E,8,986,E,8,266,E,8,2.4,E,8,-9990,0,0,-9990,0,0,1.491,E,8,0.161,E,8,0.20,E,8,0,-9990,0,0
04/22/2005,22:00,0,0,0,3,0,0,3,0,0,3,0,0,3,0,0,3,0,0,3,0,-9990,0,0,8,E,8,7,E,8,9.1,E,8,6.2,E,8,82,E,8,986,E,8,192,E,8,1.6,E,8,-9990,0,0,-9990,0,0,1.435,E,8,0.161,E,8,0.20,E,8,0,-9990,0,0
04/22/2005,23:00,0,0,0,3,0,0,3,0,0,3,0,0,3,0,0,3,0,0,3,0,-9990,0,0,8,E,8,7,E,8,8.4,E,8,5.4,E,8,81,E,8,986,E,8,243,E,8,1.3,E,8,-9990,0,0,-9990,0,0,1.358,E,8,0.161,E,8,0.20,E,8,0,-9990,0,0
04/22/2005,24:00,0,0,0,3,0,0,3,0,0,3,0,0,3,0,0,3,0,0,3,0,-9990,0,0,6,E,8,6,E,8,7.7,E,8,5.3,E,8,85,E,8,987,E,8,251,E,8,0.5,E,8,-9990,0,0,-9990,0,0,1.343,E,8,0.161,E,8,0.20,E,8,0,-9990,0,0
04/23/2005,01:00,0,0,0,3,0,0,3,0,0,3,0,0,3,0,0,3,0,0,3,0,-9990,0,0,5,E,8,5,E,8,6.9,E,8,4.5,E,8,85,E,8,987,E,8,282,E,8,0.2,E,8,-9990,0,0,-9990,0,0,1.274,E,8,0.160,E,8,0.20,E,8,0,-9990,0,0
04/23/2005,02:00,0,0,0,3,0,0,3,0,0,3,0,0,3,0,0,3,0,0,3,0,-9990,0,0,5,E,8,5,E,8,6.0,E,8,4.5,E,8,90,E,8,987,E,8,261,E,8,0.2,E,8,-9990,0,0,-9990,0,0,1.270,E,8,0.160,E,8,0.20,E,8,0,-9990,0,0
04/23/2005,03:00,0,0,0,3,0,0,3,0,0,3,0,0,3,0,0,3,0,0,3,0,-9990,0,0,4,E,8,3,E,8,5.5,E,8,4.2,E,8,91,E,8,988,E,8,305,E,8,0.2,E,8,-9990,0,0,-9990,0,0,1.241,E,8,0.160,E,8,0.20,E,8,0,-9990,0,0
04/23/2005,04:00,0,0,0,3,0,0,3,0,0,3,0,0,3,0,0,3,0,0,3,0,-9990,0,0,3,E,8,2,E,8,5.1,E,8,3.8,E,8,91,E,8,988,E,8,324,E,8,1.0,E,8,-9990,0,0,-9990,0,0,1.207,E,8,0.160,E,8,0.20,E,8,0,-9990,0,0
04/23/2005,05:00,0,0,0,3,0,0,3,0,0,3,0,0,3,0,0,3,0,0,3,0,-9990,0,0,3,E,8,2,E,8,4.7,E,8,3.6,E,8,92,E,8,988,E,8,309,E,8,2.0,E,8,-9990,0,0,-9990,0,0,1.190,E,8,0.160,E,8,0.20,E,8,0,-9990,0,0
04/23/2005,06:00,4,131,0,3,10,0,3,20,0,3,10,0,3,10,0,3,20,0,3,10,-9990,0,0,1,E,8,1,E,8,4.6,E,8,4.1,E,8,96,E,8,989,E,8,320,E,8,3.0,E,8,-9990,0,0,-9990,0,0,1.232,E,8,0.160,E,8,0.20,E,8,0,-9990,0,0
04/23/2005,07:00,158,1352,71,3,10,309,3,20,35,3,10,7120,3,10,17485,3,20,5083,3,10,-9990,0,0,1,E,8,1,E,8,5.6,E,8,4.3,E,8,91,E,8,989,E,8,311,E,8,4.6,E,8,-9990,0,0,-9990,0,0,1.254,E,8,0.160,E,8,0.20,E,8,0,-9990,0,0
04/23/2005,08:00,389,1352,227,3,10,569,3,20,63,3,10,22957,3,10,48308,3,20,9073,3,10,-9990,0,0,0,E,8,0,E,8,7.5,E,8,4.9,E,8,84,E,8,989,E,8,301,E,8,7.6,E,8,-9990,0,0,-9990,0,0,1.311,E,8,0.160,E,8,0.20,E,8,0,-9990,0,0
04/23/2005,09:00,608,1352,381,3,10,618,3,20,104,3,10,39529,3,10,54981,3,20,14815,3,10,-9990,0,0,0,E,8,0,E,8,9.5,E,8,5.6,E,8,77,E,8,990,E,8,291,E,8,7.9,E,8,-9990,0,0,-9990,0,0,1.375,E,8,0.160,E,8,0.20,E,8,0,-9990,0,0
04/23/2005,10:00,800,1352,554,3,10,746,3,20,112,3,10,58963,3,10,72088,3,20,16305,3,10,-9990,0,0,0,E,8,0,E,8,11.7,E,8,4.1,E,8,60,E,8,990,E,8,322,E,8,8.7,E,8,-9990,0,0,-9990,0,0,1.240,E,8,0.160,E,8,0.20,E,8,0,-9990,0,0
04/23/2005,11:00,953,1352,698,3,10,775,3,20,152,3,10,74326,3,10,75749,3,20,20965,3,10,-9990,0,0,0,E,8,0,E,8,13.9,E,8,3.1,E,8,48,E,8,991,E,8,319,E,8,8.1,E,8,-9990,0,0,-9990,0,0,1.153,E,8,0.160,E,8,0.20,E,8,0,-9990,0,0
04/23/2005,12:00,1055,1352,678,3,10,517,3,20,274,3,10,71976,3,10,44110,3,20,37576,3,10,-9990,0,0,5,E,8,4,E,8,15.3,E,8,3.2,E,8,44,E,8,991,E,8,325,E,8,7.3,E,8,-9990,0,0,-9990,0,0,1.160,E,8,0.160,E,8,0.20,E,8,0,-9990,0,0
04/23/2005,13:00,1099,1352,634,3,10,337,3,20,360,3,10,68376,3,10,34020,3,20,40720,3,10,-9990,0,0,8,E,8,6,E,8,16.2,E,8,3.1,E,8,41,E,8,991,E,8,335,E,8,6.6,E,8,-9990,0,0,-9990,0,0,1.156,E,8,0.160,E,8,0.20,E,8,0,-9990,0,0
04/23/2005,14:00,1084,1352,617,3,10,338,3,20,346,3,10,66651,3,10,34154,3,20,39281,3,10,-9990,0,0,8,E,8,6,E,8,16.9,E,8,3.2,E,8,40,E,8,991,E,8,286,E,8,5.1,E,8,-9990,0,0,-9990,0,0,1.164,E,8,0.160,E,8,0.20,E,8,0,-9990,0,0
04/23/2005,15:00,1009,1352,588,3,10,354,3,20,324,3,10,63250,3,10,35184,3,20,37004,3,10,-9990,0,0,8,E,8,6,E,8,17.3,E,8,3.4,E,8,40,E,8,991,E,8,201,E,8,7.9,E,8,-9990,0,0,-9990,0,0,1.180,E,8,0.160,E,8,0.20,E,8,0,-9990,0,0
04/23/2005,16:00,880,1352,458,3,10,235,3,20,306,3,10,49791,3,10,23143,3,20,34738,3,10,-9990,0,0,8,E,8,6,E,8,17.2,E,8,3.4,E,8,40,E,8,991,E,8,276,E,8,5.1,E,8,-9990,0,0,-9990,0,0,1.180,E,8,0.160,E,8,0.20,E,8,0,-9990,0,0
04/23/2005,17:00,705,1352,368,3,10,311,3,20,205,3,10,39016,3,10,28282,3,20,24269,3,10,-9990,0,0,6,E,8,5,E,8,16.8,E,8,3.8,E,8,42,E,8,990,E,8,257,E,8,4.6,E,8,-9990,0,0,-9990,0,0,1.210,E,8,0.160,E,8,0.20,E,8,0,-9990,0,0
04/23/2005,18:00,497,1352,254,3,10,352,3,20,124,3,10,26735,3,10,31569,3,20,15130,3,10,-9990,0,0,5,E,8,4,E,8,16.0,E,8,4.5,E,8,46,E,8,990,E,8,140,E,8,4.0,E,8,-9990,0,0,-9990,0,0,1.269,E,8,0.160,E,8,0.20,E,8,0,-9990,0,0
04/23/2005,19:00,270,1352,117,3,10,205,3,20,76,3,10,11807,3,10,13812,3,20,9052,3,10,-9990,0,0,6,E,8,5,E,8,14.8,E,8,5.0,E,8,52,E,8,990,E,8,56,E,8,4.6,E,8,-9990,0,0,-9990,0,0,1.316,E,8,0.160,E,8,0.20,E,8,0,-9990,0,0
04/23/2005,20:00,52,458,11,3,10,0,3,20,11,3,10,1267,3,10,0,3,20,1267,3,10,-9990,0,0,8,E,8,6,E,8,13.4,E,8,5.7,E,8,60,E,8,990,E,8,84,E,8,4.6,E,8,-9990,0,0,-9990,0,0,1.383,E,8,0.160,E,8,0.20,E,8,0,-9990,0,0
04/23/2005,21:00,0,0,0,3,0,0,3,0,0,3,0,0,3,0,0,3,0,0,3,0,-9990,0,0,8,E,8,6,E,8,12.2,E,8,6.6,E,8,69,E,8,989,E,8,140,E,8,6.2,E,8,-9990,0,0,-9990,0,0,1.471,E,8,0.160,E,8,0.20,E,8,0,-9990,0,0
04/23/2005,22:00,0,0,0,3,0,0,3,0,0,3,0,0,3,0,0,3,0,0,3,0,-9990,0,0,8,E,8,6,E,8,10.9,E,8,6.9,E,8,76,E,8,989,E,8,174,E,8,7.0,E,8,-9990,0,0,-9990,0,0,1.509,E,8,0.160,E,8,0.20,E,8,0,-9990,0,0
04/23/2005,23:00,0,0,0,3,0,0,3,0,0,3,0,0,3,0,0,3,0,0,3,0,-9990,0,0,8,E,8,7,E,8,9.7,E,8,6.7,E,8,82,E,8,989,E,8,150,E,8,6.2,E,8,-9990,0,0,-9990,0,0,1.486,E,8,0.160,E,8,0.20,E,8,0,-9990,0,0
04/23/2005,24:00,0,0,0,3,0,0,3,0,0,3,0,0,3,0,0,3,0,0,3,0,-9990,0,0,8,E,8,7,E,8,8.5,E,8,6.6,E,8,88,E,8,989,E,8,71,E,8,3.4,E,8,-9990,0,0,-9990,0,0,1.469,E,8,0.160,E,8,0.20,E,8,0,-9990,0,0
04/24/2005,01:00,0,0,0,3,0,0,3,0,0,3,0,0,3,0,0,3,0,0,3,0,-9990,0,0,9,E,8,8,E,8,7.7,E,8,6.2,E,8,91,E,8,989,E,8,86,E,8,3.0,E,8,-9990,0,0,-9990,0,0,1.434,E,8,0.157,E,8,0.20,E,8,0,-9990,0,0
04/24/2005,02:00,0,0,0,3,0,0,3,0,0,3,0,0,3,0,0,3,0,0,3,0,-9990,0,0,9,E,8,8,E,8,6.8,E,8,5.8,E,8,93,E,8,988,E,8,2,E,8,3.2,E,8,-9990,0,0,-9990,0,0,1.393,E,8,0.157,E,8,0.20,E,8,0,-9990,0,0
04/24/2005,03:00,0,0,0,3,0,0,3,0,0,3,0,0,3,0,0,3,0,0,3,0,-9990,0,0,9,E,8,8,E,8,6.4,E,8,4.9,E,8,90,E,8,988,E,8,55,E,8,3.4,E,8,-9990,0,0,-9990,0,0,1.306,E,8,0.157,E,8,0.20,E,8,0,-9990,0,0
04/24/2005,04:00,0,0,0,3,0,0,3,0,0,3,0,0,3,0,0,3,0,0,3,0,-9990,0,0,9,E,8,8,E,8,5.9,E,8,4.8,E,8,93,E,8,988,E,8,21,E,8,2.4,E,8,-9990,0,0,-9990,0,0,1.300,E,8,0.157,E,8,0.20,E,8,0,-9990,0,0
04/24/2005,05:00,0,0,0,3,0,0,3,0,0,3,0,0,3,0,0,3,0,0,3,0,-9990,0,0,9,E,8,8,E,8,5.6,E,8,5.2,E,8,97,E,8,988,E,8,18,E,8,1.6,E,8,-9990,0,0,-9990,0,0,1.333,E,8,0.157,E,8,0.20,E,8,0,-9990,0,0
04/24/2005,06:00,5,151,0,3,10,0,3,20,0,3,10,0,3,10,0,3,20,0,3,10,-9990,0,0,10,E,8,9,E,8,5.5,E,8,5.3,E,8,99,E,8,987,E,8,53,E,8,1.2,E,8,-9990,0,0,-9990,0,0,1.349,E,8,0.157,E,8,0.20,E,8,0,-9990,0,0
04/24/2005,07:00,164,1351,36,3,10,0,3,20,36,3,10,3901,3,10,0,3,20,3901,3,10,-9990,0,0,10,E,8,9,E,8,6.0,E,8,5.2,E,8,95,E,8,987,E,8,106,E,8,2.2,E,8,-9990,0,0,-9990,0,0,1.332,E,8,0.157,E,8,0.20,E,8,0,-9990,0,0
04/24/2005,08:00,395,1351,107,3,10,6,3,20,105,3,10,11243,3,10,418,3,20,11121,3,10,-9990,0,0,10,E,8,9,E,8,6.7,E,8,5.9,E,8,95,E,8,987,E,8,342,E,8,1.0,E,8,-9990,0,0,-9990,0,0,1.403,E,8,0.157,E,8,0.20,E,8,0,-9990,0,0
04/24/2005,09:00,613,1351,169,3,10,8,3,20,166,3,10,18491,3,10,680,3,20,18183,3,10,-9990,0,0,10,E,8,9,E,8,7.5,E,8,5.4,E,8,86,E,8,987,E,8,8,E,8,2.0,E,8,-9990,0,0,-9990,0,0,1.350,E,8,0.157,E,8,0.20,E,8,0,-9990,0,0
04/24/2005,10:00,805,1351,260,3,10,23,3,20,246,3,10,28758,3,10,2281,3,20,27398,3,10,-9990,0,0,10,E,8,9,E,8,8.4,E,8,3.8,E,8,73,E,8,987,E,8,347,E,8,0.7,E,8,-9990,0,0,-9990,0,0,1.208,E,8,0.157,E,8,0.20,E,8,0,-9990,0,0
04/24/2005,11:00,957,1351,356,3,10,36,3,20,330,3,10,39653,3,10,3734,3,20,37008,3,10,-9990,0,0,10,E,8,9,E,8,9.4,E,8,4.1,E,8,69,E,8,986,E,8,2,E,8,1.0,E,8,-9990,0,0,-9990,0,0,1.234,E,8,0.157,E,8,0.20,E,8,0,-9990,0,0
04/24/2005,12:00,1059,1351,381,3,10,33,3,20,355,3,10,42950,3,10,3377,3,20,40304,3,10,-9990,0,0,10,E,8,9,E,8,10.3,E,8,4.0,E,8,65,E,8,986,E,8,355,E,8,1.3,E,8,-9990,0,0,-9990,0,0,1.230,E,8,0.157,E,8,0.20,E,8,0,-9990,0,0
04/24/2005,13:00,1103,1351,428,3,10,43,3,20,393,3,10,47474,3,10,3908,3,20,44284,3,10,-9990,0,0,10,E,8,9,E,8,11.0,E,8,4.3,E,8,63,E,8,986,E,8,6,E,8,2.0,E,8,-9990,0,0,-9990,0,0,1.253,E,8,0.157,E,8,0.20,E,8,0,-9990,0,0
04/24/2005,14:00,1087,1351,437,3,10,83,3,20,370,3,10,48488,3,10,8274,3,20,41830,3,10,-9990,0,0,10,E,8,9,E,8,11.6,E,8,4.4,E,8,61,E,8,986,E,8,353,E,8,3.0,E,8,-9990,0,0,-9990,0,0,1.262,E,8,0.157,E,8,0.20,E,8,0,-9990,0,0
04/24/2005,15:00,1012,1351,365,3,10,32,3,20,341,3,10,41121,3,10,3316,3,20,38637,3,10,-9990,0,0,10,E,8,9,E,8,11.9,E,8,4.2,E,8,59,E,8,986,E,8,12,E,8,3.4,E,8,-9990,0,0,-9990,0,0,1.243,E,8,0.157,E,8,0.20,E,8,0,-9990,0,0
04/24/2005,16:00,883,1351,275,3,10,18,3,20,263,3,10,30962,3,10,1749,3,20,29819,3,10,-9990,0,0,10,E,8,9,E,8,11.9,E,8,3.9,E,8,58,E,8,986,E,8,51,E,8,3.2,E,8,-9990,0,0,-9990,0,0,1.221,E,8,0.157,E,8,0.20,E,8,0,-9990,0,0
04/24/2005,17:00,709,1351,199,3,10,9,3,20,194,3,10,22209,3,10,828,3,20,21775,3,10,-9990,0,0,10,E,8,9,E,8,11.6,E,8,4.1,E,8,60,E,8,986,E,8,63,E,8,3.4,E,8,-9990,0,0,-9990,0,0,1.237,E,8,0.157,E,8,0.20,E,8,0,-9990,0,0
04/24/2005,18:00,501,1351,124,3,10,1,3,20,124,3,10,13679,3,10,0,3,20,13679,3,10,-9990,0,0,10,E,8,9,E,8,11.1,E,8,3.6,E,8,60,E,8,986,E,8,132,E,8,4.0,E,8,-9990,0,0,-9990,0,0,1.191,E,8,0.157,E,8,0.20,E,8,0,-9990,0,0
04/24/2005,19:00,274,1351,51,3,10,0,3,20,51,3,10,5525,3,10,0,3,20,5525,3,10,-9990,0,0,10,E,8,9,E,8,10.4,E,8,3.0,E,8,60,E,8,986,E,8,73,E,8,3.2,E,8,-9990,0,0,-9990,0,0,1.146,E,8,0.157,E,8,0.20,E,8,0,-9990,0,0
04/24/2005,20:00,55,473,2,3,10,0,3,20,2,3,10,301,3,10,4,3,20,301,3,10,-9990,0,0,10,E,8,9,E,8,9.6,E,8,3.1,E,8,64,E,8,986,E,8,75,E,8,1.8,E,8,-9990,0,0,-9990,0,0,1.156,E,8,0.157,E,8,0.20,E,8,0,-9990,0,0
04/24/2005,21:00,0,0,0,3,0,0,3,0,0,3,0,0,3,0,0,3,0,0,3,0,-9990,0,0,10,E,8,9,E,8,9.1,E,8,3.6,E,8,68,E,8,986,E,8,49,E,8,1.3,E,8,-9990,0,0,-9990,0,0,1.198,E,8,0.157,E,8,0.20,E,8,0,-9990,0,0
04/24/2005,22:00,0,0,0,3,0,0,3,0,0,3,0,0,3,0,0,3,0,0,3,0,-9990,0,0,10,E,8,9,E,8,8.6,E,8,4.5,E,8,75,E,8,986,E,8,120,E,8,2.0,E,8,-9990,0,0,-9990,0,0,1.270,E,8,0.157,E,8,0.20,E,8,0,-9990,0,0
04/24/2005,23:00,0,0,0,3,0,0,3,0,0,3,0,0,3,0,0,3,0,0,3,0,-9990,0,0,10,E,8,9,E,8,8.1,E,8,4.4,E,8,77,E,8,986,E,8,51,E,8,2.8,E,8,-9990,0,0,-9990,0,0,1.258,E,8,0.157,E,8,0.20,E,8,0,-9990,0,0
04/24/2005,24:00,0,0,0,3,0,0,3,0,0,3,0,0,3,0,0,3,0,0,3,0,-9990,0,0,10,E,8,9,E,8,7.6,E,8,4.0,E,8,77,E,8,986,E,8,111,E,8,4.2,E,8,-9990,0,0,-9990,0,0,1.223,E,8,0.157,E,8,0.20,E,8,0,-9990,0,0
04/25/2005,01:00,0,0,0,3,0,0,3,0,0,3,0,0,3,0,0,3,0,0,3,0,-9990,0,0,10,E,8,9,E,8,7.5,E,8,3.7,E,8,77,E,8,986,E,8,88,E,8,3.2,E,8,-9990,0,0,-9990,0,0,1.200,E,8,0.134,E,8,0.20,E,8,0,-9990,0,0
04/25/2005,02:00,0,0,0,3,0,0,3,0,0,3,0,0,3,0,0,3,0,0,3,0,-9990,0,0,10,E,8,9,E,8,7.2,E,8,4.5,E,8,83,E,8,986,E,8,64,E,8,2.0,E,8,-9990,0,0,-9990,0,0,1.275,E,8,0.134,E,8,0.20,E,8,1,-9990,0,0
04/25/2005,03:00,0,0,0,3,0,0,3,0,0,3,0,0,3,0,0,3,0,0,3,0,-9990,0,0,10,E,8,9,E,8,7.2,E,8,4.9,E,8,85,E,8,986,E,8,147,E,8,1.8,E,8,-9990,0,0,-9990,0,0,1.307,E,8,0.134,E,8,0.20,E,8,0,-9990,0,0
04/25/2005,04:00,0,0,0,3,0,0,3,0,0,3,0,0,3,0,0,3,0,0,3,0,-9990,0,0,10,E,8,9,E,8,7.1,E,8,4.8,E,8,85,E,8,986,E,8,63,E,8,1.3,E,8,-9990,0,0,-9990,0,0,1.300,E,8,0.134,E,8,0.20,E,8,0,-9990,0,0
04/25/2005,05:00,0,0,0,3,0,0,3,0,0,3,0,0,3,0,0,3,0,0,3,0,-9990,0,0,10,E,8,9,E,8,7.1,E,8,4.9,E,8,86,E,8,986,E,8,68,E,8,1.5,E,8,-9990,0,0,-9990,0,0,1.306,E,8,0.134,E,8,0.20,E,8,0,-9990,0,0
04/25/2005,06:00,7,172,0,3,10,0,3,20,0,3,10,0,3,10,0,3,20,0,3,10,-9990,0,0,10,E,8,9,E,8,7.1,E,8,5.0,E,8,87,E,8,986,E,8,119,E,8,1.3,E,8,-9990,0,0,-9990,0,0,1.320,E,8,0.134,E,8,0.20,E,8,0,-9990,0,0
04/25/2005,07:00,170,1351,33,3,10,0,3,20,33,3,10,3627,3,10,0,3,20,3627,3,10,-9990,0,0,10,E,8,9,E,8,7.7,E,8,5.3,E,8,85,E,8,986,E,8,201,E,8,2.6,E,8,-9990,0,0,-9990,0,0,1.348,E,8,0.134,E,8,0.20,E,8,0,-9990,0,0
04/25/2005,08:00,401,1351,51,3,10,0,3,20,51,3,10,5752,3,10,0,3,20,5752,3,10,-9990,0,0,10,E,8,9,E,8,8.1,E,8,5.0,E,8,81,E,8,986,E,8,146,E,8,3.0,E,8,-9990,0,0,-9990,0,0,1.319,E,8,0.134,E,8,0.20,E,8,0,-9990,0,0
04/25/2005,09:00,619,1351,77,3,10,0,3,20,77,3,10,8933,3,10,0,3,20,8933,3,10,-9990,0,0,10,E,8,9,E,8,8.5,E,8,3.4,E,8,70,E,8,986,E,8,183,E,8,2.4,E,8,-9990,0,0,-9990,0,0,1.180,E,8,0.134,E,8,0.20,E,8,0,-9990,0,0
04/25/2005,10:00,810,1351,94,3,10,0,3,20,94,3,10,11200,3,10,0,3,20,11200,3,10,-9990,0,0,10,E,8,9,E,8,8.9,E,8,3.2,E,8,68,E,8,986,E,8,111,E,8,2.0,E,8,-9990,0,0,-9990,0,0,1.164,E,8,0.134,E,8,0.20,E,8,0,-9990,0,0
04/25/2005,11:00,962,1351,217,3,10,8,3,20,211,3,10,25088,3,10,769,3,20,24540,3,10,-9990,0,0,10,E,8,9,E,8,9.8,E,8,3.5,E,8,65,E,8,986,E,8,67,E,8,2.6,E,8,-9990,0,0,-9990,0,0,1.189,E,8,0.134,E,8,0.20,E,8,0,-9990,0,0
04/25/2005,12:00,1063,1351,391,3,10,43,3,20,357,3,10,43388,3,10,3917,3,20,40305,3,10,-9990,0,0,10,E,8,9,E,8,11.4,E,8,4.1,E,8,61,E,8,986,E,8,160,E,8,2.4,E,8,-9990,0,0,-9990,0,0,1.237,E,8,0.134,E,8,0.20,E,8,0,-9990,0,0
04/25/2005,13:00,1107,1351,481,3,10,112,3,20,389,3,10,53328,3,10,11520,3,20,43885,3,10,-9990,0,0,10,E,8,9,E,8,12.9,E,8,3.6,E,8,53,E,8,986,E,8,106,E,8,2.0,E,8,-9990,0,0,-9990,0,0,1.195,E,8,0.134,E,8,0.20,E,8,0,-9990,0,0
04/25/2005,14:00,1091,1351,473,3,10,115,3,20,380,3,10,52458,3,10,11901,3,20,42844,3,10,-9990,0,0,10,E,8,9,E,8,14.1,E,8,4.1,E,8,51,E,8,986,E,8,135,E,8,2.2,E,8,-9990,0,0,-9990,0,0,1.238,E,8,0.134,E,8,0.20,E,8,0,-9990,0,0
04/25/2005,15:00,1016,1351,304,3,10,15,3,20,293,3,10,34692,3,10,1490,3,20,33571,3,10,-9990,0,0,10,E,8,9,E,8,14.5,E,8,4.2,E,8,50,E,8,986,E,8,265,E,8,0.9,E,8,-9990,0,0,-9990,0,0,1.241,E,8,0.134,E,8,0.20,E,8,0,-9990,0,0
04/25/2005,16:00,887,1351,265,3,10,16,3,20,255,3,10,29915,3,10,1509,3,20,28923,3,10,-9990,0,0,10,E,8,9,E,8,14.7,E,8,3.5,E,8,47,E,8,986,E,8,264,E,8,0.5,E,8,-9990,0,0,-9990,0,0,1.187,E,8,0.134,E,8,0.20,E,8,0,-9990,0,0
04/25/2005,17:00,713,1351,268,3,10,69,3,20,232,3,10,29617,3,10,6623,3,20,26121,3,10,-9990,0,0,10,E,8,9,E,8,14.8,E,8,2.9,E,8,45,E,8,986,E,8,292,E,8,0.6,E,8,-9990,0,0,-9990,0,0,1.140,E,8,0.134,E,8,0.20,E,8,0,-9990,0,0
04/25/2005,18:00,506,1351,222,3,10,184,3,20,153,3,10,23876,3,10,16555,3,20,17679,3,10,-9990,0,0,9,E,8,8,E,8,14.8,E,8,3.3,E,8,46,E,8,985,E,8,186,E,8,0.9,E,8,-9990,0,0,-9990,0,0,1.168,E,8,0.134,E,8,0.20,E,8,0,-9990,0,0
04/25/2005,19:00,279,1351,170,3,10,376,3,20,92,3,10,16168,3,10,23882,3,20,11233,3,10,-9990,0,0,6,E,8,5,E,8,14.6,E,8,3.8,E,8,48,E,8,985,E,8,145,E,8,2.4,E,8,-9990,0,0,-9990,0,0,1.212,E,8,0.134,E,8,0.20,E,8,0,-9990,0,0
04/25/2005,20:00,59,488,34,3,10,0,3,20,34,3,10,3472,3,10,0,3,20,3472,3,10,-9990,0,0,6,E,8,5,E,8,13.8,E,8,3.8,E,8,51,E,8,985,E,8,113,E,8,1.6,E,8,-9990,0,0,-9990,0,0,1.211,E,8,0.134,E,8,0.20,E,8,0,-9990,0,0
04/25/2005,21:00,0,0,0,3,0,0,3,0,0,3,0,0,3,0,0,3,0,0,3,0,-9990,0,0,6,E,8,5,E,8,13.1,E,8,5.5,E,8,60,E,8,985,E,8,113,E,8,1.2,E,8,-9990,0,0,-9990,0,0,1.366,E,8,0.134,E,8,0.20,E,8,0,-9990,0,0
04/25/2005,22:00,0,0,0,3,0,0,3,0,0,3,0,0,3,0,0,3,0,0,3,0,-9990,0,0,6,E,8,5,E,8,12.4,E,8,5.8,E,8,64,E,8,985,E,8,69,E,8,1.5,E,8,-9990,0,0,-9990,0,0,1.391,E,8,0.134,E,8,0.20,E,8,0,-9990,0,0
04/25/2005,23:00,0,0,0,3,0,0,3,0,0,3,0,0,3,0,0,3,0,0,3,0,-9990,0,0,8,E,8,6,E,8,11.7,E,8,5.5,E,8,65,E,8,985,E,8,37,E,8,0.6,E,8,-9990,0,0,-9990,0,0,1.362,E,8,0.134,E,8,0.20,E,8,0,-9990,0,0
04/25/2005,24:00,0,0,0,3,0,0,3,0,0,3,0,0,3,0,0,3,0,0,3,0,-9990,0,0,8,E,8,6,E,8,11.0,E,8,4.8,E,8,66,E,8,985,E,8,76,E,8,1.5,E,8,-9990,0,0,-9990,0,0,1.302,E,8,0.134,E,8,0.20,E,8,0,-9990,0,0
04/26/2005,01:00,0,0,0,3,0,0,3,0,0,3,0,0,3,0,0,3,0,0,3,0,-9990,0,0,8,E,8,6,E,8,10.3,E,8,4.5,E,8,67,E,8,985,E,8,80,E,8,4.6,E,8,-9990,0,0,-9990,0,0,1.273,E,8,0.151,E,8,0.20,E,8,0,-9990,0,0
04/26/2005,02:00,0,0,0,3,0,0,3,0,0,3,0,0,3,0,0,3,0,0,3,0,-9990,0,0,8,E,8,6,E,8,9.6,E,8,5.1,E,8,74,E,8,985,E,8,136,E,8,4.2,E,8,-9990,0,0,-9990,0,0,1.326,E,8,0.151,E,8,0.20,E,8,0,-9990,0,0
04/26/2005,03:00,0,0,0,3,0,0,3,0,0,3,0,0,3,0,0,3,0,0,3,0,-9990,0,0,9,E,8,8,E,8,9.2,E,8,5.3,E,8,76,E,8,985,E,8,97,E,8,3.7,E,8,-9990,0,0,-9990,0,0,1.343,E,8,0.151,E,8,0.20,E,8,0,-9990,0,0
04/26/2005,04:00,0,0,0,3,0,0,3,0,0,3,0,0,3,0,0,3,0,0,3,0,-9990,0,0,9,E,8,8,E,8,8.8,E,8,5.3,E,8,79,E,8,985,E,8,76,E,8,4.2,E,8,-9990,0,0,-9990,0,0,1.347,E,8,0.151,E,8,0.20,E,8,0,-9990,0,0
04/26/2005,05:00,0,0,0,3,0,0,3,0,0,3,0,0,3,0,0,3,0,0,3,0,-9990,0,0,9,E,8,8,E,8,8.5,E,8,5.4,E,8,81,E,8,985,E,8,57,E,8,4.2,E,8,-9990,0,0,-9990,0,0,1.352,E,8,0.151,E,8,0.20,E,8,0,-9990,0,0
04/26/2005,06:00,9,192,0,3,10,0,3,20,0,3,10,0,3,10,0,3,20,0,3,10,-9990,0,0,9,E,8,8,E,8,8.5,E,8,5.9,E,8,84,E,8,985,E,8,142,E,8,3.2,E,8,-9990,0,0,-9990,0,0,1.402,E,8,0.151,E,8,0.20,E,8,0,-9990,0,0
04/26/2005,07:00,177,1350,32,3,10,0,3,20,32,3,10,3516,3,10,0,3,20,3516,3,10,-9990,0,0,10,E,8,9,E,8,8.8,E,8,5.5,E,8,79,E,8,985,E,8,92,E,8,3.7,E,8,-9990,0,0,-9990,0,0,1.362,E,8,0.151,E,8,0.20,E,8,0,-9990,0,0
04/26/2005,08:00,406,1350,89,3,10,0,3,20,89,3,10,9511,3,10,0,3,20,9511,3,10,-9990,0,0,10,E,8,9,E,8,9.4,E,8,5.6,E,8,77,E,8,985,E,8,109,E,8,5.1,E,8,-9990,0,0,-9990,0,0,1.372,E,8,0.151,E,8,0.20,E,8,0,-9990,0,0
04/26/2005,09:00,624,1350,157,3,10,4,3,20,155,3,10,17257,3,10,245,3,20,17143,3,10,-9990,0,0,10,E,8,9,E,8,10.2,E,8,5.9,E,8,75,E,8,985,E,8,142,E,8,4.6,E,8,-9990,0,0,-9990,0,0,1.406,E,8,0.151,E,8,0.20,E,8,0,-9990,0,0
04/26/2005,10:00,815,1350,219,3,10,10,3,20,213,3,10,24458,3,10,893,3,20,23918,3,10,-9990,0,0,10,E,8,9,E,8,10.9,E,8,7.8,E,8,81,E,8,985,E,8,136,E,8,4.6,E,8,-9990,0,0,-9990,0,0,1.599,E,8,0.151,E,8,0.20,E,8,0,-9990,0,0
04/26/2005,11:00,966,1350,263,3,10,11,3,20,254,3,10,29838,3,10,1072,3,20,29071,3,10,-9990,0,0,10,E,8,9,E,8,11.6,E,8,6.5,E,8,71,E,8,985,E,8,63,E,8,5.5,E,8,-9990,0,0,-9990,0,0,1.465,E,8,0.151,E,8,0.20,E,8,0,-9990,0,0
04/26/2005,12:00,1067,1350,282,3,10,13,3,20,271,3,10,32434,3,10,1277,3,20,31424,3,10,-9990,0,0,10,E,8,9,E,8,12.2,E,8,6.4,E,8,68,E,8,984,E,8,32,E,8,4.2,E,8,-9990,0,0,-9990,0,0,1.452,E,8,0.151,E,8,0.20,E,8,0,-9990,0,0
04/26/2005,13:00,1111,1350,296,3,10,14,3,20,285,3,10,34285,3,10,1363,3,20,33163,3,10,-9990,0,0,10,E,8,9,E,8,12.6,E,8,6.4,E,8,66,E,8,984,E,8,49,E,8,4.2,E,8,-9990,0,0,-9990,0,0,1.453,E,8,0.151,E,8,0.20,E,8,0,-9990,0,0
04/26/2005,14:00,1095,1350,279,3,10,12,3,20,270,3,10,32409,3,10,1180,3,20,31452,3,10,-9990,0,0,10,E,8,9,E,8,12.9,E,8,6.5,E,8,65,E,8,984,E,8,85,E,8,3.4,E,8,-9990,0,0,-9990,0,0,1.458,E,8,0.151,E,8,0.20,E,8,0,-9990,0,0
04/26/2005,15:00,1020,1350,255,3,10,9,3,20,248,3,10,29405,3,10,806,3,20,28796,3,10,-9990,0,0,10,E,8,9,E,8,13.1,E,8,6.0,E,8,62,E,8,985,E,8,82,E,8,3.2,E,8,-9990,0,0,-9990,0,0,1.408,E,8,0.151,E,8,0.20,E,8,0,-9990,0,0
04/26/2005,16:00,891,1350,212,3,10,6,3,20,208,3,10,24295,3,10,485,3,20,23975,3,10,-9990,0,0,10,E,8,9,E,8,13.0,E,8,9.2,E,8,77,E,8,985,E,8,44,E,8,4.2,E,8,-9990,0,0,-9990,0,0,1.766,E,8,0.151,E,8,0.20,E,8,0,-9990,0,0
04/26/2005,17:00,717,1350,171,3,10,3,3,20,170,3,10,19269,3,10,147,3,20,19191,3,10,-9990,0,0,10,E,8,9,E,8,12.9,E,8,6.0,E,8,63,E,8,985,E,8,25,E,8,5.5,E,8,-9990,0,0,-9990,0,0,1.416,E,8,0.151,E,8,0.20,E,8,0,-9990,0,0
04/26/2005,18:00,510,1350,110,3,10,0,3,20,110,3,10,12184,3,10,0,3,20,12184,3,10,-9990,0,0,10,E,8,9,E,8,12.6,E,8,6.2,E,8,65,E,8,985,E,8,16,E,8,5.1,E,8,-9990,0,0,-9990,0,0,1.433,E,8,0.151,E,8,0.20,E,8,0,-9990,0,0
04/26/2005,19:00,284,1350,52,3,10,0,3,20,52,3,10,5661,3,10,0,3,20,5661,3,10,-9990,0,0,10,E,8,9,E,8,12.1,E,8,6.0,E,8,66,E,8,985,E,8,93,E,8,4.2,E,8,-9990,0,0,-9990,0,0,1.414,E,8,0.151,E,8,0.20,E,8,0,-9990,0,0
04/26/2005,20:00,63,503,3,3,10,0,3,20,3,3,10,354,3,10,3,3,20,353,3,10,-9990,0,0,10,E,8,9,E,8,11.1,E,8,8.7,E,8,85,E,8,985,E,8,63,E,8,4.6,E,8,-9990,0,0,-9990,0,0,1.703,E,8,0.151,E,8,0.20,E,8,2,-9990,0,0
04/26/2005,21:00,0,0,0,3,0,0,3,0,0,3,0,0,3,0,0,3,0,0,3,0,-9990,0,0,10,E,8,9,E,8,10.7,E,8,7.6,E,8,81,E,8,985,E,8,149,E,8,5.5,E,8,-9990,0,0,-9990,0,0,1.582,E,8,0.151,E,8,0.20,E,8,0,-9990,0,0
04/26/2005,22:00,0,0,0,3,0,0,3,0,0,3,0,0,3,0,0,3,0,0,3,0,-9990,0,0,10,E,8,9,E,8,10.1,E,8,7.7,E,8,85,E,8,985,E,8,140,E,8,5.5,E,8,-9990,0,0,-9990,0,0,1.590,E,8,0.151,E,8,0.20,E,8,0,-9990,0,0
04/26/2005,23:00,0,0,0,3,0,0,3,0,0,3,0,0,3,0,0,3,0,0,3,0,-9990,0,0,10,E,8,9,E,8,9.4,E,8,7.0,E,8,85,E,8,985,E,8,151,E,8,5.9,E,8,-9990,0,0,-9990,0,0,1.513,E,8,0.151,E,8,0.20,E,8,0,-9990,0,0
04/26/2005,24:00,0,0,0,3,0,0,3,0,0,3,0,0,3,0,0,3,0,0,3,0,-9990,0,0,10,E,8,9,E,8,8.5,E,8,6.2,E,8,85,E,8,986,E,8,53,E,8,4.2,E,8,-9990,0,0,-9990,0,0,1.430,E,8,0.151,E,8,0.20,E,8,1,-9990,0,0
04/27/2005,01:00,0,0,0,3,0,0,3,0,0,3,0,0,3,0,0,3,0,0,3,0,-9990,0,0,9,E,8,8,E,8,8.2,E,8,7.5,E,8,95,E,8,986,E,8,135,E,8,5.5,E,8,-9990,0,0,-9990,0,0,1.564,E,8,0.161,E,8,0.20,E,8,0,-9990,0,0
04/27/2005,02:00,0,0,0,3,0,0,3,0,0,3,0,0,3,0,0,3,0,0,3,0,-9990,0,0,9,E,8,8,E,8,7.7,E,8,7.4,E,8,98,E,8,986,E,8,166,E,8,4.0,E,8,-9990,0,0,-9990,0,0,1.561,E,8,0.161,E,8,0.20,E,8,0,-9990,0,0
04/27/2005,03:00,0,0,0,3,0,0,3,0,0,3,0,0,3,0,0,3,0,0,3,0,-9990,0,0,9,E,8,8,E,8,7.5,E,8,6.8,E,8,95,E,8,986,E,8,143,E,8,2.2,E,8,-9990,0,0,-9990,0,0,1.497,E,8,0.161,E,8,0.20,E,8,0,-9990,0,0
04/27/2005,04:00,0,0,0,3,0,0,3,0,0,3,0,0,3,0,0,3,0,0,3,0,-9990,0,0,9,E,8,8,E,8,7.3,E,8,6.9,E,8,97,E,8,986,E,8,195,E,8,2.8,E,8,-9990,0,0,-9990,0,0,1.499,E,8,0.161,E,8,0.20,E,8,0,-9990,0,0
04/27/2005,05:00,0,0,0,3,0,0,3,0,0,3,0,0,3,0,0,3,0,0,3,0,-9990,0,0,9,E,8,8,E,8,7.1,E,8,6.8,E,8,97,E,8,986,E,8,133,E,8,2.0,E,8,-9990,0,0,-9990,0,0,1.489,E,8,0.161,E,8,0.20,E,8,0,-9990,0,0
04/27/2005,06:00,11,211,1,3,10,0,3,20,1,3,10,0,3,10,0,3,20,0,3,10,-9990,0,0,9,E,8,8,E,8,7.1,E,8,6.8,E,8,98,E,8,986,E,8,200,E,8,1.8,E,8,-9990,0,0,-9990,0,0,1.497,E,8,0.161,E,8,0.20,E,8,0,-9990,0,0
04/27/2005,07:00,183,1349,46,3,10,6,3,20,45,3,10,4857,3,10,544,3,20,4783,3,10,-9990,0,0,9,E,8,8,E,8,7.8,E,8,7.5,E,8,98,E,8,986,E,8,231,E,8,4.0,E,8,-9990,0,0,-9990,0,0,1.563,E,8,0.161,E,8,0.20,E,8,0,-9990,0,0
04/27/2005,08:00,412,1349,170,3,10,146,3,20,125,3,10,17833,3,10,11451,3,20,14336,3,10,-9990,0,0,9,E,8,8,E,8,9.1,E,8,7.6,E,8,90,E,8,986,E,8,283,E,8,2.6,E,8,-9990,0,0,-9990,0,0,1.579,E,8,0.161,E,8,0.20,E,8,0,-9990,0,0
04/27/2005,09:00,629,1349,318,3,10,263,3,20,196,3,10,34154,3,10,24808,3,20,22582,3,10,-9990,0,0,8,E,8,7,E,8,10.8,E,8,7.7,E,8,81,E,8,987,E,8,261,E,8,3.7,E,8,-9990,0,0,-9990,0,0,1.592,E,8,0.161,E,8,0.20,E,8,0,-9990,0,0
04/27/2005,10:00,820,1349,315,3,10,80,3,20,267,3,10,34886,3,10,7888,3,20,30093,3,10,-9990,0,0,10,E,8,9,E,8,11.8,E,8,6.1,E,8,68,E,8,987,E,8,193,E,8,4.6,E,8,-9990,0,0,-9990,0,0,1.419,E,8,0.161,E,8,0.20,E,8,0,-9990,0,0
04/27/2005,11:00,970,1349,384,3,10,73,3,20,332,3,10,42533,3,10,7120,3,20,37412,3,10,-9990,0,0,10,E,8,9,E,8,12.8,E,8,5.7,E,8,62,E,8,987,E,8,292,E,8,3.4,E,8,-9990,0,0,-9990,0,0,1.381,E,8,0.161,E,8,0.20,E,8,0,-9990,0,0
04/27/2005,12:00,1071,1349,532,3,10,202,3,20,372,3,10,58107,3,10,20006,3,20,42226,3,10,-9990,0,0,9,E,8,8,E,8,14.1,E,8,5.8,E,8,57,E,8,987,E,8,250,E,8,2.8,E,8,-9990,0,0,-9990,0,0,1.394,E,8,0.161,E,8,0.20,E,8,0,-9990,0,0
04/27/2005,13:00,1115,1349,486,3,10,115,3,20,390,3,10,53918,3,10,11927,3,20,44065,3,10,-9990,0,0,10,E,8,9,E,8,14.9,E,8,5.3,E,8,52,E,8,987,E,8,266,E,8,2.0,E,8,-9990,0,0,-9990,0,0,1.341,E,8,0.161,E,8,0.20,E,8,0,-9990,0,0
04/27/2005,14:00,1098,1349,351,3,10,42,3,20,317,3,10,39021,3,10,3692,3,20,36016,3,10,-9990,0,0,10,E,8,9,E,8,15.1,E,8,5.1,E,8,51,E,8,987,E,8,126,E,8,1.6,E,8,-9990,0,0,-9990,0,0,1.325,E,8,0.161,E,8,0.20,E,8,0,-9990,0,0
04/27/2005,15:00,1023,1349,548,3,10,266,3,20,347,3,10,59904,3,10,27011,3,20,39419,3,10,-9990,0,0,8,E,8,6,E,8,15.8,E,8,4.9,E,8,48,E,8,987,E,8,270,E,8,2.2,E,8,-9990,0,0,-9990,0,0,1.304,E,8,0.161,E,8,0.20,E,8,0,-9990,0,0
04/27/2005,16:00,894,1349,343,3,10,78,3,20,292,3,10,38009,3,10,7650,3,20,32938,3,10,-9990,0,0,10,E,8,9,E,8,15.9,E,8,5.1,E,8,48,E,8,987,E,8,132,E,8,3.2,E,8,-9990,0,0,-9990,0,0,1.325,E,8,0.161,E,8,0.20,E,8,0,-9990,0,0
04/27/2005,17:00,721,1349,41,3,10,0,3,20,41,3,10,5177,3,10,0,3,20,5177,3,10,-9990,0,0,10,E,8,9,E,8,14.8,E,8,4.8,E,8,51,E,8,987,E,8,193,E,8,3.4,E,8,-9990,0,0,-9990,0,0,1.296,E,8,0.161,E,8,0.20,E,8,0,-9990,0,0
04/27/2005,18:00,514,1349,113,3,10,0,3,20,113,3,10,12479,3,10,0,3,20,12479,3,10,-9990,0,0,10,E,8,9,E,8,14.1,E,8,5.7,E,8,57,E,8,986,E,8,209,E,8,3.7,E,8,-9990,0,0,-9990,0,0,1.380,E,8,0.161,E,8,0.20,E,8,0,-9990,0,0
04/27/2005,19:00,288,1349,43,3,10,0,3,20,43,3,10,4746,3,10,0,3,20,4746,3,10,-9990,0,0,10,E,8,9,E,8,13.3,E,8,5.2,E,8,58,E,8,986,E,8,185,E,8,5.1,E,8,-9990,0,0,-9990,0,0,1.338,E,8,0.161,E,8,0.20,E,8,0,-9990,0,0
04/27/2005,20:00,66,518,6,3,10,0,3,20,6,3,10,729,3,10,0,3,20,729,3,10,-9990,0,0,10,E,8,9,E,8,12.5,E,8,4.9,E,8,60,E,8,986,E,8,177,E,8,3.4,E,8,-9990,0,0,-9990,0,0,1.311,E,8,0.161,E,8,0.20,E,8,0,-9990,0,0
04/27/2005,21:00,0,0,0,3,0,0,3,0,0,3,0,0,3,0,0,3,0,0,3,0,-9990,0,0,10,E,8,9,E,8,11.8,E,8,6.1,E,8,68,E,8,986,E,8,127,E,8,3.2,E,8,-9990,0,0,-9990,0,0,1.419,E,8,0.161,E,8,0.20,E,8,0,-9990,0,0
04/27/2005,22:00,0,0,0,3,0,0,3,0,0,3,0,0,3,0,0,3,0,0,3,0,-9990,0,0,10,E,8,9,E,8,11.1,E,8,6.5,E,8,73,E,8,986,E,8,246,E,8,3.0,E,8,-9990,0,0,-9990,0,0,1.460,E,8,0.161,E,8,0.20,E,8,0,-9990,0,0
04/27/2005,23:00,0,0,0,3,0,0,3,0,0,3,0,0,3,0,0,3,0,0,3,0,-9990,0,0,10,E,8,9,E,8,10.4,E,8,6.2,E,8,76,E,8,986,E,8,202,E,8,4.0,E,8,-9990,0,0,-9990,0,0,1.436,E,8,0.161,E,8,0.20,E,8,0,-9990,0,0
04/27/2005,24:00,0,0,0,3,0,0,3,0,0,3,0,0,3,0,0,3,0,0,3,0,-9990,0,0,10,E,8,9,E,8,9.6,E,8,6.1,E,8,78,E,8,986,E,8,34,E,8,3.0,E,8,-9990,0,0,-9990,0,0,1.421,E,8,0.161,E,8,0.20,E,8,0,-9990,0,0
04/28/2005,01:00,0,0,0,3,0,0,3,0,0,3,0,0,3,0,0,3,0,0,3,0,-9990,0,0,10,E,8,9,E,8,9.0,E,8,6.6,E,8,85,E,8,986,E,8,150,E,8,2.2,E,8,-9990,0,0,-9990,0,0,1.471,E,8,0.171,E,8,0.20,E,8,0,-9990,0,0
04/28/2005,02:00,0,0,0,3,0,0,3,0,0,3,0,0,3,0,0,3,0,0,3,0,-9990,0,0,10,E,8,9,E,8,8.3,E,8,6.4,E,8,88,E,8,986,E,8,135,E,8,1.8,E,8,-9990,0,0,-9990,0,0,1.453,E,8,0.171,E,8,0.20,E,8,0,-9990,0,0
04/28/2005,03:00,0,0,0,3,0,0,3,0,0,3,0,0,3,0,0,3,0,0,3,0,-9990,0,0,10,E,8,9,E,8,7.9,E,8,6.7,E,8,92,E,8,985,E,8,167,E,8,2.0,E,8,-9990,0,0,-9990,0,0,1.479,E,8,0.171,E,8,0.20,E,8,0,-9990,0,0
04/28/2005,04:00,0,0,0,3,0,0,3,0,0,3,0,0,3,0,0,3,0,0,3,0,-9990,0,0,10,E,8,9,E,8,7.6,E,8,7.1,E,8,97,E,8,985,E,8,220,E,8,2.0,E,8,-9990,0,0,-9990,0,0,1.527,E,8,0.171,E,8,0.20,E,8,0,-9990,0,0
04/28/2005,05:00,0,0,0,3,0,0,3,0,0,3,0,0,3,0,0,3,0,0,3,0,-9990,0,0,10,E,8,9,E,8,7.4,E,8,6.7,E,8,95,E,8,985,E,8,142,E,8,2.2,E,8,-9990,0,0,-9990,0,0,1.483,E,8,0.171,E,8,0.20,E,8,0,-9990,0,0
04/28/2005,06:00,13,231,1,3,10,0,3,20,1,3,10,0,3,10,0,3,20,0,3,10,-9990,0,0,10,E,8,9,E,8,7.4,E,8,7.0,E,8,98,E,8,985,E,8,121,E,8,0.4,E,8,-9990,0,0,-9990,0,0,1.519,E,8,0.171,E,8,0.20,E,8,0,-9990,0,0
04/28/2005,07:00,189,1349,34,3,10,0,3,20,34,3,10,3715,3,10,0,3,20,3715,3,10,-9990,0,0,10,E,8,9,E,8,7.8,E,8,6.2,E,8,90,E,8,985,E,8,106,E,8,0.6,E,8,-9990,0,0,-9990,0,0,1.431,E,8,0.171,E,8,0.20,E,8,0,-9990,0,0
04/28/2005,08:00,418,1349,91,3,10,0,3,20,91,3,10,9689,3,10,0,3,20,9689,3,10,-9990,0,0,10,E,8,9,E,8,8.4,E,8,5.8,E,8,84,E,8,985,E,8,168,E,8,0.9,E,8,-9990,0,0,-9990,0,0,1.396,E,8,0.171,E,8,0.20,E,8,0,-9990,0,0
04/28/2005,09:00,634,1349,151,3,10,1,3,20,151,3,10,16626,3,10,0,3,20,16626,3,10,-9990,0,0,10,E,8,9,E,8,9.2,E,8,6.0,E,8,81,E,8,985,E,8,157,E,8,2.6,E,8,-9990,0,0,-9990,0,0,1.412,E,8,0.171,E,8,0.20,E,8,0,-9990,0,0
04/28/2005,10:00,824,1349,229,3,10,10,3,20,222,3,10,25505,3,10,933,3,20,24935,3,10,-9990,0,0,10,E,8,9,E,8,10.0,E,8,4.4,E,8,68,E,8,985,E,8,260,E,8,2.6,E,8,-9990,0,0,-9990,0,0,1.259,E,8,0.171,E,8,0.20,E,8,0,-9990,0,0
04/28/2005,11:00,975,1349,256,3,10,10,3,20,248,3,10,29134,3,10,926,3,20,28465,3,10,-9990,0,0,10,E,8,9,E,8,10.7,E,8,4.4,E,8,65,E,8,985,E,8,204,E,8,1.6,E,8,-9990,0,0,-9990,0,0,1.259,E,8,0.171,E,8,0.20,E,8,0,-9990,0,0
04/28/2005,12:00,1075,1349,285,3,10,13,3,20,274,3,10,32791,3,10,1299,3,20,31755,3,10,-9990,0,0,10,E,8,9,E,8,11.3,E,8,3.2,E,8,57,E,8,985,E,8,120,E,8,2.0,E,8,-9990,0,0,-9990,0,0,1.159,E,8,0.171,E,8,0.20,E,8,0,-9990,0,0
04/28/2005,13:00,1118,1349,293,3,10,13,3,20,282,3,10,33949,3,10,1298,3,20,32872,3,10,-9990,0,0,10,E,8,9,E,8,11.7,E,8,3.2,E,8,56,E,8,984,E,8,66,E,8,3.2,E,8,-9990,0,0,-9990,0,0,1.161,E,8,0.171,E,8,0.20,E,8,0,-9990,0,0
04/28/2005,14:00,1102,1349,273,3,10,9,3,20,265,3,10,31715,3,10,848,3,20,31022,3,10,-9990,0,0,10,E,8,9,E,8,12.0,E,8,3.2,E,8,55,E,8,984,E,8,111,E,8,3.4,E,8,-9990,0,0,-9990,0,0,1.162,E,8,0.171,E,8,0.20,E,8,0,-9990,0,0
04/28/2005,15:00,1027,1349,277,3,10,10,3,20,269,3,10,31826,3,10,922,3,20,31124,3,10,-9990,0,0,10,E,8,9,E,8,12.3,E,8,3.0,E,8,53,E,8,984,E,8,53,E,8,2.2,E,8,-9990,0,0,-9990,0,0,1.148,E,8,0.171,E,8,0.20,E,8,0,-9990,0,0
04/28/2005,16:00,898,1349,233,3,10,9,3,20,227,3,10,26588,3,10,820,3,20,26042,3,10,-9990,0,0,10,E,8,9,E,8,12.3,E,8,3.0,E,8,53,E,8,984,E,8,40,E,8,3.2,E,8,-9990,0,0,-9990,0,0,1.141,E,8,0.171,E,8,0.20,E,8,0,-9990,0,0
04/28/2005,17:00,725,1349,173,3,10,3,3,20,171,3,10,19491,3,10,164,3,20,19403,3,10,-9990,0,0,10,E,8,9,E,8,12.2,E,8,2.6,E,8,52,E,8,984,E,8,72,E,8,2.6,E,8,-9990,0,0,-9990,0,0,1.111,E,8,0.171,E,8,0.20,E,8,0,-9990,0,0
04/28/2005,18:00,518,1349,116,3,10,0,3,20,116,3,10,12875,3,10,0,3,20,12875,3,10,-9990,0,0,10,E,8,9,E,8,11.9,E,8,3.4,E,8,56,E,8,984,E,8,68,E,8,3.0,E,8,-9990,0,0,-9990,0,0,1.180,E,8,0.171,E,8,0.20,E,8,0,-9990,0,0
04/28/2005,19:00,293,1349,59,3,10,0,3,20,59,3,10,6333,3,10,0,3,20,6333,3,10,-9990,0,0,10,E,8,9,E,8,11.4,E,8,3.5,E,8,58,E,8,984,E,8,50,E,8,4.0,E,8,-9990,0,0,-9990,0,0,1.186,E,8,0.171,E,8,0.20,E,8,0,-9990,0,0
04/28/2005,20:00,70,533,3,3,10,0,3,20,3,3,10,350,3,10,3,3,20,349,3,10,-9990,0,0,10,E,8,9,E,8,10.9,E,8,2.6,E,8,56,E,8,984,E,8,49,E,8,5.9,E,8,-9990,0,0,-9990,0,0,1.110,E,8,0.171,E,8,0.20,E,8,0,-9990,0,0
04/28/2005,21:00,0,0,0,3,0,0,3,0,0,3,0,0,3,0,0,3,0,0,3,0,-9990,0,0,10,E,8,9,E,8,9.8,E,8,1.7,E,8,57,E,8,984,E,8,70,E,8,6.6,E,8,-9990,0,0,-9990,0,0,1.045,E,8,0.171,E,8,0.20,E,8,0,-9990,0,0
04/28/2005,22:00,0,0,0,3,0,0,3,0,0,3,0,0,3,0,0,3,0,0,3,0,-9990,0,0,10,E,8,9,E,8,8.8,E,8,0.8,E,8,57,E,8,984,E,8,62,E,8,5.9,E,8,-9990,0,0,-9990,0,0,0.981,E,8,0.171,E,8,0.20,E,8,0,-9990,0,0
04/28/2005,23:00,0,0,0,3,0,0,3,0,0,3,0,0,3,0,0,3,0,0,3,0,-9990,0,0,10,E,8,9,E,8,7.7,E,8,3.9,E,8,77,E,8,984,E,8,36,E,8,2.4,E,8,-9990,0,0,-9990,0,0,1.215,E,8,0.171,E,8,0.20,E,8,0,-9990,0,0
04/28/2005,24:00,0,0,0,3,0,0,3,0,0,3,0,0,3,0,0,3,0,0,3,0,-9990,0,0,10,E,8,9,E,8,6.5,E,8,4.2,E,8,85,E,8,984,E,8,39,E,8,2.2,E,8,-9990,0,0,-9990,0,0,1.242,E,8,0.171,E,8,0.20,E,8,2,-9990,0,0
04/29/2005,01:00,0,0,0,3,0,0,3,0,0,3,0,0,3,0,0,3,0,0,3,0,-9990,0,0,10,E,8,9,E,8,5.9,E,8,3.0,E,8,81,E,8,984,E,8,69,E,8,2.4,E,8,-9990,0,0,-9990,0,0,1.142,E,8,0.173,E,8,0.20,E,8,0,-9990,0,0
04/29/2005,02:00,0,0,0,3,0,0,3,0,0,3,0,0,3,0,0,3,0,0,3,0,-9990,0,0,10,E,8,9,E,8,5.0,E,8,2.9,E,8,86,E,8,984,E,8,54,E,8,2.8,E,8,-9990,0,0,-9990,0,0,1.134,E,8,0.173,E,8,0.20,E,8,1,-9990,0,0
04/29/2005,03:00,0,0,0,3,0,0,3,0,0,3,0,0,3,0,0,3,0,0,3,0,-9990,0,0,10,E,8,9,E,8,4.7,E,8,3.2,E,8,90,E,8,984,E,8,59,E,8,3.4,E,8,-9990,0,0,-9990,0,0,1.160,E,8,0.173,E,8,0.20,E,8,0,-9990,0,0
04/29/2005,04:00,0,0,0,3,0,0,3,0,0,3,0,0,3,0,0,3,0,0,3,0,-9990,0,0,10,E,8,9,E,8,4.2,E,8,3.0,E,8,92,E,8,984,E,8,49,E,8,3.0,E,8,-9990,0,0,-9990,0,0,1.147,E,8,0.173,E,8,0.20,E,8,0,-9990,0,0
04/29/2005,05:00,0,0,0,3,0,0,3,0,0,3,0,0,3,0,0,3,0,0,3,0,-9990,0,0,10,E,8,9,E,8,3.9,E,8,2.3,E,8,89,E,8,984,E,8,26,E,8,2.2,E,8,-9990,0,0,-9990,0,0,1.092,E,8,0.173,E,8,0.20,E,8,0,-9990,0,0
04/29/2005,06:00,15,250,1,3,10,0,3,20,1,3,10,0,3,10,0,3,20,0,3,10,-9990,0,0,10,E,8,9,E,8,3.9,E,8,1.6,E,8,85,E,8,984,E,8,22,E,8,1.1,E,8,-9990,0,0,-9990,0,0,1.041,E,8,0.173,E,8,0.20,E,8,0,-9990,0,0
04/29/2005,07:00,195,1348,9,3,10,0,3,20,9,3,10,1043,3,10,1,3,20,1042,3,10,-9990,0,0,10,E,8,9,E,8,4.0,E,8,1.7,E,8,85,E,8,984,E,8,3,E,8,1.2,E,8,-9990,0,0,-9990,0,0,1.046,E,8,0.173,E,8,0.20,E,8,0,-9990,0,0
04/29/2005,08:00,423,1348,23,3,10,0,3,20,23,3,10,2715,3,10,0,3,20,2715,3,10,-9990,0,0,10,E,8,9,E,8,4.0,E,8,1.1,E,8,81,E,8,984,E,8,38,E,8,2.0,E,8,-9990,0,0,-9990,0,0,1.003,E,8,0.173,E,8,0.20,E,8,0,-9990,0,0
04/29/2005,09:00,639,1348,47,3,10,0,3,20,47,3,10,5710,3,10,0,3,20,5710,3,10,-9990,0,0,10,E,8,9,E,8,4.3,E,8,1.9,E,8,84,E,8,984,E,8,30,E,8,1.1,E,8,-9990,0,0,-9990,0,0,1.057,E,8,0.173,E,8,0.20,E,8,0,-9990,0,0
04/29/2005,10:00,829,1348,135,3,10,0,3,20,135,3,10,15702,3,10,0,3,20,15702,3,10,-9990,0,0,10,E,8,9,E,8,4.9,E,8,1.0,E,8,76,E,8,984,E,8,45,E,8,0.9,E,8,-9990,0,0,-9990,0,0,0.996,E,8,0.173,E,8,0.20,E,8,0,-9990,0,0
04/29/2005,11:00,979,1348,272,3,10,15,3,20,261,3,10,30895,3,10,1483,3,20,29818,3,10,-9990,0,0,10,E,8,9,E,8,6.0,E,8,1.5,E,8,73,E,8,984,E,8,77,E,8,0.5,E,8,-9990,0,0,-9990,0,0,1.029,E,8,0.173,E,8,0.20,E,8,0,-9990,0,0
04/29/2005,12:00,1079,1348,235,3,10,2,3,20,233,3,10,27429,3,10,103,3,20,27346,3,10,-9990,0,0,10,E,8,9,E,8,6.6,E,8,2.0,E,8,72,E,8,984,E,8,146,E,8,0.9,E,8,-9990,0,0,-9990,0,0,1.064,E,8,0.173,E,8,0.20,E,8,0,-9990,0,0
04/29/2005,13:00,1122,1348,274,3,10,11,3,20,265,3,10,31924,3,10,1061,3,20,31040,3,10,-9990,0,0,10,E,8,9,E,8,6.8,E,8,4.5,E,8,85,E,8,984,E,8,119,E,8,1.1,E,8,-9990,0,0,-9990,0,0,1.267,E,8,0.173,E,8,0.20,E,8,2,-9990,0,0
04/29/2005,14:00,1105,1348,415,3,10,45,3,20,377,3,10,45935,3,10,4180,3,20,42507,3,10,-9990,0,0,10,E,8,9,E,8,8.0,E,8,1.6,E,8,64,E,8,984,E,8,206,E,8,0.4,E,8,-9990,0,0,-9990,0,0,1.035,E,8,0.173,E,8,0.20,E,8,0,-9990,0,0
04/29/2005,15:00,1030,1348,268,3,10,12,3,20,259,3,10,30876,3,10,1191,3,20,29965,3,10,-9990,0,0,10,E,8,9,E,8,8.3,E,8,1.3,E,8,61,E,8,984,E,8,136,E,8,0.4,E,8,-9990,0,0,-9990,0,0,1.020,E,8,0.173,E,8,0.20,E,8,0,-9990,0,0
04/29/2005,16:00,902,1348,191,3,10,5,3,20,188,3,10,22105,3,10,386,3,20,21847,3,10,-9990,0,0,10,E,8,9,E,8,8.3,E,8,1.5,E,8,62,E,8,984,E,8,173,E,8,0.9,E,8,-9990,0,0,-9990,0,0,1.032,E,8,0.173,E,8,0.20,E,8,0,-9990,0,0
04/29/2005,17:00,728,1348,218,3,10,18,3,20,209,3,10,24243,3,10,1811,3,20,23264,3,10,-9990,0,0,10,E,8,9,E,8,8.4,E,8,0.8,E,8,59,E,8,984,E,8,156,E,8,1.2,E,8,-9990,0,0,-9990,0,0,0.985,E,8,0.173,E,8,0.20,E,8,0,-9990,0,0
04/29/2005,18:00,522,1348,232,3,10,188,3,20,160,3,10,24845,3,10,17040,3,20,18242,3,10,-9990,0,0,8,E,8,6,E,8,8.5,E,8,1.1,E,8,60,E,8,984,E,8,217,E,8,1.3,E,8,-9990,0,0,-9990,0,0,1.005,E,8,0.173,E,8,0.20,E,8,0,-9990,0,0
04/29/2005,19:00,297,1348,144,3,10,235,3,20,92,3,10,14308,3,10,16812,3,20,10600,3,10,-9990,0,0,6,E,8,5,E,8,8.3,E,8,0.8,E,8,59,E,8,984,E,8,203,E,8,1.5,E,8,-9990,0,0,-9990,0,0,0.984,E,8,0.173,E,8,0.20,E,8,0,-9990,0,0
04/29/2005,20:00,74,548,13,3,10,0,3,20,13,3,10,1451,3,10,0,3,20,1451,3,10,-9990,0,0,6,E,8,5,E,8,7.7,E,8,0.9,E,8,62,E,8,984,E,8,171,E,8,1.5,E,8,-9990,0,0,-9990,0,0,0.985,E,8,0.173,E,8,0.20,E,8,0,-9990,0,0
04/29/2005,21:00,0,0,0,3,0,0,3,0,0,3,0,0,3,0,0,3,0,0,3,0,-9990,0,0,6,E,8,5,E,8,6.8,E,8,0.8,E,8,65,E,8,984,E,8,167,E,8,1.3,E,8,-9990,0,0,-9990,0,0,0.979,E,8,0.173,E,8,0.20,E,8,0,-9990,0,0
04/29/2005,22:00,0,0,0,3,0,0,3,0,0,3,0,0,3,0,0,3,0,0,3,0,-9990,0,0,6,E,8,5,E,8,5.8,E,8,0.0,E,8,66,E,8,985,E,8,205,E,8,1.5,E,8,-9990,0,0,-9990,0,0,0.929,E,8,0.173,E,8,0.20,E,8,0,-9990,0,0
04/29/2005,23:00,0,0,0,3,0,0,3,0,0,3,0,0,3,0,0,3,0,0,3,0,-9990,0,0,5,E,8,4,E,8,4.8,E,8,0.3,E,8,73,E,8,985,E,8,172,E,8,1.3,E,8,-9990,0,0,-9990,0,0,0.948,E,8,0.173,E,8,0.20,E,8,0,-9990,0,0
04/29/2005,24:00,0,0,0,3,0,0,3,0,0,3,0,0,3,0,0,3,0,0,3,0,-9990,0,0,5,E,8,4,E,8,3.8,E,8,0.1,E,8,77,E,8,985,E,8,153,E,8,2.4,E,8,-9990,0,0,-9990,0,0,0.937,E,8,0.173,E,8,0.20,E,8,0,-9990,0,0
04/30/2005,01:00,0,0,0,3,0,0,3,0,0,3,0,0,3,0,0,3,0,0,3,0,-9990,0,0,5,E,8,4,E,8,3.1,E,8,-0.5,E,8,77,E,8,985,E,8,105,E,8,4.2,E,8,-9990,0,0,-9990,0,0,0.896,E,8,0.151,E,8,0.20,E,8,0,-9990,0,0
04/30/2005,02:00,0,0,0,3,0,0,3,0,0,3,0,0,3,0,0,3,0,0,3,0,-9990,0,0,5,E,8,5,E,8,2.2,E,8,0.3,E,8,87,E,8,985,E,8,124,E,8,5.9,E,8,-9990,0,0,-9990,0,0,0.949,E,8,0.151,E,8,0.20,E,8,0,-9990,0,0
04/30/2005,03:00,0,0,0,3,0,0,3,0,0,3,0,0,3,0,0,3,0,0,3,0,-9990,0,0,4,E,8,3,E,8,1.7,E,8,0.6,E,8,92,E,8,985,E,8,136,E,8,4.2,E,8,-9990,0,0,-9990,0,0,0.965,E,8,0.151,E,8,0.20,E,8,0,-9990,0,0
04/30/2005,04:00,0,0,0,3,0,0,3,0,0,3,0,0,3,0,0,3,0,0,3,0,-9990,0,0,4,E,8,3,E,8,1.2,E,8,0.5,E,8,95,E,8,985,E,8,158,E,8,4.0,E,8,-9990,0,0,-9990,0,0,0.959,E,8,0.151,E,8,0.20,E,8,0,-9990,0,0
04/30/2005,05:00,0,0,0,3,0,0,3,0,0,3,0,0,3,0,0,3,0,0,3,0,-9990,0,0,4,E,8,3,E,8,0.8,E,8,0.2,E,8,96,E,8,985,E,8,152,E,8,2.6,E,8,-9990,0,0,-9990,0,0,0.941,E,8,0.151,E,8,0.20,E,8,0,-9990,0,0
04/30/2005,06:00,17,269,2,3,10,0,3,20,2,3,10,0,3,10,0,3,20,0,3,10,-9990,0,0,4,E,8,3,E,8,0.7,E,8,0.4,E,8,98,E,8,985,E,8,124,E,8,1.8,E,8,-9990,0,0,-9990,0,0,0.951,E,8,0.151,E,8,0.20,E,8,0,-9990,0,0
04/30/2005,07:00,200,1347,62,3,10,73,3,20,51,3,10,6542,3,10,4564,3,20,5863,3,10,-9990,0,0,3,E,8,2,E,8,1.5,E,8,1.3,E,8,99,E,8,985,E,8,137,E,8,2.4,E,8,-9990,0,0,-9990,0,0,1.015,E,8,0.151,E,8,0.20,E,8,0,-9990,0,0
04/30/2005,08:00,428,1347,282,3,10,551,3,20,107,3,10,27559,3,10,44215,3,20,13497,3,10,-9990,0,0,3,E,8,2,E,8,3.9,E,8,2.2,E,8,89,E,8,985,E,8,204,E,8,2.6,E,8,-9990,0,0,-9990,0,0,1.086,E,8,0.151,E,8,0.20,E,8,0,-9990,0,0
04/30/2005,09:00,644,1347,384,3,10,421,3,20,183,3,10,39887,3,10,38679,3,20,21387,3,10,-9990,0,0,5,E,8,5,E,8,5.9,E,8,2.8,E,8,80,E,8,985,E,8,142,E,8,2.8,E,8,-9990,0,0,-9990,0,0,1.127,E,8,0.151,E,8,0.20,E,8,0,-9990,0,0
04/30/2005,10:00,833,1347,342,3,10,109,3,20,275,3,10,37766,3,10,11131,3,20,30879,3,10,-9990,0,0,10,E,8,9,E,8,6.7,E,8,3.7,E,8,81,E,8,985,E,8,132,E,8,3.2,E,8,-9990,0,0,-9990,0,0,1.200,E,8,0.151,E,8,0.20,E,8,0,-9990,0,0
04/30/2005,11:00,983,1347,273,3,10,15,3,20,262,3,10,31028,3,10,1488,3,20,29942,3,10,-9990,0,0,10,E,8,9,E,8,6.9,E,8,1.9,E,8,71,E,8,985,E,8,246,E,8,2.4,E,8,-9990,0,0,-9990,0,0,1.061,E,8,0.151,E,8,0.20,E,8,0,-9990,0,0
04/30/2005,12:00,1082,1347,150,3,10,1,3,20,150,3,10,18146,3,10,0,3,20,18146,3,10,-9990,0,0,10,E,8,9,E,8,6.4,E,8,2.3,E,8,75,E,8,985,E,8,254,E,8,2.6,E,8,-9990,0,0,-9990,0,0,1.089,E,8,0.151,E,8,0.20,E,8,0,-9990,0,0
04/30/2005,13:00,1125,1347,314,3,10,26,3,20,292,3,10,36254,3,10,2809,3,20,33907,3,10,-9990,0,0,10,E,8,9,E,8,6.6,E,8,1.5,E,8,70,E,8,985,E,8,329,E,8,2.6,E,8,-9990,0,0,-9990,0,0,1.031,E,8,0.151,E,8,0.20,E,8,0,-9990,0,0
04/30/2005,14:00,1109,1347,110,3,10,0,3,20,110,3,10,13674,3,10,0,3,20,13674,3,10,-9990,0,0,10,E,8,9,E,8,6.1,E,8,1.1,E,8,70,E,8,986,E,8,334,E,8,2.0,E,8,-9990,0,0,-9990,0,0,1.005,E,8,0.151,E,8,0.20,E,8,0,-9990,0,0
04/30/2005,15:00,1034,1347,181,3,10,4,3,20,178,3,10,21502,3,10,396,3,20,21198,3,10,-9990,0,0,10,E,8,9,E,8,5.8,E,8,2.2,E,8,77,E,8,986,E,8,268,E,8,1.6,E,8,-9990,0,0,-9990,0,0,1.081,E,8,0.151,E,8,0.20,E,8,0,-9990,0,0
04/30/2005,16:00,905,1347,357,3,10,87,3,20,299,3,10,39508,3,10,8672,3,20,33681,3,10,-9990,0,0,10,E,8,9,E,8,6.1,E,8,2.7,E,8,78,E,8,986,E,8,288,E,8,1.1,E,8,-9990,0,0,-9990,0,0,1.118,E,8,0.151,E,8,0.20,E,8,0,-9990,0,0
04/30/2005,17:00,732,1347,327,3,10,115,3,20,265,3,10,36060,3,10,11765,3,20,29667,3,10,-9990,0,0,10,E,8,9,E,8,6.2,E,8,3.8,E,8,84,E,8,986,E,8,266,E,8,1.5,E,8,-9990,0,0,-9990,0,0,1.210,E,8,0.151,E,8,0.20,E,8,0,-9990,0,0
04/30/2005,18:00,526,1347,232,3,10,181,3,20,161,3,10,24856,3,10,16206,3,20,18525,3,10,-9990,0,0,9,E,8,8,E,8,6.1,E,8,3.4,E,8,83,E,8,986,E,8,206,E,8,1.3,E,8,-9990,0,0,-9990,0,0,1.175,E,8,0.151,E,8,0.20,E,8,0,-9990,0,0
04/30/2005,19:00,302,1347,201,3,10,421,3,20,107,3,10,18793,3,10,27677,3,20,12595,3,10,-9990,0,0,5,E,8,5,E,8,5.8,E,8,2.8,E,8,81,E,8,987,E,8,255,E,8,2.0,E,8,-9990,0,0,-9990,0,0,1.129,E,8,0.151,E,8,0.20,E,8,0,-9990,0,0
04/30/2005,20:00,78,563,36,3,10,0,3,20,36,3,10,3670,3,10,0,3,20,3670,3,10,-9990,0,0,5,E,8,5,E,8,5.0,E,8,2.3,E,8,82,E,8,987,E,8,227,E,8,2.0,E,8,-9990,0,0,-9990,0,0,1.088,E,8,0.151,E,8,0.20,E,8,0,-9990,0,0
04/30/2005,21:00,0,0,0,3,0,0,3,0,0,3,0,0,3,0,0,3,0,0,3,0,-9990,0,0,5,E,8,5,E,8,4.7,E,8,3.1,E,8,89,E,8,987,E,8,286,E,8,1.6,E,8,-9990,0,0,-9990,0,0,1.156,E,8,0.151,E,8,0.20,E,8,0,-9990,0,0
04/30/2005,22:00,0,0,0,3,0,0,3,0,0,3,0,0,3,0,0,3,0,0,3,0,-9990,0,0,5,E,8,5,E,8,4.5,E,8,3.9,E,8,96,E,8,987,E,8,283,E,8,1.1,E,8,-9990,0,0,-9990,0,0,1.219,E,8,0.151,E,8,0.20,E,8,0,-9990,0,0
04/30/2005,23:00,0,0,0,3,0,0,3,0,0,3,0,0,3,0,0,3,0,0,3,0,-9990,0,0,5,E,8,5,E,8,4.2,E,8,3.5,E,8,95,E,8,987,E,8,178,E,8,1.8,E,8,-9990,0,0,-9990,0,0,1.185,E,8,0.151,E,8,0.20,E,8,0,-9990,0,0
04/30/2005,24:00,0,0,0,3,0,0,3,0,0,3,0,0,3,0,0,3,0,0,3,0,-9990,0,0,4,E,8,3,E,8,4.0,E,8,3.2,E,8,95,E,8,988,E,8,198,E,8,2.8,E,8,-9990,0,0,-9990,0,0,1.163,E,8,0.151,E,8,0.20,E,8,0,-9990,0,0
05/01/2005,01:00,0,0,0,3,0,0,3,0,0,3,0,0,3,0,0,3,0,0,3,0,-9990,0,0,0,E,8,0,E,8,4.6,E,8,4.6,E,8,100,E,8,987,E,8,153,E,8,3.0,E,8,-9990,0,0,-9990,0,0,1.278,E,8,0.117,E,8,0.20,E,8,0,-9990,0,0
05/01/2005,02:00,0,0,0,3,0,0,3,0,0,3,0,0,3,0,0,3,0,0,3,0,-9990,0,0,0,E,8,0,E,8,5.1,E,8,5.1,E,8,100,E,8,988,E,8,220,E,8,1.2,E,8,-9990,0,0,-9990,0,0,1.330,E,8,0.117,E,8,0.20,E,8,0,-9990,0,0
05/01/2005,03:00,0,0,0,3,0,0,3,0,0,3,0,0,3,0,0,3,0,0,3,0,-9990,0,0,0,E,8,0,E,8,5.4,E,8,5.4,E,8,100,E,8,988,E,8,208,E,8,0.3,E,8,-9990,0,0,-9990,0,0,1.358,E,8,0.117,E,8,0.20,E,8,0,-9990,0,0
05/01/2005,04:00,0,0,0,3,0,0,3,0,0,3,0,0,3,0,0,3,0,0,3,0,-9990,0,0,0,E,8,0,E,8,5.7,E,8,5.7,E,8,100,E,8,988,E,8,207,E,8,0.1,E,8,-9990,0,0,-9990,0,0,1.386,E,8,0.117,E,8,0.20,E,8,0,-9990,0,0
05/01/2005,05:00,0,0,0,3,0,0,3,0,0,3,0,0,3,0,0,3,0,0,3,0,-9990,0,0,0,E,8,0,E,8,5.9,E,8,5.9,E,8,100,E,8,988,E,8,304,E,8,0.1,E,8,-9990,0,0,-9990,0,0,1.405,E,8,0.117,E,8,0.20,E,8,0,-9990,0,0
05/01/2005,06:00,20,288,2,3,10,0,3,20,2,3,10,291,3,10,10,3,20,290,3,10,-9990,0,0,0,E,8,0,E,8,6.0,E,8,6.0,E,8,100,E,8,988,E,8,273,E,8,0.3,E,8,-9990,0,0,-9990,0,0,1.412,E,8,0.117,E,8,0.20,E,8,0,-9990,0,0
05/01/2005,07:00,206,1346,122,3,10,546,3,20,38,3,10,12375,3,10,40321,3,20,6203,3,10,-9990,0,0,0,E,8,0,E,8,7.6,E,8,7.6,E,8,100,E,8,989,E,8,202,E,8,1.2,E,8,-9990,0,0,-9990,0,0,1.583,E,8,0.117,E,8,0.20,E,8,0,-9990,0,0
05/01/2005,08:00,434,1346,308,3,10,797,3,20,52,3,10,33342,3,10,78564,3,20,8038,3,10,-9990,0,0,0,E,8,0,E,8,9.9,E,8,8.4,E,8,90,E,8,989,E,8,289,E,8,0.7,E,8,-9990,0,0,-9990,0,0,1.669,E,8,0.117,E,8,0.20,E,8,0,-9990,0,0
05/01/2005,09:00,649,1346,516,3,10,920,3,20,73,3,10,55574,3,10,92859,3,20,10805,3,10,-9990,0,0,0,E,8,0,E,8,12.4,E,8,8.9,E,8,79,E,8,989,E,8,165,E,8,2.0,E,8,-9990,0,0,-9990,0,0,1.736,E,8,0.117,E,8,0.20,E,8,0,-9990,0,0
05/01/2005,10:00,838,1346,702,3,10,972,3,20,97,3,10,75278,3,10,98798,3,20,13801,3,10,-9990,0,0,0,E,8,0,E,8,14.9,E,8,10.2,E,8,73,E,8,989,E,8,145,E,8,4.2,E,8,-9990,0,0,-9990,0,0,1.889,E,8,0.117,E,8,0.20,E,8,0,-9990,0,0
05/01/2005,11:00,987,1346,851,3,10,802,3,20,263,3,10,89890,3,10,77430,3,20,33139,3,10,-9990,0,0,3,E,8,2,E,8,17.3,E,8,10.4,E,8,64,E,8,989,E,8,135,E,8,7.2,E,8,-9990,0,0,-9990,0,0,1.925,E,8,0.117,E,8,0.20,E,8,0,-9990,0,0
05/01/2005,12:00,1086,1346,485,3,10,142,3,20,371,3,10,53962,3,10,13656,3,20,42946,3,10,-9990,0,0,9,E,8,8,E,8,17.6,E,8,10.5,E,8,63,E,8,990,E,8,196,E,8,6.9,E,8,-9990,0,0,-9990,0,0,1.941,E,8,0.117,E,8,0.20,E,8,0,-9990,0,0
05/01/2005,13:00,1129,1346,525,3,10,144,3,20,404,3,10,58349,3,10,14009,3,20,46605,3,10,-9990,0,0,9,E,8,8,E,8,17.9,E,8,10.5,E,8,62,E,8,990,E,8,218,E,8,3.2,E,8,-9990,0,0,-9990,0,0,1.930,E,8,0.117,E,8,0.20,E,8,0,-9990,0,0
05/01/2005,14:00,1112,1346,475,3,10,106,3,20,387,3,10,53095,3,10,10791,3,20,44183,3,10,-9990,0,0,10,E,8,9,E,8,18.0,E,8,10.2,E,8,60,E,8,989,E,8,190,E,8,3.2,E,8,-9990,0,0,-9990,0,0,1.899,E,8,0.117,E,8,0.20,E,8,0,-9990,0,0
05/01/2005,15:00,1037,1346,397,3,10,43,3,20,364,3,10,44379,3,10,3654,3,20,41565,3,10,-9990,0,0,10,E,8,9,E,8,17.8,E,8,10.4,E,8,62,E,8,989,E,8,141,E,8,6.9,E,8,-9990,0,0,-9990,0,0,1.926,E,8,0.117,E,8,0.20,E,8,0,-9990,0,0
05/01/2005,16:00,908,1346,331,3,10,39,3,20,305,3,10,36940,3,10,3212,3,20,34773,3,10,-9990,0,0,10,E,8,9,E,8,17.4,E,8,10.1,E,8,62,E,8,989,E,8,236,E,8,3.0,E,8,-9990,0,0,-9990,0,0,1.878,E,8,0.117,E,8,0.20,E,8,0,-9990,0,0
05/01/2005,17:00,736,1346,269,3,10,35,3,20,249,3,10,29893,3,10,2621,3,20,28461,3,10,-9990,0,0,10,E,8,9,E,8,16.8,E,8,10.2,E,8,65,E,8,989,E,8,350,E,8,4.9,E,8,-9990,0,0,-9990,0,0,1.888,E,8,0.117,E,8,0.20,E,8,0,-9990,0,0
05/01/2005,18:00,530,1346,167,3,10,21,3,20,159,3,10,18655,3,10,2093,3,20,17830,3,10,-9990,0,0,10,E,8,9,E,8,15.9,E,8,10.3,E,8,69,E,8,988,E,8,294,E,8,1.5,E,8,-9990,0,0,-9990,0,0,1.911,E,8,0.117,E,8,0.20,E,8,0,-9990,0,0
05/01/2005,19:00,306,1346,77,3,10,2,3,20,77,3,10,8602,3,10,87,3,20,8582,3,10,-9990,0,0,0,E,8,0,E,8,14.9,E,8,9.9,E,8,72,E,8,988,E,8,181,E,8,1.3,E,8,-9990,0,0,-9990,0,0,1.851,E,8,0.117,E,8,0.20,E,8,0,-9990,0,0
05/01/2005,20:00,82,578,4,3,10,0,3,20,4,3,10,494,3,10,8,3,20,492,3,10,-9990,0,0,1,E,8,1,E,8,13.7,E,8,10.0,E,8,78,E,8,988,E,8,217,E,8,0.6,E,8,-9990,0,0,-9990,0,0,1.868,E,8,0.117,E,8,0.20,E,8,0,-9990,0,0
05/01/2005,21:00,0,0,0,3,0,0,3,0,0,3,0,0,3,0,0,3,0,0,3,0,-9990,0,0,1,E,8,1,E,8,13.5,E,8,11.5,E,8,87,E,8,988,E,8,286,E,8,0.4,E,8,-9990,0,0,-9990,0,0,2.072,E,8,0.117,E,8,0.20,E,8,0,-9990,0,0
05/01/2005,22:00,0,0,0,3,0,0,3,0,0,3,0,0,3,0,0,3,0,0,3,0,-9990,0,0,3,E,8,2,E,8,13.3,E,8,12.0,E,8,92,E,8,987,E,8,238,E,8,1.3,E,8,-9990,0,0,-9990,0,0,2.146,E,8,0.117,E,8,0.20,E,8,0,-9990,0,0
05/01/2005,23:00,0,0,0,3,0,0,3,0,0,3,0,0,3,0,0,3,0,0,3,0,-9990,0,0,3,E,8,2,E,8,13.1,E,8,12.1,E,8,94,E,8,987,E,8,174,E,8,1.7,E,8,-9990,0,0,-9990,0,0,2.161,E,8,0.117,E,8,0.20,E,8,0,-9990,0,0
05/01/2005,24:00,0,0,0,3,0,0,3,0,0,3,0,0,3,0,0,3,0,0,3,0,-9990,0,0,4,E,8,3,E,8,12.9,E,8,12.6,E,8,98,E,8,987,E,8,184,E,8,2.0,E,8,-9990,0,0,-9990,0,0,2.238,E,8,0.117,E,8,0.20,E,8,0,-9990,0,0
05/02/2005,01:00,0,0,0,3,0,0,3,0,0,3,0,0,3,0,0,3,0,0,3,0,-9990,0,0,5,E,8,5,E,8,12.6,E,8,12.2,E,8,97,E,8,987,E,8,143,E,8,2.3,E,8,-9990,0,0,-9990,0,0,2.173,E,8,0.121,E,8,0.20,E,8,0,-9990,0,0
05/02/2005,02:00,0,0,0,3,0,0,3,0,0,3,0,0,3,0,0,3,0,0,3,0,-9990,0,0,5,E,8,5,E,8,12.4,E,8,12.3,E,8,99,E,8,986,E,8,150,E,8,3.2,E,8,-9990,0,0,-9990,0,0,2.190,E,8,0.121,E,8,0.20,E,8,0,-9990,0,0
05/02/2005,03:00,0,0,0,3,0,0,3,0,0,3,0,0,3,0,0,3,0,0,3,0,-9990,0,0,6,E,8,6,E,8,12.2,E,8,11.8,E,8,97,E,8,986,E,8,144,E,8,2.3,E,8,-9990,0,0,-9990,0,0,2.120,E,8,0.121,E,8,0.20,E,8,0,-9990,0,0
05/02/2005,04:00,0,0,0,3,0,0,3,0,0,3,0,0,3,0,0,3,0,0,3,0,-9990,0,0,8,E,8,7,E,8,12.1,E,8,11.0,E,8,93,E,8,986,E,8,134,E,8,1.2,E,8,-9990,0,0,-9990,0,0,2.009,E,8,0.121,E,8,0.20,E,8,0,-9990,0,0
05/02/2005,05:00,0,0,0,3,0,0,3,0,0,3,0,0,3,0,0,3,0,0,3,0,-9990,0,0,8,E,8,7,E,8,12.0,E,8,10.9,E,8,93,E,8,986,E,8,186,E,8,0.6,E,8,-9990,0,0,-9990,0,0,1.985,E,8,0.121,E,8,0.20,E,8,0,-9990,0,0
05/02/2005,06:00,22,306,1,3,10,0,3,20,1,3,10,119,3,10,6,3,20,119,3,10,-9990,0,0,9,E,8,8,E,8,12.0,E,8,11.7,E,8,98,E,8,985,E,8,169,E,8,0.5,E,8,-9990,0,0,-9990,0,0,2.098,E,8,0.121,E,8,0.20,E,8,0,-9990,0,0
05/02/2005,07:00,212,1346,16,3,10,0,3,20,16,3,10,1905,3,10,0,3,20,1905,3,10,-9990,0,0,9,E,8,8,E,8,12.2,E,8,11.5,E,8,96,E,8,985,E,8,159,E,8,1.0,E,8,-9990,0,0,-9990,0,0,2.082,E,8,0.121,E,8,0.20,E,8,0,-9990,0,0
05/02/2005,08:00,439,1346,30,3,10,0,3,20,30,3,10,3752,3,10,0,3,20,3752,3,10,-9990,0,0,10,E,8,9,E,8,12.3,E,8,11.7,E,8,96,E,8,985,E,8,114,E,8,2.8,E,8,-9990,0,0,-9990,0,0,2.106,E,8,0.121,E,8,0.20,E,8,0,-9990,0,0
05/02/2005,09:00,654,1346,120,3,10,0,3,20,120,3,10,13966,3,10,0,3,20,13966,3,10,-9990,0,0,10,E,8,9,E,8,13.0,E,8,11.9,E,8,93,E,8,985,E,8,123,E,8,4.2,E,8,-9990,0,0,-9990,0,0,2.140,E,8,0.121,E,8,0.20,E,8,0,-9990,0,0
05/02/2005,10:00,842,1346,149,3,10,0,3,20,149,3,10,17686,3,10,0,3,20,17686,3,10,-9990,0,0,10,E,8,9,E,8,13.3,E,8,11.8,E,8,91,E,8,985,E,8,184,E,8,3.0,E,8,-9990,0,0,-9990,0,0,2.120,E,8,0.121,E,8,0.20,E,8,2,-9990,0,0
05/02/2005,11:00,991,1346,210,3,10,5,3,20,206,3,10,24844,3,10,407,3,20,24544,3,10,-9990,0,0,10,E,8,9,E,8,13.5,E,8,11.7,E,8,89,E,8,984,E,8,186,E,8,1.5,E,8,-9990,0,0,-9990,0,0,2.099,E,8,0.121,E,8,0.20,E,8,4,-9990,0,0
05/02/2005,12:00,1090,1346,197,3,10,1,3,20,196,3,10,23764,3,10,3,3,20,23762,3,10,-9990,0,0,10,E,8,9,E,8,14.6,E,8,11.6,E,8,82,E,8,984,E,8,178,E,8,1.9,E,8,-9990,0,0,-9990,0,0,2.084,E,8,0.121,E,8,0.20,E,8,0,-9990,0,0
05/02/2005,13:00,1132,1346,243,3,10,2,3,20,241,3,10,29067,3,10,58,3,20,29019,3,10,-9990,0,0,10,E,8,9,E,8,15.0,E,8,12.0,E,8,82,E,8,984,E,8,168,E,8,0.8,E,8,-9990,0,0,-9990,0,0,2.144,E,8,0.121,E,8,0.20,E,8,0,-9990,0,0
05/02/2005,14:00,1115,1346,259,3,10,2,3,20,257,3,10,30713,3,10,73,3,20,30653,3,10,-9990,0,0,10,E,8,9,E,8,15.5,E,8,12.4,E,8,82,E,8,984,E,8,181,E,8,0.3,E,8,-9990,0,0,-9990,0,0,2.206,E,8,0.121,E,8,0.20,E,8,0,-9990,0,0
05/02/2005,15:00,1040,1346,258,3,10,9,3,20,251,3,10,30288,3,10,791,3,20,29677,3,10,-9990,0,0,10,E,8,9,E,8,15.7,E,8,12.6,E,8,82,E,8,984,E,8,178,E,8,0.1,E,8,-9990,0,0,-9990,0,0,2.234,E,8,0.121,E,8,0.20,E,8,1,-9990,0,0
05/02/2005,16:00,912,1346,245,3,10,10,3,20,238,3,10,28358,3,10,902,3,20,27747,3,10,-9990,0,0,10,E,8,9,E,8,15.9,E,8,12.8,E,8,82,E,8,984,E,8,177,E,8,0.1,E,8,-9990,0,0,-9990,0,0,2.274,E,8,0.121,E,8,0.20,E,8,0,-9990,0,0
05/02/2005,17:00,739,1346,252,3,10,35,3,20,233,3,10,28085,3,10,2603,3,20,26655,3,10,-9990,0,0,10,E,8,9,E,8,16.2,E,8,9.8,E,8,66,E,8,984,E,8,135,E,8,0.1,E,8,-9990,0,0,-9990,0,0,1.839,E,8,0.121,E,8,0.20,E,8,0,-9990,0,0
05/02/2005,18:00,534,1346,205,3,10,91,3,20,169,3,10,22713,3,10,8752,3,20,19238,3,10,-9990,0,0,10,E,8,9,E,8,16.3,E,8,8.7,E,8,61,E,8,984,E,8,104,E,8,0.3,E,8,-9990,0,0,-9990,0,0,1.702,E,8,0.121,E,8,0.20,E,8,0,-9990,0,0
05/02/2005,19:00,310,1346,88,3,10,25,3,20,82,3,10,9723,3,10,1462,3,20,9385,3,10,-9990,0,0,10,E,8,9,E,8,16.0,E,8,8.9,E,8,63,E,8,984,E,8,123,E,8,0.1,E,8,-9990,0,0,-9990,0,0,1.731,E,8,0.121,E,8,0.20,E,8,0,-9990,0,0
05/02/2005,20:00,86,592,11,3,10,0,3,20,11,3,10,1359,3,10,2,3,20,1359,3,10,-9990,0,0,10,E,8,9,E,8,15.5,E,8,9.2,E,8,66,E,8,984,E,8,115,E,8,0.0,E,8,-9990,0,0,-9990,0,0,1.764,E,8,0.121,E,8,0.20,E,8,0,-9990,0,0
05/02/2005,21:00,0,0,0,3,0,0,3,0,0,3,0,0,3,0,0,3,0,0,3,0,-9990,0,0,10,E,8,9,E,8,15.1,E,8,8.6,E,8,65,E,8,984,E,8,180,E,8,0.1,E,8,-9990,0,0,-9990,0,0,1.688,E,8,0.121,E,8,0.20,E,8,0,-9990,0,0
05/02/2005,22:00,0,0,0,3,0,0,3,0,0,3,0,0,3,0,0,3,0,0,3,0,-9990,0,0,10,E,8,9,E,8,14.6,E,8,7.7,E,8,63,E,8,984,E,8,162,E,8,0.4,E,8,-9990,0,0,-9990,0,0,1.594,E,8,0.121,E,8,0.20,E,8,0,-9990,0,0
05/02/2005,23:00,0,0,0,3,0,0,3,0,0,3,0,0,3,0,0,3,0,0,3,0,-9990,0,0,10,E,8,9,E,8,14.1,E,8,8.2,E,8,67,E,8,984,E,8,196,E,8,0.1,E,8,-9990,0,0,-9990,0,0,1.643,E,8,0.121,E,8,0.20,E,8,0,-9990,0,0
05/02/2005,24:00,0,0,0,3,0,0,3,0,0,3,0,0,3,0,0,3,0,0,3,0,-9990,0,0,10,E,8,9,E,8,13.4,E,8,10.4,E,8,82,E,8,984,E,8,350,E,8,0.6,E,8,-9990,0,0,-9990,0,0,1.918,E,8,0.121,E,8,0.20,E,8,1,-9990,0,0
05/03/2005,01:00,0,0,0,3,0,0,3,0,0,3,0,0,3,0,0,3,0,0,3,0,-9990,0,0,10,E,8,9,E,8,13.2,E,8,10.8,E,8,86,E,8,984,E,8,262,E,8,0.8,E,8,-9990,0,0,-9990,0,0,1.982,E,8,0.103,E,8,0.20,E,8,0,-9990,0,0
05/03/2005,02:00,0,0,0,3,0,0,3,0,0,3,0,0,3,0,0,3,0,0,3,0,-9990,0,0,10,E,8,9,E,8,12.7,E,8,10.4,E,8,86,E,8,984,E,8,323,E,8,1.3,E,8,-9990,0,0,-9990,0,0,1.922,E,8,0.103,E,8,0.20,E,8,0,-9990,0,0
05/03/2005,03:00,0,0,0,3,0,0,3,0,0,3,0,0,3,0,0,3,0,0,3,0,-9990,0,0,10,E,8,9,E,8,12.5,E,8,10.2,E,8,86,E,8,985,E,8,255,E,8,1.2,E,8,-9990,0,0,-9990,0,0,1.891,E,8,0.103,E,8,0.20,E,8,0,-9990,0,0
05/03/2005,04:00,0,0,0,3,0,0,3,0,0,3,0,0,3,0,0,3,0,0,3,0,-9990,0,0,10,E,8,9,E,8,12.2,E,8,9.2,E,8,82,E,8,985,E,8,215,E,8,1.2,E,8,-9990,0,0,-9990,0,0,1.770,E,8,0.103,E,8,0.20,E,8,0,-9990,0,0
05/03/2005,05:00,0,0,0,3,0,0,3,0,0,3,0,0,3,0,0,3,0,0,3,0,-9990,0,0,10,E,8,9,E,8,12.0,E,8,9.0,E,8,82,E,8,985,E,8,223,E,8,1.3,E,8,-9990,0,0,-9990,0,0,1.742,E,8,0.103,E,8,0.20,E,8,1,-9990,0,0
05/03/2005,06:00,25,324,1,3,10,0,3,20,1,3,10,145,3,10,7,3,20,144,3,10,-9990,0,0,10,E,8,9,E,8,12.0,E,8,9.0,E,8,82,E,8,985,E,8,157,E,8,0.8,E,8,-9990,0,0,-9990,0,0,1.748,E,8,0.103,E,8,0.20,E,8,0,-9990,0,0
05/03/2005,07:00,217,1345,41,3,10,0,3,20,41,3,10,4642,3,10,0,3,20,4642,3,10,-9990,0,0,10,E,8,9,E,8,12.4,E,8,9.4,E,8,82,E,8,985,E,8,169,E,8,0.3,E,8,-9990,0,0,-9990,0,0,1.788,E,8,0.103,E,8,0.20,E,8,1,-9990,0,0
05/03/2005,08:00,444,1345,107,3,10,0,3,20,107,3,10,12069,3,10,0,3,20,12069,3,10,-9990,0,0,10,E,8,9,E,8,12.7,E,8,10.4,E,8,86,E,8,985,E,8,252,E,8,0.0,E,8,-9990,0,0,-9990,0,0,1.921,E,8,0.103,E,8,0.20,E,8,3,-9990,0,0
05/03/2005,09:00,658,1345,177,3,10,8,3,20,173,3,10,20049,3,10,707,3,20,19703,3,10,-9990,0,0,10,E,8,9,E,8,14.0,E,8,10.9,E,8,82,E,8,985,E,8,295,E,8,0.0,E,8,-9990,0,0,-9990,0,0,1.996,E,8,0.103,E,8,0.20,E,8,0,-9990,0,0
05/03/2005,10:00,846,1345,236,3,10,12,3,20,228,3,10,27109,3,10,1177,3,20,26369,3,10,-9990,0,0,10,E,8,9,E,8,14.7,E,8,11.7,E,8,82,E,8,985,E,8,290,E,8,0.0,E,8,-9990,0,0,-9990,0,0,2.097,E,8,0.103,E,8,0.20,E,8,0,-9990,0,0
05/03/2005,11:00,994,1345,293,3,10,16,3,20,281,3,10,33896,3,10,1553,3,20,32748,3,10,-9990,0,0,10,E,8,9,E,8,15.4,E,8,12.3,E,8,82,E,8,985,E,8,256,E,8,0.3,E,8,-9990,0,0,-9990,0,0,2.201,E,8,0.103,E,8,0.20,E,8,0,-9990,0,0
05/03/2005,12:00,1093,1345,311,3,10,14,3,20,300,3,10,36359,3,10,1323,3,20,35285,3,10,-9990,0,0,10,E,8,9,E,8,16.0,E,8,9.4,E,8,65,E,8,985,E,8,288,E,8,0.5,E,8,-9990,0,0,-9990,0,0,1.787,E,8,0.103,E,8,0.20,E,8,0,-9990,0,0
05/03/2005,13:00,1135,1345,358,3,10,19,3,20,342,3,10,41734,3,10,1920,3,20,40113,3,10,-9990,0,0,10,E,8,9,E,8,16.6,E,8,8.0,E,8,57,E,8,985,E,8,303,E,8,0.5,E,8,-9990,0,0,-9990,0,0,1.625,E,8,0.103,E,8,0.20,E,8,0,-9990,0,0
05/03/2005,14:00,1118,1345,342,3,10,21,3,20,324,3,10,39915,3,10,2178,3,20,38105,3,10,-9990,0,0,10,E,8,9,E,8,16.9,E,8,7.9,E,8,55,E,8,985,E,8,293,E,8,0.6,E,8,-9990,0,0,-9990,0,0,1.614,E,8,0.103,E,8,0.20,E,8,0,-9990,0,0
05/03/2005,15:00,1043,1345,337,3,10,26,3,20,316,3,10,38963,3,10,2752,3,20,36828,3,10,-9990,0,0,10,E,8,9,E,8,17.2,E,8,7.8,E,8,54,E,8,986,E,8,298,E,8,0.9,E,8,-9990,0,0,-9990,0,0,1.596,E,8,0.103,E,8,0.20,E,8,0,-9990,0,0
05/03/2005,16:00,915,1345,284,3,10,20,3,20,271,3,10,32613,3,10,1996,3,20,31255,3,10,-9990,0,0,10,E,8,9,E,8,17.4,E,8,7.9,E,8,54,E,8,986,E,8,307,E,8,0.0,E,8,-9990,0,0,-9990,0,0,1.616,E,8,0.103,E,8,0.20,E,8,0,-9990,0,0
05/03/2005,17:00,743,1345,215,3,10,14,3,20,208,3,10,24531,3,10,1320,3,20,23802,3,10,-9990,0,0,10,E,8,9,E,8,17.3,E,8,8.6,E,8,56,E,8,986,E,8,282,E,8,0.1,E,8,-9990,0,0,-9990,0,0,1.688,E,8,0.103,E,8,0.20,E,8,0,-9990,0,0
05/03/2005,18:00,538,1345,139,3,10,4,3,20,138,3,10,15724,3,10,249,3,20,15624,3,10,-9990,0,0,10,E,8,9,E,8,17.0,E,8,7.5,E,8,53,E,8,986,E,8,220,E,8,0.1,E,8,-9990,0,0,-9990,0,0,1.565,E,8,0.103,E,8,0.20,E,8,0,-9990,0,0
05/03/2005,19:00,315,1345,81,3,10,3,3,20,80,3,10,8958,3,10,191,3,20,8913,3,10,-9990,0,0,10,E,8,9,E,8,16.6,E,8,8.0,E,8,57,E,8,987,E,8,142,E,8,0.1,E,8,-9990,0,0,-9990,0,0,1.629,E,8,0.103,E,8,0.20,E,8,0,-9990,0,0
05/03/2005,20:00,91,607,11,3,10,0,3,20,11,3,10,1384,3,10,2,3,20,1384,3,10,-9990,0,0,9,E,8,8,E,8,16.0,E,8,8.0,E,8,59,E,8,987,E,8,185,E,8,0.1,E,8,-9990,0,0,-9990,0,0,1.621,E,8,0.103,E,8,0.20,E,8,0,-9990,0,0
05/03/2005,21:00,0,0,0,3,0,0,3,0,0,3,0,0,3,0,0,3,0,0,3,0,-9990,0,0,9,E,8,8,E,8,15.0,E,8,7.6,E,8,61,E,8,987,E,8,143,E,8,0.1,E,8,-9990,0,0,-9990,0,0,1.580,E,8,0.103,E,8,0.20,E,8,0,-9990,0,0
05/03/2005,22:00,0,0,0,3,0,0,3,0,0,3,0,0,3,0,0,3,0,0,3,0,-9990,0,0,8,E,8,6,E,8,14.1,E,8,7.7,E,8,65,E,8,987,E,8,335,E,8,0.2,E,8,-9990,0,0,-9990,0,0,1.587,E,8,0.103,E,8,0.20,E,8,0,-9990,0,0
05/03/2005,23:00,0,0,0,3,0,0,3,0,0,3,0,0,3,0,0,3,0,0,3,0,-9990,0,0,8,E,8,6,E,8,13.1,E,8,7.5,E,8,69,E,8,988,E,8,118,E,8,0.3,E,8,-9990,0,0,-9990,0,0,1.564,E,8,0.103,E,8,0.20,E,8,0,-9990,0,0
05/03/2005,24:00,0,0,0,3,0,0,3,0,0,3,0,0,3,0,0,3,0,0,3,0,-9990,0,0,6,E,8,5,E,8,12.1,E,8,7.2,E,8,72,E,8,988,E,8,340,E,8,0.6,E,8,-9990,0,0,-9990,0,0,1.532,E,8,0.103,E,8,0.20,E,8,0,-9990,0,0
05/04/2005,01:00,0,0,0,3,0,0,3,0,0,3,0,0,3,0,0,3,0,0,3,0,-9990,0,0,5,E,8,4,E,8,11.2,E,8,6.7,E,8,73,E,8,988,E,8,346,E,8,1.9,E,8,-9990,0,0,-9990,0,0,1.481,E,8,0.102,E,8,0.20,E,8,0,-9990,0,0
05/04/2005,02:00,0,0,0,3,0,0,3,0,0,3,0,0,3,0,0,3,0,0,3,0,-9990,0,0,5,E,8,4,E,8,10.3,E,8,6.7,E,8,79,E,8,988,E,8,4,E,8,2.0,E,8,-9990,0,0,-9990,0,0,1.488,E,8,0.102,E,8,0.20,E,8,0,-9990,0,0
05/04/2005,03:00,0,0,0,3,0,0,3,0,0,3,0,0,3,0,0,3,0,0,3,0,-9990,0,0,4,E,8,3,E,8,9.8,E,8,7.0,E,8,83,E,8,989,E,8,348,E,8,1.2,E,8,-9990,0,0,-9990,0,0,1.517,E,8,0.102,E,8,0.20,E,8,0,-9990,0,0
05/04/2005,04:00,0,0,0,3,0,0,3,0,0,3,0,0,3,0,0,3,0,0,3,0,-9990,0,0,3,E,8,2,E,8,9.3,E,8,7.4,E,8,88,E,8,989,E,8,347,E,8,1.3,E,8,-9990,0,0,-9990,0,0,1.556,E,8,0.102,E,8,0.20,E,8,0,-9990,0,0
05/04/2005,05:00,0,0,0,3,0,0,3,0,0,3,0,0,3,0,0,3,0,0,3,0,-9990,0,0,3,E,8,2,E,8,8.9,E,8,7.7,E,8,92,E,8,989,E,8,3,E,8,1.9,E,8,-9990,0,0,-9990,0,0,1.594,E,8,0.102,E,8,0.20,E,8,0,-9990,0,0
05/04/2005,06:00,28,342,4,3,10,0,3,20,4,3,10,522,3,10,8,3,20,522,3,10,-9990,0,0,1,E,8,1,E,8,8.9,E,8,6.7,E,8,86,E,8,989,E,8,341,E,8,3.2,E,8,-9990,0,0,-9990,0,0,1.487,E,8,0.102,E,8,0.20,E,8,0,-9990,0,0
05/04/2005,07:00,222,1344,111,3,10,403,3,20,44,3,10,11499,3,10,28478,3,20,6787,3,10,-9990,0,0,1,E,8,1,E,8,10.1,E,8,7.5,E,8,84,E,8,990,E,8,3,E,8,2.3,E,8,-9990,0,0,-9990,0,0,1.572,E,8,0.102,E,8,0.20,E,8,0,-9990,0,0
05/04/2005,08:00,449,1344,267,3,10,582,3,20,73,3,10,28365,3,10,51617,3,20,11139,3,10,-9990,0,0,0,E,8,0,E,8,11.7,E,8,7.5,E,8,76,E,8,990,E,8,346,E,8,2.0,E,8,-9990,0,0,-9990,0,0,1.571,E,8,0.102,E,8,0.20,E,8,0,-9990,0,0
05/04/2005,09:00,663,1344,403,3,10,544,3,20,135,3,10,44011,3,10,48645,3,20,20030,3,10,-9990,0,0,4,E,8,3,E,8,13.2,E,8,8.0,E,8,71,E,8,990,E,8,322,E,8,2.0,E,8,-9990,0,0,-9990,0,0,1.629,E,8,0.102,E,8,0.20,E,8,0,-9990,0,0
05/04/2005,10:00,850,1344,525,3,10,510,3,20,202,3,10,56879,3,10,43902,3,20,29117,3,10,-9990,0,0,5,E,8,4,E,8,14.7,E,8,7.0,E,8,60,E,8,990,E,8,14,E,8,4.5,E,8,-9990,0,0,-9990,0,0,1.517,E,8,0.102,E,8,0.20,E,8,0,-9990,0,0
05/04/2005,11:00,998,1344,643,3,10,532,3,20,248,3,10,69965,3,10,46351,3,20,35555,3,10,-9990,0,0,5,E,8,4,E,8,16.2,E,8,7.4,E,8,56,E,8,991,E,8,349,E,8,3.5,E,8,-9990,0,0,-9990,0,0,1.557,E,8,0.102,E,8,0.20,E,8,0,-9990,0,0
05/04/2005,12:00,1096,1344,718,3,10,567,3,20,255,3,10,78966,3,10,51456,3,20,37003,3,10,-9990,0,0,5,E,8,4,E,8,17.4,E,8,7.5,E,8,52,E,8,991,E,8,320,E,8,1.0,E,8,-9990,0,0,-9990,0,0,1.570,E,8,0.102,E,8,0.20,E,8,0,-9990,0,0
05/04/2005,13:00,1138,1344,754,3,10,540,3,20,297,3,10,82240,3,10,47181,3,20,42287,3,10,-9990,0,0,5,E,8,4,E,8,18.4,E,8,7.9,E,8,50,E,8,991,E,8,352,E,8,1.2,E,8,-9990,0,0,-9990,0,0,1.613,E,8,0.102,E,8,0.20,E,8,0,-9990,0,0
05/04/2005,14:00,1121,1344,678,3,10,390,3,20,352,3,10,74737,3,10,40202,3,20,41204,3,10,-9990,0,0,6,E,8,5,E,8,19.0,E,8,9.0,E,8,52,E,8,991,E,8,329,E,8,1.9,E,8,-9990,0,0,-9990,0,0,1.743,E,8,0.102,E,8,0.20,E,8,0,-9990,0,0
05/04/2005,15:00,1046,1344,645,3,10,476,3,20,275,3,10,70121,3,10,39440,3,20,39424,3,10,-9990,0,0,5,E,8,4,E,8,19.4,E,8,9.6,E,8,53,E,8,991,E,8,22,E,8,1.3,E,8,-9990,0,0,-9990,0,0,1.818,E,8,0.102,E,8,0.20,E,8,0,-9990,0,0
05/04/2005,16:00,918,1344,556,3,10,431,3,20,261,3,10,59555,3,10,33072,3,20,36961,3,10,-9990,0,0,6,E,8,5,E,8,19.5,E,8,9.5,E,8,53,E,8,991,E,8,101,E,8,0.9,E,8,-9990,0,0,-9990,0,0,1.809,E,8,0.102,E,8,0.20,E,8,0,-9990,0,0
05/04/2005,17:00,746,1344,421,3,10,378,3,20,211,3,10,45826,3,10,35943,3,20,25870,3,10,-9990,0,0,6,E,8,5,E,8,19.2,E,8,9.5,E,8,53,E,8,991,E,8,117,E,8,1.2,E,8,-9990,0,0,-9990,0,0,1.800,E,8,0.102,E,8,0.20,E,8,0,-9990,0,0
05/04/2005,18:00,542,1344,249,3,10,155,3,20,186,3,10,27124,3,10,13136,3,20,21828,3,10,-9990,0,0,9,E,8,8,E,8,18.4,E,8,9.1,E,8,55,E,8,991,E,8,205,E,8,1.2,E,8,-9990,0,0,-9990,0,0,1.754,E,8,0.102,E,8,0.20,E,8,0,-9990,0,0
05/04/2005,19:00,319,1344,125,3,10,153,3,20,89,3,10,13761,3,10,12957,3,20,10686,3,10,-9990,0,0,9,E,8,8,E,8,17.3,E,8,9.1,E,8,58,E,8,990,E,8,199,E,8,2.5,E,8,-9990,0,0,-9990,0,0,1.750,E,8,0.102,E,8,0.20,E,8,0,-9990,0,0
05/04/2005,20:00,95,622,4,3,10,0,3,20,4,3,10,562,3,10,7,3,20,560,3,10,-9990,0,0,9,E,8,8,E,8,16.1,E,8,9.2,E,8,64,E,8,990,E,8,171,E,8,1.5,E,8,-9990,0,0,-9990,0,0,1.770,E,8,0.102,E,8,0.20,E,8,0,-9990,0,0
05/04/2005,21:00,0,0,0,3,0,0,3,0,0,3,0,0,3,0,0,3,0,0,3,0,-9990,0,0,9,E,8,8,E,8,15.2,E,8,10.6,E,8,74,E,8,990,E,8,293,E,8,0.9,E,8,-9990,0,0,-9990,0,0,1.944,E,8,0.102,E,8,0.20,E,8,0,-9990,0,0
05/04/2005,22:00,0,0,0,3,0,0,3,0,0,3,0,0,3,0,0,3,0,0,3,0,-9990,0,0,9,E,8,8,E,8,14.3,E,8,10.3,E,8,77,E,8,990,E,8,265,E,8,0.3,E,8,-9990,0,0,-9990,0,0,1.905,E,8,0.102,E,8,0.20,E,8,0,-9990,0,0
05/04/2005,23:00,0,0,0,3,0,0,3,0,0,3,0,0,3,0,0,3,0,0,3,0,-9990,0,0,9,E,8,8,E,8,13.4,E,8,9.7,E,8,79,E,8,990,E,8,227,E,8,0.4,E,8,-9990,0,0,-9990,0,0,1.834,E,8,0.102,E,8,0.20,E,8,0,-9990,0,0
05/04/2005,24:00,0,0,0,3,0,0,3,0,0,3,0,0,3,0,0,3,0,0,3,0,-9990,0,0,9,E,8,8,E,8,12.5,E,8,10.0,E,8,84,E,8,990,E,8,254,E,8,0.2,E,8,-9990,0,0,-9990,0,0,1.863,E,8,0.102,E,8,0.20,E,8,0,-9990,0,0
05/05/2005,01:00,0,0,0,3,0,0,3,0,0,3,0,0,3,0,0,3,0,0,3,0,-9990,0,0,9,E,8,8,E,8,12.1,E,8,9.0,E,8,81,E,8,990,E,8,237,E,8,0.2,E,8,-9990,0,0,-9990,0,0,1.744,E,8,0.109,E,8,0.20,E,8,0,-9990,0,0
05/05/2005,02:00,0,0,0,3,0,0,3,0,0,3,0,0,3,0,0,3,0,0,3,0,-9990,0,0,9,E,8,8,E,8,11.7,E,8,8.0,E,8,78,E,8,990,E,8,283,E,8,0.1,E,8,-9990,0,0,-9990,0,0,1.626,E,8,0.109,E,8,0.20,E,8,0,-9990,0,0
05/05/2005,03:00,0,0,0,3,0,0,3,0,0,3,0,0,3,0,0,3,0,0,3,0,-9990,0,0,9,E,8,8,E,8,11.5,E,8,8.0,E,8,79,E,8,990,E,8,307,E,8,0.1,E,8,-9990,0,0,-9990,0,0,1.626,E,8,0.109,E,8,0.20,E,8,0,-9990,0,0
05/05/2005,04:00,0,0,0,3,0,0,3,0,0,3,0,0,3,0,0,3,0,0,3,0,-9990,0,0,10,E,8,9,E,8,11.3,E,8,8.0,E,8,80,E,8,990,E,8,314,E,8,0.0,E,8,-9990,0,0,-9990,0,0,1.623,E,8,0.109,E,8,0.20,E,8,0,-9990,0,0
05/05/2005,05:00,0,0,0,3,0,0,3,0,0,3,0,0,3,0,0,3,0,0,3,0,-9990,0,0,10,E,8,9,E,8,11.2,E,8,8.0,E,8,80,E,8,989,E,8,291,E,8,0.2,E,8,-9990,0,0,-9990,0,0,1.626,E,8,0.109,E,8,0.20,E,8,0,-9990,0,0
05/05/2005,06:00,31,359,3,3,10,0,3,20,3,3,10,344,3,10,8,3,20,343,3,10,-9990,0,0,10,E,8,9,E,8,11.3,E,8,9.1,E,8,86,E,8,989,E,8,283,E,8,0.1,E,8,-9990,0,0,-9990,0,0,1.760,E,8,0.109,E,8,0.20,E,8,0,-9990,0,0
05/05/2005,07:00,228,1344,49,3,10,0,3,20,49,3,10,5436,3,10,0,3,20,5436,3,10,-9990,0,0,10,E,8,9,E,8,12.0,E,8,9.1,E,8,82,E,8,989,E,8,289,E,8,0.2,E,8,-9990,0,0,-9990,0,0,1.750,E,8,0.109,E,8,0.20,E,8,0,-9990,0,0
05/05/2005,08:00,453,1344,68,3,10,0,3,20,68,3,10,7919,3,10,0,3,20,7919,3,10,-9990,0,0,10,E,8,9,E,8,12.4,E,8,9.5,E,8,83,E,8,989,E,8,234,E,8,0.1,E,8,-9990,0,0,-9990,0,0,1.810,E,8,0.109,E,8,0.20,E,8,0,-9990,0,0
05/05/2005,09:00,667,1344,112,3,10,0,3,20,112,3,10,13217,3,10,0,3,20,13217,3,10,-9990,0,0,10,E,8,9,E,8,12.9,E,8,8.9,E,8,77,E,8,989,E,8,143,E,8,0.1,E,8,-9990,0,0,-9990,0,0,1.730,E,8,0.109,E,8,0.20,E,8,0,-9990,0,0
05/05/2005,10:00,854,1344,229,3,10,12,3,20,221,3,10,26416,3,10,1192,3,20,25658,3,10,-9990,0,0,10,E,8,9,E,8,13.8,E,8,8.8,E,8,72,E,8,989,E,8,163,E,8,0.0,E,8,-9990,0,0,-9990,0,0,1.713,E,8,0.109,E,8,0.20,E,8,0,-9990,0,0
05/05/2005,11:00,1001,1344,397,3,10,77,3,20,340,3,10,44320,3,10,7499,3,20,38731,3,10,-9990,0,0,10,E,8,9,E,8,15.2,E,8,9.0,E,8,67,E,8,989,E,8,127,E,8,0.0,E,8,-9990,0,0,-9990,0,0,1.742,E,8,0.109,E,8,0.20,E,8,0,-9990,0,0
05/05/2005,12:00,1099,1344,369,3,10,26,3,20,348,3,10,42703,3,10,2648,3,20,40536,3,10,-9990,0,0,10,E,8,9,E,8,16.0,E,8,8.5,E,8,61,E,8,989,E,8,158,E,8,0.0,E,8,-9990,0,0,-9990,0,0,1.679,E,8,0.109,E,8,0.20,E,8,0,-9990,0,0
05/05/2005,13:00,1141,1344,408,3,10,36,3,20,377,3,10,45576,3,10,3015,3,20,43015,3,10,-9990,0,0,10,E,8,9,E,8,16.8,E,8,8.8,E,8,59,E,8,989,E,8,172,E,8,0.2,E,8,-9990,0,0,-9990,0,0,1.716,E,8,0.109,E,8,0.20,E,8,0,-9990,0,0
05/05/2005,14:00,1124,1344,574,3,10,235,3,20,378,3,10,62981,3,10,23137,3,20,43620,3,10,-9990,0,0,9,E,8,8,E,8,18.0,E,8,8.2,E,8,53,E,8,989,E,8,226,E,8,0.0,E,8,-9990,0,0,-9990,0,0,1.642,E,8,0.109,E,8,0.20,E,8,0,-9990,0,0
05/05/2005,15:00,1049,1344,769,3,10,674,3,20,243,3,10,81841,3,10,65202,3,20,30922,3,10,-9990,0,0,4,E,8,3,E,8,19.4,E,8,7.6,E,8,46,E,8,989,E,8,196,E,8,0.1,E,8,-9990,0,0,-9990,0,0,1.584,E,8,0.109,E,8,0.20,E,8,0,-9990,0,0
05/05/2005,16:00,922,1344,582,3,10,491,3,20,245,3,10,62621,3,10,40599,3,20,34774,3,10,-9990,0,0,5,E,8,4,E,8,20.1,E,8,7.7,E,8,45,E,8,989,E,8,173,E,8,0.3,E,8,-9990,0,0,-9990,0,0,1.587,E,8,0.109,E,8,0.20,E,8,0,-9990,0,0
05/05/2005,17:00,750,1344,569,3,10,769,3,20,140,3,10,60656,3,10,73228,3,20,19790,3,10,-9990,0,0,0,E,8,0,E,8,20.6,E,8,7.4,E,8,42,E,8,989,E,8,178,E,8,0.7,E,8,-9990,0,0,-9990,0,0,1.562,E,8,0.109,E,8,0.20,E,8,0,-9990,0,0
05/05/2005,18:00,546,1344,427,3,10,728,3,20,132,3,10,44324,3,10,63920,3,20,18361,3,10,-9990,0,0,1,E,8,1,E,8,20.8,E,8,7.9,E,8,43,E,8,990,E,8,156,E,8,0.8,E,8,-9990,0,0,-9990,0,0,1.615,E,8,0.109,E,8,0.20,E,8,0,-9990,0,0
05/05/2005,19:00,323,1344,153,3,10,211,3,20,102,3,10,16052,3,10,13846,3,20,12721,3,10,-9990,0,0,8,E,8,6,E,8,20.2,E,8,8.4,E,8,47,E,8,990,E,8,145,E,8,0.5,E,8,-9990,0,0,-9990,0,0,1.673,E,8,0.109,E,8,0.20,E,8,0,-9990,0,0
05/05/2005,20:00,99,636,12,3,10,0,3,20,12,3,10,1431,3,10,2,3,20,1431,3,10,-9990,0,0,8,E,8,6,E,8,19.2,E,8,8.1,E,8,48,E,8,990,E,8,137,E,8,0.5,E,8,-9990,0,0,-9990,0,0,1.632,E,8,0.109,E,8,0.20,E,8,0,-9990,0,0
05/05/2005,21:00,0,0,0,3,0,0,3,0,0,3,0,0,3,0,0,3,0,0,3,0,-9990,0,0,8,E,8,6,E,8,18.1,E,8,8.7,E,8,54,E,8,990,E,8,163,E,8,0.7,E,8,-9990,0,0,-9990,0,0,1.711,E,8,0.109,E,8,0.20,E,8,0,-9990,0,0
05/05/2005,22:00,0,0,0,3,0,0,3,0,0,3,0,0,3,0,0,3,0,0,3,0,-9990,0,0,8,E,8,6,E,8,16.9,E,8,8.7,E,8,58,E,8,990,E,8,153,E,8,0.6,E,8,-9990,0,0,-9990,0,0,1.705,E,8,0.109,E,8,0.20,E,8,0,-9990,0,0
05/05/2005,23:00,0,0,0,3,0,0,3,0,0,3,0,0,3,0,0,3,0,0,3,0,-9990,0,0,8,E,8,6,E,8,15.7,E,8,8.5,E,8,62,E,8,991,E,8,163,E,8,2.3,E,8,-9990,0,0,-9990,0,0,1.682,E,8,0.109,E,8,0.20,E,8,0,-9990,0,0
05/05/2005,24:00,0,0,0,3,0,0,3,0,0,3,0,0,3,0,0,3,0,0,3,0,-9990,0,0,8,E,8,6,E,8,14.5,E,8,8.0,E,8,65,E,8,991,E,8,149,E,8,3.0,E,8,-9990,0,0,-9990,0,0,1.624,E,8,0.109,E,8,0.20,E,8,0,-9990,0,0
05/06/2005,01:00,0,0,0,3,0,0,3,0,0,3,0,0,3,0,0,3,0,0,3,0,-9990,0,0,8,E,8,6,E,8,13.2,E,8,8.2,E,8,72,E,8,991,E,8,152,E,8,3.2,E,8,-9990,0,0,-9990,0,0,1.653,E,8,0.103,E,8,0.20,E,8,0,-9990,0,0
05/06/2005,02:00,0,0,0,3,0,0,3,0,0,3,0,0,3,0,0,3,0,0,3,0,-9990,0,0,8,E,8,6,E,8,11.8,E,8,8.0,E,8,78,E,8,991,E,8,204,E,8,1.0,E,8,-9990,0,0,-9990,0,0,1.629,E,8,0.103,E,8,0.20,E,8,0,-9990,0,0
05/06/2005,03:00,0,0,0,3,0,0,3,0,0,3,0,0,3,0,0,3,0,0,3,0,-9990,0,0,8,E,8,6,E,8,11.1,E,8,7.4,E,8,78,E,8,991,E,8,299,E,8,0.5,E,8,-9990,0,0,-9990,0,0,1.554,E,8,0.103,E,8,0.20,E,8,0,-9990,0,0
05/06/2005,04:00,0,0,0,3,0,0,3,0,0,3,0,0,3,0,0,3,0,0,3,0,-9990,0,0,6,E,8,5,E,8,10.3,E,8,6.1,E,8,75,E,8,992,E,8,187,E,8,0.4,E,8,-9990,0,0,-9990,0,0,1.426,E,8,0.103,E,8,0.20,E,8,0,-9990,0,0
05/06/2005,05:00,0,0,0,3,0,0,3,0,0,3,0,0,3,0,0,3,0,0,3,0,-9990,0,0,6,E,8,5,E,8,9.8,E,8,5.0,E,8,72,E,8,992,E,8,175,E,8,1.2,E,8,-9990,0,0,-9990,0,0,1.314,E,8,0.103,E,8,0.20,E,8,0,-9990,0,0
05/06/2005,06:00,34,376,4,3,10,0,3,20,4,3,10,534,3,10,7,3,20,534,3,10,-9990,0,0,6,E,8,5,E,8,9.7,E,8,5.9,E,8,77,E,8,992,E,8,259,E,8,1.7,E,8,-9990,0,0,-9990,0,0,1.399,E,8,0.103,E,8,0.20,E,8,0,-9990,0,0
05/06/2005,07:00,233,1343,126,3,10,287,3,20,76,3,10,12662,3,10,14356,3,20,10174,3,10,-9990,0,0,6,E,8,5,E,8,11.1,E,8,5.6,E,8,69,E,8,992,E,8,204,E,8,0.5,E,8,-9990,0,0,-9990,0,0,1.370,E,8,0.103,E,8,0.20,E,8,0,-9990,0,0
05/06/2005,08:00,458,1343,295,3,10,710,3,20,53,3,10,31395,3,10,67532,3,20,8364,3,10,-9990,0,0,0,E,8,0,E,8,12.7,E,8,5.8,E,8,63,E,8,992,E,8,188,E,8,0.5,E,8,-9990,0,0,-9990,0,0,1.397,E,8,0.103,E,8,0.20,E,8,0,-9990,0,0
05/06/2005,09:00,671,1343,468,3,10,806,3,20,65,3,10,50302,3,10,81242,3,20,9697,3,10,-9990,0,0,0,E,8,0,E,8,14.6,E,8,6.3,E,8,58,E,8,993,E,8,159,E,8,1.2,E,8,-9990,0,0,-9990,0,0,1.445,E,8,0.103,E,8,0.20,E,8,0,-9990,0,0
05/06/2005,10:00,858,1343,624,3,10,841,3,20,86,3,10,66478,3,10,84802,3,20,12316,3,10,-9990,0,0,0,E,8,0,E,8,16.3,E,8,5.3,E,8,48,E,8,993,E,8,173,E,8,0.9,E,8,-9990,0,0,-9990,0,0,1.342,E,8,0.103,E,8,0.20,E,8,0,-9990,0,0
05/06/2005,11:00,1005,1343,745,3,10,844,3,20,113,3,10,81261,3,10,87962,3,20,15441,3,10,-9990,0,0,0,E,8,0,E,8,17.9,E,8,5.5,E,8,44,E,8,993,E,8,136,E,8,0.7,E,8,-9990,0,0,-9990,0,0,1.363,E,8,0.103,E,8,0.20,E,8,0,-9990,0,0
05/06/2005,12:00,1103,1343,828,3,10,845,3,20,134,3,10,89869,3,10,88058,3,20,17567,3,10,-9990,0,0,0,E,8,0,E,8,19.3,E,8,5.0,E,8,39,E,8,993,E,8,237,E,8,0.5,E,8,-9990,0,0,-9990,0,0,1.320,E,8,0.103,E,8,0.20,E,8,0,-9990,0,0
05/06/2005,13:00,1144,1343,850,3,10,805,3,20,164,3,10,90949,3,10,82151,3,20,20945,3,10,-9990,0,0,0,E,8,0,E,8,20.4,E,8,6.0,E,8,39,E,8,993,E,8,330,E,8,0.9,E,8,-9990,0,0,-9990,0,0,1.415,E,8,0.103,E,8,0.20,E,8,0,-9990,0,0
05/06/2005,14:00,1127,1343,833,3,10,796,3,20,165,3,10,88828,3,10,80725,3,20,21074,3,10,-9990,0,0,0,E,8,0,E,8,21.2,E,8,5.7,E,8,36,E,8,993,E,8,280,E,8,2.8,E,8,-9990,0,0,-9990,0,0,1.387,E,8,0.103,E,8,0.20,E,8,0,-9990,0,0
05/06/2005,15:00,1052,1343,782,3,10,837,3,20,127,3,10,84930,3,10,86810,3,20,16911,3,10,-9990,0,0,0,E,8,0,E,8,21.7,E,8,5.7,E,8,35,E,8,993,E,8,272,E,8,3.8,E,8,-9990,0,0,-9990,0,0,1.380,E,8,0.103,E,8,0.20,E,8,0,-9990,0,0
05/06/2005,16:00,925,1343,670,3,10,814,3,20,109,3,10,72569,3,10,83335,3,20,15187,3,10,-9990,0,0,0,E,8,0,E,8,21.8,E,8,6.0,E,8,36,E,8,993,E,8,275,E,8,1.3,E,8,-9990,0,0,-9990,0,0,1.409,E,8,0.103,E,8,0.20,E,8,0,-9990,0,0
05/06/2005,17:00,753,1343,526,3,10,788,3,20,84,3,10,56990,3,10,79662,3,20,12308,3,10,-9990,0,0,0,E,8,0,E,8,21.6,E,8,6.4,E,8,37,E,8,993,E,8,294,E,8,0.6,E,8,-9990,0,0,-9990,0,0,1.447,E,8,0.103,E,8,0.20,E,8,0,-9990,0,0
05/06/2005,18:00,549,1343,357,3,10,704,3,20,69,3,10,37942,3,10,66998,3,20,10527,3,10,-9990,0,0,0,E,8,0,E,8,20.8,E,8,7.4,E,8,42,E,8,992,E,8,285,E,8,1.5,E,8,-9990,0,0,-9990,0,0,1.560,E,8,0.103,E,8,0.20,E,8,0,-9990,0,0
05/06/2005,19:00,327,1343,185,3,10,380,3,20,92,3,10,19123,3,10,25640,3,20,12872,3,10,-9990,0,0,5,E,8,4,E,8,19.7,E,8,7.8,E,8,46,E,8,992,E,8,290,E,8,5.2,E,8,-9990,0,0,-9990,0,0,1.596,E,8,0.103,E,8,0.20,E,8,0,-9990,0,0
05/06/2005,20:00,104,650,22,3,10,0,3,20,22,3,10,2545,3,10,0,3,20,2545,3,10,-9990,0,0,5,E,8,4,E,8,18.2,E,8,7.6,E,8,50,E,8,992,E,8,287,E,8,8.3,E,8,-9990,0,0,-9990,0,0,1.578,E,8,0.103,E,8,0.20,E,8,0,-9990,0,0
05/06/2005,21:00,0,0,0,3,0,0,3,0,0,3,0,0,3,0,0,3,0,0,3,0,-9990,0,0,6,E,8,5,E,8,16.7,E,8,9.0,E,8,60,E,8,992,E,8,269,E,8,1.3,E,8,-9990,0,0,-9990,0,0,1.741,E,8,0.103,E,8,0.20,E,8,0,-9990,0,0
05/06/2005,22:00,0,0,0,3,0,0,3,0,0,3,0,0,3,0,0,3,0,0,3,0,-9990,0,0,6,E,8,5,E,8,15.3,E,8,8.7,E,8,65,E,8,992,E,8,288,E,8,1.3,E,8,-9990,0,0,-9990,0,0,1.704,E,8,0.103,E,8,0.20,E,8,0,-9990,0,0
05/06/2005,23:00,0,0,0,3,0,0,3,0,0,3,0,0,3,0,0,3,0,0,3,0,-9990,0,0,6,E,8,5,E,8,13.8,E,8,8.7,E,8,71,E,8,991,E,8,291,E,8,0.6,E,8,-9990,0,0,-9990,0,0,1.709,E,8,0.103,E,8,0.20,E,8,0,-9990,0,0
05/06/2005,24:00,0,0,0,3,0,0,3,0,0,3,0,0,3,0,0,3,0,0,3,0,-9990,0,0,6,E,8,5,E,8,12.3,E,8,8.5,E,8,78,E,8,991,E,8,282,E,8,1.2,E,8,-9990,0,0,-9990,0,0,1.688,E,8,0.103,E,8,0.20,E,8,0,-9990,0,0
05/07/2005,01:00,0,0,0,3,0,0,3,0,0,3,0,0,3,0,0,3,0,0,3,0,-9990,0,0,6,E,8,6,E,8,11.5,E,8,8.4,E,8,81,E,8,991,E,8,272,E,8,2.3,E,8,-9990,0,0,-9990,0,0,1.669,E,8,0.113,E,8,0.20,E,8,0,-9990,0,0
05/07/2005,02:00,0,0,0,3,0,0,3,0,0,3,0,0,3,0,0,3,0,0,3,0,-9990,0,0,6,E,8,6,E,8,10.6,E,8,8.6,E,8,87,E,8,991,E,8,286,E,8,3.0,E,8,-9990,0,0,-9990,0,0,1.692,E,8,0.113,E,8,0.20,E,8,0,-9990,0,0
05/07/2005,03:00,0,0,0,3,0,0,3,0,0,3,0,0,3,0,0,3,0,0,3,0,-9990,0,0,6,E,8,6,E,8,10.1,E,8,8.4,E,8,89,E,8,990,E,8,294,E,8,2.3,E,8,-9990,0,0,-9990,0,0,1.672,E,8,0.113,E,8,0.20,E,8,0,-9990,0,0
05/07/2005,04:00,0,0,0,3,0,0,3,0,0,3,0,0,3,0,0,3,0,0,3,0,-9990,0,0,8,E,8,7,E,8,9.7,E,8,7.8,E,8,88,E,8,990,E,8,274,E,8,2.0,E,8,-9990,0,0,-9990,0,0,1.605,E,8,0.113,E,8,0.20,E,8,0,-9990,0,0
05/07/2005,05:00,0,0,0,3,0,0,3,0,0,3,0,0,3,0,0,3,0,0,3,0,-9990,0,0,8,E,8,7,E,8,9.3,E,8,7.7,E,8,90,E,8,990,E,8,279,E,8,1.5,E,8,-9990,0,0,-9990,0,0,1.594,E,8,0.113,E,8,0.20,E,8,0,-9990,0,0
05/07/2005,06:00,37,393,3,3,10,0,3,20,3,3,10,436,3,10,8,3,20,435,3,10,-9990,0,0,8,E,8,7,E,8,9.3,E,8,8.6,E,8,95,E,8,990,E,8,282,E,8,0.5,E,8,-9990,0,0,-9990,0,0,1.697,E,8,0.113,E,8,0.20,E,8,0,-9990,0,0
05/07/2005,07:00,238,1342,91,3,10,154,3,20,63,3,10,9525,3,10,8322,3,20,8052,3,10,-9990,0,0,8,E,8,7,E,8,10.3,E,8,9.3,E,8,94,E,8,990,E,8,281,E,8,2.3,E,8,-9990,0,0,-9990,0,0,1.783,E,8,0.113,E,8,0.20,E,8,0,-9990,0,0
05/07/2005,08:00,462,1342,196,3,10,120,3,20,155,3,10,21349,3,10,8802,3,20,18317,3,10,-9990,0,0,9,E,8,8,E,8,11.4,E,8,10.4,E,8,94,E,8,989,E,8,292,E,8,0.8,E,8,-9990,0,0,-9990,0,0,1.927,E,8,0.113,E,8,0.20,E,8,0,-9990,0,0
05/07/2005,09:00,675,1342,324,3,10,149,3,20,249,3,10,35225,3,10,12671,3,20,28851,3,10,-9990,0,0,9,E,8,8,E,8,12.6,E,8,8.8,E,8,77,E,8,989,E,8,288,E,8,1.2,E,8,-9990,0,0,-9990,0,0,1.719,E,8,0.113,E,8,0.20,E,8,0,-9990,0,0
05/07/2005,10:00,861,1342,431,3,10,206,3,20,299,3,10,47356,3,10,20081,3,20,34469,3,10,-9990,0,0,9,E,8,8,E,8,13.9,E,8,7.3,E,8,64,E,8,989,E,8,285,E,8,1.7,E,8,-9990,0,0,-9990,0,0,1.543,E,8,0.113,E,8,0.20,E,8,0,-9990,0,0
05/07/2005,11:00,1008,1342,485,3,10,156,3,20,367,3,10,53364,3,10,15068,3,20,42046,3,10,-9990,0,0,9,E,8,8,E,8,14.9,E,8,7.6,E,8,62,E,8,989,E,8,289,E,8,2.3,E,8,-9990,0,0,-9990,0,0,1.578,E,8,0.113,E,8,0.20,E,8,0,-9990,0,0
05/07/2005,12:00,1106,1342,551,3,10,192,3,20,393,3,10,60954,3,10,19410,3,20,44964,3,10,-9990,0,0,9,E,8,8,E,8,15.8,E,8,7.9,E,8,59,E,8,989,E,8,290,E,8,3.5,E,8,-9990,0,0,-9990,0,0,1.611,E,8,0.113,E,8,0.20,E,8,0,-9990,0,0
05/07/2005,13:00,1147,1342,540,3,10,148,3,20,413,3,10,59740,3,10,14880,3,20,47022,3,10,-9990,0,0,9,E,8,8,E,8,16.5,E,8,6.8,E,8,53,E,8,988,E,8,279,E,8,1.9,E,8,-9990,0,0,-9990,0,0,1.489,E,8,0.113,E,8,0.20,E,8,0,-9990,0,0
05/07/2005,14:00,1130,1342,551,3,10,173,3,20,406,3,10,60975,3,10,17534,3,20,46214,3,10,-9990,0,0,9,E,8,8,E,8,17.0,E,8,7.1,E,8,52,E,8,988,E,8,284,E,8,2.8,E,8,-9990,0,0,-9990,0,0,1.524,E,8,0.113,E,8,0.20,E,8,0,-9990,0,0
05/07/2005,15:00,1055,1342,495,3,10,139,3,20,386,3,10,54561,3,10,13420,3,20,44012,3,10,-9990,0,0,9,E,8,8,E,8,17.2,E,8,7.2,E,8,51,E,8,989,E,8,271,E,8,1.2,E,8,-9990,0,0,-9990,0,0,1.532,E,8,0.113,E,8,0.20,E,8,0,-9990,0,0
05/07/2005,16:00,928,1342,422,3,10,134,3,20,329,3,10,46403,3,10,12402,3,20,37831,3,10,-9990,0,0,9,E,8,8,E,8,17.3,E,8,7.2,E,8,51,E,8,989,E,8,303,E,8,1.7,E,8,-9990,0,0,-9990,0,0,1.538,E,8,0.113,E,8,0.20,E,8,0,-9990,0,0
05/07/2005,17:00,757,1342,299,3,10,67,3,20,261,3,10,33166,3,10,6333,3,20,29596,3,10,-9990,0,0,10,E,8,9,E,8,17.0,E,8,7.1,E,8,52,E,8,989,E,8,292,E,8,1.3,E,8,-9990,0,0,-9990,0,0,1.526,E,8,0.113,E,8,0.20,E,8,0,-9990,0,0
05/07/2005,18:00,553,1342,229,3,10,102,3,20,187,3,10,25327,3,10,10064,3,20,21179,3,10,-9990,0,0,10,E,8,9,E,8,16.5,E,8,7.4,E,8,55,E,8,989,E,8,291,E,8,1.2,E,8,-9990,0,0,-9990,0,0,1.557,E,8,0.113,E,8,0.20,E,8,0,-9990,0,0
05/07/2005,19:00,332,1342,107,3,10,58,3,20,92,3,10,11805,3,10,5166,3,20,10529,3,10,-9990,0,0,10,E,8,9,E,8,15.8,E,8,6.8,E,8,55,E,8,989,E,8,293,E,8,2.0,E,8,-9990,0,0,-9990,0,0,1.491,E,8,0.113,E,8,0.20,E,8,0,-9990,0,0
05/07/2005,20:00,108,665,5,3,10,0,3,20,5,3,10,605,3,10,7,3,20,604,3,10,-9990,0,0,10,E,8,9,E,8,14.8,E,8,7.0,E,8,59,E,8,989,E,8,285,E,8,1.5,E,8,-9990,0,0,-9990,0,0,1.513,E,8,0.113,E,8,0.20,E,8,0,-9990,0,0
05/07/2005,21:00,0,0,0,3,0,0,3,0,0,3,0,0,3,0,0,3,0,0,3,0,-9990,0,0,9,E,8,8,E,8,13.5,E,8,7.6,E,8,67,E,8,989,E,8,285,E,8,1.7,E,8,-9990,0,0,-9990,0,0,1.584,E,8,0.113,E,8,0.20,E,8,0,-9990,0,0
05/07/2005,22:00,0,0,0,3,0,0,3,0,0,3,0,0,3,0,0,3,0,0,3,0,-9990,0,0,9,E,8,8,E,8,12.3,E,8,7.0,E,8,70,E,8,989,E,8,271,E,8,1.5,E,8,-9990,0,0,-9990,0,0,1.509,E,8,0.113,E,8,0.20,E,8,0,-9990,0,0
05/07/2005,23:00,0,0,0,3,0,0,3,0,0,3,0,0,3,0,0,3,0,0,3,0,-9990,0,0,9,E,8,8,E,8,11.0,E,8,6.3,E,8,73,E,8,989,E,8,298,E,8,0.6,E,8,-9990,0,0,-9990,0,0,1.443,E,8,0.113,E,8,0.20,E,8,0,-9990,0,0
05/07/2005,24:00,0,0,0,3,0,0,3,0,0,3,0,0,3,0,0,3,0,0,3,0,-9990,0,0,9,E,8,8,E,8,9.7,E,8,6.2,E,8,79,E,8,989,E,8,231,E,8,0.3,E,8,-9990,0,0,-9990,0,0,1.435,E,8,0.113,E,8,0.20,E,8,0,-9990,0,0
05/08/2005,01:00,0,0,0,3,0,0,3,0,0,3,0,0,3,0,0,3,0,0,3,0,-9990,0,0,8,E,8,7,E,8,8.8,E,8,7.2,E,8,90,E,8,990,E,8,163,E,8,0.6,E,8,-9990,0,0,-9990,0,0,1.537,E,8,0.122,E,8,0.20,E,8,0,-9990,0,0
05/08/2005,02:00,0,0,0,3,0,0,3,0,0,3,0,0,3,0,0,3,0,0,3,0,-9990,0,0,8,E,8,7,E,8,7.8,E,8,6.6,E,8,92,E,8,990,E,8,177,E,8,2.0,E,8,-9990,0,0,-9990,0,0,1.470,E,8,0.122,E,8,0.20,E,8,0,-9990,0,0
05/08/2005,03:00,0,0,0,3,0,0,3,0,0,3,0,0,3,0,0,3,0,0,3,0,-9990,0,0,8,E,8,7,E,8,7.2,E,8,6.9,E,8,98,E,8,990,E,8,178,E,8,4.2,E,8,-9990,0,0,-9990,0,0,1.506,E,8,0.122,E,8,0.20,E,8,0,-9990,0,0
05/08/2005,04:00,0,0,0,3,0,0,3,0,0,3,0,0,3,0,0,3,0,0,3,0,-9990,0,0,8,E,8,7,E,8,6.7,E,8,6.6,E,8,100,E,8,990,E,8,181,E,8,1.7,E,8,-9990,0,0,-9990,0,0,1.476,E,8,0.122,E,8,0.20,E,8,0,-9990,0,0
05/08/2005,05:00,0,0,0,3,0,0,3,0,0,3,0,0,3,0,0,3,0,0,3,0,-9990,0,0,6,E,8,6,E,8,6.2,E,8,6.2,E,8,100,E,8,990,E,8,121,E,8,2.3,E,8,-9990,0,0,-9990,0,0,1.437,E,8,0.122,E,8,0.20,E,8,0,-9990,0,0
05/08/2005,06:00,40,409,7,3,10,0,3,20,7,3,10,846,3,10,2,3,20,845,3,10,-9990,0,0,6,E,8,6,E,8,6.3,E,8,6.3,E,8,100,E,8,990,E,8,147,E,8,1.9,E,8,-9990,0,0,-9990,0,0,1.444,E,8,0.122,E,8,0.20,E,8,0,-9990,0,0
05/08/2005,07:00,242,1342,108,3,10,228,3,20,66,3,10,11261,3,10,16322,3,20,8311,3,10,-9990,0,0,6,E,8,6,E,8,7.4,E,8,6.8,E,8,96,E,8,990,E,8,140,E,8,2.3,E,8,-9990,0,0,-9990,0,0,1.495,E,8,0.122,E,8,0.20,E,8,0,-9990,0,0
05/08/2005,08:00,467,1342,239,3,10,348,3,20,118,3,10,25077,3,10,24324,3,20,16612,3,10,-9990,0,0,5,E,8,5,E,8,8.8,E,8,7.1,E,8,89,E,8,990,E,8,103,E,8,3.5,E,8,-9990,0,0,-9990,0,0,1.524,E,8,0.122,E,8,0.20,E,8,0,-9990,0,0
05/08/2005,09:00,679,1342,437,3,10,555,3,20,156,3,10,46962,3,10,48322,3,20,22498,3,10,-9990,0,0,3,E,8,2,E,8,10.6,E,8,7.9,E,8,83,E,8,990,E,8,128,E,8,4.2,E,8,-9990,0,0,-9990,0,0,1.615,E,8,0.122,E,8,0.20,E,8,0,-9990,0,0
05/08/2005,10:00,865,1342,521,3,10,430,3,20,244,3,10,55393,3,10,33065,3,20,34076,3,10,-9990,0,0,6,E,8,5,E,8,12.1,E,8,7.6,E,8,74,E,8,990,E,8,27,E,8,3.5,E,8,-9990,0,0,-9990,0,0,1.578,E,8,0.122,E,8,0.20,E,8,0,-9990,0,0
05/08/2005,11:00,1011,1342,649,3,10,532,3,20,248,3,10,70542,3,10,46527,3,20,35466,3,10,-9990,0,0,5,E,8,4,E,8,13.5,E,8,7.3,E,8,66,E,8,990,E,8,20,E,8,1.2,E,8,-9990,0,0,-9990,0,0,1.542,E,8,0.122,E,8,0.20,E,8,0,-9990,0,0
05/08/2005,12:00,1109,1342,678,3,10,422,3,20,330,3,10,72656,3,10,32789,3,20,45561,3,10,-9990,0,0,6,E,8,5,E,8,14.6,E,8,6.5,E,8,58,E,8,991,E,8,28,E,8,0.3,E,8,-9990,0,0,-9990,0,0,1.461,E,8,0.122,E,8,0.20,E,8,0,-9990,0,0
05/08/2005,13:00,1150,1342,767,3,10,548,3,20,297,3,10,83587,3,10,48351,3,20,42140,3,10,-9990,0,0,5,E,8,4,E,8,15.7,E,8,6.8,E,8,55,E,8,991,E,8,137,E,8,0.8,E,8,-9990,0,0,-9990,0,0,1.490,E,8,0.122,E,8,0.20,E,8,0,-9990,0,0
05/08/2005,14:00,1133,1342,694,3,10,417,3,20,342,3,10,74413,3,10,32039,3,20,47361,3,10,-9990,0,0,6,E,8,5,E,8,16.3,E,8,7.3,E,8,55,E,8,990,E,8,168,E,8,0.8,E,8,-9990,0,0,-9990,0,0,1.545,E,8,0.122,E,8,0.20,E,8,0,-9990,0,0
05/08/2005,15:00,1058,1342,633,3,10,391,3,20,325,3,10,69497,3,10,40284,3,20,37730,3,10,-9990,0,0,6,E,8,5,E,8,16.6,E,8,6.3,E,8,50,E,8,990,E,8,166,E,8,0.5,E,8,-9990,0,0,-9990,0,0,1.437,E,8,0.122,E,8,0.20,E,8,0,-9990,0,0
05/08/2005,16:00,931,1342,484,3,10,221,3,20,331,3,10,53182,3,10,21980,3,20,37933,3,10,-9990,0,0,9,E,8,8,E,8,16.6,E,8,6.4,E,8,51,E,8,990,E,8,219,E,8,0.3,E,8,-9990,0,0,-9990,0,0,1.449,E,8,0.122,E,8,0.20,E,8,0,-9990,0,0
05/08/2005,17:00,760,1342,392,3,10,182,3,20,289,3,10,42642,3,10,16819,3,20,33115,3,10,-9990,0,0,9,E,8,8,E,8,16.2,E,8,5.9,E,8,50,E,8,989,E,8,176,E,8,0.8,E,8,-9990,0,0,-9990,0,0,1.398,E,8,0.122,E,8,0.20,E,8,0,-9990,0,0
05/08/2005,18:00,557,1342,281,3,10,315,3,20,150,3,10,30187,3,10,28275,3,20,18451,3,10,-9990,0,0,6,E,8,5,E,8,15.5,E,8,6.2,E,8,54,E,8,989,E,8,111,E,8,2.3,E,8,-9990,0,0,-9990,0,0,1.437,E,8,0.122,E,8,0.20,E,8,0,-9990,0,0
05/08/2005,19:00,336,1342,145,3,10,162,3,20,104,3,10,15709,3,10,13757,3,20,12267,3,10,-9990,0,0,6,E,8,5,E,8,14.5,E,8,5.6,E,8,55,E,8,989,E,8,147,E,8,3.8,E,8,-9990,0,0,-9990,0,0,1.375,E,8,0.122,E,8,0.20,E,8,0,-9990,0,0
05/08/2005,20:00,111,1342,51,3,10,165,3,20,37,3,10,5445,3,10,0,3,20,5445,3,10,-9990,0,0,6,E,8,5,E,8,13.4,E,8,6.3,E,8,62,E,8,988,E,8,230,E,8,3.8,E,8,-9990,0,0,-9990,0,0,1.445,E,8,0.122,E,8,0.20,E,8,0,-9990,0,0
05/08/2005,21:00,0,0,0,3,10,0,3,20,0,3,10,0,3,10,0,3,20,0,3,10,-9990,0,0,8,E,8,6,E,8,12.3,E,8,7.1,E,8,70,E,8,988,E,8,145,E,8,3.8,E,8,-9990,0,0,-9990,0,0,1.522,E,8,0.122,E,8,0.20,E,8,0,-9990,0,0
05/08/2005,22:00,0,0,0,3,0,0,3,0,0,3,0,0,3,0,0,3,0,0,3,0,-9990,0,0,8,E,8,6,E,8,11.3,E,8,6.2,E,8,71,E,8,988,E,8,233,E,8,4.9,E,8,-9990,0,0,-9990,0,0,1.435,E,8,0.122,E,8,0.20,E,8,0,-9990,0,0
05/08/2005,23:00,0,0,0,3,0,0,3,0,0,3,0,0,3,0,0,3,0,0,3,0,-9990,0,0,8,E,8,6,E,8,10.3,E,8,5.5,E,8,72,E,8,987,E,8,152,E,8,3.8,E,8,-9990,0,0,-9990,0,0,1.368,E,8,0.122,E,8,0.20,E,8,0,-9990,0,0
05/08/2005,24:00,0,0,0,3,0,0,3,0,0,3,0,0,3,0,0,3,0,0,3,0,-9990,0,0,8,E,8,6,E,8,9.4,E,8,5.9,E,8,79,E,8,987,E,8,204,E,8,2.8,E,8,-9990,0,0,-9990,0,0,1.400,E,8,0.122,E,8,0.20,E,8,0,-9990,0,0
05/09/2005,01:00,0,0,0,3,0,0,3,0,0,3,0,0,3,0,0,3,0,0,3,0,-9990,0,0,9,E,8,8,E,8,8.8,E,8,7.4,E,8,91,E,8,987,E,8,156,E,8,6.1,E,8,-9990,0,0,-9990,0,0,1.562,E,8,0.110,E,8,0.20,E,8,1,-9990,0,0
05/09/2005,02:00,0,0,0,3,0,0,3,0,0,3,0,0,3,0,0,3,0,0,3,0,-9990,0,0,9,E,8,8,E,8,8.4,E,8,7.8,E,8,96,E,8,986,E,8,177,E,8,3.8,E,8,-9990,0,0,-9990,0,0,1.605,E,8,0.110,E,8,0.20,E,8,0,-9990,0,0
05/09/2005,03:00,0,0,0,3,0,0,3,0,0,3,0,0,3,0,0,3,0,0,3,0,-9990,0,0,9,E,8,8,E,8,8.2,E,8,7.9,E,8,98,E,8,986,E,8,171,E,8,1.0,E,8,-9990,0,0,-9990,0,0,1.618,E,8,0.110,E,8,0.20,E,8,0,-9990,0,0
05/09/2005,04:00,0,0,0,3,0,0,3,0,0,3,0,0,3,0,0,3,0,0,3,0,-9990,0,0,9,E,8,8,E,8,8.0,E,8,7.7,E,8,98,E,8,986,E,8,203,E,8,1.0,E,8,-9990,0,0,-9990,0,0,1.590,E,8,0.110,E,8,0.20,E,8,0,-9990,0,0
05/09/2005,05:00,0,0,0,3,0,0,3,0,0,3,0,0,3,0,0,3,0,0,3,0,-9990,0,0,10,E,8,9,E,8,7.6,E,8,7.3,E,8,98,E,8,986,E,8,204,E,8,1.7,E,8,-9990,0,0,-9990,0,0,1.545,E,8,0.110,E,8,0.20,E,8,1,-9990,0,0
05/09/2005,06:00,43,425,3,3,10,0,3,20,3,3,10,406,3,10,7,3,20,405,3,10,-9990,0,0,10,E,8,9,E,8,7.7,E,8,7.2,E,8,96,E,8,985,E,8,172,E,8,0.9,E,8,-9990,0,0,-9990,0,0,1.534,E,8,0.110,E,8,0.20,E,8,1,-9990,0,0
05/09/2005,07:00,247,1341,40,3,10,0,3,20,40,3,10,4509,3,10,0,3,20,4509,3,10,-9990,0,0,10,E,8,9,E,8,7.7,E,8,7.4,E,8,97,E,8,985,E,8,255,E,8,1.5,E,8,-9990,0,0,-9990,0,0,1.555,E,8,0.110,E,8,0.20,E,8,2,-9990,0,0
05/09/2005,08:00,471,1341,52,3,10,0,3,20,52,3,10,6231,3,10,0,3,20,6231,3,10,-9990,0,0,10,E,8,9,E,8,8.1,E,8,7.1,E,8,94,E,8,985,E,8,262,E,8,0.6,E,8,-9990,0,0,-9990,0,0,1.530,E,8,0.110,E,8,0.20,E,8,2,-9990,0,0
05/09/2005,09:00,683,1341,166,3,10,3,3,20,164,3,10,18944,3,10,221,3,20,18832,3,10,-9990,0,0,10,E,8,9,E,8,9.2,E,8,7.5,E,8,89,E,8,984,E,8,300,E,8,0.7,E,8,-9990,0,0,-9990,0,0,1.570,E,8,0.110,E,8,0.20,E,8,0,-9990,0,0
05/09/2005,10:00,868,1341,141,3,10,0,3,20,141,3,10,16880,3,10,0,3,20,16880,3,10,-9990,0,0,10,E,8,9,E,8,9.5,E,8,7.5,E,8,87,E,8,984,E,8,255,E,8,0.8,E,8,-9990,0,0,-9990,0,0,1.568,E,8,0.110,E,8,0.20,E,8,0,-9990,0,0
05/09/2005,11:00,1014,1341,236,3,10,6,3,20,232,3,10,27844,3,10,568,3,20,27414,3,10,-9990,0,0,10,E,8,9,E,8,10.1,E,8,7.3,E,8,83,E,8,984,E,8,188,E,8,1.2,E,8,-9990,0,0,-9990,0,0,1.552,E,8,0.110,E,8,0.20,E,8,0,-9990,0,0
05/09/2005,12:00,1111,1341,224,3,10,2,3,20,222,3,10,26822,3,10,40,3,20,26789,3,10,-9990,0,0,10,E,8,9,E,8,10.5,E,8,7.8,E,8,84,E,8,983,E,8,119,E,8,1.0,E,8,-9990,0,0,-9990,0,0,1.605,E,8,0.110,E,8,0.20,E,8,0,-9990,0,0
05/09/2005,13:00,1153,1341,242,3,10,2,3,20,240,3,10,29030,3,10,65,3,20,28973,3,10,-9990,0,0,10,E,8,9,E,8,10.8,E,8,7.4,E,8,79,E,8,983,E,8,144,E,8,1.7,E,8,-9990,0,0,-9990,0,0,1.554,E,8,0.110,E,8,0.20,E,8,0,-9990,0,0
05/09/2005,14:00,1135,1341,203,3,10,2,3,20,202,3,10,24645,3,10,75,3,20,24582,3,10,-9990,0,0,10,E,8,9,E,8,10.9,E,8,7.9,E,8,82,E,8,983,E,8,239,E,8,1.9,E,8,-9990,0,0,-9990,0,0,1.614,E,8,0.110,E,8,0.20,E,8,0,-9990,0,0
05/09/2005,15:00,1061,1341,254,3,10,8,3,20,247,3,10,29981,3,10,790,3,20,29356,3,10,-9990,0,0,10,E,8,9,E,8,11.1,E,8,8.1,E,8,82,E,8,983,E,8,184,E,8,1.9,E,8,-9990,0,0,-9990,0,0,1.637,E,8,0.110,E,8,0.20,E,8,0,-9990,0,0
05/09/2005,16:00,934,1341,235,3,10,7,3,20,230,3,10,27362,3,10,629,3,20,26924,3,10,-9990,0,0,10,E,8,9,E,8,11.2,E,8,8.2,E,8,82,E,8,984,E,8,206,E,8,4.5,E,8,-9990,0,0,-9990,0,0,1.650,E,8,0.110,E,8,0.20,E,8,0,-9990,0,0
05/09/2005,17:00,763,1341,157,3,10,0,3,20,157,3,10,18270,3,10,0,3,20,18270,3,10,-9990,0,0,10,E,8,9,E,8,11.2,E,8,8.2,E,8,82,E,8,984,E,8,279,E,8,5.8,E,8,-9990,0,0,-9990,0,0,1.650,E,8,0.110,E,8,0.20,E,8,0,-9990,0,0
05/09/2005,18:00,560,1341,111,3,10,0,3,20,111,3,10,12721,3,10,0,3,20,12721,3,10,-9990,0,0,10,E,8,9,E,8,10.7,E,8,8.5,E,8,86,E,8,984,E,8,165,E,8,3.5,E,8,-9990,0,0,-9990,0,0,1.677,E,8,0.110,E,8,0.20,E,8,1,-9990,0,0
05/09/2005,19:00,340,1341,54,3,10,0,3,20,54,3,10,6211,3,10,0,3,20,6211,3,10,-9990,0,0,10,E,8,9,E,8,10.0,E,8,7.7,E,8,86,E,8,984,E,8,188,E,8,2.0,E,8,-9990,0,0,-9990,0,0,1.591,E,8,0.110,E,8,0.20,E,8,4,-9990,0,0
05/09/2005,20:00,116,1341,15,3,10,0,3,20,15,3,10,1784,3,10,0,3,20,1784,3,10,-9990,0,0,10,E,8,9,E,8,10.2,E,8,7.3,E,8,82,E,8,984,E,8,323,E,8,1.5,E,8,-9990,0,0,-9990,0,0,1.543,E,8,0.110,E,8,0.20,E,8,0,-9990,0,0
05/09/2005,21:00,0,0,0,3,10,0,3,20,0,3,10,0,3,10,0,3,20,0,3,10,-9990,0,0,10,E,8,9,E,8,9.9,E,8,7.0,E,8,82,E,8,984,E,8,225,E,8,1.5,E,8,-9990,0,0,-9990,0,0,1.509,E,8,0.110,E,8,0.20,E,8,0,-9990,0,0
05/09/2005,22:00,0,0,0,3,0,0,3,0,0,3,0,0,3,0,0,3,0,0,3,0,-9990,0,0,10,E,8,9,E,8,9.1,E,8,6.2,E,8,82,E,8,985,E,8,309,E,8,1.3,E,8,-9990,0,0,-9990,0,0,1.432,E,8,0.110,E,8,0.20,E,8,1,-9990,0,0
05/09/2005,23:00,0,0,0,3,0,0,3,0,0,3,0,0,3,0,0,3,0,0,3,0,-9990,0,0,10,E,8,9,E,8,7.1,E,8,6.0,E,8,93,E,8,985,E,8,315,E,8,0.7,E,8,-9990,0,0,-9990,0,0,1.417,E,8,0.110,E,8,0.20,E,8,8,-9990,0,0
05/09/2005,24:00,0,0,0,3,0,0,3,0,0,3,0,0,3,0,0,3,0,0,3,0,-9990,0,0,10,E,8,9,E,8,7.7,E,8,5.5,E,8,86,E,8,985,E,8,295,E,8,0.2,E,8,-9990,0,0,-9990,0,0,1.365,E,8,0.110,E,8,0.20,E,8,1,-9990,0,0
05/10/2005,01:00,0,0,0,3,0,0,3,0,0,3,0,0,3,0,0,3,0,0,3,0,-9990,0,0,10,E,8,9,E,8,7.5,E,8,6.7,E,8,95,E,8,985,E,8,212,E,8,0.5,E,8,-9990,0,0,-9990,0,0,1.481,E,8,0.118,E,8,0.20,E,8,0,-9990,0,0
05/10/2005,02:00,0,0,0,3,0,0,3,0,0,3,0,0,3,0,0,3,0,0,3,0,-9990,0,0,10,E,8,9,E,8,7.0,E,8,5.9,E,8,93,E,8,985,E,8,231,E,8,0.6,E,8,-9990,0,0,-9990,0,0,1.406,E,8,0.118,E,8,0.20,E,8,0,-9990,0,0
05/10/2005,03:00,0,0,0,3,0,0,3,0,0,3,0,0,3,0,0,3,0,0,3,0,-9990,0,0,10,E,8,9,E,8,6.7,E,8,6.1,E,8,96,E,8,986,E,8,221,E,8,3.0,E,8,-9990,0,0,-9990,0,0,1.424,E,8,0.118,E,8,0.20,E,8,0,-9990,0,0
05/10/2005,04:00,0,0,0,3,0,0,3,0,0,3,0,0,3,0,0,3,0,0,3,0,-9990,0,0,10,E,8,9,E,8,6.4,E,8,6.1,E,8,98,E,8,986,E,8,272,E,8,2.3,E,8,-9990,0,0,-9990,0,0,1.423,E,8,0.118,E,8,0.20,E,8,0,-9990,0,0
05/10/2005,05:00,0,0,0,3,0,0,3,0,0,3,0,0,3,0,0,3,0,0,3,0,-9990,0,0,10,E,8,9,E,8,6.2,E,8,5.9,E,8,98,E,8,986,E,8,187,E,8,0.5,E,8,-9990,0,0,-9990,0,0,1.403,E,8,0.118,E,8,0.20,E,8,0,-9990,0,0
05/10/2005,06:00,46,441,2,3,10,0,3,20,2,3,10,234,3,10,6,3,20,234,3,10,-9990,0,0,10,E,8,9,E,8,6.2,E,8,5.9,E,8,98,E,8,986,E,8,214,E,8,0.3,E,8,-9990,0,0,-9990,0,0,1.403,E,8,0.118,E,8,0.20,E,8,0,-9990,0,0
05/10/2005,07:00,252,1340,49,3,10,0,3,20,49,3,10,5414,3,10,0,3,20,5414,3,10,-9990,0,0,10,E,8,9,E,8,6.8,E,8,6.3,E,8,97,E,8,986,E,8,206,E,8,0.9,E,8,-9990,0,0,-9990,0,0,1.445,E,8,0.118,E,8,0.20,E,8,0,-9990,0,0
05/10/2005,08:00,475,1340,121,3,10,2,3,20,120,3,10,13501,3,10,80,3,20,13472,3,10,-9990,0,0,10,E,8,9,E,8,7.6,E,8,5.8,E,8,88,E,8,986,E,8,247,E,8,0.7,E,8,-9990,0,0,-9990,0,0,1.390,E,8,0.118,E,8,0.20,E,8,0,-9990,0,0
05/10/2005,09:00,687,1340,226,3,10,22,3,20,214,3,10,25235,3,10,2232,3,20,24091,3,10,-9990,0,0,10,E,8,9,E,8,8.7,E,8,6.1,E,8,84,E,8,987,E,8,237,E,8,1.7,E,8,-9990,0,0,-9990,0,0,1.424,E,8,0.118,E,8,0.20,E,8,0,-9990,0,0
05/10/2005,10:00,872,1340,293,3,10,26,3,20,276,3,10,33173,3,10,2664,3,20,31441,3,10,-9990,0,0,10,E,8,9,E,8,9.7,E,8,6.7,E,8,82,E,8,987,E,8,174,E,8,1.9,E,8,-9990,0,0,-9990,0,0,1.487,E,8,0.118,E,8,0.20,E,8,0,-9990,0,0
05/10/2005,11:00,1017,1340,440,3,10,99,3,20,365,3,10,48889,3,10,10044,3,20,41265,3,10,-9990,0,0,10,E,8,9,E,8,11.0,E,8,4.9,E,8,66,E,8,987,E,8,300,E,8,2.8,E,8,-9990,0,0,-9990,0,0,1.307,E,8,0.118,E,8,0.20,E,8,0,-9990,0,0
05/10/2005,12:00,1114,1340,490,3,10,102,3,20,405,3,10,54491,3,10,10411,3,20,45836,3,10,-9990,0,0,10,E,8,9,E,8,12.1,E,8,4.8,E,8,61,E,8,987,E,8,297,E,8,1.9,E,8,-9990,0,0,-9990,0,0,1.295,E,8,0.118,E,8,0.20,E,8,0,-9990,0,0
05/10/2005,13:00,1155,1340,508,3,10,99,3,20,423,3,10,56510,3,10,10103,3,20,47801,3,10,-9990,0,0,10,E,8,9,E,8,12.9,E,8,3.8,E,8,54,E,8,987,E,8,247,E,8,2.3,E,8,-9990,0,0,-9990,0,0,1.214,E,8,0.118,E,8,0.20,E,8,0,-9990,0,0
05/10/2005,14:00,1138,1340,478,3,10,94,3,20,398,3,10,53192,3,10,9518,3,20,45111,3,10,-9990,0,0,10,E,8,9,E,8,13.5,E,8,4.2,E,8,53,E,8,988,E,8,182,E,8,1.0,E,8,-9990,0,0,-9990,0,0,1.241,E,8,0.118,E,8,0.20,E,8,0,-9990,0,0
05/10/2005,15:00,1063,1340,466,3,10,119,3,20,372,3,10,51511,3,10,11188,3,20,42634,3,10,-9990,0,0,10,E,8,9,E,8,13.9,E,8,7.5,E,8,65,E,8,988,E,8,168,E,8,2.5,E,8,-9990,0,0,-9990,0,0,1.568,E,8,0.118,E,8,0.20,E,8,1,-9990,0,0
05/10/2005,16:00,937,1340,443,3,10,151,3,20,337,3,10,48508,3,10,14559,3,20,38334,3,10,-9990,0,0,9,E,8,8,E,8,14.2,E,8,4.3,E,8,51,E,8,988,E,8,190,E,8,2.5,E,8,-9990,0,0,-9990,0,0,1.250,E,8,0.118,E,8,0.20,E,8,0,-9990,0,0
05/10/2005,17:00,766,1340,389,3,10,180,3,20,286,3,10,42308,3,10,16843,3,20,32677,3,10,-9990,0,0,9,E,8,8,E,8,14.3,E,8,4.5,E,8,51,E,8,988,E,8,178,E,8,1.9,E,8,-9990,0,0,-9990,0,0,1.268,E,8,0.118,E,8,0.20,E,8,0,-9990,0,0
05/10/2005,18:00,564,1340,299,3,10,325,3,20,162,3,10,31866,3,10,29254,3,20,19555,3,10,-9990,0,0,6,E,8,5,E,8,14.2,E,8,4.4,E,8,51,E,8,988,E,8,122,E,8,1.3,E,8,-9990,0,0,-9990,0,0,1.260,E,8,0.118,E,8,0.20,E,8,0,-9990,0,0
05/10/2005,19:00,344,1340,202,3,10,481,3,20,79,3,10,21203,3,10,39050,3,20,11191,3,10,-9990,0,0,1,E,8,1,E,8,13.8,E,8,5.2,E,8,56,E,8,988,E,8,136,E,8,0.6,E,8,-9990,0,0,-9990,0,0,1.338,E,8,0.118,E,8,0.20,E,8,0,-9990,0,0
05/10/2005,20:00,120,1340,68,3,10,426,3,20,30,3,10,7032,3,10,23384,3,20,4937,3,10,-9990,0,0,3,E,8,2,E,8,13.0,E,8,5.3,E,8,59,E,8,988,E,8,125,E,8,0.1,E,8,-9990,0,0,-9990,0,0,1.344,E,8,0.118,E,8,0.20,E,8,0,-9990,0,0
05/10/2005,21:00,0,0,0,3,10,0,3,20,0,3,10,0,3,10,0,3,20,0,3,10,-9990,0,0,3,E,8,2,E,8,12.1,E,8,6.2,E,8,67,E,8,988,E,8,175,E,8,0.3,E,8,-9990,0,0,-9990,0,0,1.437,E,8,0.118,E,8,0.20,E,8,0,-9990,0,0
05/10/2005,22:00,0,0,0,3,0,0,3,0,0,3,0,0,3,0,0,3,0,0,3,0,-9990,0,0,3,E,8,2,E,8,11.2,E,8,6.4,E,8,72,E,8,988,E,8,43,E,8,0.2,E,8,-9990,0,0,-9990,0,0,1.447,E,8,0.118,E,8,0.20,E,8,0,-9990,0,0
05/10/2005,23:00,0,0,0,3,0,0,3,0,0,3,0,0,3,0,0,3,0,0,3,0,-9990,0,0,3,E,8,2,E,8,10.4,E,8,7.1,E,8,80,E,8,988,E,8,124,E,8,0.5,E,8,-9990,0,0,-9990,0,0,1.522,E,8,0.118,E,8,0.20,E,8,0,-9990,0,0
05/10/2005,24:00,0,0,0,3,0,0,3,0,0,3,0,0,3,0,0,3,0,0,3,0,-9990,0,0,4,E,8,3,E,8,9.5,E,8,6.8,E,8,83,E,8,989,E,8,143,E,8,0.4,E,8,-9990,0,0,-9990,0,0,1.492,E,8,0.118,E,8,0.20,E,8,0,-9990,0,0
05/11/2005,01:00,0,0,0,3,0,0,3,0,0,3,0,0,3,0,0,3,0,0,3,0,-9990,0,0,4,E,8,3,E,8,8.9,E,8,6.7,E,8,86,E,8,989,E,8,172,E,8,0.1,E,8,-9990,0,0,-9990,0,0,1.480,E,8,0.116,E,8,0.20,E,8,0,-9990,0,0
05/11/2005,02:00,0,0,0,3,0,0,3,0,0,3,0,0,3,0,0,3,0,0,3,0,-9990,0,0,4,E,8,3,E,8,8.2,E,8,7.0,E,8,92,E,8,989,E,8,176,E,8,0.5,E,8,-9990,0,0,-9990,0,0,1.511,E,8,0.116,E,8,0.20,E,8,0,-9990,0,0
05/11/2005,03:00,0,0,0,3,0,0,3,0,0,3,0,0,3,0,0,3,0,0,3,0,-9990,0,0,5,E,8,5,E,8,7.9,E,8,7.1,E,8,95,E,8,989,E,8,176,E,8,0.2,E,8,-9990,0,0,-9990,0,0,1.522,E,8,0.116,E,8,0.20,E,8,0,-9990,0,0
05/11/2005,04:00,0,0,0,3,0,0,3,0,0,3,0,0,3,0,0,3,0,0,3,0,-9990,0,0,5,E,8,5,E,8,7.5,E,8,7.0,E,8,96,E,8,989,E,8,152,E,8,1.2,E,8,-9990,0,0,-9990,0,0,1.510,E,8,0.116,E,8,0.20,E,8,0,-9990,0,0
05/11/2005,05:00,0,0,0,3,0,0,3,0,0,3,0,0,3,0,0,3,0,0,3,0,-9990,0,0,5,E,8,5,E,8,7.2,E,8,7.1,E,8,99,E,8,989,E,8,139,E,8,2.0,E,8,-9990,0,0,-9990,0,0,1.520,E,8,0.116,E,8,0.20,E,8,0,-9990,0,0
05/11/2005,06:00,49,456,7,3,10,0,3,20,7,3,10,861,3,10,2,3,20,861,3,10,-9990,0,0,5,E,8,5,E,8,7.3,E,8,7.3,E,8,100,E,8,989,E,8,101,E,8,1.9,E,8,-9990,0,0,-9990,0,0,1.546,E,8,0.116,E,8,0.20,E,8,0,-9990,0,0
05/11/2005,07:00,256,1340,139,3,10,300,3,20,81,3,10,14284,3,10,22256,3,20,10028,3,10,-9990,0,0,6,E,8,6,E,8,8.8,E,8,8.6,E,8,98,E,8,989,E,8,60,E,8,2.0,E,8,-9990,0,0,-9990,0,0,1.691,E,8,0.116,E,8,0.20,E,8,0,-9990,0,0
05/11/2005,08:00,479,1340,317,3,10,740,3,20,53,3,10,33940,3,10,71510,3,20,8354,3,10,-9990,0,0,0,E,8,0,E,8,10.7,E,8,9.0,E,8,89,E,8,989,E,8,129,E,8,2.0,E,8,-9990,0,0,-9990,0,0,1.745,E,8,0.116,E,8,0.20,E,8,0,-9990,0,0
05/11/2005,09:00,690,1340,513,3,10,852,3,20,74,3,10,55589,3,10,86293,3,20,11121,3,10,-9990,0,0,0,E,8,0,E,8,12.8,E,8,8.8,E,8,76,E,8,990,E,8,49,E,8,1.9,E,8,-9990,0,0,-9990,0,0,1.716,E,8,0.116,E,8,0.20,E,8,0,-9990,0,0
05/11/2005,10:00,875,1340,695,3,10,958,3,20,70,3,10,74894,3,10,99269,3,20,10065,3,10,-9990,0,0,0,E,8,0,E,8,15.0,E,8,7.8,E,8,62,E,8,990,E,8,134,E,8,2.8,E,8,-9990,0,0,-9990,0,0,1.605,E,8,0.116,E,8,0.20,E,8,0,-9990,0,0
05/11/2005,11:00,1020,1340,825,3,10,786,3,20,226,3,10,87733,3,10,76821,3,20,29220,3,10,-9990,0,0,3,E,8,2,E,8,16.9,E,8,7.8,E,8,55,E,8,990,E,8,166,E,8,3.2,E,8,-9990,0,0,-9990,0,0,1.598,E,8,0.116,E,8,0.20,E,8,0,-9990,0,0
05/11/2005,12:00,1117,1340,533,3,10,180,3,20,384,3,10,58999,3,10,18279,3,20,43759,3,10,-9990,0,0,9,E,8,8,E,8,17.2,E,8,6.3,E,8,49,E,8,990,E,8,188,E,8,3.2,E,8,-9990,0,0,-9990,0,0,1.442,E,8,0.116,E,8,0.20,E,8,0,-9990,0,0
05/11/2005,13:00,1158,1340,538,3,10,123,3,20,432,3,10,59341,3,10,12040,3,20,48935,3,10,-9990,0,0,10,E,8,9,E,8,17.4,E,8,7.0,E,8,50,E,8,990,E,8,122,E,8,6.1,E,8,-9990,0,0,-9990,0,0,1.510,E,8,0.116,E,8,0.20,E,8,0,-9990,0,0
05/11/2005,14:00,1141,1340,544,3,10,138,3,20,426,3,10,59880,3,10,13659,3,20,48251,3,10,-9990,0,0,9,E,8,8,E,8,17.6,E,8,6.4,E,8,48,E,8,990,E,8,143,E,8,6.1,E,8,-9990,0,0,-9990,0,0,1.454,E,8,0.116,E,8,0.20,E,8,0,-9990,0,0
05/11/2005,15:00,1066,1340,512,3,10,151,3,20,392,3,10,56354,3,10,14844,3,20,44542,3,10,-9990,0,0,9,E,8,8,E,8,17.7,E,8,6.1,E,8,47,E,8,990,E,8,174,E,8,4.9,E,8,-9990,0,0,-9990,0,0,1.422,E,8,0.116,E,8,0.20,E,8,0,-9990,0,0
05/11/2005,16:00,939,1340,434,3,10,124,3,20,348,3,10,48256,3,10,12692,3,20,39355,3,10,-9990,0,0,10,E,8,9,E,8,17.5,E,8,6.8,E,8,49,E,8,990,E,8,99,E,8,4.2,E,8,-9990,0,0,-9990,0,0,1.495,E,8,0.116,E,8,0.20,E,8,0,-9990,0,0
05/11/2005,17:00,769,1340,331,3,10,108,3,20,269,3,10,36717,3,10,10904,3,20,30454,3,10,-9990,0,0,10,E,8,9,E,8,17.0,E,8,6.8,E,8,51,E,8,990,E,8,137,E,8,4.2,E,8,-9990,0,0,-9990,0,0,1.489,E,8,0.116,E,8,0.20,E,8,0,-9990,0,0
05/11/2005,18:00,568,1340,233,3,10,91,3,20,194,3,10,25752,3,10,8853,3,20,22001,3,10,-9990,0,0,10,E,8,9,E,8,16.2,E,8,7.0,E,8,54,E,8,991,E,8,61,E,8,1.9,E,8,-9990,0,0,-9990,0,0,1.514,E,8,0.116,E,8,0.20,E,8,0,-9990,0,0
05/11/2005,19:00,348,1340,128,3,10,84,3,20,106,3,10,14129,3,10,8048,3,20,12041,3,10,-9990,0,0,10,E,8,9,E,8,15.2,E,8,6.4,E,8,56,E,8,991,E,8,42,E,8,1.2,E,8,-9990,0,0,-9990,0,0,1.451,E,8,0.116,E,8,0.20,E,8,0,-9990,0,0
05/11/2005,20:00,124,1340,39,3,10,50,3,20,35,3,10,4412,3,10,1403,3,20,4282,3,10,-9990,0,0,9,E,8,8,E,8,14.1,E,8,6.2,E,8,59,E,8,991,E,8,126,E,8,1.9,E,8,-9990,0,0,-9990,0,0,1.430,E,8,0.116,E,8,0.20,E,8,0,-9990,0,0
05/11/2005,21:00,1,55,0,3,10,0,3,20,0,3,10,0,3,10,0,3,20,0,3,10,-9990,0,0,9,E,8,8,E,8,13.0,E,8,5.8,E,8,61,E,8,991,E,8,118,E,8,1.9,E,8,-9990,0,0,-9990,0,0,1.392,E,8,0.116,E,8,0.20,E,8,0,-9990,0,0
05/11/2005,22:00,0,0,0,3,0,0,3,0,0,3,0,0,3,0,0,3,0,0,3,0,-9990,0,0,9,E,8,8,E,8,11.7,E,8,6.2,E,8,69,E,8,991,E,8,60,E,8,1.9,E,8,-9990,0,0,-9990,0,0,1.434,E,8,0.116,E,8,0.20,E,8,0,-9990,0,0
05/11/2005,23:00,0,0,0,3,0,0,3,0,0,3,0,0,3,0,0,3,0,0,3,0,-9990,0,0,9,E,8,8,E,8,10.4,E,8,6.0,E,8,74,E,8,991,E,8,77,E,8,2.0,E,8,-9990,0,0,-9990,0,0,1.410,E,8,0.116,E,8,0.20,E,8,0,-9990,0,0
05/11/2005,24:00,0,0,0,3,0,0,3,0,0,3,0,0,3,0,0,3,0,0,3,0,-9990,0,0,9,E,8,8,E,8,9.1,E,8,5.4,E,8,78,E,8,991,E,8,336,E,8,1.2,E,8,-9990,0,0,-9990,0,0,1.355,E,8,0.116,E,8,0.20,E,8,0,-9990,0,0
05/12/2005,01:00,0,0,0,3,0,0,3,0,0,3,0,0,3,0,0,3,0,0,3,0,-9990,0,0,8,E,8,7,E,8,8.3,E,8,5.3,E,8,81,E,8,991,E,8,17,E,8,0.5,E,8,-9990,0,0,-9990,0,0,1.340,E,8,0.108,E,8,0.20,E,8,0,-9990,0,0
05/12/2005,02:00,0,0,0,3,0,0,3,0,0,3,0,0,3,0,0,3,0,0,3,0,-9990,0,0,8,E,8,7,E,8,7.2,E,8,4.8,E,8,85,E,8,991,E,8,348,E,8,0.3,E,8,-9990,0,0,-9990,0,0,1.302,E,8,0.108,E,8,0.20,E,8,0,-9990,0,0
05/12/2005,03:00,0,0,0,3,0,0,3,0,0,3,0,0,3,0,0,3,0,0,3,0,-9990,0,0,8,E,8,7,E,8,6.5,E,8,4.2,E,8,85,E,8,991,E,8,348,E,8,0.4,E,8,-9990,0,0,-9990,0,0,1.248,E,8,0.108,E,8,0.20,E,8,0,-9990,0,0
05/12/2005,04:00,0,0,0,3,0,0,3,0,0,3,0,0,3,0,0,3,0,0,3,0,-9990,0,0,8,E,8,7,E,8,5.8,E,8,4.1,E,8,89,E,8,991,E,8,348,E,8,0.5,E,8,-9990,0,0,-9990,0,0,1.236,E,8,0.108,E,8,0.20,E,8,0,-9990,0,0
05/12/2005,05:00,0,0,0,3,0,0,3,0,0,3,0,0,3,0,0,3,0,0,3,0,-9990,0,0,8,E,8,7,E,8,5.3,E,8,3.3,E,8,87,E,8,992,E,8,15,E,8,0.3,E,8,-9990,0,0,-9990,0,0,1.173,E,8,0.108,E,8,0.20,E,8,0,-9990,0,0
05/12/2005,06:00,53,471,8,3,10,0,3,20,8,3,10,952,3,10,0,3,20,952,3,10,-9990,0,0,6,E,8,6,E,8,5.2,E,8,3.4,E,8,88,E,8,992,E,8,349,E,8,0.2,E,8,-9990,0,0,-9990,0,0,1.174,E,8,0.108,E,8,0.20,E,8,0,-9990,0,0
05/12/2005,07:00,261,1339,135,3,10,269,3,20,83,3,10,13871,3,10,19919,3,20,9995,3,10,-9990,0,0,6,E,8,6,E,8,6.1,E,8,4.4,E,8,89,E,8,992,E,8,13,E,8,0.5,E,8,-9990,0,0,-9990,0,0,1.260,E,8,0.108,E,8,0.20,E,8,0,-9990,0,0
05/12/2005,08:00,483,1339,294,3,10,595,3,20,79,3,10,30865,3,10,52808,3,20,11808,3,10,-9990,0,0,0,E,8,0,E,8,7.2,E,8,4.1,E,8,81,E,8,992,E,8,350,E,8,1.5,E,8,-9990,0,0,-9990,0,0,1.239,E,8,0.108,E,8,0.20,E,8,0,-9990,0,0
05/12/2005,09:00,694,1339,460,3,10,700,3,20,98,3,10,49533,3,10,67498,3,20,14559,3,10,-9990,0,0,0,E,8,0,E,8,8.3,E,8,4.9,E,8,79,E,8,992,E,8,338,E,8,1.0,E,8,-9990,0,0,-9990,0,0,1.307,E,8,0.108,E,8,0.20,E,8,0,-9990,0,0
05/12/2005,10:00,878,1339,606,3,10,714,3,20,138,3,10,65221,3,10,69805,3,20,19450,3,10,-9990,0,0,0,E,8,0,E,8,9.5,E,8,4.1,E,8,69,E,8,992,E,8,113,E,8,0.8,E,8,-9990,0,0,-9990,0,0,1.240,E,8,0.108,E,8,0.20,E,8,0,-9990,0,0
05/12/2005,11:00,1023,1339,720,3,10,702,3,20,183,3,10,77352,3,10,69094,3,20,24556,3,10,-9990,0,0,1,E,8,1,E,8,10.5,E,8,4.7,E,8,67,E,8,992,E,8,336,E,8,0.1,E,8,-9990,0,0,-9990,0,0,1.291,E,8,0.108,E,8,0.20,E,8,0,-9990,0,0
05/12/2005,12:00,1119,1339,790,3,10,669,3,20,230,3,10,84453,3,10,65868,3,20,29384,3,10,-9990,0,0,4,E,8,3,E,8,11.3,E,8,4.7,E,8,64,E,8,992,E,8,121,E,8,0.2,E,8,-9990,0,0,-9990,0,0,1.293,E,8,0.108,E,8,0.20,E,8,0,-9990,0,0
05/12/2005,13:00,1160,1339,826,3,10,675,3,20,241,3,10,88440,3,10,66917,3,20,30450,3,10,-9990,0,0,4,E,8,3,E,8,12.0,E,8,4.9,E,8,62,E,8,992,E,8,134,E,8,0.2,E,8,-9990,0,0,-9990,0,0,1.307,E,8,0.108,E,8,0.20,E,8,0,-9990,0,0
05/12/2005,14:00,1143,1339,834,3,10,732,3,20,208,3,10,90015,3,10,73630,3,20,27163,3,10,-9990,0,0,3,E,8,2,E,8,12.4,E,8,4.8,E,8,60,E,8,992,E,8,179,E,8,0.8,E,8,-9990,0,0,-9990,0,0,1.297,E,8,0.108,E,8,0.20,E,8,0,-9990,0,0
05/12/2005,15:00,1069,1339,760,3,10,712,3,20,192,3,10,81901,3,10,70728,3,20,25455,3,10,-9990,0,0,1,E,8,1,E,8,12.6,E,8,4.6,E,8,58,E,8,992,E,8,152,E,8,0.8,E,8,-9990,0,0,-9990,0,0,1.278,E,8,0.108,E,8,0.20,E,8,0,-9990,0,0
05/12/2005,16:00,942,1339,647,3,10,678,3,20,170,3,10,69311,3,10,65660,3,20,23105,3,10,-9990,0,0,1,E,8,1,E,8,12.5,E,8,5.0,E,8,60,E,8,992,E,8,202,E,8,1.3,E,8,-9990,0,0,-9990,0,0,1.313,E,8,0.108,E,8,0.20,E,8,0,-9990,0,0
05/12/2005,17:00,773,1339,505,3,10,644,3,20,134,3,10,53836,3,10,60473,3,20,18946,3,10,-9990,0,0,0,E,8,0,E,8,12.2,E,8,4.8,E,8,61,E,8,992,E,8,158,E,8,1.0,E,8,-9990,0,0,-9990,0,0,1.298,E,8,0.108,E,8,0.20,E,8,0,-9990,0,0
05/12/2005,18:00,571,1339,352,3,10,592,3,20,100,3,10,37107,3,10,52827,3,20,14578,3,10,-9990,0,0,0,E,8,0,E,8,11.4,E,8,4.8,E,8,64,E,8,991,E,8,163,E,8,3.5,E,8,-9990,0,0,-9990,0,0,1.299,E,8,0.108,E,8,0.20,E,8,0,-9990,0,0
05/12/2005,19:00,351,1339,189,3,10,469,3,20,65,3,10,19482,3,10,37256,3,20,9703,3,10,-9990,0,0,0,E,8,0,E,8,10.4,E,8,3.9,E,8,64,E,8,991,E,8,187,E,8,0.5,E,8,-9990,0,0,-9990,0,0,1.218,E,8,0.108,E,8,0.20,E,8,0,-9990,0,0
05/12/2005,20:00,129,1339,56,3,10,262,3,20,31,3,10,5912,3,10,9836,3,20,4966,3,10,-9990,0,0,1,E,8,1,E,8,9.3,E,8,3.9,E,8,69,E,8,991,E,8,182,E,8,2.0,E,8,-9990,0,0,-9990,0,0,1.215,E,8,0.108,E,8,0.20,E,8,0,-9990,0,0
05/12/2005,21:00,1,71,0,3,10,0,3,20,0,3,10,0,3,10,0,3,20,0,3,10,-9990,0,0,1,E,8,1,E,8,8.1,E,8,4.0,E,8,75,E,8,991,E,8,152,E,8,2.5,E,8,-9990,0,0,-9990,0,0,1.224,E,8,0.108,E,8,0.20,E,8,0,-9990,0,0
05/12/2005,22:00,0,0,0,3,0,0,3,0,0,3,0,0,3,0,0,3,0,0,3,0,-9990,0,0,3,E,8,2,E,8,7.1,E,8,4.7,E,8,84,E,8,991,E,8,124,E,8,2.3,E,8,-9990,0,0,-9990,0,0,1.287,E,8,0.108,E,8,0.20,E,8,0,-9990,0,0
05/12/2005,23:00,0,0,0,3,0,0,3,0,0,3,0,0,3,0,0,3,0,0,3,0,-9990,0,0,4,E,8,3,E,8,6.2,E,8,4.6,E,8,90,E,8,990,E,8,141,E,8,3.2,E,8,-9990,0,0,-9990,0,0,1.280,E,8,0.108,E,8,0.20,E,8,0,-9990,0,0
05/12/2005,24:00,0,0,0,3,0,0,3,0,0,3,0,0,3,0,0,3,0,0,3,0,-9990,0,0,4,E,8,3,E,8,5.2,E,8,4.6,E,8,96,E,8,990,E,8,171,E,8,5.2,E,8,-9990,0,0,-9990,0,0,1.280,E,8,0.108,E,8,0.20,E,8,0,-9990,0,0
05/13/2005,01:00,0,0,0,3,0,0,3,0,0,3,0,0,3,0,0,3,0,0,3,0,-9990,0,0,5,E,8,5,E,8,5.6,E,8,4.9,E,8,95,E,8,990,E,8,142,E,8,3.0,E,8,-9990,0,0,-9990,0,0,1.309,E,8,0.106,E,8,0.20,E,8,0,-9990,0,0
05/13/2005,02:00,0,0,0,3,0,0,3,0,0,3,0,0,3,0,0,3,0,0,3,0,-9990,0,0,6,E,8,6,E,8,6.1,E,8,5.3,E,8,95,E,8,990,E,8,144,E,8,2.0,E,8,-9990,0,0,-9990,0,0,1.345,E,8,0.106,E,8,0.20,E,8,0,-9990,0,0
05/13/2005,03:00,0,0,0,3,0,0,3,0,0,3,0,0,3,0,0,3,0,0,3,0,-9990,0,0,6,E,8,6,E,8,6.4,E,8,4.9,E,8,90,E,8,990,E,8,121,E,8,3.8,E,8,-9990,0,0,-9990,0,0,1.305,E,8,0.106,E,8,0.20,E,8,0,-9990,0,0
05/13/2005,04:00,0,0,0,3,0,0,3,0,0,3,0,0,3,0,0,3,0,0,3,0,-9990,0,0,8,E,8,7,E,8,6.6,E,8,4.6,E,8,87,E,8,989,E,8,147,E,8,6.4,E,8,-9990,0,0,-9990,0,0,1.284,E,8,0.106,E,8,0.20,E,8,0,-9990,0,0
05/13/2005,05:00,0,0,0,3,0,0,3,0,0,3,0,0,3,0,0,3,0,0,3,0,-9990,0,0,9,E,8,8,E,8,6.8,E,8,6.1,E,8,95,E,8,989,E,8,150,E,8,8.8,E,8,-9990,0,0,-9990,0,0,1.422,E,8,0.106,E,8,0.20,E,8,0,-9990,0,0
05/13/2005,06:00,56,486,5,3,10,0,3,20,5,3,10,587,3,10,5,3,20,586,3,10,-9990,0,0,9,E,8,8,E,8,7.0,E,8,6.0,E,8,93,E,8,989,E,8,158,E,8,7.6,E,8,-9990,0,0,-9990,0,0,1.407,E,8,0.106,E,8,0.20,E,8,0,-9990,0,0
05/13/2005,07:00,265,1338,79,3,10,42,3,20,71,3,10,8725,3,10,3496,3,20,8034,3,10,-9990,0,0,10,E,8,9,E,8,8.2,E,8,7.0,E,8,92,E,8,989,E,8,172,E,8,4.9,E,8,-9990,0,0,-9990,0,0,1.511,E,8,0.106,E,8,0.20,E,8,0,-9990,0,0
05/13/2005,08:00,487,1338,136,3,10,12,3,20,132,3,10,15070,3,10,1158,3,20,14648,3,10,-9990,0,0,10,E,8,9,E,8,9.3,E,8,6.7,E,8,84,E,8,989,E,8,155,E,8,5.2,E,8,-9990,0,0,-9990,0,0,1.487,E,8,0.106,E,8,0.20,E,8,0,-9990,0,0
05/13/2005,09:00,697,1338,155,3,10,0,3,20,155,3,10,17754,3,10,0,3,20,17754,3,10,-9990,0,0,10,E,8,9,E,8,10.0,E,8,6.4,E,8,78,E,8,988,E,8,226,E,8,3.0,E,8,-9990,0,0,-9990,0,0,1.452,E,8,0.106,E,8,0.20,E,8,0,-9990,0,0
05/13/2005,10:00,881,1338,239,3,10,9,3,20,232,3,10,27441,3,10,864,3,20,26872,3,10,-9990,0,0,10,E,8,9,E,8,11.0,E,8,5.9,E,8,70,E,8,988,E,8,200,E,8,4.5,E,8,-9990,0,0,-9990,0,0,1.399,E,8,0.106,E,8,0.20,E,8,0,-9990,0,0
05/13/2005,11:00,1026,1338,273,3,10,13,3,20,263,3,10,31793,3,10,1265,3,20,30824,3,10,-9990,0,0,10,E,8,9,E,8,11.9,E,8,5.6,E,8,65,E,8,988,E,8,170,E,8,3.0,E,8,-9990,0,0,-9990,0,0,1.375,E,8,0.106,E,8,0.20,E,8,0,-9990,0,0
05/13/2005,12:00,1122,1338,470,3,10,97,3,20,389,3,10,52357,3,10,9806,3,20,44137,3,10,-9990,0,0,10,E,8,9,E,8,13.4,E,8,5.4,E,8,58,E,8,988,E,8,152,E,8,3.5,E,8,-9990,0,0,-9990,0,0,1.356,E,8,0.106,E,8,0.20,E,8,0,-9990,0,0
05/13/2005,13:00,1163,1338,422,3,10,33,3,20,393,3,10,47040,3,10,2724,3,20,44673,3,10,-9990,0,0,10,E,8,9,E,8,14.4,E,8,5.9,E,8,57,E,8,988,E,8,175,E,8,1.7,E,8,-9990,0,0,-9990,0,0,1.405,E,8,0.106,E,8,0.20,E,8,0,-9990,0,0
05/13/2005,14:00,1145,1338,455,3,10,75,3,20,391,3,10,50709,3,10,7343,3,20,44425,3,10,-9990,0,0,10,E,8,9,E,8,15.2,E,8,5.7,E,8,53,E,8,988,E,8,145,E,8,0.6,E,8,-9990,0,0,-9990,0,0,1.380,E,8,0.106,E,8,0.20,E,8,0,-9990,0,0
05/13/2005,15:00,1071,1338,447,3,10,98,3,20,368,3,10,49702,3,10,9955,3,20,41735,3,10,-9990,0,0,10,E,8,9,E,8,15.9,E,8,5.9,E,8,51,E,8,988,E,8,140,E,8,1.3,E,8,-9990,0,0,-9990,0,0,1.405,E,8,0.106,E,8,0.20,E,8,0,-9990,0,0
05/13/2005,16:00,945,1338,538,3,10,297,3,20,328,3,10,57924,3,10,28473,3,20,37820,3,10,-9990,0,0,8,E,8,6,E,8,16.8,E,8,6.1,E,8,49,E,8,988,E,8,139,E,8,0.6,E,8,-9990,0,0,-9990,0,0,1.426,E,8,0.106,E,8,0.20,E,8,0,-9990,0,0
05/13/2005,17:00,776,1338,536,3,10,661,3,20,153,3,10,56653,3,10,61346,3,20,21103,3,10,-9990,0,0,3,E,8,2,E,8,17.5,E,8,6.2,E,8,47,E,8,988,E,8,121,E,8,0.5,E,8,-9990,0,0,-9990,0,0,1.427,E,8,0.106,E,8,0.20,E,8,0,-9990,0,0
05/13/2005,18:00,574,1338,434,3,10,782,3,20,98,3,10,45887,3,10,73214,3,20,14463,3,10,-9990,0,0,0,E,8,0,E,8,17.8,E,8,6.5,E,8,47,E,8,988,E,8,189,E,8,3.8,E,8,-9990,0,0,-9990,0,0,1.462,E,8,0.106,E,8,0.20,E,8,0,-9990,0,0
05/13/2005,19:00,355,1338,253,3,10,744,3,20,56,3,10,25738,3,10,63989,3,20,8752,3,10,-9990,0,0,0,E,8,0,E,8,17.6,E,8,7.1,E,8,50,E,8,988,E,8,152,E,8,3.5,E,8,-9990,0,0,-9990,0,0,1.527,E,8,0.106,E,8,0.20,E,8,0,-9990,0,0
05/13/2005,20:00,133,1338,80,3,10,512,3,20,29,3,10,8274,3,10,35341,3,20,4761,3,10,-9990,0,0,1,E,8,1,E,8,16.8,E,8,7.5,E,8,54,E,8,989,E,8,197,E,8,4.2,E,8,-9990,0,0,-9990,0,0,1.563,E,8,0.106,E,8,0.20,E,8,0,-9990,0,0
05/13/2005,21:00,2,86,0,3,10,0,3,20,0,3,10,0,3,10,0,3,20,0,3,10,-9990,0,0,1,E,8,1,E,8,15.8,E,8,7.1,E,8,56,E,8,989,E,8,187,E,8,1.5,E,8,-9990,0,0,-9990,0,0,1.527,E,8,0.106,E,8,0.20,E,8,0,-9990,0,0
05/13/2005,22:00,0,0,0,3,0,0,3,0,0,3,0,0,3,0,0,3,0,0,3,0,-9990,0,0,3,E,8,2,E,8,14.6,E,8,8.1,E,8,65,E,8,989,E,8,201,E,8,1.3,E,8,-9990,0,0,-9990,0,0,1.638,E,8,0.106,E,8,0.20,E,8,0,-9990,0,0
05/13/2005,23:00,0,0,0,3,0,0,3,0,0,3,0,0,3,0,0,3,0,0,3,0,-9990,0,0,3,E,8,2,E,8,13.4,E,8,8.2,E,8,71,E,8,989,E,8,295,E,8,1.3,E,8,-9990,0,0,-9990,0,0,1.649,E,8,0.106,E,8,0.20,E,8,0,-9990,0,0
05/13/2005,24:00,0,0,0,3,0,0,3,0,0,3,0,0,3,0,0,3,0,0,3,0,-9990,0,0,4,E,8,3,E,8,12.3,E,8,8.4,E,8,77,E,8,989,E,8,331,E,8,1.7,E,8,-9990,0,0,-9990,0,0,1.666,E,8,0.106,E,8,0.20,E,8,0,-9990,0,0
05/14/2005,01:00,0,0,0,3,0,0,3,0,0,3,0,0,3,0,0,3,0,0,3,0,-9990,0,0,4,E,8,3,E,8,10.8,E,8,7.8,E,8,82,E,8,989,E,8,298,E,8,2.3,E,8,-9990,0,0,-9990,0,0,1.600,E,8,0.109,E,8,0.20,E,8,0,-9990,0,0
05/14/2005,02:00,0,0,0,3,0,0,3,0,0,3,0,0,3,0,0,3,0,0,3,0,-9990,0,0,5,E,8,5,E,8,9.1,E,8,7.5,E,8,90,E,8,989,E,8,280,E,8,2.3,E,8,-9990,0,0,-9990,0,0,1.569,E,8,0.109,E,8,0.20,E,8,0,-9990,0,0
05/14/2005,03:00,0,0,0,3,0,0,3,0,0,3,0,0,3,0,0,3,0,0,3,0,-9990,0,0,5,E,8,5,E,8,8.2,E,8,7.2,E,8,94,E,8,990,E,8,231,E,8,1.5,E,8,-9990,0,0,-9990,0,0,1.539,E,8,0.109,E,8,0.20,E,8,0,-9990,0,0
05/14/2005,04:00,0,0,0,3,0,0,3,0,0,3,0,0,3,0,0,3,0,0,3,0,-9990,0,0,6,E,8,6,E,8,7.3,E,8,6.6,E,8,96,E,8,990,E,8,161,E,8,1.0,E,8,-9990,0,0,-9990,0,0,1.476,E,8,0.109,E,8,0.20,E,8,0,-9990,0,0
05/14/2005,05:00,0,0,0,3,0,0,3,0,0,3,0,0,3,0,0,3,0,0,3,0,-9990,0,0,6,E,8,6,E,8,6.6,E,8,6.3,E,8,98,E,8,990,E,8,174,E,8,2.8,E,8,-9990,0,0,-9990,0,0,1.439,E,8,0.109,E,8,0.20,E,8,0,-9990,0,0
05/14/2005,06:00,59,500,7,3,10,0,3,20,7,3,10,870,3,10,1,3,20,870,3,10,-9990,0,0,8,E,8,7,E,8,6.6,E,8,6.6,E,8,100,E,8,990,E,8,157,E,8,2.8,E,8,-9990,0,0,-9990,0,0,1.472,E,8,0.109,E,8,0.20,E,8,0,-9990,0,0
05/14/2005,07:00,269,1338,112,3,10,175,3,20,76,3,10,11543,3,10,10649,3,20,9403,3,10,-9990,0,0,8,E,8,7,E,8,7.5,E,8,6.6,E,8,94,E,8,990,E,8,136,E,8,1.9,E,8,-9990,0,0,-9990,0,0,1.476,E,8,0.109,E,8,0.20,E,8,0,-9990,0,0
05/14/2005,08:00,491,1338,215,3,10,165,3,20,155,3,10,23352,3,10,14359,3,20,18086,3,10,-9990,0,0,9,E,8,8,E,8,8.5,E,8,6.8,E,8,90,E,8,990,E,8,125,E,8,0.6,E,8,-9990,0,0,-9990,0,0,1.498,E,8,0.109,E,8,0.20,E,8,0,-9990,0,0
05/14/2005,09:00,700,1338,388,3,10,334,3,20,213,3,10,41474,3,10,30467,3,20,25522,3,10,-9990,0,0,6,E,8,6,E,8,9.8,E,8,7.0,E,8,83,E,8,991,E,8,139,E,8,0.3,E,8,-9990,0,0,-9990,0,0,1.516,E,8,0.109,E,8,0.20,E,8,0,-9990,0,0
05/14/2005,10:00,884,1338,564,3,10,544,3,20,205,3,10,61000,3,10,47913,3,20,29344,3,10,-9990,0,0,4,E,8,3,E,8,11.2,E,8,6.5,E,8,73,E,8,991,E,8,161,E,8,1.0,E,8,-9990,0,0,-9990,0,0,1.461,E,8,0.109,E,8,0.20,E,8,0,-9990,0,0
05/14/2005,11:00,1028,1338,645,3,10,489,3,20,269,3,10,69513,3,10,41122,3,20,37899,3,10,-9990,0,0,5,E,8,4,E,8,12.4,E,8,6.6,E,8,68,E,8,991,E,8,147,E,8,1.5,E,8,-9990,0,0,-9990,0,0,1.477,E,8,0.109,E,8,0.20,E,8,0,-9990,0,0
05/14/2005,12:00,1124,1338,669,3,10,362,3,20,365,3,10,73174,3,10,37419,3,20,41724,3,10,-9990,0,0,8,E,8,6,E,8,13.3,E,8,6.0,E,8,61,E,8,991,E,8,231,E,8,2.3,E,8,-9990,0,0,-9990,0,0,1.407,E,8,0.109,E,8,0.20,E,8,0,-9990,0,0
05/14/2005,13:00,1165,1338,727,3,10,446,3,20,339,3,10,78051,3,10,35948,3,20,46744,3,10,-9990,0,0,6,E,8,5,E,8,14.1,E,8,5.9,E,8,58,E,8,991,E,8,292,E,8,4.9,E,8,-9990,0,0,-9990,0,0,1.407,E,8,0.109,E,8,0.20,E,8,0,-9990,0,0
05/14/2005,14:00,1148,1338,767,3,10,545,3,20,300,3,10,83255,3,10,47784,3,20,42259,3,10,-9990,0,0,5,E,8,4,E,8,14.7,E,8,6.6,E,8,58,E,8,991,E,8,237,E,8,3.5,E,8,-9990,0,0,-9990,0,0,1.470,E,8,0.109,E,8,0.20,E,8,0,-9990,0,0
05/14/2005,15:00,1074,1338,732,3,10,612,3,20,241,3,10,77804,3,10,58790,3,20,30624,3,10,-9990,0,0,4,E,8,3,E,8,15.1,E,8,6.8,E,8,57,E,8,991,E,8,162,E,8,3.5,E,8,-9990,0,0,-9990,0,0,1.495,E,8,0.109,E,8,0.20,E,8,0,-9990,0,0
05/14/2005,16:00,948,1338,601,3,10,513,3,20,238,3,10,64817,3,10,43892,3,20,33723,3,10,-9990,0,0,5,E,8,4,E,8,15.2,E,8,6.6,E,8,56,E,8,991,E,8,164,E,8,2.3,E,8,-9990,0,0,-9990,0,0,1.473,E,8,0.109,E,8,0.20,E,8,0,-9990,0,0
05/14/2005,17:00,779,1338,504,3,10,629,3,20,138,3,10,53713,3,10,58764,3,20,19513,3,10,-9990,0,0,1,E,8,1,E,8,15.0,E,8,7.1,E,8,59,E,8,991,E,8,297,E,8,2.5,E,8,-9990,0,0,-9990,0,0,1.524,E,8,0.109,E,8,0.20,E,8,0,-9990,0,0
05/14/2005,18:00,578,1338,361,3,10,582,3,20,110,3,10,37908,3,10,51067,3,20,15851,3,10,-9990,0,0,1,E,8,1,E,8,14.5,E,8,7.2,E,8,62,E,8,991,E,8,279,E,8,6.9,E,8,-9990,0,0,-9990,0,0,1.536,E,8,0.109,E,8,0.20,E,8,0,-9990,0,0
05/14/2005,19:00,359,1338,182,3,10,391,3,20,77,3,10,19154,3,10,30245,3,20,11036,3,10,-9990,0,0,4,E,8,3,E,8,13.5,E,8,7.6,E,8,67,E,8,991,E,8,299,E,8,6.9,E,8,-9990,0,0,-9990,0,0,1.580,E,8,0.109,E,8,0.20,E,8,0,-9990,0,0
05/14/2005,20:00,137,1338,59,3,10,250,3,20,33,3,10,6172,3,10,8790,3,20,5271,3,10,-9990,0,0,4,E,8,3,E,8,12.3,E,8,6.6,E,8,68,E,8,991,E,8,235,E,8,5.5,E,8,-9990,0,0,-9990,0,0,1.474,E,8,0.109,E,8,0.20,E,8,0,-9990,0,0
05/14/2005,21:00,2,101,0,3,10,0,3,20,0,3,10,0,3,10,0,3,20,0,3,10,-9990,0,0,4,E,8,3,E,8,11.2,E,8,7.7,E,8,79,E,8,991,E,8,174,E,8,6.9,E,8,-9990,0,0,-9990,0,0,1.587,E,8,0.109,E,8,0.20,E,8,0,-9990,0,0
05/14/2005,22:00,0,0,0,3,0,0,3,0,0,3,0,0,3,0,0,3,0,0,3,0,-9990,0,0,4,E,8,3,E,8,10.2,E,8,7.7,E,8,84,E,8,991,E,8,185,E,8,16.1,E,8,-9990,0,0,-9990,0,0,1.585,E,8,0.109,E,8,0.20,E,8,0,-9990,0,0
05/14/2005,23:00,0,0,0,3,0,0,3,0,0,3,0,0,3,0,0,3,0,0,3,0,-9990,0,0,4,E,8,3,E,8,9.3,E,8,6.7,E,8,84,E,8,991,E,8,192,E,8,10.4,E,8,-9990,0,0,-9990,0,0,1.484,E,8,0.109,E,8,0.20,E,8,0,-9990,0,0
05/14/2005,24:00,0,0,0,3,0,0,3,0,0,3,0,0,3,0,0,3,0,0,3,0,-9990,0,0,4,E,8,3,E,8,8.3,E,8,6.8,E,8,90,E,8,991,E,8,167,E,8,11.2,E,8,-9990,0,0,-9990,0,0,1.496,E,8,0.109,E,8,0.20,E,8,0,-9990,0,0
05/15/2005,01:00,0,0,0,3,0,0,3,0,0,3,0,0,3,0,0,3,0,0,3,0,-9990,0,0,5,E,8,5,E,8,8.4,E,8,6.1,E,8,86,E,8,991,E,8,152,E,8,9.5,E,8,-9990,0,0,-9990,0,0,1.427,E,8,0.117,E,8,0.20,E,8,0,-9990,0,0
05/15/2005,02:00,0,0,0,3,0,0,3,0,0,3,0,0,3,0,0,3,0,0,3,0,-9990,0,0,5,E,8,5,E,8,8.4,E,8,6.7,E,8,89,E,8,991,E,8,116,E,8,6.4,E,8,-9990,0,0,-9990,0,0,1.483,E,8,0.117,E,8,0.20,E,8,0,-9990,0,0
05/15/2005,03:00,0,0,0,3,0,0,3,0,0,3,0,0,3,0,0,3,0,0,3,0,-9990,0,0,5,E,8,5,E,8,8.4,E,8,6.4,E,8,87,E,8,991,E,8,120,E,8,7.6,E,8,-9990,0,0,-9990,0,0,1.453,E,8,0.117,E,8,0.20,E,8,0,-9990,0,0
05/15/2005,04:00,0,0,0,3,0,0,3,0,0,3,0,0,3,0,0,3,0,0,3,0,-9990,0,0,5,E,8,5,E,8,8.4,E,8,6.8,E,8,90,E,8,990,E,8,74,E,8,4.2,E,8,-9990,0,0,-9990,0,0,1.497,E,8,0.117,E,8,0.20,E,8,0,-9990,0,0
05/15/2005,05:00,0,0,0,3,0,0,3,0,0,3,0,0,3,0,0,3,0,0,3,0,-9990,0,0,5,E,8,5,E,8,8.4,E,8,6.8,E,8,89,E,8,990,E,8,333,E,8,4.9,E,8,-9990,0,0,-9990,0,0,1.490,E,8,0.117,E,8,0.20,E,8,0,-9990,0,0
05/15/2005,06:00,62,514,13,3,10,0,3,20,13,3,10,1553,3,10,0,3,20,1553,3,10,-9990,0,0,5,E,8,5,E,8,8.8,E,8,8.3,E,8,97,E,8,990,E,8,346,E,8,4.2,E,8,-9990,0,0,-9990,0,0,1.657,E,8,0.117,E,8,0.20,E,8,0,-9990,0,0
05/15/2005,07:00,273,1337,167,3,10,374,3,20,91,3,10,16536,3,10,22299,3,20,11987,3,10,-9990,0,0,5,E,8,5,E,8,10.7,E,8,9.8,E,8,94,E,8,990,E,8,329,E,8,5.5,E,8,-9990,0,0,-9990,0,0,1.842,E,8,0.117,E,8,0.20,E,8,0,-9990,0,0
05/15/2005,08:00,494,1337,340,3,10,796,3,20,46,3,10,37054,3,10,80780,3,20,7202,3,10,-9990,0,0,0,E,8,0,E,8,12.9,E,8,10.6,E,8,86,E,8,990,E,8,350,E,8,10.0,E,8,-9990,0,0,-9990,0,0,1.947,E,8,0.117,E,8,0.20,E,8,0,-9990,0,0
05/15/2005,09:00,704,1337,563,3,10,931,3,20,74,3,10,61044,3,10,95208,3,20,10950,3,10,-9990,0,0,0,E,8,0,E,8,15.4,E,8,11.7,E,8,78,E,8,990,E,8,45,E,8,8.8,E,8,-9990,0,0,-9990,0,0,2.103,E,8,0.117,E,8,0.20,E,8,0,-9990,0,0
05/15/2005,10:00,887,1337,743,3,10,924,3,20,131,3,10,78553,3,10,91144,3,20,18117,3,10,-9990,0,0,0,E,8,0,E,8,17.9,E,8,10.0,E,8,60,E,8,990,E,8,345,E,8,8.3,E,8,-9990,0,0,-9990,0,0,1.874,E,8,0.117,E,8,0.20,E,8,0,-9990,0,0
05/15/2005,11:00,1031,1337,787,3,10,736,3,20,219,3,10,84072,3,10,71801,3,20,28713,3,10,-9990,0,0,3,E,8,2,E,8,19.7,E,8,9.9,E,8,53,E,8,990,E,8,349,E,8,6.1,E,8,-9990,0,0,-9990,0,0,1.855,E,8,0.117,E,8,0.20,E,8,0,-9990,0,0
05/15/2005,12:00,1127,1337,474,3,10,107,3,20,384,3,10,52967,3,10,10918,3,20,43768,3,10,-9990,0,0,10,E,8,9,E,8,19.8,E,8,9.3,E,8,51,E,8,990,E,8,316,E,8,3.8,E,8,-9990,0,0,-9990,0,0,1.784,E,8,0.117,E,8,0.20,E,8,0,-9990,0,0
05/15/2005,13:00,1167,1337,656,3,10,278,3,20,414,3,10,71651,3,10,27577,3,20,47577,3,10,-9990,0,0,8,E,8,6,E,8,20.5,E,8,9.4,E,8,49,E,8,990,E,8,355,E,8,2.8,E,8,-9990,0,0,-9990,0,0,1.790,E,8,0.117,E,8,0.20,E,8,0,-9990,0,0
05/15/2005,14:00,1150,1337,549,3,10,160,3,20,412,3,10,60704,3,10,15814,3,20,47104,3,10,-9990,0,0,9,E,8,8,E,8,20.7,E,8,9.0,E,8,47,E,8,990,E,8,340,E,8,1.5,E,8,-9990,0,0,-9990,0,0,1.748,E,8,0.117,E,8,0.20,E,8,0,-9990,0,0
05/15/2005,15:00,1076,1337,487,3,10,136,3,20,377,3,10,53724,3,10,13084,3,20,43195,3,10,-9990,0,0,9,E,8,8,E,8,20.7,E,8,7.9,E,8,44,E,8,990,E,8,332,E,8,2.3,E,8,-9990,0,0,-9990,0,0,1.612,E,8,0.117,E,8,0.20,E,8,0,-9990,0,0
05/15/2005,16:00,950,1337,266,3,10,25,3,20,249,3,10,30781,3,10,2636,3,20,28908,3,10,-9990,0,0,10,E,8,9,E,8,19.8,E,8,7.9,E,8,46,E,8,990,E,8,342,E,8,2.5,E,8,-9990,0,0,-9990,0,0,1.613,E,8,0.117,E,8,0.20,E,8,0,-9990,0,0
05/15/2005,17:00,781,1337,361,3,10,172,3,20,261,3,10,39574,3,10,16038,3,20,30200,3,10,-9990,0,0,9,E,8,8,E,8,19.4,E,8,7.7,E,8,47,E,8,991,E,8,2,E,8,2.0,E,8,-9990,0,0,-9990,0,0,1.595,E,8,0.117,E,8,0.20,E,8,0,-9990,0,0
05/15/2005,18:00,581,1337,276,3,10,158,3,20,207,3,10,29841,3,10,13506,3,20,23972,3,10,-9990,0,0,9,E,8,8,E,8,18.8,E,8,7.2,E,8,47,E,8,991,E,8,2,E,8,1.9,E,8,-9990,0,0,-9990,0,0,1.531,E,8,0.117,E,8,0.20,E,8,0,-9990,0,0
05/15/2005,19:00,363,1337,152,3,10,162,3,20,108,3,10,16401,3,10,13758,3,20,12668,3,10,-9990,0,0,8,E,8,6,E,8,17.9,E,8,7.3,E,8,50,E,8,991,E,8,303,E,8,3.8,E,8,-9990,0,0,-9990,0,0,1.551,E,8,0.117,E,8,0.20,E,8,0,-9990,0,0
05/15/2005,20:00,141,1337,27,3,10,0,3,20,27,3,10,3095,3,10,0,3,20,3095,3,10,-9990,0,0,8,E,8,6,E,8,16.7,E,8,7.6,E,8,55,E,8,991,E,8,28,E,8,2.5,E,8,-9990,0,0,-9990,0,0,1.585,E,8,0.117,E,8,0.20,E,8,0,-9990,0,0
05/15/2005,21:00,3,116,1,3,10,0,3,20,1,3,10,0,3,10,0,3,20,0,3,10,-9990,0,0,8,E,8,6,E,8,15.6,E,8,7.4,E,8,58,E,8,991,E,8,73,E,8,2.3,E,8,-9990,0,0,-9990,0,0,1.558,E,8,0.117,E,8,0.20,E,8,0,-9990,0,0
05/15/2005,22:00,0,0,0,3,0,0,3,0,0,3,0,0,3,0,0,3,0,0,3,0,-9990,0,0,8,E,8,6,E,8,14.3,E,8,7.9,E,8,65,E,8,991,E,8,166,E,8,1.3,E,8,-9990,0,0,-9990,0,0,1.617,E,8,0.117,E,8,0.20,E,8,0,-9990,0,0
05/15/2005,23:00,0,0,0,3,0,0,3,0,0,3,0,0,3,0,0,3,0,0,3,0,-9990,0,0,8,E,8,6,E,8,13.0,E,8,7.3,E,8,68,E,8,991,E,8,158,E,8,2.5,E,8,-9990,0,0,-9990,0,0,1.544,E,8,0.117,E,8,0.20,E,8,0,-9990,0,0
05/15/2005,24:00,0,0,0,3,0,0,3,0,0,3,0,0,3,0,0,3,0,0,3,0,-9990,0,0,8,E,8,6,E,8,11.7,E,8,7.8,E,8,77,E,8,991,E,8,164,E,8,1.9,E,8,-9990,0,0,-9990,0,0,1.599,E,8,0.117,E,8,0.20,E,8,0,-9990,0,0
05/16/2005,01:00,0,0,0,3,0,0,3,0,0,3,0,0,3,0,0,3,0,0,3,0,-9990,0,0,8,E,8,7,E,8,10.6,E,8,7.4,E,8,81,E,8,991,E,8,329,E,8,3.0,E,8,-9990,0,0,-9990,0,0,1.555,E,8,0.124,E,8,0.20,E,8,0,-9990,0,0
05/16/2005,02:00,0,0,0,3,0,0,3,0,0,3,0,0,3,0,0,3,0,0,3,0,-9990,0,0,6,E,8,6,E,8,9.3,E,8,6.7,E,8,83,E,8,992,E,8,288,E,8,4.5,E,8,-9990,0,0,-9990,0,0,1.479,E,8,0.124,E,8,0.20,E,8,0,-9990,0,0
05/16/2005,03:00,0,0,0,3,0,0,3,0,0,3,0,0,3,0,0,3,0,0,3,0,-9990,0,0,6,E,8,6,E,8,8.6,E,8,5.7,E,8,82,E,8,992,E,8,276,E,8,3.8,E,8,-9990,0,0,-9990,0,0,1.382,E,8,0.124,E,8,0.20,E,8,0,-9990,0,0
05/16/2005,04:00,0,0,0,3,0,0,3,0,0,3,0,0,3,0,0,3,0,0,3,0,-9990,0,0,6,E,8,6,E,8,7.9,E,8,4.8,E,8,81,E,8,992,E,8,284,E,8,3.5,E,8,-9990,0,0,-9990,0,0,1.298,E,8,0.124,E,8,0.20,E,8,0,-9990,0,0
05/16/2005,05:00,0,0,0,3,0,0,3,0,0,3,0,0,3,0,0,3,0,0,3,0,-9990,0,0,6,E,8,6,E,8,7.4,E,8,4.3,E,8,81,E,8,992,E,8,289,E,8,4.2,E,8,-9990,0,0,-9990,0,0,1.255,E,8,0.124,E,8,0.20,E,8,0,-9990,0,0
05/16/2005,06:00,66,527,11,3,10,0,3,20,11,3,10,1306,3,10,0,3,20,1306,3,10,-9990,0,0,6,E,8,6,E,8,7.6,E,8,4.8,E,8,83,E,8,992,E,8,255,E,8,6.4,E,8,-9990,0,0,-9990,0,0,1.301,E,8,0.124,E,8,0.20,E,8,0,-9990,0,0
05/16/2005,07:00,277,1336,143,3,10,284,3,20,84,3,10,14644,3,10,21695,3,20,10155,3,10,-9990,0,0,6,E,8,5,E,8,9.0,E,8,5.3,E,8,77,E,8,992,E,8,329,E,8,4.5,E,8,-9990,0,0,-9990,0,0,1.344,E,8,0.124,E,8,0.20,E,8,0,-9990,0,0
05/16/2005,08:00,498,1336,300,3,10,575,3,20,86,3,10,31440,3,10,50282,3,20,12722,3,10,-9990,0,0,0,E,8,0,E,8,10.7,E,8,6.5,E,8,75,E,8,992,E,8,174,E,8,4.9,E,8,-9990,0,0,-9990,0,0,1.464,E,8,0.124,E,8,0.20,E,8,0,-9990,0,0
05/16/2005,09:00,707,1336,463,3,10,670,3,20,109,3,10,49600,3,10,63501,3,20,16031,3,10,-9990,0,0,0,E,8,0,E,8,12.5,E,8,7.4,E,8,71,E,8,992,E,8,296,E,8,3.8,E,8,-9990,0,0,-9990,0,0,1.562,E,8,0.124,E,8,0.20,E,8,0,-9990,0,0
05/16/2005,10:00,889,1336,611,3,10,698,3,20,146,3,10,65768,3,10,67867,3,20,20611,3,10,-9990,0,0,0,E,8,0,E,8,14.2,E,8,7.4,E,8,63,E,8,992,E,8,286,E,8,8.3,E,8,-9990,0,0,-9990,0,0,1.561,E,8,0.124,E,8,0.20,E,8,0,-9990,0,0
05/16/2005,11:00,1033,1336,729,3,10,702,3,20,186,3,10,78539,3,10,69162,3,20,25065,3,10,-9990,0,0,0,E,8,0,E,8,15.8,E,8,7.9,E,8,59,E,8,993,E,8,215,E,8,7.6,E,8,-9990,0,0,-9990,0,0,1.610,E,8,0.124,E,8,0.20,E,8,0,-9990,0,0
05/16/2005,12:00,1129,1336,807,3,10,698,3,20,218,3,10,87027,3,10,69459,3,20,28358,3,10,-9990,0,0,3,E,8,2,E,8,17.2,E,8,8.0,E,8,54,E,8,993,E,8,235,E,8,12.5,E,8,-9990,0,0,-9990,0,0,1.620,E,8,0.124,E,8,0.20,E,8,0,-9990,0,0
05/16/2005,13:00,1169,1336,840,3,10,695,3,20,232,3,10,90623,3,10,69432,3,20,29872,3,10,-9990,0,0,3,E,8,2,E,8,18.3,E,8,8.2,E,8,52,E,8,993,E,8,178,E,8,10.0,E,8,-9990,0,0,-9990,0,0,1.652,E,8,0.124,E,8,0.20,E,8,0,-9990,0,0
05/16/2005,14:00,1152,1336,826,3,10,695,3,20,227,3,10,89057,3,10,69244,3,20,29365,3,10,-9990,0,0,3,E,8,2,E,8,19.1,E,8,8.5,E,8,50,E,8,993,E,8,316,E,8,8.8,E,8,-9990,0,0,-9990,0,0,1.677,E,8,0.124,E,8,0.20,E,8,0,-9990,0,0
05/16/2005,15:00,1078,1336,764,3,10,696,3,20,203,3,10,82578,3,10,68922,3,20,26972,3,10,-9990,0,0,1,E,8,1,E,8,19.6,E,8,9.6,E,8,53,E,8,992,E,8,157,E,8,6.4,E,8,-9990,0,0,-9990,0,0,1.819,E,8,0.124,E,8,0.20,E,8,0,-9990,0,0
05/16/2005,16:00,953,1336,663,3,10,702,3,20,163,3,10,71654,3,10,68805,3,20,22601,3,10,-9990,0,0,0,E,8,0,E,8,19.7,E,8,9.3,E,8,51,E,8,992,E,8,154,E,8,7.2,E,8,-9990,0,0,-9990,0,0,1.783,E,8,0.124,E,8,0.20,E,8,0,-9990,0,0
05/16/2005,17:00,784,1336,526,3,10,689,3,20,122,3,10,56779,3,10,66401,3,20,17810,3,10,-9990,0,0,0,E,8,0,E,8,19.5,E,8,9.4,E,8,52,E,8,992,E,8,151,E,8,6.4,E,8,-9990,0,0,-9990,0,0,1.785,E,8,0.124,E,8,0.20,E,8,0,-9990,0,0
05/16/2005,18:00,584,1336,368,3,10,629,3,20,93,3,10,39132,3,10,57726,3,20,13893,3,10,-9990,0,0,0,E,8,0,E,8,18.7,E,8,8.2,E,8,50,E,8,992,E,8,152,E,8,6.9,E,8,-9990,0,0,-9990,0,0,1.645,E,8,0.124,E,8,0.20,E,8,0,-9990,0,0
05/16/2005,19:00,366,1336,205,3,10,517,3,20,63,3,10,21401,3,10,43040,3,20,9601,3,10,-9990,0,0,0,E,8,0,E,8,17.6,E,8,9.6,E,8,59,E,8,992,E,8,197,E,8,4.2,E,8,-9990,0,0,-9990,0,0,1.814,E,8,0.124,E,8,0.20,E,8,0,-9990,0,0
05/16/2005,20:00,145,1336,68,3,10,312,3,20,34,3,10,7126,3,10,15971,3,20,5388,3,10,-9990,0,0,0,E,8,0,E,8,16.3,E,8,9.5,E,8,64,E,8,991,E,8,133,E,8,1.5,E,8,-9990,0,0,-9990,0,0,1.804,E,8,0.124,E,8,0.20,E,8,0,-9990,0,0
05/16/2005,21:00,4,130,0,3,10,0,3,20,0,3,10,0,3,10,0,3,20,0,3,10,-9990,0,0,1,E,8,1,E,8,14.9,E,8,8.9,E,8,68,E,8,991,E,8,155,E,8,2.5,E,8,-9990,0,0,-9990,0,0,1.735,E,8,0.124,E,8,0.20,E,8,0,-9990,0,0
05/16/2005,22:00,0,0,0,3,0,0,3,0,0,3,0,0,3,0,0,3,0,0,3,0,-9990,0,0,1,E,8,1,E,8,13.6,E,8,10.3,E,8,81,E,8,991,E,8,168,E,8,0.6,E,8,-9990,0,0,-9990,0,0,1.914,E,8,0.124,E,8,0.20,E,8,0,-9990,0,0
05/16/2005,23:00,0,0,0,3,0,0,3,0,0,3,0,0,3,0,0,3,0,0,3,0,-9990,0,0,3,E,8,2,E,8,12.4,E,8,10.3,E,8,87,E,8,991,E,8,252,E,8,1.9,E,8,-9990,0,0,-9990,0,0,1.907,E,8,0.124,E,8,0.20,E,8,0,-9990,0,0
05/16/2005,24:00,0,0,0,3,0,0,3,0,0,3,0,0,3,0,0,3,0,0,3,0,-9990,0,0,3,E,8,2,E,8,11.1,E,8,9.8,E,8,92,E,8,991,E,8,301,E,8,3.0,E,8,-9990,0,0,-9990,0,0,1.845,E,8,0.124,E,8,0.20,E,8,0,-9990,0,0
05/17/2005,01:00,0,0,0,3,0,0,3,0,0,3,0,0,3,0,0,3,0,0,3,0,-9990,0,0,4,E,8,3,E,8,10.5,E,8,8.3,E,8,86,E,8,991,E,8,286,E,8,7.6,E,8,-9990,0,0,-9990,0,0,1.659,E,8,0.121,E,8,0.20,E,8,0,-9990,0,0
05/17/2005,02:00,0,0,0,3,0,0,3,0,0,3,0,0,3,0,0,3,0,0,3,0,-9990,0,0,4,E,8,3,E,8,9.9,E,8,8.0,E,8,88,E,8,990,E,8,321,E,8,3.8,E,8,-9990,0,0,-9990,0,0,1.627,E,8,0.121,E,8,0.20,E,8,0,-9990,0,0
05/17/2005,03:00,0,0,0,3,0,0,3,0,0,3,0,0,3,0,0,3,0,0,3,0,-9990,0,0,4,E,8,3,E,8,9.5,E,8,8.4,E,8,92,E,8,990,E,8,180,E,8,4.9,E,8,-9990,0,0,-9990,0,0,1.665,E,8,0.121,E,8,0.20,E,8,0,-9990,0,0
05/17/2005,04:00,0,0,0,3,0,0,3,0,0,3,0,0,3,0,0,3,0,0,3,0,-9990,0,0,5,E,8,5,E,8,9.2,E,8,8.5,E,8,95,E,8,990,E,8,197,E,8,3.2,E,8,-9990,0,0,-9990,0,0,1.679,E,8,0.121,E,8,0.20,E,8,0,-9990,0,0
05/17/2005,05:00,0,0,0,3,0,0,3,0,0,3,0,0,3,0,0,3,0,0,3,0,-9990,0,0,5,E,8,5,E,8,8.9,E,8,7.9,E,8,93,E,8,990,E,8,269,E,8,2.3,E,8,-9990,0,0,-9990,0,0,1.607,E,8,0.121,E,8,0.20,E,8,0,-9990,0,0
05/17/2005,06:00,69,540,8,3,10,0,3,20,8,3,10,998,3,10,0,3,20,998,3,10,-9990,0,0,6,E,8,6,E,8,9.0,E,8,8.8,E,8,98,E,8,990,E,8,166,E,8,1.7,E,8,-9990,0,0,-9990,0,0,1.714,E,8,0.121,E,8,0.20,E,8,0,-9990,0,0
05/17/2005,07:00,280,1336,126,3,10,227,3,20,78,3,10,13024,3,10,15643,3,20,9742,3,10,-9990,0,0,6,E,8,6,E,8,10.4,E,8,9.1,E,8,92,E,8,989,E,8,216,E,8,2.3,E,8,-9990,0,0,-9990,0,0,1.756,E,8,0.121,E,8,0.20,E,8,0,-9990,0,0
05/17/2005,08:00,501,1336,253,3,10,333,3,20,128,3,10,26988,3,10,29214,3,20,16037,3,10,-9990,0,0,5,E,8,5,E,8,11.8,E,8,9.3,E,8,85,E,8,989,E,8,158,E,8,3.2,E,8,-9990,0,0,-9990,0,0,1.783,E,8,0.121,E,8,0.20,E,8,0,-9990,0,0
05/17/2005,09:00,709,1336,394,3,10,365,3,20,200,3,10,42405,3,10,33795,3,20,24459,3,10,-9990,0,0,6,E,8,5,E,8,13.3,E,8,9.4,E,8,77,E,8,989,E,8,187,E,8,2.0,E,8,-9990,0,0,-9990,0,0,1.797,E,8,0.121,E,8,0.20,E,8,0,-9990,0,0
05/17/2005,10:00,892,1336,448,3,10,215,3,20,305,3,10,49183,3,10,21012,3,20,35156,3,10,-9990,0,0,9,E,8,8,E,8,14.5,E,8,8.2,E,8,66,E,8,989,E,8,109,E,8,1.5,E,8,-9990,0,0,-9990,0,0,1.650,E,8,0.121,E,8,0.20,E,8,0,-9990,0,0
05/17/2005,11:00,1036,1336,603,3,10,344,3,20,336,3,10,65595,3,10,34171,3,20,39104,3,10,-9990,0,0,8,E,8,6,E,8,15.8,E,8,7.8,E,8,59,E,8,989,E,8,117,E,8,3.8,E,8,-9990,0,0,-9990,0,0,1.604,E,8,0.121,E,8,0.20,E,8,0,-9990,0,0
05/17/2005,12:00,1131,1336,563,3,10,191,3,20,401,3,10,62152,3,10,19282,3,20,45827,3,10,-9990,0,0,9,E,8,8,E,8,16.7,E,8,8.0,E,8,56,E,8,989,E,8,154,E,8,3.8,E,8,-9990,0,0,-9990,0,0,1.624,E,8,0.121,E,8,0.20,E,8,0,-9990,0,0
05/17/2005,13:00,1171,1336,563,3,10,157,3,20,426,3,10,62219,3,10,15716,3,20,48437,3,10,-9990,0,0,9,E,8,8,E,8,17.3,E,8,7.9,E,8,54,E,8,988,E,8,142,E,8,1.5,E,8,-9990,0,0,-9990,0,0,1.616,E,8,0.121,E,8,0.20,E,8,0,-9990,0,0
05/17/2005,14:00,1154,1336,533,3,10,135,3,20,416,3,10,58858,3,10,13251,3,20,47408,3,10,-9990,0,0,9,E,8,8,E,8,17.6,E,8,7.8,E,8,52,E,8,988,E,8,166,E,8,2.0,E,8,-9990,0,0,-9990,0,0,1.603,E,8,0.121,E,8,0.20,E,8,0,-9990,0,0
05/17/2005,15:00,1081,1336,519,3,10,172,3,20,380,3,10,57199,3,10,17176,3,20,43306,3,10,-9990,0,0,9,E,8,8,E,8,17.9,E,8,6.7,E,8,48,E,8,988,E,8,137,E,8,1.5,E,8,-9990,0,0,-9990,0,0,1.479,E,8,0.121,E,8,0.20,E,8,0,-9990,0,0
05/17/2005,16:00,955,1336,383,3,10,76,3,20,329,3,10,42559,3,10,7462,3,20,37223,3,10,-9990,0,0,10,E,8,9,E,8,17.7,E,8,5.9,E,8,46,E,8,988,E,8,195,E,8,1.3,E,8,-9990,0,0,-9990,0,0,1.404,E,8,0.121,E,8,0.20,E,8,0,-9990,0,0
05/17/2005,17:00,787,1336,295,3,10,68,3,20,255,3,10,32682,3,10,6434,3,20,28891,3,10,-9990,0,0,10,E,8,9,E,8,17.3,E,8,5.4,E,8,45,E,8,988,E,8,206,E,8,0.7,E,8,-9990,0,0,-9990,0,0,1.353,E,8,0.121,E,8,0.20,E,8,0,-9990,0,0
05/17/2005,18:00,588,1336,219,3,10,75,3,20,186,3,10,24304,3,10,7101,3,20,21180,3,10,-9990,0,0,10,E,8,9,E,8,16.7,E,8,8.7,E,8,59,E,8,988,E,8,151,E,8,0.9,E,8,-9990,0,0,-9990,0,0,1.705,E,8,0.121,E,8,0.20,E,8,0,-9990,0,0
05/17/2005,19:00,370,1336,76,3,10,0,3,20,76,3,10,8455,3,10,0,3,20,8455,3,10,-9990,0,0,10,E,8,9,E,8,15.8,E,8,5.4,E,8,50,E,8,988,E,8,177,E,8,1.3,E,8,-9990,0,0,-9990,0,0,1.355,E,8,0.121,E,8,0.20,E,8,0,-9990,0,0
05/17/2005,20:00,149,1336,7,3,10,0,3,20,7,3,10,901,3,10,9,3,20,900,3,10,-9990,0,0,10,E,8,9,E,8,14.8,E,8,6.0,E,8,56,E,8,988,E,8,161,E,8,1.7,E,8,-9990,0,0,-9990,0,0,1.416,E,8,0.121,E,8,0.20,E,8,0,-9990,0,0
05/17/2005,21:00,5,145,0,3,10,0,3,20,0,3,10,0,3,10,0,3,20,0,3,10,-9990,0,0,10,E,8,9,E,8,13.9,E,8,5.9,E,8,59,E,8,988,E,8,197,E,8,2.8,E,8,-9990,0,0,-9990,0,0,1.406,E,8,0.121,E,8,0.20,E,8,0,-9990,0,0
05/17/2005,22:00,0,0,0,3,0,0,3,0,0,3,0,0,3,0,0,3,0,0,3,0,-9990,0,0,10,E,8,9,E,8,12.9,E,8,6.7,E,8,66,E,8,988,E,8,127,E,8,0.5,E,8,-9990,0,0,-9990,0,0,1.484,E,8,0.121,E,8,0.20,E,8,0,-9990,0,0
05/17/2005,23:00,0,0,0,3,0,0,3,0,0,3,0,0,3,0,0,3,0,0,3,0,-9990,0,0,10,E,8,9,E,8,12.0,E,8,6.0,E,8,67,E,8,988,E,8,194,E,8,0.4,E,8,-9990,0,0,-9990,0,0,1.415,E,8,0.121,E,8,0.20,E,8,0,-9990,0,0
05/17/2005,24:00,0,0,0,3,0,0,3,0,0,3,0,0,3,0,0,3,0,0,3,0,-9990,0,0,10,E,8,9,E,8,11.1,E,8,5.9,E,8,70,E,8,988,E,8,124,E,8,1.3,E,8,-9990,0,0,-9990,0,0,1.402,E,8,0.121,E,8,0.20,E,8,0,-9990,0,0
05/18/2005,01:00,0,0,0,3,0,0,3,0,0,3,0,0,3,0,0,3,0,0,3,0,-9990,0,0,10,E,8,9,E,8,10.5,E,8,5.7,E,8,72,E,8,988,E,8,106,E,8,0.3,E,8,-9990,0,0,-9990,0,0,1.386,E,8,0.104,E,8,0.20,E,8,0,-9990,0,0
05/18/2005,02:00,0,0,0,3,0,0,3,0,0,3,0,0,3,0,0,3,0,0,3,0,-9990,0,0,10,E,8,9,E,8,10.0,E,8,4.8,E,8,70,E,8,988,E,8,111,E,8,0.4,E,8,-9990,0,0,-9990,0,0,1.295,E,8,0.104,E,8,0.20,E,8,0,-9990,0,0
05/18/2005,03:00,0,0,0,3,0,0,3,0,0,3,0,0,3,0,0,3,0,0,3,0,-9990,0,0,10,E,8,9,E,8,9.6,E,8,6.7,E,8,82,E,8,988,E,8,346,E,8,0.1,E,8,-9990,0,0,-9990,0,0,1.484,E,8,0.104,E,8,0.20,E,8,1,-9990,0,0
05/18/2005,04:00,0,0,0,3,0,0,3,0,0,3,0,0,3,0,0,3,0,0,3,0,-9990,0,0,10,E,8,9,E,8,9.5,E,8,7.3,E,8,86,E,8,988,E,8,355,E,8,0.2,E,8,-9990,0,0,-9990,0,0,1.543,E,8,0.104,E,8,0.20,E,8,0,-9990,0,0
05/18/2005,05:00,0,0,0,3,0,0,3,0,0,3,0,0,3,0,0,3,0,0,3,0,-9990,0,0,10,E,8,9,E,8,9.3,E,8,7.1,E,8,86,E,8,988,E,8,331,E,8,0.5,E,8,-9990,0,0,-9990,0,0,1.527,E,8,0.104,E,8,0.20,E,8,0,-9990,0,0
05/18/2005,06:00,72,553,25,3,10,0,3,20,25,3,10,2736,3,10,0,3,20,2736,3,10,-9990,0,0,10,E,8,9,E,8,9.9,E,8,7.6,E,8,86,E,8,988,E,8,344,E,8,0.5,E,8,-9990,0,0,-9990,0,0,1.582,E,8,0.104,E,8,0.20,E,8,0,-9990,0,0
05/18/2005,07:00,284,1335,14,3,10,0,3,20,14,3,10,1759,3,10,0,3,20,1759,3,10,-9990,0,0,10,E,8,9,E,8,9.8,E,8,6.9,E,8,82,E,8,988,E,8,337,E,8,0.5,E,8,-9990,0,0,-9990,0,0,1.501,E,8,0.104,E,8,0.20,E,8,0,-9990,0,0
05/18/2005,08:00,504,1335,29,3,10,0,3,20,29,3,10,3663,3,10,0,3,20,3663,3,10,-9990,0,0,10,E,8,9,E,8,9.9,E,8,7.0,E,8,82,E,8,987,E,8,338,E,8,0.5,E,8,-9990,0,0,-9990,0,0,1.510,E,8,0.104,E,8,0.20,E,8,0,-9990,0,0
05/18/2005,09:00,712,1335,90,3,10,0,3,20,90,3,10,10760,3,10,0,3,20,10760,3,10,-9990,0,0,10,E,8,9,E,8,10.2,E,8,7.3,E,8,82,E,8,987,E,8,71,E,8,2.8,E,8,-9990,0,0,-9990,0,0,1.548,E,8,0.104,E,8,0.20,E,8,0,-9990,0,0
05/18/2005,10:00,894,1335,463,3,10,262,3,20,287,3,10,49818,3,10,24362,3,20,33503,3,10,-9990,0,0,8,E,8,6,E,8,12.0,E,8,6.0,E,8,67,E,8,987,E,8,21,E,8,3.2,E,8,-9990,0,0,-9990,0,0,1.416,E,8,0.104,E,8,0.20,E,8,0,-9990,0,0
05/18/2005,11:00,1038,1335,879,3,10,844,3,20,223,3,10,93253,3,10,83036,3,20,28716,3,10,-9990,0,0,3,E,8,2,E,8,14.5,E,8,5.8,E,8,56,E,8,987,E,8,357,E,8,3.8,E,8,-9990,0,0,-9990,0,0,1.393,E,8,0.104,E,8,0.20,E,8,0,-9990,0,0
05/18/2005,12:00,1133,1335,1017,3,10,924,3,20,233,3,10,108761,3,10,93161,3,20,29711,3,10,-9990,0,0,1,E,8,1,E,8,16.7,E,8,5.9,E,8,49,E,8,987,E,8,338,E,8,6.4,E,8,-9990,0,0,-9990,0,0,1.407,E,8,0.104,E,8,0.20,E,8,0,-9990,0,0
05/18/2005,13:00,1173,1335,794,3,10,513,3,20,344,3,10,85115,3,10,43081,3,20,47256,3,10,-9990,0,0,6,E,8,5,E,8,17.8,E,8,5.8,E,8,45,E,8,987,E,8,351,E,8,4.9,E,8,-9990,0,0,-9990,0,0,1.391,E,8,0.104,E,8,0.20,E,8,0,-9990,0,0
05/18/2005,14:00,1156,1335,357,3,10,36,3,20,326,3,10,39828,3,10,3033,3,20,37201,3,10,-9990,0,0,10,E,8,9,E,8,17.7,E,8,5.3,E,8,44,E,8,987,E,8,340,E,8,7.6,E,8,-9990,0,0,-9990,0,0,1.341,E,8,0.104,E,8,0.20,E,8,0,-9990,0,0
05/18/2005,15:00,1083,1335,528,3,10,317,3,20,271,3,10,58663,3,10,33064,3,20,31854,3,10,-9990,0,0,6,E,8,5,E,8,18.0,E,8,4.7,E,8,41,E,8,988,E,8,33,E,8,4.2,E,8,-9990,0,0,-9990,0,0,1.285,E,8,0.104,E,8,0.20,E,8,0,-9990,0,0
05/18/2005,16:00,958,1335,64,3,10,0,3,20,64,3,10,8166,3,10,0,3,20,8166,3,10,-9990,0,0,10,E,8,9,E,8,16.9,E,8,5.3,E,8,46,E,8,988,E,8,31,E,8,2.5,E,8,-9990,0,0,-9990,0,0,1.346,E,8,0.104,E,8,0.20,E,8,0,-9990,0,0
05/18/2005,17:00,790,1335,51,3,10,0,3,20,51,3,10,6463,3,10,0,3,20,6463,3,10,-9990,0,0,10,E,8,9,E,8,16.0,E,8,5.4,E,8,49,E,8,988,E,8,45,E,8,1.7,E,8,-9990,0,0,-9990,0,0,1.351,E,8,0.104,E,8,0.20,E,8,0,-9990,0,0
05/18/2005,18:00,591,1335,36,3,10,0,3,20,36,3,10,4514,3,10,0,3,20,4514,3,10,-9990,0,0,10,E,8,9,E,8,15.2,E,8,6.1,E,8,55,E,8,988,E,8,329,E,8,1.9,E,8,-9990,0,0,-9990,0,0,1.425,E,8,0.104,E,8,0.20,E,8,0,-9990,0,0
05/18/2005,19:00,374,1335,21,3,10,0,3,20,21,3,10,2538,3,10,0,3,20,2538,3,10,-9990,0,0,10,E,8,9,E,8,14.4,E,8,5.8,E,8,56,E,8,989,E,8,116,E,8,1.2,E,8,-9990,0,0,-9990,0,0,1.388,E,8,0.104,E,8,0.20,E,8,0,-9990,0,0
05/18/2005,20:00,153,1335,7,3,10,0,3,20,7,3,10,907,3,10,9,3,20,906,3,10,-9990,0,0,10,E,8,9,E,8,13.8,E,8,5.2,E,8,56,E,8,989,E,8,49,E,8,0.9,E,8,-9990,0,0,-9990,0,0,1.334,E,8,0.104,E,8,0.20,E,8,0,-9990,0,0
05/18/2005,21:00,6,159,0,3,10,0,3,20,0,3,10,0,3,10,0,3,20,0,3,10,-9990,0,0,10,E,8,9,E,8,13.1,E,8,8.3,E,8,72,E,8,989,E,8,52,E,8,0.8,E,8,-9990,0,0,-9990,0,0,1.658,E,8,0.104,E,8,0.20,E,8,0,-9990,0,0
05/18/2005,22:00,0,0,0,3,0,0,3,0,0,3,0,0,3,0,0,3,0,0,3,0,-9990,0,0,9,E,8,8,E,8,12.5,E,8,9.5,E,8,82,E,8,989,E,8,357,E,8,3.5,E,8,-9990,0,0,-9990,0,0,1.807,E,8,0.104,E,8,0.20,E,8,0,-9990,0,0
05/18/2005,23:00,0,0,0,3,0,0,3,0,0,3,0,0,3,0,0,3,0,0,3,0,-9990,0,0,9,E,8,8,E,8,11.9,E,8,8.9,E,8,82,E,8,990,E,8,0,E,8,3.0,E,8,-9990,0,0,-9990,0,0,1.729,E,8,0.104,E,8,0.20,E,8,0,-9990,0,0
05/18/2005,24:00,0,0,0,3,0,0,3,0,0,3,0,0,3,0,0,3,0,0,3,0,-9990,0,0,9,E,8,8,E,8,11.2,E,8,8.3,E,8,82,E,8,990,E,8,315,E,8,2.8,E,8,-9990,0,0,-9990,0,0,1.654,E,8,0.104,E,8,0.20,E,8,0,-9990,0,0
05/19/2005,01:00,0,0,0,3,0,0,3,0,0,3,0,0,3,0,0,3,0,0,3,0,-9990,0,0,9,E,8,8,E,8,10.4,E,8,7.5,E,8,82,E,8,990,E,8,51,E,8,2.5,E,8,-9990,0,0,-9990,0,0,1.567,E,8,0.099,E,8,0.20,E,8,0,-9990,0,0
05/19/2005,02:00,0,0,0,3,0,0,3,0,0,3,0,0,3,0,0,3,0,0,3,0,-9990,0,0,8,E,8,7,E,8,9.5,E,8,6.6,E,8,82,E,8,990,E,8,114,E,8,0.9,E,8,-9990,0,0,-9990,0,0,1.472,E,8,0.099,E,8,0.20,E,8,0,-9990,0,0
05/19/2005,03:00,0,0,0,3,0,0,3,0,0,3,0,0,3,0,0,3,0,0,3,0,-9990,0,0,8,E,8,7,E,8,9.0,E,8,6.1,E,8,82,E,8,991,E,8,85,E,8,0.9,E,8,-9990,0,0,-9990,0,0,1.421,E,8,0.099,E,8,0.20,E,8,0,-9990,0,0
05/19/2005,04:00,0,0,0,3,0,0,3,0,0,3,0,0,3,0,0,3,0,0,3,0,-9990,0,0,8,E,8,7,E,8,8.5,E,8,5.7,E,8,83,E,8,991,E,8,143,E,8,0.3,E,8,-9990,0,0,-9990,0,0,1.385,E,8,0.099,E,8,0.20,E,8,0,-9990,0,0
05/19/2005,05:00,0,0,0,3,0,0,3,0,0,3,0,0,3,0,0,3,0,0,3,0,-9990,0,0,8,E,8,7,E,8,8.1,E,8,5.6,E,8,84,E,8,991,E,8,203,E,8,0.9,E,8,-9990,0,0,-9990,0,0,1.372,E,8,0.099,E,8,0.20,E,8,0,-9990,0,0
05/19/2005,06:00,75,565,14,3,10,0,3,20,14,3,10,1630,3,10,0,3,20,1630,3,10,-9990,0,0,6,E,8,6,E,8,8.3,E,8,6.1,E,8,86,E,8,991,E,8,150,E,8,1.3,E,8,-9990,0,0,-9990,0,0,1.420,E,8,0.099,E,8,0.20,E,8,0,-9990,0,0
05/19/2005,07:00,287,1335,157,3,10,318,3,20,89,3,10,16056,3,10,24635,3,20,10756,3,10,-9990,0,0,6,E,8,6,E,8,10.0,E,8,7.1,E,8,82,E,8,992,E,8,166,E,8,1.5,E,8,-9990,0,0,-9990,0,0,1.524,E,8,0.099,E,8,0.20,E,8,0,-9990,0,0
05/19/2005,08:00,507,1335,317,3,10,639,3,20,74,3,10,33630,3,10,58705,3,20,11332,3,10,-9990,0,0,0,E,8,0,E,8,11.8,E,8,7.8,E,8,76,E,8,992,E,8,166,E,8,2.5,E,8,-9990,0,0,-9990,0,0,1.604,E,8,0.099,E,8,0.20,E,8,0,-9990,0,0
05/19/2005,09:00,715,1335,480,3,10,714,3,20,98,3,10,51879,3,10,69397,3,20,14713,3,10,-9990,0,0,0,E,8,0,E,8,13.7,E,8,8.6,E,8,71,E,8,992,E,8,165,E,8,0.9,E,8,-9990,0,0,-9990,0,0,1.696,E,8,0.099,E,8,0.20,E,8,0,-9990,0,0
05/19/2005,10:00,897,1335,624,3,10,722,3,20,139,3,10,67487,3,10,70960,3,20,19819,3,10,-9990,0,0,0,E,8,0,E,8,15.6,E,8,8.5,E,8,63,E,8,992,E,8,137,E,8,1.5,E,8,-9990,0,0,-9990,0,0,1.684,E,8,0.099,E,8,0.20,E,8,0,-9990,0,0
05/19/2005,11:00,1040,1335,737,3,10,711,3,20,183,3,10,79577,3,10,70332,3,20,24778,3,10,-9990,0,0,3,E,8,2,E,8,17.2,E,8,8.1,E,8,55,E,8,993,E,8,138,E,8,0.9,E,8,-9990,0,0,-9990,0,0,1.641,E,8,0.099,E,8,0.20,E,8,0,-9990,0,0
05/19/2005,12:00,1135,1335,814,3,10,701,3,20,217,3,10,87749,3,10,69853,3,20,28348,3,10,-9990,0,0,3,E,8,2,E,8,18.7,E,8,8.1,E,8,50,E,8,993,E,8,180,E,8,0.3,E,8,-9990,0,0,-9990,0,0,1.634,E,8,0.099,E,8,0.20,E,8,0,-9990,0,0
05/19/2005,13:00,1175,1335,846,3,10,693,3,20,235,3,10,91043,3,10,69232,3,20,30076,3,10,-9990,0,0,4,E,8,3,E,8,19.8,E,8,7.9,E,8,46,E,8,993,E,8,161,E,8,0.5,E,8,-9990,0,0,-9990,0,0,1.610,E,8,0.099,E,8,0.20,E,8,0,-9990,0,0
05/19/2005,14:00,1158,1335,833,3,10,699,3,20,226,3,10,89834,3,10,69838,3,20,29228,3,10,-9990,0,0,3,E,8,2,E,8,20.6,E,8,8.3,E,8,45,E,8,993,E,8,162,E,8,0.6,E,8,-9990,0,0,-9990,0,0,1.663,E,8,0.099,E,8,0.20,E,8,0,-9990,0,0
05/19/2005,15:00,1085,1335,775,3,10,712,3,20,196,3,10,83840,3,10,70881,3,20,26228,3,10,-9990,0,0,3,E,8,2,E,8,21.1,E,8,9.1,E,8,46,E,8,992,E,8,152,E,8,1.2,E,8,-9990,0,0,-9990,0,0,1.749,E,8,0.099,E,8,0.20,E,8,0,-9990,0,0
05/19/2005,16:00,960,1335,676,3,10,725,3,20,154,3,10,73360,3,10,71856,3,20,21669,3,10,-9990,0,0,0,E,8,0,E,8,21.3,E,8,9.6,E,8,47,E,8,992,E,8,154,E,8,3.2,E,8,-9990,0,0,-9990,0,0,1.821,E,8,0.099,E,8,0.20,E,8,0,-9990,0,0
05/19/2005,17:00,793,1335,541,3,10,718,3,20,114,3,10,58687,3,10,70343,3,20,16912,3,10,-9990,0,0,0,E,8,0,E,8,21.0,E,8,10.4,E,8,50,E,8,992,E,8,189,E,8,2.5,E,8,-9990,0,0,-9990,0,0,1.917,E,8,0.099,E,8,0.20,E,8,0,-9990,0,0
05/19/2005,18:00,594,1335,382,3,10,668,3,20,85,3,10,41138,3,10,63189,3,20,13027,3,10,-9990,0,0,0,E,8,0,E,8,20.3,E,8,11.7,E,8,58,E,8,991,E,8,113,E,8,3.0,E,8,-9990,0,0,-9990,0,0,2.102,E,8,0.099,E,8,0.20,E,8,0,-9990,0,0
05/19/2005,19:00,377,1335,219,3,10,566,3,20,59,3,10,23039,3,10,49361,3,20,9095,3,10,-9990,0,0,0,E,8,0,E,8,19.1,E,8,11.7,E,8,62,E,8,991,E,8,329,E,8,0.5,E,8,-9990,0,0,-9990,0,0,2.109,E,8,0.099,E,8,0.20,E,8,0,-9990,0,0
05/19/2005,20:00,157,1335,76,3,10,341,3,20,36,3,10,8020,3,10,19338,3,20,5742,3,10,-9990,0,0,1,E,8,1,E,8,17.7,E,8,12.6,E,8,72,E,8,991,E,8,327,E,8,0.4,E,8,-9990,0,0,-9990,0,0,2.248,E,8,0.099,E,8,0.20,E,8,0,-9990,0,0
05/19/2005,21:00,7,173,0,3,10,0,3,20,0,3,10,0,3,10,0,3,20,0,3,10,-9990,0,0,1,E,8,1,E,8,16.2,E,8,13.0,E,8,81,E,8,990,E,8,51,E,8,0.5,E,8,-9990,0,0,-9990,0,0,2.309,E,8,0.099,E,8,0.20,E,8,0,-9990,0,0
05/19/2005,22:00,0,0,0,3,0,0,3,0,0,3,0,0,3,0,0,3,0,0,3,0,-9990,0,0,3,E,8,2,E,8,16.0,E,8,14.9,E,8,93,E,8,990,E,8,51,E,8,0.7,E,8,-9990,0,0,-9990,0,0,2.641,E,8,0.099,E,8,0.20,E,8,0,-9990,0,0
05/19/2005,23:00,0,0,0,3,0,0,3,0,0,3,0,0,3,0,0,3,0,0,3,0,-9990,0,0,4,E,8,3,E,8,15.9,E,8,14.9,E,8,94,E,8,989,E,8,50,E,8,0.8,E,8,-9990,0,0,-9990,0,0,2.626,E,8,0.099,E,8,0.20,E,8,0,-9990,0,0
05/19/2005,24:00,0,0,0,3,0,0,3,0,0,3,0,0,3,0,0,3,0,0,3,0,-9990,0,0,4,E,8,3,E,8,15.7,E,8,15.4,E,8,98,E,8,989,E,8,332,E,8,0.5,E,8,-9990,0,0,-9990,0,0,2.726,E,8,0.099,E,8,0.20,E,8,0,-9990,0,0
05/20/2005,01:00,0,0,0,3,0,0,3,0,0,3,0,0,3,0,0,3,0,0,3,0,-9990,0,0,5,E,8,5,E,8,16.2,E,8,13.9,E,8,86,E,8,989,E,8,55,E,8,0.3,E,8,-9990,0,0,-9990,0,0,2.460,E,8,0.091,E,8,0.20,E,8,0,-9990,0,0
05/20/2005,02:00,0,0,0,3,0,0,3,0,0,3,0,0,3,0,0,3,0,0,3,0,-9990,0,0,6,E,8,6,E,8,16.8,E,8,14.5,E,8,86,E,8,988,E,8,343,E,8,0.2,E,8,-9990,0,0,-9990,0,0,2.551,E,8,0.091,E,8,0.20,E,8,0,-9990,0,0
05/20/2005,03:00,0,0,0,3,0,0,3,0,0,3,0,0,3,0,0,3,0,0,3,0,-9990,0,0,6,E,8,6,E,8,17.1,E,8,14.8,E,8,86,E,8,988,E,8,347,E,8,0.1,E,8,-9990,0,0,-9990,0,0,2.610,E,8,0.091,E,8,0.20,E,8,0,-9990,0,0
05/20/2005,04:00,0,0,0,3,0,0,3,0,0,3,0,0,3,0,0,3,0,0,3,0,-9990,0,0,8,E,8,7,E,8,17.5,E,8,15.5,E,8,88,E,8,987,E,8,324,E,8,0.0,E,8,-9990,0,0,-9990,0,0,2.744,E,8,0.091,E,8,0.20,E,8,0,-9990,0,0
05/20/2005,05:00,0,0,0,3,0,0,3,0,0,3,0,0,3,0,0,3,0,0,3,0,-9990,0,0,9,E,8,8,E,8,17.7,E,8,15.7,E,8,88,E,8,987,E,8,340,E,8,0.1,E,8,-9990,0,0,-9990,0,0,2.782,E,8,0.091,E,8,0.20,E,8,0,-9990,0,0
05/20/2005,06:00,78,577,3,3,10,0,3,20,3,3,10,423,3,10,5,3,20,423,3,10,-9990,0,0,9,E,8,8,E,8,17.8,E,8,17.6,E,8,98,E,8,987,E,8,143,E,8,0.7,E,8,-9990,0,0,-9990,0,0,3.179,E,8,0.091,E,8,0.20,E,8,0,-9990,0,0
05/20/2005,07:00,290,1334,30,3,10,0,3,20,30,3,10,3428,3,10,0,3,20,3428,3,10,-9990,0,0,10,E,8,9,E,8,18.3,E,8,18.0,E,8,98,E,8,986,E,8,141,E,8,0.1,E,8,-9990,0,0,-9990,0,0,3.276,E,8,0.091,E,8,0.20,E,8,0,-9990,0,0
05/20/2005,08:00,510,1334,78,3,10,0,3,20,78,3,10,8890,3,10,0,3,20,8890,3,10,-9990,0,0,10,E,8,9,E,8,19.1,E,8,18.4,E,8,96,E,8,986,E,8,138,E,8,0.1,E,8,-9990,0,0,-9990,0,0,3.364,E,8,0.091,E,8,0.20,E,8,0,-9990,0,0
05/20/2005,09:00,717,1334,130,3,10,0,3,20,130,3,10,14969,3,10,0,3,20,14969,3,10,-9990,0,0,10,E,8,9,E,8,19.9,E,8,18.7,E,8,93,E,8,986,E,8,354,E,8,0.4,E,8,-9990,0,0,-9990,0,0,3.443,E,8,0.091,E,8,0.20,E,8,0,-9990,0,0
05/20/2005,10:00,899,1334,155,3,10,0,3,20,155,3,10,18224,3,10,0,3,20,18224,3,10,-9990,0,0,10,E,8,9,E,8,20.5,E,8,19.6,E,8,95,E,8,985,E,8,346,E,8,0.6,E,8,-9990,0,0,-9990,0,0,3.651,E,8,0.091,E,8,0.20,E,8,0,-9990,0,0
05/20/2005,11:00,1042,1334,164,3,10,1,3,20,164,3,10,19694,3,10,0,3,20,19694,3,10,-9990,0,0,10,E,8,9,E,8,21.0,E,8,19.1,E,8,89,E,8,985,E,8,115,E,8,0.2,E,8,-9990,0,0,-9990,0,0,3.535,E,8,0.091,E,8,0.20,E,8,1,-9990,0,0
05/20/2005,12:00,1137,1334,283,3,10,10,3,20,274,3,10,33104,3,10,953,3,20,32292,3,10,-9990,0,0,10,E,8,9,E,8,22.0,E,8,18.6,E,8,81,E,8,984,E,8,22,E,8,1.2,E,8,-9990,0,0,-9990,0,0,3.408,E,8,0.091,E,8,0.20,E,8,0,-9990,0,0
05/20/2005,13:00,1177,1334,301,3,10,10,3,20,292,3,10,35246,3,10,986,3,20,34376,3,10,-9990,0,0,10,E,8,9,E,8,22.8,E,8,19.5,E,8,82,E,8,984,E,8,107,E,8,0.7,E,8,-9990,0,0,-9990,0,0,3.629,E,8,0.091,E,8,0.20,E,8,0,-9990,0,0
05/20/2005,14:00,1160,1334,252,3,10,2,3,20,250,3,10,29843,3,10,69,3,20,29782,3,10,-9990,0,0,10,E,8,9,E,8,23.3,E,8,18.2,E,8,73,E,8,984,E,8,25,E,8,0.9,E,8,-9990,0,0,-9990,0,0,3.305,E,8,0.091,E,8,0.20,E,8,0,-9990,0,0
05/20/2005,15:00,1087,1334,238,3,10,1,3,20,237,3,10,27944,3,10,0,3,20,27944,3,10,-9990,0,0,10,E,8,9,E,8,23.4,E,8,20.8,E,8,85,E,8,984,E,8,311,E,8,0.4,E,8,-9990,0,0,-9990,0,0,3.975,E,8,0.091,E,8,0.20,E,8,1,-9990,0,0
05/20/2005,16:00,963,1334,227,3,10,6,3,20,223,3,10,26277,3,10,478,3,20,25932,3,10,-9990,0,0,10,E,8,9,E,8,23.9,E,8,18.0,E,8,70,E,8,984,E,8,83,E,8,0.3,E,8,-9990,0,0,-9990,0,0,3.269,E,8,0.091,E,8,0.20,E,8,0,-9990,0,0
05/20/2005,17:00,795,1334,215,3,10,9,3,20,210,3,10,24332,3,10,841,3,20,23831,3,10,-9990,0,0,10,E,8,9,E,8,24.0,E,8,17.0,E,8,65,E,8,984,E,8,166,E,8,0.9,E,8,-9990,0,0,-9990,0,0,3.059,E,8,0.091,E,8,0.20,E,8,0,-9990,0,0
05/20/2005,18:00,597,1334,129,3,10,0,3,20,129,3,10,14523,3,10,0,3,20,14523,3,10,-9990,0,0,10,E,8,9,E,8,23.8,E,8,20.2,E,8,80,E,8,985,E,8,121,E,8,0.7,E,8,-9990,0,0,-9990,0,0,3.806,E,8,0.091,E,8,0.20,E,8,0,-9990,0,0
05/20/2005,19:00,380,1334,67,3,10,0,3,20,67,3,10,7515,3,10,0,3,20,7515,3,10,-9990,0,0,10,E,8,9,E,8,23.5,E,8,20.2,E,8,82,E,8,985,E,8,142,E,8,1.7,E,8,-9990,0,0,-9990,0,0,3.809,E,8,0.091,E,8,0.20,E,8,0,-9990,0,0
05/20/2005,20:00,161,1334,26,3,10,0,3,20,26,3,10,3049,3,10,0,3,20,3049,3,10,-9990,0,0,10,E,8,9,E,8,22.2,E,8,19.6,E,8,86,E,8,985,E,8,123,E,8,3.5,E,8,-9990,0,0,-9990,0,0,3.664,E,8,0.091,E,8,0.20,E,8,5,-9990,0,0
05/20/2005,21:00,8,187,0,3,10,0,3,20,0,3,10,0,3,10,0,3,20,0,3,10,-9990,0,0,10,E,8,9,E,8,22.4,E,8,19.1,E,8,82,E,8,985,E,8,182,E,8,1.0,E,8,-9990,0,0,-9990,0,0,3.532,E,8,0.091,E,8,0.20,E,8,1,-9990,0,0
05/20/2005,22:00,0,0,0,3,0,0,3,0,0,3,0,0,3,0,0,3,0,0,3,0,-9990,0,0,10,E,8,9,E,8,21.5,E,8,18.9,E,8,86,E,8,985,E,8,173,E,8,0.8,E,8,-9990,0,0,-9990,0,0,3.490,E,8,0.091,E,8,0.20,E,8,2,-9990,0,0
05/20/2005,23:00,0,0,0,3,0,0,3,0,0,3,0,0,3,0,0,3,0,0,3,0,-9990,0,0,10,E,8,9,E,8,21.1,E,8,17.8,E,8,82,E,8,985,E,8,216,E,8,0.7,E,8,-9990,0,0,-9990,0,0,3.228,E,8,0.091,E,8,0.20,E,8,0,-9990,0,0
05/20/2005,24:00,0,0,0,3,0,0,3,0,0,3,0,0,3,0,0,3,0,0,3,0,-9990,0,0,10,E,8,9,E,8,20.3,E,8,17.0,E,8,82,E,8,985,E,8,148,E,8,0.5,E,8,-9990,0,0,-9990,0,0,3.052,E,8,0.091,E,8,0.20,E,8,1,-9990,0,0
05/21/2005,01:00,0,0,0,3,0,0,3,0,0,3,0,0,3,0,0,3,0,0,3,0,-9990,0,0,10,E,8,9,E,8,19.4,E,8,17.8,E,8,91,E,8,985,E,8,176,E,8,0.8,E,8,-9990,0,0,-9990,0,0,3.232,E,8,0.106,E,8,0.20,E,8,0,-9990,0,0
05/21/2005,02:00,0,0,0,3,0,0,3,0,0,3,0,0,3,0,0,3,0,0,3,0,-9990,0,0,10,E,8,9,E,8,18.3,E,8,17.2,E,8,93,E,8,986,E,8,178,E,8,1.7,E,8,-9990,0,0,-9990,0,0,3.088,E,8,0.106,E,8,0.20,E,8,0,-9990,0,0
05/21/2005,03:00,0,0,0,3,0,0,3,0,0,3,0,0,3,0,0,3,0,0,3,0,-9990,0,0,10,E,8,9,E,8,17.7,E,8,17.4,E,8,98,E,8,986,E,8,203,E,8,0.9,E,8,-9990,0,0,-9990,0,0,3.130,E,8,0.106,E,8,0.20,E,8,0,-9990,0,0
05/21/2005,04:00,0,0,0,3,0,0,3,0,0,3,0,0,3,0,0,3,0,0,3,0,-9990,0,0,10,E,8,9,E,8,16.9,E,8,16.6,E,8,98,E,8,986,E,8,169,E,8,2.3,E,8,-9990,0,0,-9990,0,0,2.955,E,8,0.106,E,8,0.20,E,8,1,-9990,0,0
05/21/2005,05:00,0,0,0,3,0,0,3,0,0,3,0,0,3,0,0,3,0,0,3,0,-9990,0,0,10,E,8,9,E,8,16.7,E,8,16.4,E,8,98,E,8,986,E,8,173,E,8,2.3,E,8,-9990,0,0,-9990,0,0,2.921,E,8,0.106,E,8,0.20,E,8,0,-9990,0,0
05/21/2005,06:00,81,588,3,3,10,0,3,20,3,3,10,422,3,10,5,3,20,421,3,10,-9990,0,0,10,E,8,9,E,8,16.7,E,8,16.4,E,8,98,E,8,986,E,8,327,E,8,4.5,E,8,-9990,0,0,-9990,0,0,2.922,E,8,0.106,E,8,0.20,E,8,0,-9990,0,0
05/21/2005,07:00,294,1334,28,3,10,0,3,20,28,3,10,3211,3,10,0,3,20,3211,3,10,-9990,0,0,10,E,8,9,E,8,16.9,E,8,16.4,E,8,97,E,8,986,E,8,201,E,8,2.8,E,8,-9990,0,0,-9990,0,0,2.921,E,8,0.106,E,8,0.20,E,8,0,-9990,0,0
05/21/2005,08:00,513,1334,29,3,10,0,3,20,29,3,10,3600,3,10,0,3,20,3600,3,10,-9990,0,0,10,E,8,9,E,8,17.0,E,8,16.4,E,8,97,E,8,986,E,8,323,E,8,1.9,E,8,-9990,0,0,-9990,0,0,2.928,E,8,0.106,E,8,0.20,E,8,0,-9990,0,0
05/21/2005,09:00,720,1334,58,3,10,0,3,20,58,3,10,7117,3,10,0,3,20,7117,3,10,-9990,0,0,10,E,8,9,E,8,17.1,E,8,16.5,E,8,96,E,8,986,E,8,243,E,8,1.7,E,8,-9990,0,0,-9990,0,0,2.945,E,8,0.106,E,8,0.20,E,8,0,-9990,0,0
05/21/2005,10:00,901,1334,372,3,10,103,3,20,303,3,10,41791,3,10,10311,3,20,34825,3,10,-9990,0,0,10,E,8,9,E,8,18.7,E,8,16.8,E,8,89,E,8,987,E,8,177,E,8,2.3,E,8,-9990,0,0,-9990,0,0,3.003,E,8,0.106,E,8,0.20,E,8,0,-9990,0,0
05/21/2005,11:00,1044,1334,345,3,10,28,3,20,323,3,10,39318,3,10,2894,3,20,37053,3,10,-9990,0,0,10,E,8,9,E,8,19.5,E,8,15.8,E,8,79,E,8,987,E,8,195,E,8,0.5,E,8,-9990,0,0,-9990,0,0,2.798,E,8,0.106,E,8,0.20,E,8,0,-9990,0,0
05/21/2005,12:00,1139,1334,440,3,10,43,3,20,404,3,10,49431,3,10,3640,3,20,46322,3,10,-9990,0,0,10,E,8,9,E,8,20.5,E,8,15.3,E,8,72,E,8,987,E,8,171,E,8,0.7,E,8,-9990,0,0,-9990,0,0,2.715,E,8,0.106,E,8,0.20,E,8,0,-9990,0,0
05/21/2005,13:00,1179,1334,496,3,10,94,3,20,413,3,10,56005,3,10,9331,3,20,47755,3,10,-9990,0,0,10,E,8,9,E,8,21.3,E,8,18.0,E,8,82,E,8,987,E,8,128,E,8,0.3,E,8,-9990,0,0,-9990,0,0,3.270,E,8,0.106,E,8,0.20,E,8,0,-9990,0,0
05/21/2005,14:00,1162,1334,406,3,10,33,3,20,378,3,10,45682,3,10,2502,3,20,43502,3,10,-9990,0,0,10,E,8,9,E,8,21.7,E,8,15.5,E,8,68,E,8,987,E,8,126,E,8,2.0,E,8,-9990,0,0,-9990,0,0,2.748,E,8,0.106,E,8,0.20,E,8,0,-9990,0,0
05/21/2005,15:00,1089,1334,462,3,10,103,3,20,377,3,10,51822,3,10,10401,3,20,43329,3,10,-9990,0,0,10,E,8,9,E,8,22.2,E,8,15.1,E,8,64,E,8,987,E,8,131,E,8,2.8,E,8,-9990,0,0,-9990,0,0,2.668,E,8,0.106,E,8,0.20,E,8,0,-9990,0,0
05/21/2005,16:00,965,1334,339,3,10,38,3,20,311,3,10,38023,3,10,3096,3,20,35783,3,10,-9990,0,0,10,E,8,9,E,8,22.3,E,8,15.2,E,8,64,E,8,987,E,8,302,E,8,3.5,E,8,-9990,0,0,-9990,0,0,2.690,E,8,0.106,E,8,0.20,E,8,0,-9990,0,0
05/21/2005,17:00,798,1334,329,3,10,106,3,20,265,3,10,36754,3,10,10606,3,20,30409,3,10,-9990,0,0,10,E,8,9,E,8,22.3,E,8,15.3,E,8,64,E,8,987,E,8,200,E,8,1.7,E,8,-9990,0,0,-9990,0,0,2.703,E,8,0.106,E,8,0.20,E,8,0,-9990,0,0
05/21/2005,18:00,600,1334,354,3,10,445,3,20,153,3,10,37480,3,10,33070,3,20,22608,3,10,-9990,0,0,5,E,8,4,E,8,22.4,E,8,15.9,E,8,67,E,8,987,E,8,248,E,8,1.0,E,8,-9990,0,0,-9990,0,0,2.830,E,8,0.106,E,8,0.20,E,8,0,-9990,0,0
05/21/2005,19:00,384,1334,186,3,10,328,3,20,91,3,10,19458,3,10,20847,3,20,13458,3,10,-9990,0,0,5,E,8,4,E,8,22.0,E,8,16.3,E,8,70,E,8,987,E,8,321,E,8,0.4,E,8,-9990,0,0,-9990,0,0,2.905,E,8,0.106,E,8,0.20,E,8,0,-9990,0,0
05/21/2005,20:00,165,1334,68,3,10,249,3,20,38,3,10,7441,3,10,12494,3,20,5897,3,10,-9990,0,0,6,E,8,5,E,8,21.4,E,8,15.6,E,8,69,E,8,987,E,8,297,E,8,0.3,E,8,-9990,0,0,-9990,0,0,2.757,E,8,0.106,E,8,0.20,E,8,0,-9990,0,0
05/21/2005,21:00,9,200,3,3,10,0,3,20,3,3,10,0,3,10,0,3,20,0,3,10,-9990,0,0,6,E,8,5,E,8,20.7,E,8,15.6,E,8,73,E,8,987,E,8,230,E,8,0.6,E,8,-9990,0,0,-9990,0,0,2.772,E,8,0.106,E,8,0.20,E,8,0,-9990,0,0
05/21/2005,22:00,0,0,0,3,0,0,3,0,0,3,0,0,3,0,0,3,0,0,3,0,-9990,0,0,6,E,8,5,E,8,19.6,E,8,15.7,E,8,78,E,8,987,E,8,288,E,8,1.0,E,8,-9990,0,0,-9990,0,0,2.784,E,8,0.106,E,8,0.20,E,8,0,-9990,0,0
05/21/2005,23:00,0,0,0,3,0,0,3,0,0,3,0,0,3,0,0,3,0,0,3,0,-9990,0,0,8,E,8,6,E,8,18.5,E,8,14.9,E,8,79,E,8,987,E,8,288,E,8,1.2,E,8,-9990,0,0,-9990,0,0,2.626,E,8,0.106,E,8,0.20,E,8,0,-9990,0,0
05/21/2005,24:00,0,0,0,3,0,0,3,0,0,3,0,0,3,0,0,3,0,0,3,0,-9990,0,0,8,E,8,7,E,8,17.4,E,8,14.9,E,8,86,E,8,987,E,8,339,E,8,2.8,E,8,-9990,0,0,-9990,0,0,2.640,E,8,0.106,E,8,0.20,E,8,0,-9990,0,0
05/22/2005,01:00,0,0,0,3,0,0,3,0,0,3,0,0,3,0,0,3,0,0,3,0,-9990,0,0,8,E,8,7,E,8,16.6,E,8,14.7,E,8,88,E,8,987,E,8,294,E,8,3.2,E,8,-9990,0,0,-9990,0,0,2.588,E,8,0.111,E,8,0.20,E,8,0,-9990,0,0
05/22/2005,02:00,0,0,0,3,0,0,3,0,0,3,0,0,3,0,0,3,0,0,3,0,-9990,0,0,8,E,8,7,E,8,15.9,E,8,14.0,E,8,88,E,8,987,E,8,250,E,8,3.8,E,8,-9990,0,0,-9990,0,0,2.465,E,8,0.111,E,8,0.20,E,8,0,-9990,0,0
05/22/2005,03:00,0,0,0,3,0,0,3,0,0,3,0,0,3,0,0,3,0,0,3,0,-9990,0,0,9,E,8,8,E,8,15.5,E,8,13.7,E,8,89,E,8,987,E,8,300,E,8,5.2,E,8,-9990,0,0,-9990,0,0,2.422,E,8,0.111,E,8,0.20,E,8,0,-9990,0,0
05/22/2005,04:00,0,0,0,3,0,0,3,0,0,3,0,0,3,0,0,3,0,0,3,0,-9990,0,0,9,E,8,8,E,8,15.1,E,8,13.0,E,8,87,E,8,987,E,8,220,E,8,2.3,E,8,-9990,0,0,-9990,0,0,2.302,E,8,0.111,E,8,0.20,E,8,0,-9990,0,0
05/22/2005,05:00,0,0,0,3,0,0,3,0,0,3,0,0,3,0,0,3,0,0,3,0,-9990,0,0,9,E,8,8,E,8,14.8,E,8,13.0,E,8,89,E,8,987,E,8,188,E,8,3.8,E,8,-9990,0,0,-9990,0,0,2.308,E,8,0.111,E,8,0.20,E,8,0,-9990,0,0
05/22/2005,06:00,84,600,4,3,10,0,3,20,4,3,10,462,3,10,5,3,20,461,3,10,-9990,0,0,10,E,8,9,E,8,14.8,E,8,13.4,E,8,91,E,8,987,E,8,284,E,8,4.2,E,8,-9990,0,0,-9990,0,0,2.364,E,8,0.111,E,8,0.20,E,8,0,-9990,0,0
05/22/2005,07:00,297,1333,16,3,10,0,3,20,16,3,10,1885,3,10,0,3,20,1885,3,10,-9990,0,0,10,E,8,9,E,8,14.9,E,8,13.5,E,8,91,E,8,987,E,8,274,E,8,5.2,E,8,-9990,0,0,-9990,0,0,2.381,E,8,0.111,E,8,0.20,E,8,0,-9990,0,0
05/22/2005,08:00,515,1333,124,3,10,0,3,20,124,3,10,13697,3,10,0,3,20,13697,3,10,-9990,0,0,10,E,8,9,E,8,15.7,E,8,13.5,E,8,86,E,8,987,E,8,279,E,8,3.8,E,8,-9990,0,0,-9990,0,0,2.380,E,8,0.111,E,8,0.20,E,8,0,-9990,0,0
05/22/2005,09:00,722,1333,394,3,10,220,3,20,275,3,10,42823,3,10,19571,3,20,32221,3,10,-9990,0,0,9,E,8,8,E,8,17.7,E,8,13.5,E,8,77,E,8,986,E,8,308,E,8,5.2,E,8,-9990,0,0,-9990,0,0,2.392,E,8,0.111,E,8,0.20,E,8,0,-9990,0,0
05/22/2005,10:00,903,1333,173,3,10,5,3,20,170,3,10,20330,3,10,420,3,20,20046,3,10,-9990,0,0,10,E,8,9,E,8,17.8,E,8,12.8,E,8,73,E,8,986,E,8,188,E,8,3.8,E,8,-9990,0,0,-9990,0,0,2.278,E,8,0.111,E,8,0.20,E,8,0,-9990,0,0
05/22/2005,11:00,1046,1333,151,3,10,1,3,20,150,3,10,18327,3,10,26,3,20,18307,3,10,-9990,0,0,10,E,8,9,E,8,17.8,E,8,12.1,E,8,69,E,8,986,E,8,223,E,8,5.8,E,8,-9990,0,0,-9990,0,0,2.158,E,8,0.111,E,8,0.20,E,8,0,-9990,0,0
05/22/2005,12:00,1140,1333,590,3,10,240,3,20,385,3,10,65549,3,10,24245,3,20,44807,3,10,-9990,0,0,9,E,8,8,E,8,19.2,E,8,12.8,E,8,66,E,8,986,E,8,171,E,8,7.6,E,8,-9990,0,0,-9990,0,0,2.276,E,8,0.111,E,8,0.20,E,8,0,-9990,0,0
05/22/2005,13:00,1181,1333,625,3,10,234,3,20,418,3,10,69346,3,10,23849,3,20,48223,3,10,-9990,0,0,9,E,8,8,E,8,20.4,E,8,11.7,E,8,57,E,8,986,E,8,186,E,8,7.6,E,8,-9990,0,0,-9990,0,0,2.101,E,8,0.111,E,8,0.20,E,8,0,-9990,0,0
05/22/2005,14:00,1164,1333,435,3,10,42,3,20,398,3,10,48717,3,10,3651,3,20,45529,3,10,-9990,0,0,10,E,8,9,E,8,20.8,E,8,12.3,E,8,58,E,8,987,E,8,203,E,8,3.2,E,8,-9990,0,0,-9990,0,0,2.191,E,8,0.111,E,8,0.20,E,8,0,-9990,0,0
05/22/2005,15:00,1091,1333,461,3,10,101,3,20,378,3,10,51754,3,10,10212,3,20,43397,3,10,-9990,0,0,10,E,8,9,E,8,20.8,E,8,15.5,E,8,72,E,8,987,E,8,177,E,8,4.2,E,8,-9990,0,0,-9990,0,0,2.748,E,8,0.111,E,8,0.20,E,8,2,-9990,0,0
05/22/2005,16:00,967,1333,330,3,10,26,3,20,311,3,10,37368,3,10,2640,3,20,35453,3,10,-9990,0,0,10,E,8,9,E,8,21.2,E,8,12.6,E,8,58,E,8,987,E,8,135,E,8,1.7,E,8,-9990,0,0,-9990,0,0,2.248,E,8,0.111,E,8,0.20,E,8,0,-9990,0,0
05/22/2005,17:00,800,1333,251,3,10,20,3,20,239,3,10,28109,3,10,1942,3,20,26943,3,10,-9990,0,0,10,E,8,9,E,8,21.0,E,8,13.4,E,8,62,E,8,987,E,8,126,E,8,2.0,E,8,-9990,0,0,-9990,0,0,2.362,E,8,0.111,E,8,0.20,E,8,0,-9990,0,0
05/22/2005,18:00,603,1333,231,3,10,90,3,20,190,3,10,25779,3,10,8798,3,20,21801,3,10,-9990,0,0,10,E,8,9,E,8,20.6,E,8,16.5,E,8,77,E,8,988,E,8,165,E,8,1.7,E,8,-9990,0,0,-9990,0,0,2.938,E,8,0.111,E,8,0.20,E,8,1,-9990,0,0
05/22/2005,19:00,387,1333,22,3,10,0,3,20,22,3,10,2696,3,10,0,3,20,2696,3,10,-9990,0,0,10,E,8,9,E,8,20.0,E,8,13.2,E,8,65,E,8,988,E,8,129,E,8,3.2,E,8,-9990,0,0,-9990,0,0,2.333,E,8,0.111,E,8,0.20,E,8,0,-9990,0,0
05/22/2005,20:00,168,1333,8,3,10,0,3,20,8,3,10,1013,3,10,6,3,20,1012,3,10,-9990,0,0,10,E,8,9,E,8,19.2,E,8,16.0,E,8,82,E,8,988,E,8,125,E,8,1.7,E,8,-9990,0,0,-9990,0,0,2.838,E,8,0.111,E,8,0.20,E,8,0,-9990,0,0
05/22/2005,21:00,10,214,1,3,10,0,3,20,1,3,10,0,3,10,0,3,20,0,3,10,-9990,0,0,9,E,8,8,E,8,18.6,E,8,15.4,E,8,82,E,8,988,E,8,166,E,8,1.0,E,8,-9990,0,0,-9990,0,0,2.722,E,8,0.111,E,8,0.20,E,8,0,-9990,0,0
05/22/2005,22:00,0,0,0,3,0,0,3,0,0,3,0,0,3,0,0,3,0,0,3,0,-9990,0,0,9,E,8,8,E,8,17.4,E,8,14.3,E,8,82,E,8,989,E,8,174,E,8,0.3,E,8,-9990,0,0,-9990,0,0,2.523,E,8,0.111,E,8,0.20,E,8,0,-9990,0,0
05/22/2005,23:00,0,0,0,3,0,0,3,0,0,3,0,0,3,0,0,3,0,0,3,0,-9990,0,0,9,E,8,8,E,8,16.3,E,8,13.2,E,8,82,E,8,989,E,8,253,E,8,0.7,E,8,-9990,0,0,-9990,0,0,2.339,E,8,0.111,E,8,0.20,E,8,0,-9990,0,0
05/22/2005,24:00,0,0,0,3,0,0,3,0,0,3,0,0,3,0,0,3,0,0,3,0,-9990,0,0,8,E,8,7,E,8,15.2,E,8,12.8,E,8,86,E,8,989,E,8,308,E,8,0.9,E,8,-9990,0,0,-9990,0,0,2.279,E,8,0.111,E,8,0.20,E,8,0,-9990,0,0
05/23/2005,01:00,0,0,0,3,0,0,3,0,0,3,0,0,3,0,0,3,0,0,3,0,-9990,0,0,8,E,8,7,E,8,14.3,E,8,13.5,E,8,95,E,8,990,E,8,309,E,8,1.5,E,8,-9990,0,0,-9990,0,0,2.390,E,8,0.109,E,8,0.20,E,8,0,-9990,0,0
05/23/2005,02:00,0,0,0,3,0,0,3,0,0,3,0,0,3,0,0,3,0,0,3,0,-9990,0,0,8,E,8,7,E,8,13.4,E,8,12.7,E,8,96,E,8,990,E,8,307,E,8,1.3,E,8,-9990,0,0,-9990,0,0,2.260,E,8,0.109,E,8,0.20,E,8,0,-9990,0,0
05/23/2005,03:00,0,0,0,3,0,0,3,0,0,3,0,0,3,0,0,3,0,0,3,0,-9990,0,0,6,E,8,6,E,8,12.8,E,8,12.3,E,8,97,E,8,990,E,8,278,E,8,3.5,E,8,-9990,0,0,-9990,0,0,2.198,E,8,0.109,E,8,0.20,E,8,0,-9990,0,0
05/23/2005,04:00,0,0,0,3,0,0,3,0,0,3,0,0,3,0,0,3,0,0,3,0,-9990,0,0,6,E,8,6,E,8,12.3,E,8,11.8,E,8,97,E,8,990,E,8,145,E,8,4.9,E,8,-9990,0,0,-9990,0,0,2.118,E,8,0.109,E,8,0.20,E,8,0,-9990,0,0
05/23/2005,05:00,0,0,0,3,0,0,3,0,0,3,0,0,3,0,0,3,0,0,3,0,-9990,0,0,6,E,8,6,E,8,11.9,E,8,11.4,E,8,97,E,8,991,E,8,151,E,8,5.8,E,8,-9990,0,0,-9990,0,0,2.063,E,8,0.109,E,8,0.20,E,8,0,-9990,0,0
05/23/2005,06:00,87,610,17,3,10,0,3,20,17,3,10,1920,3,10,0,3,20,1920,3,10,-9990,0,0,5,E,8,5,E,8,12.3,E,8,11.7,E,8,97,E,8,991,E,8,138,E,8,5.5,E,8,-9990,0,0,-9990,0,0,2.111,E,8,0.109,E,8,0.20,E,8,0,-9990,0,0
05/23/2005,07:00,300,1333,156,3,10,346,3,20,78,3,10,15721,3,10,22190,3,20,10734,3,10,-9990,0,0,5,E,8,5,E,8,13.9,E,8,12.5,E,8,91,E,8,991,E,8,150,E,8,4.5,E,8,-9990,0,0,-9990,0,0,2.227,E,8,0.109,E,8,0.20,E,8,0,-9990,0,0
05/23/2005,08:00,518,1333,310,3,10,529,3,20,104,3,10,33105,3,10,45624,3,20,15376,3,10,-9990,0,0,3,E,8,2,E,8,15.7,E,8,12.4,E,8,81,E,8,991,E,8,151,E,8,4.5,E,8,-9990,0,0,-9990,0,0,2.216,E,8,0.109,E,8,0.20,E,8,0,-9990,0,0
05/23/2005,09:00,724,1333,463,3,10,587,3,20,144,3,10,49020,3,10,52711,3,20,20368,3,10,-9990,0,0,3,E,8,2,E,8,17.5,E,8,12.4,E,8,72,E,8,992,E,8,128,E,8,6.4,E,8,-9990,0,0,-9990,0,0,2.208,E,8,0.109,E,8,0.20,E,8,0,-9990,0,0
05/23/2005,10:00,905,1333,602,3,10,614,3,20,186,3,10,64073,3,10,57378,3,20,25105,3,10,-9990,0,0,3,E,8,2,E,8,19.3,E,8,10.6,E,8,57,E,8,992,E,8,126,E,8,6.4,E,8,-9990,0,0,-9990,0,0,1.953,E,8,0.109,E,8,0.20,E,8,0,-9990,0,0
05/23/2005,11:00,1047,1333,711,3,10,642,3,20,206,3,10,76350,3,10,62270,3,20,27400,3,10,-9990,0,0,3,E,8,2,E,8,20.9,E,8,10.1,E,8,50,E,8,992,E,8,195,E,8,5.8,E,8,-9990,0,0,-9990,0,0,1.887,E,8,0.109,E,8,0.20,E,8,0,-9990,0,0
05/23/2005,12:00,1142,1333,790,3,10,606,3,20,270,3,10,86541,3,10,55317,3,20,39130,3,10,-9990,0,0,4,E,8,3,E,8,22.3,E,8,9.8,E,8,45,E,8,992,E,8,217,E,8,4.9,E,8,-9990,0,0,-9990,0,0,1.843,E,8,0.109,E,8,0.20,E,8,0,-9990,0,0
05/23/2005,13:00,1182,1333,822,3,10,601,3,20,288,3,10,90028,3,10,54564,3,20,41613,3,10,-9990,0,0,5,E,8,4,E,8,23.4,E,8,9.9,E,8,42,E,8,993,E,8,201,E,8,3.8,E,8,-9990,0,0,-9990,0,0,1.859,E,8,0.109,E,8,0.20,E,8,0,-9990,0,0
05/23/2005,14:00,1166,1333,809,3,10,605,3,20,280,3,10,88603,3,10,55078,3,20,40425,3,10,-9990,0,0,4,E,8,3,E,8,24.2,E,8,9.5,E,8,39,E,8,993,E,8,142,E,8,3.8,E,8,-9990,0,0,-9990,0,0,1.798,E,8,0.109,E,8,0.20,E,8,0,-9990,0,0
05/23/2005,15:00,1093,1333,752,3,10,615,3,20,247,3,10,79906,3,10,59247,3,20,31314,3,10,-9990,0,0,4,E,8,3,E,8,24.7,E,8,8.4,E,8,35,E,8,993,E,8,152,E,8,1.5,E,8,-9990,0,0,-9990,0,0,1.673,E,8,0.109,E,8,0.20,E,8,0,-9990,0,0
05/23/2005,16:00,969,1333,656,3,10,632,3,20,196,3,10,70015,3,10,60200,3,20,26229,3,10,-9990,0,0,3,E,8,2,E,8,24.9,E,8,9.7,E,8,38,E,8,993,E,8,156,E,8,2.5,E,8,-9990,0,0,-9990,0,0,1.825,E,8,0.109,E,8,0.20,E,8,0,-9990,0,0
05/23/2005,17:00,803,1333,530,3,10,644,3,20,142,3,10,56561,3,10,60589,3,20,20050,3,10,-9990,0,0,1,E,8,1,E,8,24.7,E,8,9.7,E,8,38,E,8,993,E,8,157,E,8,2.5,E,8,-9990,0,0,-9990,0,0,1.825,E,8,0.109,E,8,0.20,E,8,0,-9990,0,0
05/23/2005,18:00,606,1333,377,3,10,575,3,20,116,3,10,39563,3,10,50481,3,20,16623,3,10,-9990,0,0,1,E,8,1,E,8,24.1,E,8,9.4,E,8,39,E,8,993,E,8,146,E,8,6.4,E,8,-9990,0,0,-9990,0,0,1.795,E,8,0.109,E,8,0.20,E,8,0,-9990,0,0
05/23/2005,19:00,390,1333,215,3,10,479,3,20,74,3,10,22110,3,10,38369,3,20,10870,3,10,-9990,0,0,1,E,8,1,E,8,23.0,E,8,8.6,E,8,40,E,8,993,E,8,150,E,8,4.2,E,8,-9990,0,0,-9990,0,0,1.689,E,8,0.109,E,8,0.20,E,8,0,-9990,0,0
05/23/2005,20:00,172,1333,78,3,10,292,3,20,40,3,10,8054,3,10,14611,3,20,6167,3,10,-9990,0,0,1,E,8,1,E,8,21.6,E,8,8.4,E,8,43,E,8,993,E,8,168,E,8,5.5,E,8,-9990,0,0,-9990,0,0,1.669,E,8,0.109,E,8,0.20,E,8,0,-9990,0,0
05/23/2005,21:00,11,227,1,3,10,0,3,20,1,3,10,0,3,10,0,3,20,0,3,10,-9990,0,0,3,E,8,2,E,8,20.2,E,8,7.6,E,8,44,E,8,993,E,8,162,E,8,5.8,E,8,-9990,0,0,-9990,0,0,1.579,E,8,0.109,E,8,0.20,E,8,0,-9990,0,0
05/23/2005,22:00,0,0,0,3,0,0,3,0,0,3,0,0,3,0,0,3,0,0,3,0,-9990,0,0,3,E,8,2,E,8,18.3,E,8,9.4,E,8,56,E,8,993,E,8,263,E,8,5.2,E,8,-9990,0,0,-9990,0,0,1.793,E,8,0.109,E,8,0.20,E,8,0,-9990,0,0
05/23/2005,23:00,0,0,0,3,0,0,3,0,0,3,0,0,3,0,0,3,0,0,3,0,-9990,0,0,3,E,8,2,E,8,16.4,E,8,9.0,E,8,62,E,8,993,E,8,160,E,8,3.8,E,8,-9990,0,0,-9990,0,0,1.748,E,8,0.109,E,8,0.20,E,8,0,-9990,0,0
05/23/2005,24:00,0,0,0,3,0,0,3,0,0,3,0,0,3,0,0,3,0,0,3,0,-9990,0,0,4,E,8,3,E,8,14.6,E,8,7.6,E,8,63,E,8,993,E,8,167,E,8,1.3,E,8,-9990,0,0,-9990,0,0,1.575,E,8,0.109,E,8,0.20,E,8,0,-9990,0,0
05/24/2005,01:00,0,0,0,3,0,0,3,0,0,3,0,0,3,0,0,3,0,0,3,0,-9990,0,0,4,E,8,3,E,8,13.2,E,8,7.4,E,8,68,E,8,993,E,8,311,E,8,2.5,E,8,-9990,0,0,-9990,0,0,1.557,E,8,0.092,E,8,0.20,E,8,0,-9990,0,0
05/24/2005,02:00,0,0,0,3,0,0,3,0,0,3,0,0,3,0,0,3,0,0,3,0,-9990,0,0,4,E,8,3,E,8,11.7,E,8,6.3,E,8,69,E,8,993,E,8,279,E,8,8.3,E,8,-9990,0,0,-9990,0,0,1.438,E,8,0.092,E,8,0.20,E,8,0,-9990,0,0
05/24/2005,03:00,0,0,0,3,0,0,3,0,0,3,0,0,3,0,0,3,0,0,3,0,-9990,0,0,4,E,8,3,E,8,10.8,E,8,6.2,E,8,73,E,8,994,E,8,302,E,8,13.7,E,8,-9990,0,0,-9990,0,0,1.428,E,8,0.092,E,8,0.20,E,8,0,-9990,0,0
05/24/2005,04:00,0,0,0,3,0,0,3,0,0,3,0,0,3,0,0,3,0,0,3,0,-9990,0,0,5,E,8,4,E,8,10.0,E,8,6.7,E,8,80,E,8,994,E,8,291,E,8,7.6,E,8,-9990,0,0,-9990,0,0,1.480,E,8,0.092,E,8,0.20,E,8,0,-9990,0,0
05/24/2005,05:00,0,0,0,3,0,0,3,0,0,3,0,0,3,0,0,3,0,0,3,0,-9990,0,0,5,E,8,5,E,8,9.3,E,8,6.7,E,8,83,E,8,994,E,8,294,E,8,11.2,E,8,-9990,0,0,-9990,0,0,1.481,E,8,0.092,E,8,0.20,E,8,0,-9990,0,0
05/24/2005,06:00,90,621,21,3,10,0,3,20,21,3,10,2310,3,10,0,3,20,2310,3,10,-9990,0,0,5,E,8,5,E,8,9.7,E,8,6.8,E,8,82,E,8,994,E,8,271,E,8,11.2,E,8,-9990,0,0,-9990,0,0,1.490,E,8,0.092,E,8,0.20,E,8,0,-9990,0,0
05/24/2005,07:00,302,1332,181,3,10,386,3,20,93,3,10,17780,3,10,25160,3,20,12070,3,10,-9990,0,0,6,E,8,5,E,8,11.5,E,8,7.5,E,8,76,E,8,994,E,8,280,E,8,9.5,E,8,-9990,0,0,-9990,0,0,1.566,E,8,0.092,E,8,0.20,E,8,0,-9990,0,0
05/24/2005,08:00,520,1332,351,3,10,770,3,20,51,3,10,37640,3,10,75831,3,20,8023,3,10,-9990,0,0,0,E,8,0,E,8,13.4,E,8,7.9,E,8,70,E,8,994,E,8,290,E,8,3.8,E,8,-9990,0,0,-9990,0,0,1.618,E,8,0.092,E,8,0.20,E,8,0,-9990,0,0
05/24/2005,09:00,726,1332,521,3,10,839,3,20,64,3,10,56297,3,10,85747,3,20,9534,3,10,-9990,0,0,0,E,8,0,E,8,15.3,E,8,8.4,E,8,64,E,8,994,E,8,284,E,8,4.5,E,8,-9990,0,0,-9990,0,0,1.675,E,8,0.092,E,8,0.20,E,8,0,-9990,0,0
05/24/2005,10:00,907,1332,678,3,10,876,3,20,82,3,10,72667,3,10,89529,3,20,11716,3,10,-9990,0,0,0,E,8,0,E,8,17.1,E,8,7.5,E,8,53,E,8,994,E,8,340,E,8,3.5,E,8,-9990,0,0,-9990,0,0,1.572,E,8,0.092,E,8,0.20,E,8,0,-9990,0,0
05/24/2005,11:00,1049,1332,802,3,10,890,3,20,101,3,10,85529,3,10,90914,3,20,13923,3,10,-9990,0,0,0,E,8,0,E,8,18.8,E,8,8.0,E,8,49,E,8,994,E,8,296,E,8,2.3,E,8,-9990,0,0,-9990,0,0,1.621,E,8,0.092,E,8,0.20,E,8,0,-9990,0,0
05/24/2005,12:00,1144,1332,886,3,10,896,3,20,116,3,10,94178,3,10,91499,3,20,15617,3,10,-9990,0,0,0,E,8,0,E,8,20.2,E,8,8.8,E,8,48,E,8,994,E,8,178,E,8,1.7,E,8,-9990,0,0,-9990,0,0,1.718,E,8,0.092,E,8,0.20,E,8,0,-9990,0,0
05/24/2005,13:00,1184,1332,927,3,10,911,3,20,117,3,10,98476,3,10,93252,3,20,15589,3,10,-9990,0,0,0,E,8,0,E,8,21.4,E,8,8.6,E,8,44,E,8,994,E,8,178,E,8,0.5,E,8,-9990,0,0,-9990,0,0,1.695,E,8,0.092,E,8,0.20,E,8,0,-9990,0,0
05/24/2005,14:00,1167,1332,917,3,10,920,3,20,111,3,10,97702,3,10,94553,3,20,14844,3,10,-9990,0,0,0,E,8,0,E,8,22.2,E,8,9.3,E,8,44,E,8,994,E,8,157,E,8,1.7,E,8,-9990,0,0,-9990,0,0,1.779,E,8,0.092,E,8,0.20,E,8,0,-9990,0,0
05/24/2005,15:00,1095,1332,849,3,10,909,3,20,102,3,10,90795,3,10,93477,3,20,13968,3,10,-9990,0,0,0,E,8,0,E,8,22.7,E,8,9.5,E,8,43,E,8,993,E,8,229,E,8,1.2,E,8,-9990,0,0,-9990,0,0,1.803,E,8,0.092,E,8,0.20,E,8,0,-9990,0,0
05/24/2005,16:00,971,1332,744,3,10,907,3,20,82,3,10,80036,3,10,93777,3,20,11651,3,10,-9990,0,0,0,E,8,0,E,8,22.8,E,8,9.5,E,8,43,E,8,993,E,8,260,E,8,1.3,E,8,-9990,0,0,-9990,0,0,1.804,E,8,0.092,E,8,0.20,E,8,0,-9990,0,0
05/24/2005,17:00,805,1332,600,3,10,887,3,20,64,3,10,65088,3,10,92047,3,20,9429,3,10,-9990,0,0,0,E,8,0,E,8,22.6,E,8,10.3,E,8,46,E,8,993,E,8,322,E,8,1.5,E,8,-9990,0,0,-9990,0,0,1.908,E,8,0.092,E,8,0.20,E,8,0,-9990,0,0
05/24/2005,18:00,608,1332,435,3,10,845,3,20,49,3,10,47414,3,10,87390,3,20,7502,3,10,-9990,0,0,0,E,8,0,E,8,21.8,E,8,10.6,E,8,49,E,8,992,E,8,318,E,8,2.5,E,8,-9990,0,0,-9990,0,0,1.945,E,8,0.092,E,8,0.20,E,8,0,-9990,0,0
05/24/2005,19:00,394,1332,259,3,10,731,3,20,43,3,10,27271,3,10,68744,3,20,6962,3,10,-9990,0,0,0,E,8,0,E,8,20.6,E,8,11.0,E,8,54,E,8,992,E,8,280,E,8,2.3,E,8,-9990,0,0,-9990,0,0,1.998,E,8,0.092,E,8,0.20,E,8,0,-9990,0,0
05/24/2005,20:00,176,1332,99,3,10,503,3,20,32,3,10,10141,3,10,36823,3,20,5287,3,10,-9990,0,0,1,E,8,1,E,8,19.1,E,8,10.1,E,8,56,E,8,992,E,8,299,E,8,1.0,E,8,-9990,0,0,-9990,0,0,1.883,E,8,0.092,E,8,0.20,E,8,0,-9990,0,0
05/24/2005,21:00,13,239,1,3,10,0,3,20,1,3,10,0,3,10,0,3,20,0,3,10,-9990,0,0,1,E,8,1,E,8,17.5,E,8,10.2,E,8,62,E,8,991,E,8,286,E,8,1.2,E,8,-9990,0,0,-9990,0,0,1.888,E,8,0.092,E,8,0.20,E,8,0,-9990,0,0
05/24/2005,22:00,0,0,0,3,0,0,3,0,0,3,0,0,3,0,0,3,0,0,3,0,-9990,0,0,3,E,8,2,E,8,16.5,E,8,12.3,E,8,76,E,8,991,E,8,166,E,8,0.3,E,8,-9990,0,0,-9990,0,0,2.190,E,8,0.092,E,8,0.20,E,8,0,-9990,0,0
05/24/2005,23:00,0,0,0,3,0,0,3,0,0,3,0,0,3,0,0,3,0,0,3,0,-9990,0,0,3,E,8,2,E,8,15.4,E,8,12.1,E,8,81,E,8,991,E,8,176,E,8,0.2,E,8,-9990,0,0,-9990,0,0,2.162,E,8,0.092,E,8,0.20,E,8,0,-9990,0,0
05/24/2005,24:00,0,0,0,3,0,0,3,0,0,3,0,0,3,0,0,3,0,0,3,0,-9990,0,0,4,E,8,3,E,8,14.3,E,8,11.4,E,8,82,E,8,990,E,8,147,E,8,0.3,E,8,-9990,0,0,-9990,0,0,2.054,E,8,0.092,E,8,0.20,E,8,0,-9990,0,0
05/25/2005,01:00,0,0,0,3,0,0,3,0,0,3,0,0,3,0,0,3,0,0,3,0,-9990,0,0,4,E,8,3,E,8,14.2,E,8,10.7,E,8,80,E,8,990,E,8,162,E,8,0.6,E,8,-9990,0,0,-9990,0,0,1.965,E,8,0.097,E,8,0.20,E,8,0,-9990,0,0
05/25/2005,02:00,0,0,0,3,0,0,3,0,0,3,0,0,3,0,0,3,0,0,3,0,-9990,0,0,5,E,8,4,E,8,14.0,E,8,10.5,E,8,79,E,8,989,E,8,200,E,8,0.2,E,8,-9990,0,0,-9990,0,0,1.933,E,8,0.097,E,8,0.20,E,8,0,-9990,0,0
05/25/2005,03:00,0,0,0,3,0,0,3,0,0,3,0,0,3,0,0,3,0,0,3,0,-9990,0,0,6,E,8,6,E,8,13.9,E,8,11.1,E,8,83,E,8,989,E,8,284,E,8,0.3,E,8,-9990,0,0,-9990,0,0,2.013,E,8,0.097,E,8,0.20,E,8,0,-9990,0,0
05/25/2005,04:00,0,0,0,3,0,0,3,0,0,3,0,0,3,0,0,3,0,0,3,0,-9990,0,0,6,E,8,6,E,8,13.8,E,8,10.8,E,8,82,E,8,989,E,8,210,E,8,0.3,E,8,-9990,0,0,-9990,0,0,1.978,E,8,0.097,E,8,0.20,E,8,0,-9990,0,0
05/25/2005,05:00,0,0,0,3,0,0,3,0,0,3,0,0,3,0,0,3,0,0,3,0,-9990,0,0,8,E,8,7,E,8,13.8,E,8,10.9,E,8,83,E,8,988,E,8,130,E,8,0.1,E,8,-9990,0,0,-9990,0,0,1.995,E,8,0.097,E,8,0.20,E,8,0,-9990,0,0
05/25/2005,06:00,93,630,12,3,10,0,3,20,12,3,10,1427,3,10,0,3,20,1427,3,10,-9990,0,0,8,E,8,7,E,8,14.1,E,8,12.5,E,8,90,E,8,988,E,8,141,E,8,0.4,E,8,-9990,0,0,-9990,0,0,2.225,E,8,0.097,E,8,0.20,E,8,0,-9990,0,0
05/25/2005,07:00,305,1331,114,3,10,126,3,20,85,3,10,12252,3,10,9190,3,20,10147,3,10,-9990,0,0,9,E,8,8,E,8,15.5,E,8,13.0,E,8,85,E,8,988,E,8,161,E,8,0.4,E,8,-9990,0,0,-9990,0,0,2.304,E,8,0.097,E,8,0.20,E,8,0,-9990,0,0
05/25/2005,08:00,523,1331,166,3,10,42,3,20,150,3,10,18514,3,10,3490,3,20,17145,3,10,-9990,0,0,10,E,8,9,E,8,16.5,E,8,13.1,E,8,80,E,8,987,E,8,124,E,8,0.3,E,8,-9990,0,0,-9990,0,0,2.324,E,8,0.097,E,8,0.20,E,8,0,-9990,0,0
05/25/2005,09:00,728,1331,126,3,10,0,3,20,126,3,10,14626,3,10,0,3,20,14626,3,10,-9990,0,0,10,E,8,9,E,8,16.7,E,8,12.1,E,8,74,E,8,987,E,8,120,E,8,1.5,E,8,-9990,0,0,-9990,0,0,2.159,E,8,0.097,E,8,0.20,E,8,0,-9990,0,0
05/25/2005,10:00,909,1331,176,3,10,3,3,20,174,3,10,20597,3,10,182,3,20,20473,3,10,-9990,0,0,10,E,8,9,E,8,17.1,E,8,11.9,E,8,72,E,8,987,E,8,137,E,8,1.3,E,8,-9990,0,0,-9990,0,0,2.140,E,8,0.097,E,8,0.20,E,8,0,-9990,0,0
05/25/2005,11:00,1051,1331,73,3,10,0,3,20,73,3,10,9370,3,10,0,3,20,9370,3,10,-9990,0,0,10,E,8,9,E,8,16.8,E,8,12.1,E,8,74,E,8,986,E,8,123,E,8,0.7,E,8,-9990,0,0,-9990,0,0,2.167,E,8,0.097,E,8,0.20,E,8,0,-9990,0,0
05/25/2005,12:00,1145,1331,205,3,10,5,3,20,202,3,10,24700,3,10,399,3,20,24356,3,10,-9990,0,0,10,E,8,9,E,8,17.1,E,8,13.9,E,8,82,E,8,986,E,8,142,E,8,0.5,E,8,-9990,0,0,-9990,0,0,2.458,E,8,0.097,E,8,0.20,E,8,1,-9990,0,0
05/25/2005,13:00,1185,1331,367,3,10,21,3,20,348,3,10,42487,3,10,2145,3,20,40577,3,10,-9990,0,0,10,E,8,9,E,8,18.0,E,8,14.8,E,8,82,E,8,985,E,8,74,E,8,0.5,E,8,-9990,0,0,-9990,0,0,2.623,E,8,0.097,E,8,0.20,E,8,0,-9990,0,0
05/25/2005,14:00,1169,1331,405,3,10,32,3,20,378,3,10,45405,3,10,2468,3,20,43238,3,10,-9990,0,0,10,E,8,9,E,8,18.8,E,8,11.9,E,8,64,E,8,986,E,8,111,E,8,2.5,E,8,-9990,0,0,-9990,0,0,2.133,E,8,0.097,E,8,0.20,E,8,0,-9990,0,0
05/25/2005,15:00,1097,1331,496,3,10,133,3,20,387,3,10,54845,3,10,12356,3,20,44670,3,10,-9990,0,0,9,E,8,8,E,8,19.7,E,8,11.3,E,8,58,E,8,986,E,8,128,E,8,2.5,E,8,-9990,0,0,-9990,0,0,2.042,E,8,0.097,E,8,0.20,E,8,0,-9990,0,0
05/25/2005,16:00,973,1331,369,3,10,40,3,20,340,3,10,41307,3,10,3279,3,20,38910,3,10,-9990,0,0,10,E,8,9,E,8,19.6,E,8,14.5,E,8,72,E,8,986,E,8,320,E,8,4.5,E,8,-9990,0,0,-9990,0,0,2.558,E,8,0.097,E,8,0.20,E,8,2,-9990,0,0
05/25/2005,17:00,808,1331,339,3,10,106,3,20,274,3,10,37973,3,10,10602,3,20,31541,3,10,-9990,0,0,10,E,8,9,E,8,20.3,E,8,17.0,E,8,82,E,8,986,E,8,313,E,8,2.8,E,8,-9990,0,0,-9990,0,0,3.055,E,8,0.097,E,8,0.20,E,8,0,-9990,0,0
05/25/2005,18:00,611,1331,248,3,10,87,3,20,208,3,10,27583,3,10,8428,3,20,23715,3,10,-9990,0,0,10,E,8,9,E,8,20.3,E,8,13.9,E,8,67,E,8,986,E,8,147,E,8,2.8,E,8,-9990,0,0,-9990,0,0,2.459,E,8,0.097,E,8,0.20,E,8,0,-9990,0,0
05/25/2005,19:00,397,1331,174,3,10,150,3,20,129,3,10,18638,3,10,11726,3,20,15145,3,10,-9990,0,0,9,E,8,8,E,8,20.1,E,8,11.1,E,8,56,E,8,986,E,8,101,E,8,2.5,E,8,-9990,0,0,-9990,0,0,2.023,E,8,0.097,E,8,0.20,E,8,0,-9990,0,0
05/25/2005,20:00,179,1331,70,3,10,198,3,20,43,3,10,7426,3,10,7306,3,20,6444,3,10,-9990,0,0,9,E,8,8,E,8,19.5,E,8,11.7,E,8,61,E,8,986,E,8,143,E,8,0.8,E,8,-9990,0,0,-9990,0,0,2.110,E,8,0.097,E,8,0.20,E,8,0,-9990,0,0
05/25/2005,21:00,14,252,3,3,10,0,3,20,3,3,10,0,3,10,0,3,20,0,3,10,-9990,0,0,9,E,8,8,E,8,18.8,E,8,11.7,E,8,63,E,8,986,E,8,78,E,8,0.5,E,8,-9990,0,0,-9990,0,0,2.099,E,8,0.097,E,8,0.20,E,8,0,-9990,0,0
05/25/2005,22:00,0,0,0,3,0,0,3,0,0,3,0,0,3,0,0,3,0,0,3,0,-9990,0,0,9,E,8,8,E,8,18.1,E,8,12.5,E,8,69,E,8,986,E,8,169,E,8,0.2,E,8,-9990,0,0,-9990,0,0,2.224,E,8,0.097,E,8,0.20,E,8,0,-9990,0,0
05/25/2005,23:00,0,0,0,3,0,0,3,0,0,3,0,0,3,0,0,3,0,0,3,0,-9990,0,0,9,E,8,8,E,8,17.4,E,8,12.5,E,8,73,E,8,986,E,8,196,E,8,0.5,E,8,-9990,0,0,-9990,0,0,2.223,E,8,0.097,E,8,0.20,E,8,0,-9990,0,0
05/25/2005,24:00,0,0,0,3,0,0,3,0,0,3,0,0,3,0,0,3,0,0,3,0,-9990,0,0,9,E,8,8,E,8,16.8,E,8,12.6,E,8,76,E,8,986,E,8,238,E,8,0.7,E,8,-9990,0,0,-9990,0,0,2.241,E,8,0.097,E,8,0.20,E,8,0,-9990,0,0
05/26/2005,01:00,0,0,0,3,0,0,3,0,0,3,0,0,3,0,0,3,0,0,3,0,-9990,0,0,9,E,8,8,E,8,16.2,E,8,12.0,E,8,76,E,8,986,E,8,181,E,8,1.5,E,8,-9990,0,0,-9990,0,0,2.155,E,8,0.085,E,8,0.20,E,8,0,-9990,0,0
05/26/2005,02:00,0,0,0,3,0,0,3,0,0,3,0,0,3,0,0,3,0,0,3,0,-9990,0,0,9,E,8,8,E,8,15.5,E,8,11.7,E,8,78,E,8,986,E,8,301,E,8,1.0,E,8,-9990,0,0,-9990,0,0,2.109,E,8,0.085,E,8,0.20,E,8,0,-9990,0,0
05/26/2005,03:00,0,0,0,3,0,0,3,0,0,3,0,0,3,0,0,3,0,0,3,0,-9990,0,0,10,E,8,9,E,8,15.2,E,8,11.7,E,8,80,E,8,986,E,8,313,E,8,2.3,E,8,-9990,0,0,-9990,0,0,2.108,E,8,0.085,E,8,0.20,E,8,0,-9990,0,0
05/26/2005,04:00,0,0,0,3,0,0,3,0,0,3,0,0,3,0,0,3,0,0,3,0,-9990,0,0,10,E,8,9,E,8,14.8,E,8,12.5,E,8,86,E,8,986,E,8,205,E,8,0.6,E,8,-9990,0,0,-9990,0,0,2.219,E,8,0.085,E,8,0.20,E,8,0,-9990,0,0
05/26/2005,05:00,0,0,0,3,0,0,3,0,0,3,0,0,3,0,0,3,0,0,3,0,-9990,0,0,10,E,8,9,E,8,14.6,E,8,12.0,E,8,85,E,8,986,E,8,147,E,8,0.2,E,8,-9990,0,0,-9990,0,0,2.154,E,8,0.085,E,8,0.20,E,8,0,-9990,0,0
05/26/2005,06:00,96,640,13,3,10,0,3,20,13,3,10,1531,3,10,0,3,20,1531,3,10,-9990,0,0,10,E,8,9,E,8,14.8,E,8,12.3,E,8,85,E,8,986,E,8,175,E,8,0.3,E,8,-9990,0,0,-9990,0,0,2.191,E,8,0.085,E,8,0.20,E,8,0,-9990,0,0
05/26/2005,07:00,307,1331,99,3,10,61,3,20,85,3,10,10976,3,10,5661,3,20,9669,3,10,-9990,0,0,10,E,8,9,E,8,15.8,E,8,12.7,E,8,82,E,8,986,E,8,169,E,8,0.3,E,8,-9990,0,0,-9990,0,0,2.259,E,8,0.085,E,8,0.20,E,8,0,-9990,0,0
05/26/2005,08:00,525,1331,179,3,10,30,3,20,167,3,10,19353,3,10,3058,3,20,18148,3,10,-9990,0,0,10,E,8,9,E,8,16.8,E,8,13.2,E,8,79,E,8,986,E,8,121,E,8,0.6,E,8,-9990,0,0,-9990,0,0,2.339,E,8,0.085,E,8,0.20,E,8,0,-9990,0,0
05/26/2005,09:00,730,1331,232,3,10,17,3,20,222,3,10,25743,3,10,1693,3,20,24815,3,10,-9990,0,0,10,E,8,9,E,8,17.6,E,8,12.9,E,8,74,E,8,987,E,8,69,E,8,0.9,E,8,-9990,0,0,-9990,0,0,2.284,E,8,0.085,E,8,0.20,E,8,0,-9990,0,0
05/26/2005,10:00,910,1331,340,3,10,38,3,20,315,3,10,37965,3,10,3056,3,20,35875,3,10,-9990,0,0,10,E,8,9,E,8,18.5,E,8,12.6,E,8,68,E,8,987,E,8,135,E,8,2.5,E,8,-9990,0,0,-9990,0,0,2.239,E,8,0.085,E,8,0.20,E,8,0,-9990,0,0
05/26/2005,11:00,1052,1331,401,3,10,50,3,20,361,3,10,44760,3,10,4468,3,20,41227,3,10,-9990,0,0,10,E,8,9,E,8,19.4,E,8,11.8,E,8,61,E,8,987,E,8,169,E,8,2.8,E,8,-9990,0,0,-9990,0,0,2.116,E,8,0.085,E,8,0.20,E,8,0,-9990,0,0
05/26/2005,12:00,1147,1331,433,3,10,37,3,20,401,3,10,48432,3,10,3048,3,20,45806,3,10,-9990,0,0,10,E,8,9,E,8,20.1,E,8,11.8,E,8,59,E,8,987,E,8,145,E,8,3.2,E,8,-9990,0,0,-9990,0,0,2.114,E,8,0.085,E,8,0.20,E,8,0,-9990,0,0
05/26/2005,13:00,1187,1331,480,3,10,77,3,20,412,3,10,53731,3,10,7556,3,20,46994,3,10,-9990,0,0,10,E,8,9,E,8,20.8,E,8,11.9,E,8,57,E,8,987,E,8,145,E,8,3.8,E,8,-9990,0,0,-9990,0,0,2.135,E,8,0.085,E,8,0.20,E,8,0,-9990,0,0
05/26/2005,14:00,1170,1331,429,3,10,32,3,20,401,3,10,48068,3,10,2547,3,20,45828,3,10,-9990,0,0,10,E,8,9,E,8,21.1,E,8,12.1,E,8,56,E,8,987,E,8,142,E,8,5.8,E,8,-9990,0,0,-9990,0,0,2.167,E,8,0.085,E,8,0.20,E,8,0,-9990,0,0
05/26/2005,15:00,1098,1331,430,3,10,44,3,20,394,3,10,48122,3,10,3799,3,20,44987,3,10,-9990,0,0,10,E,8,9,E,8,21.4,E,8,13.2,E,8,59,E,8,987,E,8,136,E,8,3.0,E,8,-9990,0,0,-9990,0,0,2.338,E,8,0.085,E,8,0.20,E,8,0,-9990,0,0
05/26/2005,16:00,975,1331,379,3,10,67,3,20,330,3,10,42403,3,10,6331,3,20,37763,3,10,-9990,0,0,10,E,8,9,E,8,21.5,E,8,13.4,E,8,60,E,8,987,E,8,143,E,8,5.2,E,8,-9990,0,0,-9990,0,0,2.374,E,8,0.085,E,8,0.20,E,8,0,-9990,0,0
05/26/2005,17:00,810,1331,276,3,10,27,3,20,259,3,10,30737,3,10,2754,3,20,29061,3,10,-9990,0,0,10,E,8,9,E,8,21.4,E,8,13.3,E,8,60,E,8,987,E,8,56,E,8,5.8,E,8,-9990,0,0,-9990,0,0,2.347,E,8,0.085,E,8,0.20,E,8,0,-9990,0,0
05/26/2005,18:00,614,1331,211,3,10,28,3,20,198,3,10,22944,3,10,2832,3,20,21638,3,10,-9990,0,0,10,E,8,9,E,8,21.0,E,8,16.4,E,8,75,E,8,987,E,8,169,E,8,4.2,E,8,-9990,0,0,-9990,0,0,2.923,E,8,0.085,E,8,0.20,E,8,0,-9990,0,0
05/26/2005,19:00,400,1331,98,3,10,0,3,20,98,3,10,10596,3,10,0,3,20,10596,3,10,-9990,0,0,10,E,8,9,E,8,20.2,E,8,17.0,E,8,82,E,8,988,E,8,145,E,8,2.3,E,8,-9990,0,0,-9990,0,0,3.050,E,8,0.085,E,8,0.20,E,8,0,-9990,0,0
05/26/2005,20:00,182,1331,38,3,10,0,3,20,38,3,10,4287,3,10,0,3,20,4287,3,10,-9990,0,0,10,E,8,9,E,8,19.3,E,8,16.8,E,8,86,E,8,988,E,8,171,E,8,2.3,E,8,-9990,0,0,-9990,0,0,3.005,E,8,0.085,E,8,0.20,E,8,2,-9990,0,0
05/26/2005,21:00,15,264,1,3,10,0,3,20,1,3,10,0,3,10,0,3,20,0,3,10,-9990,0,0,10,E,8,9,E,8,18.8,E,8,15.6,E,8,82,E,8,988,E,8,147,E,8,1.5,E,8,-9990,0,0,-9990,0,0,2.770,E,8,0.085,E,8,0.20,E,8,0,-9990,0,0
05/26/2005,22:00,0,0,0,3,0,0,3,0,0,3,0,0,3,0,0,3,0,0,3,0,-9990,0,0,9,E,8,8,E,8,17.9,E,8,14.7,E,8,82,E,8,988,E,8,55,E,8,1.0,E,8,-9990,0,0,-9990,0,0,2.597,E,8,0.085,E,8,0.20,E,8,0,-9990,0,0
05/26/2005,23:00,0,0,0,3,0,0,3,0,0,3,0,0,3,0,0,3,0,0,3,0,-9990,0,0,9,E,8,8,E,8,16.9,E,8,13.8,E,8,82,E,8,988,E,8,111,E,8,0.5,E,8,-9990,0,0,-9990,0,0,2.435,E,8,0.085,E,8,0.20,E,8,0,-9990,0,0
05/26/2005,24:00,0,0,0,3,0,0,3,0,0,3,0,0,3,0,0,3,0,0,3,0,-9990,0,0,9,E,8,8,E,8,16.0,E,8,12.9,E,8,82,E,8,988,E,8,123,E,8,2.3,E,8,-9990,0,0,-9990,0,0,2.284,E,8,0.085,E,8,0.20,E,8,0,-9990,0,0
05/27/2005,01:00,0,0,0,3,0,0,3,0,0,3,0,0,3,0,0,3,0,0,3,0,-9990,0,0,9,E,8,8,E,8,15.4,E,8,12.8,E,8,85,E,8,988,E,8,61,E,8,1.7,E,8,-9990,0,0,-9990,0,0,2.278,E,8,0.092,E,8,0.20,E,8,0,-9990,0,0
05/27/2005,02:00,0,0,0,3,0,0,3,0,0,3,0,0,3,0,0,3,0,0,3,0,-9990,0,0,8,E,8,7,E,8,14.6,E,8,12.5,E,8,87,E,8,988,E,8,149,E,8,0.9,E,8,-9990,0,0,-9990,0,0,2.232,E,8,0.092,E,8,0.20,E,8,0,-9990,0,0
05/27/2005,03:00,0,0,0,3,0,0,3,0,0,3,0,0,3,0,0,3,0,0,3,0,-9990,0,0,8,E,8,7,E,8,14.2,E,8,12.2,E,8,88,E,8,989,E,8,52,E,8,0.8,E,8,-9990,0,0,-9990,0,0,2.186,E,8,0.092,E,8,0.20,E,8,0,-9990,0,0
05/27/2005,04:00,0,0,0,3,0,0,3,0,0,3,0,0,3,0,0,3,0,0,3,0,-9990,0,0,8,E,8,7,E,8,13.8,E,8,12.3,E,8,91,E,8,989,E,8,21,E,8,0.8,E,8,-9990,0,0,-9990,0,0,2.195,E,8,0.092,E,8,0.20,E,8,0,-9990,0,0
05/27/2005,05:00,0,0,0,3,0,0,3,0,0,3,0,0,3,0,0,3,0,0,3,0,-9990,0,0,8,E,8,7,E,8,13.5,E,8,11.3,E,8,86,E,8,989,E,8,111,E,8,1.9,E,8,-9990,0,0,-9990,0,0,2.046,E,8,0.092,E,8,0.20,E,8,0,-9990,0,0
05/27/2005,06:00,98,649,29,3,10,0,3,20,29,3,10,3101,3,10,0,3,20,3101,3,10,-9990,0,0,8,E,8,7,E,8,14.2,E,8,11.7,E,8,85,E,8,989,E,8,100,E,8,2.3,E,8,-9990,0,0,-9990,0,0,2.102,E,8,0.092,E,8,0.20,E,8,0,-9990,0,0
05/27/2005,07:00,310,1330,150,3,10,274,3,20,86,3,10,15360,3,10,20248,3,20,10646,3,10,-9990,0,0,6,E,8,5,E,8,15.7,E,8,11.1,E,8,74,E,8,989,E,8,114,E,8,2.5,E,8,-9990,0,0,-9990,0,0,2.011,E,8,0.092,E,8,0.20,E,8,0,-9990,0,0
05/27/2005,08:00,527,1330,239,3,10,179,3,20,169,3,10,25910,3,10,15245,3,20,19875,3,10,-9990,0,0,9,E,8,8,E,8,17.0,E,8,11.8,E,8,72,E,8,989,E,8,151,E,8,2.3,E,8,-9990,0,0,-9990,0,0,2.126,E,8,0.092,E,8,0.20,E,8,0,-9990,0,0
05/27/2005,09:00,732,1330,312,3,10,88,3,20,264,3,10,34695,3,10,8674,3,20,29923,3,10,-9990,0,0,10,E,8,9,E,8,18.0,E,8,11.6,E,8,66,E,8,989,E,8,146,E,8,1.7,E,8,-9990,0,0,-9990,0,0,2.086,E,8,0.092,E,8,0.20,E,8,0,-9990,0,0
05/27/2005,10:00,912,1330,407,3,10,132,3,20,316,3,10,44646,3,10,11666,3,20,36651,3,10,-9990,0,0,9,E,8,8,E,8,19.2,E,8,10.3,E,8,56,E,8,989,E,8,22,E,8,2.5,E,8,-9990,0,0,-9990,0,0,1.903,E,8,0.092,E,8,0.20,E,8,0,-9990,0,0
05/27/2005,11:00,1054,1330,622,3,10,355,3,20,341,3,10,67678,3,10,34488,3,20,40369,3,10,-9990,0,0,8,E,8,6,E,8,20.9,E,8,11.2,E,8,54,E,8,990,E,8,115,E,8,2.3,E,8,-9990,0,0,-9990,0,0,2.033,E,8,0.092,E,8,0.20,E,8,0,-9990,0,0
05/27/2005,12:00,1148,1330,604,3,10,232,3,20,403,3,10,66824,3,10,23478,3,20,46569,3,10,-9990,0,0,9,E,8,8,E,8,22.0,E,8,11.5,E,8,52,E,8,990,E,8,60,E,8,1.5,E,8,-9990,0,0,-9990,0,0,2.082,E,8,0.092,E,8,0.20,E,8,0,-9990,0,0
05/27/2005,13:00,1188,1330,534,3,10,120,3,20,426,3,10,59091,3,10,11192,3,20,49096,3,10,-9990,0,0,10,E,8,9,E,8,22.5,E,8,11.6,E,8,50,E,8,990,E,8,114,E,8,3.5,E,8,-9990,0,0,-9990,0,0,2.090,E,8,0.092,E,8,0.20,E,8,0,-9990,0,0
05/27/2005,14:00,1172,1330,622,3,10,237,3,20,413,3,10,68994,3,10,24024,3,20,47834,3,10,-9990,0,0,9,E,8,8,E,8,23.2,E,8,12.4,E,8,51,E,8,990,E,8,318,E,8,4.2,E,8,-9990,0,0,-9990,0,0,2.209,E,8,0.092,E,8,0.20,E,8,0,-9990,0,0
05/27/2005,15:00,1100,1330,416,3,10,46,3,20,378,3,10,46600,3,10,4083,3,20,43225,3,10,-9990,0,0,10,E,8,9,E,8,23.2,E,8,12.6,E,8,51,E,8,990,E,8,331,E,8,4.9,E,8,-9990,0,0,-9990,0,0,2.234,E,8,0.092,E,8,0.20,E,8,0,-9990,0,0
05/27/2005,16:00,977,1330,490,3,10,197,3,20,345,3,10,53909,3,10,18683,3,20,40186,3,10,-9990,0,0,9,E,8,8,E,8,23.3,E,8,12.6,E,8,51,E,8,990,E,8,65,E,8,3.2,E,8,-9990,0,0,-9990,0,0,2.241,E,8,0.092,E,8,0.20,E,8,0,-9990,0,0
05/27/2005,17:00,812,1330,520,3,10,542,3,20,189,3,10,56118,3,10,46364,3,20,27808,3,10,-9990,0,0,5,E,8,4,E,8,23.5,E,8,13.1,E,8,52,E,8,991,E,8,92,E,8,2.5,E,8,-9990,0,0,-9990,0,0,2.325,E,8,0.092,E,8,0.20,E,8,0,-9990,0,0
05/27/2005,18:00,616,1330,412,3,10,687,3,20,94,3,10,44182,3,10,64584,3,20,14262,3,10,-9990,0,0,0,E,8,0,E,8,23.4,E,8,13.2,E,8,53,E,8,991,E,8,355,E,8,0.5,E,8,-9990,0,0,-9990,0,0,2.334,E,8,0.092,E,8,0.20,E,8,0,-9990,0,0
05/27/2005,19:00,403,1330,308,3,10,708,3,20,94,3,10,31392,3,10,59909,3,20,13263,3,10,-9990,0,0,1,E,8,1,E,8,22.9,E,8,12.8,E,8,53,E,8,991,E,8,60,E,8,0.2,E,8,-9990,0,0,-9990,0,0,2.266,E,8,0.092,E,8,0.20,E,8,0,-9990,0,0
05/27/2005,20:00,186,1330,101,3,10,477,3,20,35,3,10,10727,3,10,36623,3,20,5615,3,10,-9990,0,0,1,E,8,1,E,8,21.9,E,8,13.4,E,8,59,E,8,991,E,8,359,E,8,0.4,E,8,-9990,0,0,-9990,0,0,2.376,E,8,0.092,E,8,0.20,E,8,0,-9990,0,0
05/27/2005,21:00,17,276,5,3,10,0,3,20,5,3,10,0,3,10,0,3,20,0,3,10,-9990,0,0,3,E,8,2,E,8,20.7,E,8,13.3,E,8,63,E,8,991,E,8,129,E,8,0.8,E,8,-9990,0,0,-9990,0,0,2.361,E,8,0.092,E,8,0.20,E,8,0,-9990,0,0
05/27/2005,22:00,0,0,0,3,0,0,3,0,0,3,0,0,3,0,0,3,0,0,3,0,-9990,0,0,3,E,8,2,E,8,19.4,E,8,14.2,E,8,72,E,8,991,E,8,102,E,8,1.2,E,8,-9990,0,0,-9990,0,0,2.502,E,8,0.092,E,8,0.20,E,8,0,-9990,0,0
05/27/2005,23:00,0,0,0,3,0,0,3,0,0,3,0,0,3,0,0,3,0,0,3,0,-9990,0,0,3,E,8,2,E,8,18.2,E,8,14.4,E,8,79,E,8,992,E,8,132,E,8,0.7,E,8,-9990,0,0,-9990,0,0,2.539,E,8,0.092,E,8,0.20,E,8,0,-9990,0,0
05/27/2005,24:00,0,0,0,3,0,0,3,0,0,3,0,0,3,0,0,3,0,0,3,0,-9990,0,0,3,E,8,2,E,8,16.9,E,8,13.9,E,8,82,E,8,992,E,8,160,E,8,0.3,E,8,-9990,0,0,-9990,0,0,2.453,E,8,0.092,E,8,0.20,E,8,0,-9990,0,0
05/28/2005,01:00,0,0,0,3,0,0,3,0,0,3,0,0,3,0,0,3,0,0,3,0,-9990,0,0,4,E,8,3,E,8,16.2,E,8,12.5,E,8,78,E,8,992,E,8,311,E,8,1.9,E,8,-9990,0,0,-9990,0,0,2.223,E,8,0.108,E,8,0.20,E,8,0,-9990,0,0
05/28/2005,02:00,0,0,0,3,0,0,3,0,0,3,0,0,3,0,0,3,0,0,3,0,-9990,0,0,4,E,8,3,E,8,15.5,E,8,12.3,E,8,81,E,8,992,E,8,141,E,8,1.0,E,8,-9990,0,0,-9990,0,0,2.202,E,8,0.108,E,8,0.20,E,8,0,-9990,0,0
05/28/2005,03:00,0,0,0,3,0,0,3,0,0,3,0,0,3,0,0,3,0,0,3,0,-9990,0,0,4,E,8,3,E,8,15.1,E,8,12.3,E,8,83,E,8,992,E,8,144,E,8,0.3,E,8,-9990,0,0,-9990,0,0,2.200,E,8,0.108,E,8,0.20,E,8,0,-9990,0,0
05/28/2005,04:00,0,0,0,3,0,0,3,0,0,3,0,0,3,0,0,3,0,0,3,0,-9990,0,0,4,E,8,3,E,8,14.8,E,8,12.5,E,8,86,E,8,992,E,8,83,E,8,0.2,E,8,-9990,0,0,-9990,0,0,2.230,E,8,0.108,E,8,0.20,E,8,0,-9990,0,0
05/28/2005,05:00,0,0,0,3,0,0,3,0,0,3,0,0,3,0,0,3,0,0,3,0,-9990,0,0,5,E,8,5,E,8,14.5,E,8,12.6,E,8,88,E,8,993,E,8,57,E,8,0.7,E,8,-9990,0,0,-9990,0,0,2.241,E,8,0.108,E,8,0.20,E,8,0,-9990,0,0
05/28/2005,06:00,101,658,23,3,10,0,3,20,23,3,10,2551,3,10,0,3,20,2551,3,10,-9990,0,0,5,E,8,5,E,8,15.0,E,8,13.9,E,8,93,E,8,993,E,8,356,E,8,2.8,E,8,-9990,0,0,-9990,0,0,2.455,E,8,0.108,E,8,0.20,E,8,0,-9990,0,0
05/28/2005,07:00,312,1330,177,3,10,376,3,20,89,3,10,17694,3,10,23668,3,20,12141,3,10,-9990,0,0,5,E,8,5,E,8,16.9,E,8,14.4,E,8,85,E,8,993,E,8,327,E,8,5.2,E,8,-9990,0,0,-9990,0,0,2.539,E,8,0.108,E,8,0.20,E,8,0,-9990,0,0
05/28/2005,08:00,529,1330,342,3,10,696,3,20,66,3,10,36093,3,10,64951,3,20,10277,3,10,-9990,0,0,0,E,8,0,E,8,18.8,E,8,14.0,E,8,74,E,8,993,E,8,318,E,8,1.9,E,8,-9990,0,0,-9990,0,0,2.479,E,8,0.108,E,8,0.20,E,8,0,-9990,0,0
05/28/2005,09:00,734,1330,510,3,10,774,3,20,83,3,10,55290,3,10,77622,3,20,12471,3,10,-9990,0,0,0,E,8,0,E,8,20.7,E,8,15.1,E,8,70,E,8,993,E,8,348,E,8,1.5,E,8,-9990,0,0,-9990,0,0,2.671,E,8,0.108,E,8,0.20,E,8,0,-9990,0,0
05/28/2005,10:00,913,1330,659,3,10,797,3,20,111,3,10,71338,3,10,80866,3,20,15816,3,10,-9990,0,0,0,E,8,0,E,8,22.6,E,8,13.6,E,8,57,E,8,994,E,8,354,E,8,0.8,E,8,-9990,0,0,-9990,0,0,2.406,E,8,0.108,E,8,0.20,E,8,0,-9990,0,0
05/28/2005,11:00,1055,1330,782,3,10,817,3,20,134,3,10,84716,3,10,83939,3,20,18142,3,10,-9990,0,0,0,E,8,0,E,8,24.3,E,8,12.7,E,8,48,E,8,994,E,8,9,E,8,1.5,E,8,-9990,0,0,-9990,0,0,2.256,E,8,0.108,E,8,0.20,E,8,0,-9990,0,0
05/28/2005,12:00,1149,1330,869,3,10,838,3,20,145,3,10,94683,3,10,87476,3,20,19105,3,10,-9990,0,0,0,E,8,0,E,8,25.9,E,8,12.9,E,8,45,E,8,994,E,8,347,E,8,0.8,E,8,-9990,0,0,-9990,0,0,2.287,E,8,0.108,E,8,0.20,E,8,0,-9990,0,0
05/28/2005,13:00,1189,1330,898,3,10,821,3,20,164,3,10,97262,3,10,85103,3,20,21148,3,10,-9990,0,0,0,E,8,0,E,8,27.1,E,8,13.6,E,8,43,E,8,994,E,8,122,E,8,0.3,E,8,-9990,0,0,-9990,0,0,2.407,E,8,0.108,E,8,0.20,E,8,0,-9990,0,0
05/28/2005,14:00,1173,1330,891,3,10,841,3,20,149,3,10,97314,3,10,88225,3,20,19484,3,10,-9990,0,0,0,E,8,0,E,8,28.0,E,8,13.8,E,8,42,E,8,994,E,8,69,E,8,0.1,E,8,-9990,0,0,-9990,0,0,2.433,E,8,0.108,E,8,0.20,E,8,0,-9990,0,0
05/28/2005,15:00,1102,1330,836,3,10,861,3,20,123,3,10,89845,3,10,88343,3,20,16675,3,10,-9990,0,0,0,E,8,0,E,8,28.6,E,8,13.5,E,8,39,E,8,993,E,8,137,E,8,0.4,E,8,-9990,0,0,-9990,0,0,2.385,E,8,0.108,E,8,0.20,E,8,0,-9990,0,0
05/28/2005,16:00,979,1330,731,3,10,854,3,20,102,3,10,78902,3,10,87811,3,20,14249,3,10,-9990,0,0,0,E,8,0,E,8,28.9,E,8,13.4,E,8,39,E,8,993,E,8,128,E,8,0.3,E,8,-9990,0,0,-9990,0,0,2.371,E,8,0.108,E,8,0.20,E,8,0,-9990,0,0
05/28/2005,17:00,815,1330,595,3,10,850,3,20,74,3,10,64776,3,10,88032,3,20,10858,3,10,-9990,0,0,0,E,8,0,E,8,28.8,E,8,13.4,E,8,39,E,8,993,E,8,144,E,8,0.4,E,8,-9990,0,0,-9990,0,0,2.374,E,8,0.108,E,8,0.20,E,8,0,-9990,0,0
05/28/2005,18:00,619,1330,438,3,10,831,3,20,51,3,10,47841,3,10,85837,3,20,7896,3,10,-9990,0,0,0,E,8,0,E,8,28.2,E,8,11.8,E,8,36,E,8,993,E,8,186,E,8,0.1,E,8,-9990,0,0,-9990,0,0,2.112,E,8,0.108,E,8,0.20,E,8,0,-9990,0,0
05/28/2005,19:00,405,1330,265,3,10,724,3,20,44,3,10,27816,3,10,67823,3,20,7138,3,10,-9990,0,0,0,E,8,0,E,8,27.2,E,8,11.1,E,8,37,E,8,992,E,8,181,E,8,0.0,E,8,-9990,0,0,-9990,0,0,2.019,E,8,0.108,E,8,0.20,E,8,0,-9990,0,0
05/28/2005,20:00,189,1330,105,3,10,498,3,20,35,3,10,10782,3,10,36134,3,20,5650,3,10,-9990,0,0,1,E,8,1,E,8,25.9,E,8,11.0,E,8,39,E,8,992,E,8,194,E,8,0.0,E,8,-9990,0,0,-9990,0,0,2.000,E,8,0.108,E,8,0.20,E,8,0,-9990,0,0
05/28/2005,21:00,18,288,3,3,10,0,3,20,3,3,10,0,3,10,0,3,20,0,3,10,-9990,0,0,1,E,8,1,E,8,24.5,E,8,11.3,E,8,43,E,8,992,E,8,190,E,8,0.0,E,8,-9990,0,0,-9990,0,0,2.043,E,8,0.108,E,8,0.20,E,8,0,-9990,0,0
05/28/2005,22:00,0,0,0,3,0,0,3,0,0,3,0,0,3,0,0,3,0,0,3,0,-9990,0,0,3,E,8,2,E,8,22.9,E,8,13.2,E,8,54,E,8,992,E,8,292,E,8,0.0,E,8,-9990,0,0,-9990,0,0,2.334,E,8,0.108,E,8,0.20,E,8,0,-9990,0,0
05/28/2005,23:00,0,0,0,3,0,0,3,0,0,3,0,0,3,0,0,3,0,0,3,0,-9990,0,0,3,E,8,2,E,8,21.3,E,8,12.9,E,8,59,E,8,991,E,8,290,E,8,0.0,E,8,-9990,0,0,-9990,0,0,2.291,E,8,0.108,E,8,0.20,E,8,0,-9990,0,0
05/28/2005,24:00,0,0,0,3,0,0,3,0,0,3,0,0,3,0,0,3,0,0,3,0,-9990,0,0,4,E,8,3,E,8,19.7,E,8,13.2,E,8,66,E,8,991,E,8,185,E,8,0.1,E,8,-9990,0,0,-9990,0,0,2.339,E,8,0.108,E,8,0.20,E,8,0,-9990,0,0
05/29/2005,01:00,0,0,0,3,0,0,3,0,0,3,0,0,3,0,0,3,0,0,3,0,-9990,0,0,5,E,8,4,E,8,18.0,E,8,13.4,E,8,74,E,8,991,E,8,242,E,8,0.9,E,8,-9990,0,0,-9990,0,0,2.363,E,8,0.110,E,8,0.20,E,8,0,-9990,0,0
05/29/2005,02:00,0,0,0,3,0,0,3,0,0,3,0,0,3,0,0,3,0,0,3,0,-9990,0,0,5,E,8,5,E,8,16.2,E,8,13.4,E,8,84,E,8,990,E,8,299,E,8,0.3,E,8,-9990,0,0,-9990,0,0,2.378,E,8,0.110,E,8,0.20,E,8,0,-9990,0,0
05/29/2005,03:00,0,0,0,3,0,0,3,0,0,3,0,0,3,0,0,3,0,0,3,0,-9990,0,0,6,E,8,6,E,8,15.2,E,8,14.5,E,8,96,E,8,990,E,8,320,E,8,0.2,E,8,-9990,0,0,-9990,0,0,2.559,E,8,0.110,E,8,0.20,E,8,0,-9990,0,0
05/29/2005,04:00,0,0,0,3,0,0,3,0,0,3,0,0,3,0,0,3,0,0,3,0,-9990,0,0,8,E,8,7,E,8,14.5,E,8,14.5,E,8,100,E,8,990,E,8,306,E,8,0.3,E,8,-9990,0,0,-9990,0,0,2.566,E,8,0.110,E,8,0.20,E,8,0,-9990,0,0
05/29/2005,05:00,0,0,0,3,10,0,3,20,0,3,10,0,3,10,0,3,20,0,3,10,-9990,0,0,8,E,8,7,E,8,14.5,E,8,14.5,E,8,100,E,8,990,E,8,274,E,8,0.7,E,8,-9990,0,0,-9990,0,0,2.551,E,8,0.110,E,8,0.20,E,8,0,-9990,0,0
05/29/2005,06:00,101,1329,40,3,10,182,3,20,26,3,10,4176,3,10,3923,3,20,3878,3,10,-9990,0,0,9,E,8,8,E,8,14.9,E,8,14.8,E,8,100,E,8,989,E,8,275,E,8,0.5,E,8,-9990,0,0,-9990,0,0,2.615,E,8,0.110,E,8,0.20,E,8,0,-9990,0,0
05/29/2005,07:00,314,1329,161,3,10,267,3,20,98,3,10,16386,3,10,17179,3,20,12327,3,10,-9990,0,0,9,E,8,8,E,8,16.0,E,8,15.2,E,8,95,E,8,989,E,8,285,E,8,1.3,E,8,-9990,0,0,-9990,0,0,2.684,E,8,0.110,E,8,0.20,E,8,0,-9990,0,0
05/29/2005,08:00,530,1329,150,3,10,18,3,20,142,3,10,16356,3,10,1812,3,20,15633,3,10,-9990,0,0,10,E,8,9,E,8,16.4,E,8,15.2,E,8,93,E,8,989,E,8,255,E,8,0.7,E,8,-9990,0,0,-9990,0,0,2.682,E,8,0.110,E,8,0.20,E,8,0,-9990,0,0
05/29/2005,09:00,735,1329,146,3,10,0,3,20,146,3,10,16780,3,10,0,3,20,16780,3,10,-9990,0,0,10,E,8,9,E,8,16.6,E,8,14.4,E,8,87,E,8,989,E,8,331,E,8,1.9,E,8,-9990,0,0,-9990,0,0,2.550,E,8,0.110,E,8,0.20,E,8,0,-9990,0,0
05/29/2005,10:00,914,1329,92,3,10,0,3,20,92,3,10,11325,3,10,0,3,20,11325,3,10,-9990,0,0,10,E,8,9,E,8,16.5,E,8,13.6,E,8,83,E,8,988,E,8,209,E,8,1.7,E,8,-9990,0,0,-9990,0,0,2.406,E,8,0.110,E,8,0.20,E,8,0,-9990,0,0
05/29/2005,11:00,1056,1329,184,3,10,3,3,20,182,3,10,22008,3,10,218,3,20,21835,3,10,-9990,0,0,10,E,8,9,E,8,16.7,E,8,14.1,E,8,84,E,8,988,E,8,152,E,8,1.9,E,8,-9990,0,0,-9990,0,0,2.482,E,8,0.110,E,8,0.20,E,8,0,-9990,0,0
05/29/2005,12:00,1150,1329,437,3,10,77,3,20,370,3,10,49003,3,10,7494,3,20,42519,3,10,-9990,0,0,10,E,8,9,E,8,17.7,E,8,13.7,E,8,77,E,8,988,E,8,145,E,8,1.2,E,8,-9990,0,0,-9990,0,0,2.422,E,8,0.110,E,8,0.20,E,8,0,-9990,0,0
05/29/2005,13:00,1191,1329,608,3,10,200,3,20,428,3,10,67392,3,10,19789,3,20,49668,3,10,-9990,0,0,9,E,8,8,E,8,18.9,E,8,13.3,E,8,70,E,8,987,E,8,31,E,8,1.5,E,8,-9990,0,0,-9990,0,0,2.358,E,8,0.110,E,8,0.20,E,8,0,-9990,0,0
05/29/2005,14:00,1175,1329,477,3,10,81,3,20,406,3,10,53447,3,10,7974,3,20,46402,3,10,-9990,0,0,10,E,8,9,E,8,19.5,E,8,13.1,E,8,66,E,8,988,E,8,138,E,8,0.8,E,8,-9990,0,0,-9990,0,0,2.323,E,8,0.110,E,8,0.20,E,8,0,-9990,0,0
05/29/2005,15:00,1103,1329,350,3,10,40,3,20,317,3,10,39403,3,10,3296,3,20,36668,3,10,-9990,0,0,10,E,8,9,E,8,19.5,E,8,16.2,E,8,81,E,8,988,E,8,100,E,8,1.7,E,8,-9990,0,0,-9990,0,0,2.888,E,8,0.110,E,8,0.20,E,8,1,-9990,0,0
05/29/2005,16:00,981,1329,544,3,10,261,3,20,352,3,10,59886,3,10,25594,3,20,41000,3,10,-9990,0,0,8,E,8,6,E,8,20.3,E,8,13.2,E,8,64,E,8,988,E,8,55,E,8,1.7,E,8,-9990,0,0,-9990,0,0,2.345,E,8,0.110,E,8,0.20,E,8,0,-9990,0,0
05/29/2005,17:00,817,1329,515,3,10,513,3,20,200,3,10,55170,3,10,42682,3,20,28949,3,10,-9990,0,0,5,E,8,4,E,8,20.7,E,8,12.0,E,8,57,E,8,988,E,8,58,E,8,4.2,E,8,-9990,0,0,-9990,0,0,2.149,E,8,0.110,E,8,0.20,E,8,0,-9990,0,0
05/29/2005,18:00,621,1329,402,3,10,660,3,20,94,3,10,42983,3,10,61748,3,20,14123,3,10,-9990,0,0,0,E,8,0,E,8,20.8,E,8,12.0,E,8,57,E,8,988,E,8,326,E,8,2.3,E,8,-9990,0,0,-9990,0,0,2.145,E,8,0.110,E,8,0.20,E,8,0,-9990,0,0
05/29/2005,19:00,408,1329,239,3,10,539,3,20,74,3,10,24818,3,10,45237,3,20,10925,3,10,-9990,0,0,0,E,8,0,E,8,20.6,E,8,12.4,E,8,60,E,8,988,E,8,359,E,8,1.5,E,8,-9990,0,0,-9990,0,0,2.217,E,8,0.110,E,8,0.20,E,8,0,-9990,0,0
05/29/2005,20:00,192,1329,118,3,10,435,3,20,55,3,10,12079,3,10,27150,3,20,8158,3,10,-9990,0,0,1,E,8,1,E,8,20.0,E,8,12.5,E,8,62,E,8,988,E,8,129,E,8,0.6,E,8,-9990,0,0,-9990,0,0,2.228,E,8,0.110,E,8,0.20,E,8,0,-9990,0,0
05/29/2005,21:00,20,300,3,3,10,0,3,20,3,3,10,0,3,10,0,3,20,0,3,10,-9990,0,0,1,E,8,1,E,8,19.2,E,8,11.5,E,8,61,E,8,988,E,8,134,E,8,0.9,E,8,-9990,0,0,-9990,0,0,2.078,E,8,0.110,E,8,0.20,E,8,0,-9990,0,0
05/29/2005,22:00,0,0,0,3,0,0,3,0,0,3,0,0,3,0,0,3,0,0,3,0,-9990,0,0,3,E,8,2,E,8,17.6,E,8,12.3,E,8,71,E,8,988,E,8,119,E,8,3.2,E,8,-9990,0,0,-9990,0,0,2.197,E,8,0.110,E,8,0.20,E,8,0,-9990,0,0
05/29/2005,23:00,0,0,0,3,0,0,3,0,0,3,0,0,3,0,0,3,0,0,3,0,-9990,0,0,3,E,8,2,E,8,15.9,E,8,11.9,E,8,77,E,8,989,E,8,142,E,8,1.3,E,8,-9990,0,0,-9990,0,0,2.127,E,8,0.110,E,8,0.20,E,8,0,-9990,0,0
05/29/2005,24:00,0,0,0,3,0,0,3,0,0,3,0,0,3,0,0,3,0,0,3,0,-9990,0,0,4,E,8,3,E,8,14.2,E,8,11.4,E,8,83,E,8,989,E,8,145,E,8,3.0,E,8,-9990,0,0,-9990,0,0,2.067,E,8,0.110,E,8,0.20,E,8,0,-9990,0,0
05/30/2005,01:00,0,0,0,3,0,0,3,0,0,3,0,0,3,0,0,3,0,0,3,0,-9990,0,0,5,E,8,5,E,8,13.1,E,8,11.8,E,8,92,E,8,989,E,8,90,E,8,1.7,E,8,-9990,0,0,-9990,0,0,2.115,E,8,0.119,E,8,0.20,E,8,0,-9990,0,0
05/30/2005,02:00,0,0,0,3,0,0,3,0,0,3,0,0,3,0,0,3,0,0,3,0,-9990,0,0,5,E,8,5,E,8,11.9,E,8,10.8,E,8,93,E,8,989,E,8,82,E,8,0.8,E,8,-9990,0,0,-9990,0,0,1.977,E,8,0.119,E,8,0.20,E,8,0,-9990,0,0
05/30/2005,03:00,0,0,0,3,0,0,3,0,0,3,0,0,3,0,0,3,0,0,3,0,-9990,0,0,6,E,8,6,E,8,11.3,E,8,10.9,E,8,98,E,8,989,E,8,76,E,8,1.2,E,8,-9990,0,0,-9990,0,0,1.993,E,8,0.119,E,8,0.20,E,8,0,-9990,0,0
05/30/2005,04:00,0,0,0,3,0,0,3,0,0,3,0,0,3,0,0,3,0,0,3,0,-9990,0,0,8,E,8,7,E,8,10.8,E,8,10.8,E,8,100,E,8,989,E,8,348,E,8,1.3,E,8,-9990,0,0,-9990,0,0,1.977,E,8,0.119,E,8,0.20,E,8,0,-9990,0,0
05/30/2005,05:00,0,0,0,3,10,0,3,20,0,3,10,0,3,10,0,3,20,0,3,10,-9990,0,0,8,E,8,7,E,8,10.7,E,8,10.7,E,8,100,E,8,989,E,8,345,E,8,0.4,E,8,-9990,0,0,-9990,0,0,1.967,E,8,0.119,E,8,0.20,E,8,0,-9990,0,0
05/30/2005,06:00,103,1329,33,3,10,72,3,20,27,3,10,3449,3,10,0,3,20,3449,3,10,-9990,0,0,9,E,8,8,E,8,11.1,E,8,11.1,E,8,100,E,8,989,E,8,127,E,8,0.5,E,8,-9990,0,0,-9990,0,0,2.021,E,8,0.119,E,8,0.20,E,8,0,-9990,0,0
05/30/2005,07:00,316,1329,92,3,10,14,3,20,89,3,10,9745,3,10,1338,3,20,9427,3,10,-9990,0,0,9,E,8,8,E,8,11.8,E,8,11.8,E,8,100,E,8,989,E,8,330,E,8,0.7,E,8,-9990,0,0,-9990,0,0,2.115,E,8,0.119,E,8,0.20,E,8,0,-9990,0,0
05/30/2005,08:00,532,1329,165,3,10,18,3,20,158,3,10,17893,3,10,1746,3,20,17194,3,10,-9990,0,0,10,E,8,9,E,8,12.6,E,8,12.6,E,8,100,E,8,990,E,8,3,E,8,0.7,E,8,-9990,0,0,-9990,0,0,2.237,E,8,0.119,E,8,0.20,E,8,0,-9990,0,0
05/30/2005,09:00,737,1329,236,3,10,25,3,20,222,3,10,26192,3,10,2551,3,20,24778,3,10,-9990,0,0,10,E,8,9,E,8,13.4,E,8,13.4,E,8,100,E,8,990,E,8,345,E,8,0.5,E,8,-9990,0,0,-9990,0,0,2.376,E,8,0.119,E,8,0.20,E,8,0,-9990,0,0
05/30/2005,10:00,916,1329,433,3,10,165,3,20,319,3,10,47590,3,10,14721,3,20,37447,3,10,-9990,0,0,9,E,8,8,E,8,14.9,E,8,13.8,E,8,93,E,8,990,E,8,322,E,8,0.2,E,8,-9990,0,0,-9990,0,0,2.434,E,8,0.119,E,8,0.20,E,8,0,-9990,0,0
05/30/2005,11:00,1057,1329,646,3,10,411,3,20,319,3,10,70757,3,10,40462,3,20,38572,3,10,-9990,0,0,6,E,8,5,E,8,16.8,E,8,12.9,E,8,78,E,8,990,E,8,8,E,8,0.3,E,8,-9990,0,0,-9990,0,0,2.289,E,8,0.119,E,8,0.20,E,8,0,-9990,0,0
05/30/2005,12:00,1151,1329,653,3,10,287,3,20,405,3,10,71177,3,10,27400,3,20,47440,3,10,-9990,0,0,8,E,8,6,E,8,18.3,E,8,12.3,E,8,68,E,8,990,E,8,8,E,8,0.3,E,8,-9990,0,0,-9990,0,0,2.189,E,8,0.119,E,8,0.20,E,8,0,-9990,0,0
05/30/2005,13:00,1192,1329,501,3,10,100,3,20,411,3,10,56172,3,10,10181,3,20,47042,3,10,-9990,0,0,10,E,8,9,E,8,18.9,E,8,12.9,E,8,68,E,8,990,E,8,322,E,8,1.0,E,8,-9990,0,0,-9990,0,0,2.292,E,8,0.119,E,8,0.20,E,8,0,-9990,0,0
05/30/2005,14:00,1176,1329,735,3,10,408,3,20,374,3,10,80821,3,10,41309,3,20,44271,3,10,-9990,0,0,6,E,8,5,E,8,20.0,E,8,12.2,E,8,61,E,8,990,E,8,358,E,8,1.3,E,8,-9990,0,0,-9990,0,0,2.177,E,8,0.119,E,8,0.20,E,8,0,-9990,0,0
05/30/2005,15:00,1105,1329,553,3,10,197,3,20,389,3,10,61206,3,10,19131,3,20,45306,3,10,-9990,0,0,9,E,8,8,E,8,20.5,E,8,13.4,E,8,64,E,8,990,E,8,11,E,8,1.7,E,8,-9990,0,0,-9990,0,0,2.368,E,8,0.119,E,8,0.20,E,8,0,-9990,0,0
05/30/2005,16:00,983,1329,572,3,10,331,3,20,327,3,10,61895,3,10,30331,3,20,39465,3,10,-9990,0,0,8,E,8,6,E,8,20.9,E,8,13.4,E,8,62,E,8,989,E,8,315,E,8,2.5,E,8,-9990,0,0,-9990,0,0,2.370,E,8,0.119,E,8,0.20,E,8,0,-9990,0,0
05/30/2005,17:00,819,1329,594,3,10,726,3,20,147,3,10,63543,3,10,69357,3,20,20811,3,10,-9990,0,0,0,E,8,0,E,8,21.3,E,8,11.9,E,8,55,E,8,989,E,8,8,E,8,1.5,E,8,-9990,0,0,-9990,0,0,2.127,E,8,0.119,E,8,0.20,E,8,0,-9990,0,0
05/30/2005,18:00,624,1329,453,3,10,825,3,20,66,3,10,48781,3,10,82032,3,20,10277,3,10,-9990,0,0,0,E,8,0,E,8,21.3,E,8,12.5,E,8,57,E,8,989,E,8,63,E,8,1.0,E,8,-9990,0,0,-9990,0,0,2.232,E,8,0.119,E,8,0.20,E,8,0,-9990,0,0
05/30/2005,19:00,411,1329,263,3,10,657,3,20,60,3,10,27746,3,10,59718,3,20,9276,3,10,-9990,0,0,0,E,8,0,E,8,20.8,E,8,13.0,E,8,61,E,8,989,E,8,352,E,8,0.1,E,8,-9990,0,0,-9990,0,0,2.304,E,8,0.119,E,8,0.20,E,8,0,-9990,0,0
05/30/2005,20:00,195,1329,117,3,10,530,3,20,39,3,10,12285,3,10,41391,3,20,6210,3,10,-9990,0,0,1,E,8,1,E,8,19.8,E,8,13.3,E,8,66,E,8,989,E,8,351,E,8,0.0,E,8,-9990,0,0,-9990,0,0,2.349,E,8,0.119,E,8,0.20,E,8,0,-9990,0,0
05/30/2005,21:00,21,311,9,3,10,0,3,20,9,3,10,0,3,10,0,3,20,0,3,10,-9990,0,0,1,E,8,1,E,8,18.7,E,8,13.5,E,8,72,E,8,988,E,8,331,E,8,0.0,E,8,-9990,0,0,-9990,0,0,2.383,E,8,0.119,E,8,0.20,E,8,0,-9990,0,0
05/30/2005,22:00,0,0,0,3,0,0,3,0,0,3,0,0,3,0,0,3,0,0,3,0,-9990,0,0,3,E,8,2,E,8,17.7,E,8,14.3,E,8,81,E,8,988,E,8,335,E,8,0.5,E,8,-9990,0,0,-9990,0,0,2.531,E,8,0.119,E,8,0.20,E,8,0,-9990,0,0
05/30/2005,23:00,0,0,0,3,0,0,3,0,0,3,0,0,3,0,0,3,0,0,3,0,-9990,0,0,3,E,8,2,E,8,16.7,E,8,14.6,E,8,88,E,8,988,E,8,123,E,8,0.7,E,8,-9990,0,0,-9990,0,0,2.578,E,8,0.119,E,8,0.20,E,8,0,-9990,0,0
05/30/2005,24:00,0,0,0,3,0,0,3,0,0,3,0,0,3,0,0,3,0,0,3,0,-9990,0,0,4,E,8,3,E,8,15.6,E,8,14.2,E,8,91,E,8,988,E,8,112,E,8,5.5,E,8,-9990,0,0,-9990,0,0,2.510,E,8,0.119,E,8,0.20,E,8,0,-9990,0,0
05/31/2005,01:00,0,0,0,3,0,0,3,0,0,3,0,0,3,0,0,3,0,0,3,0,-9990,0,0,5,E,8,5,E,8,15.1,E,8,13.9,E,8,93,E,8,987,E,8,143,E,8,4.2,E,8,-9990,0,0,-9990,0,0,2.459,E,8,0.106,E,8,0.20,E,8,0,-9990,0,0
05/31/2005,02:00,0,0,0,3,0,0,3,0,0,3,0,0,3,0,0,3,0,0,3,0,-9990,0,0,5,E,8,5,E,8,14.6,E,8,14.4,E,8,99,E,8,987,E,8,135,E,8,4.5,E,8,-9990,0,0,-9990,0,0,2.549,E,8,0.106,E,8,0.20,E,8,0,-9990,0,0
05/31/2005,03:00,0,0,0,3,0,0,3,0,0,3,0,0,3,0,0,3,0,0,3,0,-9990,0,0,6,E,8,6,E,8,14.3,E,8,14.2,E,8,100,E,8,987,E,8,109,E,8,6.1,E,8,-9990,0,0,-9990,0,0,2.510,E,8,0.106,E,8,0.20,E,8,0,-9990,0,0
05/31/2005,04:00,0,0,0,3,0,0,3,0,0,3,0,0,3,0,0,3,0,0,3,0,-9990,0,0,8,E,8,7,E,8,14.1,E,8,14.0,E,8,100,E,8,987,E,8,105,E,8,5.2,E,8,-9990,0,0,-9990,0,0,2.475,E,8,0.106,E,8,0.20,E,8,0,-9990,0,0
05/31/2005,05:00,0,0,0,3,10,0,3,20,0,3,10,0,3,10,0,3,20,0,3,10,-9990,0,0,8,E,8,7,E,8,14.0,E,8,13.3,E,8,96,E,8,987,E,8,57,E,8,2.8,E,8,-9990,0,0,-9990,0,0,2.359,E,8,0.106,E,8,0.20,E,8,0,-9990,0,0
05/31/2005,06:00,106,1329,21,3,10,0,3,20,21,3,10,2306,3,10,0,3,20,2306,3,10,-9990,0,0,9,E,8,8,E,8,14.3,E,8,14.2,E,8,100,E,8,986,E,8,171,E,8,5.8,E,8,-9990,0,0,-9990,0,0,2.514,E,8,0.106,E,8,0.20,E,8,0,-9990,0,0
05/31/2005,07:00,318,1329,83,3,10,3,3,20,82,3,10,8807,3,10,205,3,20,8758,3,10,-9990,0,0,9,E,8,8,E,8,14.9,E,8,14.7,E,8,99,E,8,986,E,8,150,E,8,9.2,E,8,-9990,0,0,-9990,0,0,2.596,E,8,0.106,E,8,0.20,E,8,0,-9990,0,0
05/31/2005,08:00,534,1329,145,3,10,7,3,20,143,3,10,15882,3,10,559,3,20,15658,3,10,-9990,0,0,10,E,8,9,E,8,15.6,E,8,14.8,E,8,95,E,8,986,E,8,318,E,8,6.9,E,8,-9990,0,0,-9990,0,0,2.622,E,8,0.106,E,8,0.20,E,8,0,-9990,0,0
05/31/2005,09:00,738,1329,187,3,10,5,3,20,185,3,10,21072,3,10,342,3,20,20882,3,10,-9990,0,0,10,E,8,9,E,8,16.3,E,8,13.9,E,8,86,E,8,986,E,8,209,E,8,3.5,E,8,-9990,0,0,-9990,0,0,2.463,E,8,0.106,E,8,0.20,E,8,0,-9990,0,0
05/31/2005,10:00,917,1329,245,3,10,10,3,20,238,3,10,28029,3,10,967,3,20,27362,3,10,-9990,0,0,10,E,8,9,E,8,17.0,E,8,13.9,E,8,82,E,8,986,E,8,265,E,8,4.5,E,8,-9990,0,0,-9990,0,0,2.457,E,8,0.106,E,8,0.20,E,8,0,-9990,0,0
05/31/2005,11:00,1058,1329,298,3,10,16,3,20,285,3,10,34301,3,10,1570,3,20,33051,3,10,-9990,0,0,10,E,8,9,E,8,17.7,E,8,14.5,E,8,82,E,8,985,E,8,294,E,8,3.2,E,8,-9990,0,0,-9990,0,0,2.561,E,8,0.106,E,8,0.20,E,8,0,-9990,0,0
05/31/2005,12:00,1152,1329,336,3,10,18,3,20,321,3,10,38991,3,10,1801,3,20,37429,3,10,-9990,0,0,10,E,8,9,E,8,18.3,E,8,13.0,E,8,71,E,8,985,E,8,277,E,8,1.2,E,8,-9990,0,0,-9990,0,0,2.301,E,8,0.106,E,8,0.20,E,8,0,-9990,0,0
05/31/2005,13:00,1193,1329,347,3,10,18,3,20,331,3,10,40422,3,10,1791,3,20,38813,3,10,-9990,0,0,10,E,8,9,E,8,18.9,E,8,11.8,E,8,64,E,8,985,E,8,236,E,8,1.3,E,8,-9990,0,0,-9990,0,0,2.119,E,8,0.106,E,8,0.20,E,8,0,-9990,0,0
05/31/2005,14:00,1177,1329,329,3,10,16,3,20,315,3,10,38417,3,10,1597,3,20,37002,3,10,-9990,0,0,10,E,8,9,E,8,19.2,E,8,11.6,E,8,61,E,8,985,E,8,223,E,8,1.2,E,8,-9990,0,0,-9990,0,0,2.094,E,8,0.106,E,8,0.20,E,8,0,-9990,0,0
05/31/2005,15:00,1106,1329,311,3,10,16,3,20,297,3,10,36032,3,10,1589,3,20,34710,3,10,-9990,0,0,10,E,8,9,E,8,19.5,E,8,11.6,E,8,60,E,8,985,E,8,146,E,8,2.0,E,8,-9990,0,0,-9990,0,0,2.089,E,8,0.106,E,8,0.20,E,8,0,-9990,0,0
05/31/2005,16:00,985,1329,285,3,10,14,3,20,274,3,10,32621,3,10,1409,3,20,31577,3,10,-9990,0,0,10,E,8,9,E,8,19.6,E,8,12.0,E,8,62,E,8,985,E,8,243,E,8,3.0,E,8,-9990,0,0,-9990,0,0,2.152,E,8,0.106,E,8,0.20,E,8,0,-9990,0,0
05/31/2005,17:00,821,1329,222,3,10,9,3,20,217,3,10,25132,3,10,805,3,20,24635,3,10,-9990,0,0,10,E,8,9,E,8,19.6,E,8,11.6,E,8,60,E,8,985,E,8,295,E,8,5.2,E,8,-9990,0,0,-9990,0,0,2.094,E,8,0.106,E,8,0.20,E,8,0,-9990,0,0
05/31/2005,18:00,626,1329,145,3,10,0,3,20,145,3,10,16233,3,10,0,3,20,16233,3,10,-9990,0,0,10,E,8,9,E,8,19.3,E,8,11.6,E,8,61,E,8,986,E,8,294,E,8,4.2,E,8,-9990,0,0,-9990,0,0,2.096,E,8,0.106,E,8,0.20,E,8,0,-9990,0,0
05/31/2005,19:00,414,1329,87,3,10,0,3,20,87,3,10,9520,3,10,0,3,20,9520,3,10,-9990,0,0,10,E,8,9,E,8,18.9,E,8,10.9,E,8,59,E,8,986,E,8,295,E,8,4.5,E,8,-9990,0,0,-9990,0,0,1.984,E,8,0.106,E,8,0.20,E,8,0,-9990,0,0
05/31/2005,20:00,198,1329,36,3,10,0,3,20,36,3,10,4013,3,10,0,3,20,4013,3,10,-9990,0,0,10,E,8,9,E,8,17.8,E,8,13.8,E,8,78,E,8,986,E,8,252,E,8,3.0,E,8,-9990,0,0,-9990,0,0,2.441,E,8,0.106,E,8,0.20,E,8,3,-9990,0,0
05/31/2005,21:00,23,322,1,3,10,0,3,20,1,3,10,0,3,10,0,3,20,0,3,10,-9990,0,0,10,E,8,9,E,8,17.6,E,8,15.2,E,8,86,E,8,986,E,8,297,E,8,3.2,E,8,-9990,0,0,-9990,0,0,2.681,E,8,0.106,E,8,0.20,E,8,1,-9990,0,0
05/31/2005,22:00,0,0,0,3,0,0,3,0,0,3,0,0,3,0,0,3,0,0,3,0,-9990,0,0,10,E,8,9,E,8,16.6,E,8,13.4,E,8,82,E,8,986,E,8,286,E,8,2.5,E,8,-9990,0,0,-9990,0,0,2.376,E,8,0.106,E,8,0.20,E,8,1,-9990,0,0
05/31/2005,23:00,0,0,0,3,0,0,3,0,0,3,0,0,3,0,0,3,0,0,3,0,-9990,0,0,10,E,8,9,E,8,15.5,E,8,12.4,E,8,82,E,8,986,E,8,287,E,8,4.9,E,8,-9990,0,0,-9990,0,0,2.207,E,8,0.106,E,8,0.20,E,8,0,-9990,0,0
05/31/2005,24:00,0,0,0,3,0,0,3,0,0,3,0,0,3,0,0,3,0,0,3,0,-9990,0,0,10,E,8,9,E,8,14.4,E,8,11.3,E,8,82,E,8,986,E,8,290,E,8,5.2,E,8,-9990,0,0,-9990,0,0,2.051,E,8,0.106,E,8,0.20,E,8,0,-9990,0,0
06/01/2005,01:00,0,0,0,3,0,0,3,0,0,3,0,0,3,0,0,3,0,0,3,0,-9990,0,0,10,E,8,9,E,8,13.5,E,8,12.2,E,8,92,E,8,986,E,8,246,E,8,4.0,E,8,-9990,0,0,-9990,0,0,2.185,E,8,0.139,E,8,0.20,E,8,0,-9990,0,0
06/01/2005,02:00,0,0,0,3,0,0,3,0,0,3,0,0,3,0,0,3,0,0,3,0,-9990,0,0,10,E,8,9,E,8,12.5,E,8,11.8,E,8,95,E,8,986,E,8,176,E,8,2.5,E,8,-9990,0,0,-9990,0,0,2.119,E,8,0.139,E,8,0.20,E,8,0,-9990,0,0
06/01/2005,03:00,0,0,0,3,0,0,3,0,0,3,0,0,3,0,0,3,0,0,3,0,-9990,0,0,10,E,8,9,E,8,11.9,E,8,10.7,E,8,92,E,8,986,E,8,175,E,8,3.3,E,8,-9990,0,0,-9990,0,0,1.969,E,8,0.139,E,8,0.20,E,8,0,-9990,0,0
06/01/2005,04:00,0,0,0,3,0,0,3,0,0,3,0,0,3,0,0,3,0,0,3,0,-9990,0,0,10,E,8,9,E,8,11.6,E,8,11.3,E,8,98,E,8,987,E,8,44,E,8,3.7,E,8,-9990,0,0,-9990,0,0,2.050,E,8,0.139,E,8,0.20,E,8,0,-9990,0,0
06/01/2005,05:00,0,0,0,3,10,0,3,20,0,3,10,0,3,10,0,3,20,0,3,10,-9990,0,0,10,E,8,9,E,8,11.6,E,8,11.3,E,8,98,E,8,987,E,8,112,E,8,2.7,E,8,-9990,0,0,-9990,0,0,2.043,E,8,0.139,E,8,0.20,E,8,0,-9990,0,0
06/01/2005,06:00,108,1328,30,3,10,21,3,20,28,3,10,3316,3,10,797,3,20,3252,3,10,-9990,0,0,10,E,8,9,E,8,11.9,E,8,11.6,E,8,98,E,8,987,E,8,290,E,8,1.9,E,8,-9990,0,0,-9990,0,0,2.093,E,8,0.139,E,8,0.20,E,8,0,-9990,0,0
06/01/2005,07:00,320,1328,103,3,10,37,3,20,94,3,10,11459,3,10,2709,3,20,10807,3,10,-9990,0,0,10,E,8,9,E,8,12.7,E,8,11.6,E,8,93,E,8,987,E,8,224,E,8,2.5,E,8,-9990,0,0,-9990,0,0,2.089,E,8,0.139,E,8,0.20,E,8,0,-9990,0,0
06/01/2005,08:00,535,1328,192,3,10,51,3,20,171,3,10,21333,3,10,4383,3,20,19567,3,10,-9990,0,0,10,E,8,9,E,8,13.6,E,8,11.3,E,8,86,E,8,987,E,8,253,E,8,0.4,E,8,-9990,0,0,-9990,0,0,2.044,E,8,0.139,E,8,0.20,E,8,0,-9990,0,0
06/01/2005,09:00,739,1328,275,3,10,52,3,20,246,3,10,30628,3,10,4542,3,20,28100,3,10,-9990,0,0,10,E,8,9,E,8,14.6,E,8,10.6,E,8,77,E,8,987,E,8,278,E,8,0.5,E,8,-9990,0,0,-9990,0,0,1.948,E,8,0.139,E,8,0.20,E,8,0,-9990,0,0
06/01/2005,10:00,918,1328,408,3,10,119,3,20,326,3,10,45137,3,10,10367,3,20,37972,3,10,-9990,0,0,9,E,8,8,E,8,15.8,E,8,11.2,E,8,74,E,8,987,E,8,227,E,8,0.7,E,8,-9990,0,0,-9990,0,0,2.032,E,8,0.139,E,8,0.20,E,8,0,-9990,0,0
06/01/2005,11:00,1059,1328,463,3,10,116,3,20,371,3,10,51452,3,10,10641,3,20,42965,3,10,-9990,0,0,10,E,8,9,E,8,16.9,E,8,10.7,E,8,67,E,8,987,E,8,241,E,8,1.2,E,8,-9990,0,0,-9990,0,0,1.968,E,8,0.139,E,8,0.20,E,8,0,-9990,0,0
06/01/2005,12:00,1153,1328,529,3,10,130,3,20,416,3,10,58776,3,10,12590,3,20,47843,3,10,-9990,0,0,9,E,8,8,E,8,17.9,E,8,10.5,E,8,62,E,8,987,E,8,284,E,8,0.5,E,8,-9990,0,0,-9990,0,0,1.930,E,8,0.139,E,8,0.20,E,8,0,-9990,0,0
06/01/2005,13:00,1194,1328,513,3,10,97,3,20,426,3,10,57367,3,10,9816,3,20,48542,3,10,-9990,0,0,10,E,8,9,E,8,18.6,E,8,9.8,E,8,56,E,8,988,E,8,243,E,8,0.6,E,8,-9990,0,0,-9990,0,0,1.838,E,8,0.139,E,8,0.20,E,8,0,-9990,0,0
06/01/2005,14:00,1178,1328,503,3,10,96,3,20,418,3,10,56298,3,10,9665,3,20,47723,3,10,-9990,0,0,10,E,8,9,E,8,19.2,E,8,10.3,E,8,56,E,8,988,E,8,292,E,8,1.7,E,8,-9990,0,0,-9990,0,0,1.906,E,8,0.139,E,8,0.20,E,8,0,-9990,0,0
06/01/2005,15:00,1107,1328,511,3,10,138,3,20,396,3,10,56702,3,10,13399,3,20,45528,3,10,-9990,0,0,9,E,8,8,E,8,19.6,E,8,9.7,E,8,53,E,8,988,E,8,186,E,8,0.9,E,8,-9990,0,0,-9990,0,0,1.835,E,8,0.139,E,8,0.20,E,8,0,-9990,0,0
06/01/2005,16:00,986,1328,454,3,10,115,3,20,368,3,10,50575,3,10,11662,3,20,41916,3,10,-9990,0,0,10,E,8,9,E,8,19.9,E,8,9.8,E,8,52,E,8,988,E,8,209,E,8,0.8,E,8,-9990,0,0,-9990,0,0,1.842,E,8,0.139,E,8,0.20,E,8,0,-9990,0,0
06/01/2005,17:00,823,1328,351,3,10,112,3,20,282,3,10,39099,3,10,11301,3,20,32098,3,10,-9990,0,0,10,E,8,9,E,8,19.9,E,8,8.9,E,8,49,E,8,989,E,8,248,E,8,1.6,E,8,-9990,0,0,-9990,0,0,1.735,E,8,0.139,E,8,0.20,E,8,0,-9990,0,0
06/01/2005,18:00,628,1328,243,3,10,65,3,20,212,3,10,26950,3,10,5956,3,20,24132,3,10,-9990,0,0,10,E,8,9,E,8,19.5,E,8,8.7,E,8,50,E,8,989,E,8,199,E,8,1.4,E,8,-9990,0,0,-9990,0,0,1.711,E,8,0.139,E,8,0.20,E,8,0,-9990,0,0
06/01/2005,19:00,416,1328,145,3,10,47,3,20,130,3,10,16088,3,10,3909,3,20,14863,3,10,-9990,0,0,10,E,8,9,E,8,18.9,E,8,9.4,E,8,54,E,8,989,E,8,61,E,8,1.9,E,8,-9990,0,0,-9990,0,0,1.787,E,8,0.139,E,8,0.20,E,8,0,-9990,0,0
06/01/2005,20:00,201,1328,55,3,10,17,3,20,52,3,10,6081,3,10,491,3,20,6007,3,10,-9990,0,0,9,E,8,8,E,8,18.1,E,8,9.2,E,8,56,E,8,990,E,8,109,E,8,5.3,E,8,-9990,0,0,-9990,0,0,1.761,E,8,0.139,E,8,0.20,E,8,0,-9990,0,0
06/01/2005,21:00,24,332,1,3,10,0,3,20,1,3,10,138,3,10,7,3,20,137,3,10,-9990,0,0,9,E,8,8,E,8,17.3,E,8,8.9,E,8,58,E,8,990,E,8,39,E,8,2.7,E,8,-9990,0,0,-9990,0,0,1.732,E,8,0.139,E,8,0.20,E,8,0,-9990,0,0
06/01/2005,22:00,0,0,0,3,0,0,3,0,0,3,0,0,3,0,0,3,0,0,3,0,-9990,0,0,8,E,8,6,E,8,15.6,E,8,9.8,E,8,68,E,8,990,E,8,32,E,8,1.9,E,8,-9990,0,0,-9990,0,0,1.842,E,8,0.139,E,8,0.20,E,8,0,-9990,0,0
06/01/2005,23:00,0,0,0,3,0,0,3,0,0,3,0,0,3,0,0,3,0,0,3,0,-9990,0,0,8,E,8,6,E,8,14.0,E,8,9.7,E,8,75,E,8,990,E,8,99,E,8,0.6,E,8,-9990,0,0,-9990,0,0,1.827,E,8,0.139,E,8,0.20,E,8,0,-9990,0,0
06/01/2005,24:00,0,0,0,3,0,0,3,0,0,3,0,0,3,0,0,3,0,0,3,0,-9990,0,0,6,E,8,6,E,8,12.4,E,8,9.7,E,8,84,E,8,991,E,8,356,E,8,0.1,E,8,-9990,0,0,-9990,0,0,1.835,E,8,0.139,E,8,0.20,E,8,0,-9990,0,0
06/02/2005,01:00,0,0,0,3,0,0,3,0,0,3,0,0,3,0,0,3,0,0,3,0,-9990,0,0,5,E,8,5,E,8,11.1,E,8,9.4,E,8,89,E,8,991,E,8,92,E,8,0.2,E,8,-9990,0,0,-9990,0,0,1.786,E,8,0.128,E,8,0.20,E,8,0,-9990,0,0
06/02/2005,02:00,0,0,0,3,0,0,3,0,0,3,0,0,3,0,0,3,0,0,3,0,-9990,0,0,5,E,8,5,E,8,9.7,E,8,8.9,E,8,95,E,8,991,E,8,210,E,8,0.3,E,8,-9990,0,0,-9990,0,0,1.735,E,8,0.128,E,8,0.20,E,8,0,-9990,0,0
06/02/2005,03:00,0,0,0,3,0,0,3,0,0,3,0,0,3,0,0,3,0,0,3,0,-9990,0,0,4,E,8,3,E,8,9.0,E,8,8.8,E,8,99,E,8,992,E,8,215,E,8,1.2,E,8,-9990,0,0,-9990,0,0,1.721,E,8,0.128,E,8,0.20,E,8,0,-9990,0,0
06/02/2005,04:00,0,0,0,3,0,0,3,0,0,3,0,0,3,0,0,3,0,0,3,0,-9990,0,0,3,E,8,2,E,8,8.4,E,8,8.4,E,8,100,E,8,992,E,8,306,E,8,0.9,E,8,-9990,0,0,-9990,0,0,1.675,E,8,0.128,E,8,0.20,E,8,0,-9990,0,0
06/02/2005,05:00,0,0,0,3,10,0,3,20,0,3,10,0,3,10,0,3,20,0,3,10,-9990,0,0,3,E,8,2,E,8,8.3,E,8,8.0,E,8,98,E,8,992,E,8,259,E,8,1.6,E,8,-9990,0,0,-9990,0,0,1.627,E,8,0.128,E,8,0.20,E,8,0,-9990,0,0
06/02/2005,06:00,109,1328,55,3,10,314,3,20,29,3,10,5601,3,10,14548,3,20,4401,3,10,-9990,0,0,1,E,8,1,E,8,9.0,E,8,8.6,E,8,98,E,8,992,E,8,247,E,8,2.5,E,8,-9990,0,0,-9990,0,0,1.697,E,8,0.128,E,8,0.20,E,8,0,-9990,0,0
06/02/2005,07:00,321,1328,192,3,10,616,3,20,43,3,10,20310,3,10,55064,3,20,6984,3,10,-9990,0,0,1,E,8,1,E,8,10.4,E,8,9.0,E,8,91,E,8,993,E,8,290,E,8,3.5,E,8,-9990,0,0,-9990,0,0,1.742,E,8,0.128,E,8,0.20,E,8,0,-9990,0,0
06/02/2005,08:00,536,1328,366,3,10,782,3,20,50,3,10,39784,3,10,79321,3,20,7733,3,10,-9990,0,0,0,E,8,0,E,8,12.2,E,8,9.0,E,8,81,E,8,993,E,8,288,E,8,1.0,E,8,-9990,0,0,-9990,0,0,1.742,E,8,0.128,E,8,0.20,E,8,0,-9990,0,0
06/02/2005,09:00,740,1328,542,3,10,867,3,20,59,3,10,58646,3,10,89507,3,20,8739,3,10,-9990,0,0,0,E,8,0,E,8,14.3,E,8,7.7,E,8,64,E,8,993,E,8,303,E,8,0.3,E,8,-9990,0,0,-9990,0,0,1.585,E,8,0.128,E,8,0.20,E,8,0,-9990,0,0
06/02/2005,10:00,919,1328,698,3,10,898,3,20,76,3,10,75044,3,10,92799,3,20,10820,3,10,-9990,0,0,0,E,8,0,E,8,16.3,E,8,8.1,E,8,58,E,8,993,E,8,255,E,8,0.6,E,8,-9990,0,0,-9990,0,0,1.635,E,8,0.128,E,8,0.20,E,8,0,-9990,0,0
06/02/2005,11:00,1060,1328,821,3,10,910,3,20,95,3,10,87662,3,10,93574,3,20,12951,3,10,-9990,0,0,0,E,8,0,E,8,18.2,E,8,7.7,E,8,50,E,8,994,E,8,79,E,8,0.9,E,8,-9990,0,0,-9990,0,0,1.596,E,8,0.128,E,8,0.20,E,8,0,-9990,0,0
06/02/2005,12:00,1154,1328,906,3,10,916,3,20,109,3,10,96289,3,10,94152,3,20,14440,3,10,-9990,0,0,0,E,8,0,E,8,19.9,E,8,8.1,E,8,46,E,8,994,E,8,30,E,8,1.9,E,8,-9990,0,0,-9990,0,0,1.636,E,8,0.128,E,8,0.20,E,8,0,-9990,0,0
06/02/2005,13:00,1195,1328,939,3,10,913,3,20,117,3,10,99741,3,10,93756,3,20,15360,3,10,-9990,0,0,0,E,8,0,E,8,21.3,E,8,8.9,E,8,45,E,8,994,E,8,8,E,8,0.9,E,8,-9990,0,0,-9990,0,0,1.734,E,8,0.128,E,8,0.20,E,8,0,-9990,0,0
06/02/2005,14:00,1179,1328,920,3,10,901,3,20,120,3,10,97751,3,10,92349,3,20,15714,3,10,-9990,0,0,0,E,8,0,E,8,22.4,E,8,9.2,E,8,43,E,8,994,E,8,334,E,8,0.3,E,8,-9990,0,0,-9990,0,0,1.768,E,8,0.128,E,8,0.20,E,8,0,-9990,0,0
06/02/2005,15:00,1109,1328,854,3,10,889,3,20,112,3,10,91135,3,10,91235,3,20,14942,3,10,-9990,0,0,0,E,8,0,E,8,23.0,E,8,9.8,E,8,43,E,8,994,E,8,325,E,8,1.4,E,8,-9990,0,0,-9990,0,0,1.847,E,8,0.128,E,8,0.20,E,8,0,-9990,0,0
06/02/2005,16:00,988,1328,750,3,10,886,3,20,91,3,10,80462,3,10,91220,3,20,12593,3,10,-9990,0,0,0,E,8,0,E,8,23.3,E,8,9.5,E,8,41,E,8,994,E,8,340,E,8,0.5,E,8,-9990,0,0,-9990,0,0,1.803,E,8,0.128,E,8,0.20,E,8,0,-9990,0,0
06/02/2005,17:00,825,1328,606,3,10,858,3,20,73,3,10,65428,3,10,88368,3,20,10537,3,10,-9990,0,0,0,E,8,0,E,8,23.3,E,8,9.5,E,8,42,E,8,994,E,8,352,E,8,0.9,E,8,-9990,0,0,-9990,0,0,1.803,E,8,0.128,E,8,0.20,E,8,0,-9990,0,0
06/02/2005,18:00,631,1328,437,3,10,794,3,20,60,3,10,47482,3,10,80956,3,20,9028,3,10,-9990,0,0,0,E,8,0,E,8,22.7,E,8,10.7,E,8,47,E,8,994,E,8,7,E,8,0.5,E,8,-9990,0,0,-9990,0,0,1.961,E,8,0.128,E,8,0.20,E,8,0,-9990,0,0
06/02/2005,19:00,419,1328,260,3,10,648,3,20,56,3,10,27668,3,10,59682,3,20,8841,3,10,-9990,0,0,0,E,8,0,E,8,21.6,E,8,11.0,E,8,51,E,8,994,E,8,34,E,8,0.5,E,8,-9990,0,0,-9990,0,0,1.999,E,8,0.128,E,8,0.20,E,8,0,-9990,0,0
06/02/2005,20:00,204,1328,105,3,10,429,3,20,39,3,10,10972,3,10,31621,3,20,6121,3,10,-9990,0,0,0,E,8,0,E,8,20.1,E,8,10.0,E,8,52,E,8,994,E,8,95,E,8,2.7,E,8,-9990,0,0,-9990,0,0,1.873,E,8,0.128,E,8,0.20,E,8,0,-9990,0,0
06/02/2005,21:00,26,342,2,3,10,0,3,20,2,3,10,311,3,10,10,3,20,310,3,10,-9990,0,0,0,E,8,0,E,8,18.6,E,8,9.7,E,8,56,E,8,994,E,8,97,E,8,6.3,E,8,-9990,0,0,-9990,0,0,1.828,E,8,0.128,E,8,0.20,E,8,0,-9990,0,0
06/02/2005,22:00,0,0,0,3,0,0,3,0,0,3,0,0,3,0,0,3,0,0,3,0,-9990,0,0,0,E,8,0,E,8,16.7,E,8,11.5,E,8,71,E,8,994,E,8,68,E,8,4.4,E,8,-9990,0,0,-9990,0,0,2.072,E,8,0.128,E,8,0.20,E,8,0,-9990,0,0
06/02/2005,23:00,0,0,0,3,0,0,3,0,0,3,0,0,3,0,0,3,0,0,3,0,-9990,0,0,0,E,8,0,E,8,14.8,E,8,10.9,E,8,78,E,8,994,E,8,69,E,8,5.8,E,8,-9990,0,0,-9990,0,0,1.991,E,8,0.128,E,8,0.20,E,8,0,-9990,0,0
06/02/2005,24:00,0,0,0,3,0,0,3,0,0,3,0,0,3,0,0,3,0,0,3,0,-9990,0,0,0,E,8,0,E,8,12.8,E,8,10.5,E,8,85,E,8,994,E,8,60,E,8,3.7,E,8,-9990,0,0,-9990,0,0,1.931,E,8,0.128,E,8,0.20,E,8,0,-9990,0,0
06/03/2005,01:00,0,0,0,3,0,0,3,0,0,3,0,0,3,0,0,3,0,0,3,0,-9990,0,0,0,E,8,0,E,8,11.6,E,8,9.3,E,8,86,E,8,994,E,8,69,E,8,4.0,E,8,-9990,0,0,-9990,0,0,1.778,E,8,0.124,E,8,0.20,E,8,0,-9990,0,0
06/03/2005,02:00,0,0,0,3,0,0,3,0,0,3,0,0,3,0,0,3,0,0,3,0,-9990,0,0,0,E,8,0,E,8,10.3,E,8,9.7,E,8,96,E,8,994,E,8,181,E,8,3.7,E,8,-9990,0,0,-9990,0,0,1.826,E,8,0.124,E,8,0.20,E,8,0,-9990,0,0
06/03/2005,03:00,0,0,0,3,0,0,3,0,0,3,0,0,3,0,0,3,0,0,3,0,-9990,0,0,0,E,8,0,E,8,9.6,E,8,9.5,E,8,99,E,8,994,E,8,233,E,8,2.2,E,8,-9990,0,0,-9990,0,0,1.801,E,8,0.124,E,8,0.20,E,8,0,-9990,0,0
06/03/2005,04:00,0,0,0,3,0,0,3,0,0,3,0,0,3,0,0,3,0,0,3,0,-9990,0,0,0,E,8,0,E,8,9.1,E,8,9.1,E,8,100,E,8,994,E,8,219,E,8,1.2,E,8,-9990,0,0,-9990,0,0,1.755,E,8,0.124,E,8,0.20,E,8,0,-9990,0,0
06/03/2005,05:00,0,0,0,3,10,0,3,20,0,3,10,0,3,10,0,3,20,0,3,10,-9990,0,0,0,E,8,0,E,8,9.0,E,8,9.0,E,8,100,E,8,994,E,8,252,E,8,1.4,E,8,-9990,0,0,-9990,0,0,1.743,E,8,0.124,E,8,0.20,E,8,0,-9990,0,0
06/03/2005,06:00,111,1327,54,3,10,239,3,20,34,3,10,5574,3,10,8829,3,20,4833,3,10,-9990,0,0,0,E,8,0,E,8,9.7,E,8,9.7,E,8,100,E,8,994,E,8,107,E,8,2.5,E,8,-9990,0,0,-9990,0,0,1.823,E,8,0.124,E,8,0.20,E,8,0,-9990,0,0
06/03/2005,07:00,323,1327,187,3,10,566,3,20,49,3,10,19960,3,10,49696,3,20,7874,3,10,-9990,0,0,0,E,8,0,E,8,11.0,E,8,9.3,E,8,89,E,8,994,E,8,235,E,8,1.4,E,8,-9990,0,0,-9990,0,0,1.784,E,8,0.124,E,8,0.20,E,8,0,-9990,0,0
06/03/2005,08:00,538,1327,354,3,10,720,3,20,62,3,10,38265,3,10,70839,3,20,9567,3,10,-9990,0,0,0,E,8,0,E,8,12.8,E,8,9.9,E,8,82,E,8,994,E,8,295,E,8,4.0,E,8,-9990,0,0,-9990,0,0,1.852,E,8,0.124,E,8,0.20,E,8,0,-9990,0,0
06/03/2005,09:00,741,1327,520,3,10,790,3,20,79,3,10,57148,3,10,81452,3,20,11657,3,10,-9990,0,0,0,E,8,0,E,8,14.8,E,8,9.9,E,8,73,E,8,994,E,8,175,E,8,1.6,E,8,-9990,0,0,-9990,0,0,1.859,E,8,0.124,E,8,0.20,E,8,0,-9990,0,0
06/03/2005,10:00,920,1327,674,3,10,830,3,20,99,3,10,72050,3,10,83953,3,20,13874,3,10,-9990,0,0,0,E,8,0,E,8,16.7,E,8,8.7,E,8,59,E,8,994,E,8,200,E,8,1.7,E,8,-9990,0,0,-9990,0,0,1.711,E,8,0.124,E,8,0.20,E,8,0,-9990,0,0
06/03/2005,11:00,1061,1327,794,3,10,838,3,20,125,3,10,84269,3,10,84516,3,20,16718,3,10,-9990,0,0,0,E,8,0,E,8,18.6,E,8,8.7,E,8,52,E,8,994,E,8,280,E,8,2.5,E,8,-9990,0,0,-9990,0,0,1.701,E,8,0.124,E,8,0.20,E,8,0,-9990,0,0
06/03/2005,12:00,1155,1327,870,3,10,823,3,20,153,3,10,94448,3,10,86054,3,20,19562,3,10,-9990,0,0,0,E,8,0,E,8,20.2,E,8,8.5,E,8,47,E,8,994,E,8,196,E,8,3.5,E,8,-9990,0,0,-9990,0,0,1.679,E,8,0.124,E,8,0.20,E,8,0,-9990,0,0
06/03/2005,13:00,1196,1327,897,3,10,799,3,20,177,3,10,96423,3,10,82589,3,20,22013,3,10,-9990,0,0,0,E,8,0,E,8,21.6,E,8,8.6,E,8,43,E,8,994,E,8,242,E,8,1.9,E,8,-9990,0,0,-9990,0,0,1.695,E,8,0.124,E,8,0.20,E,8,0,-9990,0,0
06/03/2005,14:00,1180,1327,884,3,10,801,3,20,172,3,10,95150,3,10,82776,3,20,21527,3,10,-9990,0,0,0,E,8,0,E,8,22.6,E,8,8.4,E,8,40,E,8,994,E,8,282,E,8,0.7,E,8,-9990,0,0,-9990,0,0,1.668,E,8,0.124,E,8,0.20,E,8,0,-9990,0,0
06/03/2005,15:00,1110,1327,822,3,10,795,3,20,158,3,10,88381,3,10,81493,3,20,20224,3,10,-9990,0,0,0,E,8,0,E,8,23.2,E,8,7.5,E,8,36,E,8,994,E,8,234,E,8,0.3,E,8,-9990,0,0,-9990,0,0,1.569,E,8,0.124,E,8,0.20,E,8,0,-9990,0,0
06/03/2005,16:00,989,1327,722,3,10,798,3,20,127,3,10,77996,3,10,81677,3,20,17113,3,10,-9990,0,0,0,E,8,0,E,8,23.5,E,8,6.9,E,8,34,E,8,994,E,8,230,E,8,0.6,E,8,-9990,0,0,-9990,0,0,1.499,E,8,0.124,E,8,0.20,E,8,0,-9990,0,0
06/03/2005,17:00,827,1327,580,3,10,761,3,20,106,3,10,62242,3,10,75990,3,20,14919,3,10,-9990,0,0,0,E,8,0,E,8,23.4,E,8,6.2,E,8,33,E,8,994,E,8,273,E,8,0.8,E,8,-9990,0,0,-9990,0,0,1.435,E,8,0.124,E,8,0.20,E,8,0,-9990,0,0
06/03/2005,18:00,633,1327,420,3,10,711,3,20,81,3,10,44743,3,10,68680,3,20,11999,3,10,-9990,0,0,0,E,8,0,E,8,22.9,E,8,5.6,E,8,33,E,8,994,E,8,292,E,8,1.6,E,8,-9990,0,0,-9990,0,0,1.370,E,8,0.124,E,8,0.20,E,8,0,-9990,0,0
06/03/2005,19:00,421,1327,252,3,10,584,3,20,67,3,10,26808,3,10,52115,3,20,10267,3,10,-9990,0,0,0,E,8,0,E,8,21.8,E,8,6.2,E,8,36,E,8,994,E,8,229,E,8,4.0,E,8,-9990,0,0,-9990,0,0,1.432,E,8,0.124,E,8,0.20,E,8,0,-9990,0,0
06/03/2005,20:00,206,1327,102,3,10,392,3,20,41,3,10,10620,3,10,27338,3,20,6370,3,10,-9990,0,0,0,E,8,0,E,8,20.5,E,8,5.9,E,8,39,E,8,994,E,8,236,E,8,5.3,E,8,-9990,0,0,-9990,0,0,1.406,E,8,0.124,E,8,0.20,E,8,0,-9990,0,0
06/03/2005,21:00,27,352,2,3,10,0,3,20,2,3,10,306,3,10,10,3,20,306,3,10,-9990,0,0,0,E,8,0,E,8,19.0,E,8,7.1,E,8,46,E,8,994,E,8,285,E,8,5.3,E,8,-9990,0,0,-9990,0,0,1.526,E,8,0.124,E,8,0.20,E,8,0,-9990,0,0
06/03/2005,22:00,0,0,0,3,0,0,3,0,0,3,0,0,3,0,0,3,0,0,3,0,-9990,0,0,0,E,8,0,E,8,16.9,E,8,7.7,E,8,55,E,8,994,E,8,172,E,8,3.3,E,8,-9990,0,0,-9990,0,0,1.593,E,8,0.124,E,8,0.20,E,8,0,-9990,0,0
06/03/2005,23:00,0,0,0,3,0,0,3,0,0,3,0,0,3,0,0,3,0,0,3,0,-9990,0,0,0,E,8,0,E,8,14.9,E,8,6.6,E,8,57,E,8,994,E,8,6,E,8,2.7,E,8,-9990,0,0,-9990,0,0,1.469,E,8,0.124,E,8,0.20,E,8,0,-9990,0,0
06/03/2005,24:00,0,0,0,3,0,0,3,0,0,3,0,0,3,0,0,3,0,0,3,0,-9990,0,0,0,E,8,0,E,8,12.8,E,8,5.7,E,8,62,E,8,994,E,8,77,E,8,1.0,E,8,-9990,0,0,-9990,0,0,1.386,E,8,0.124,E,8,0.20,E,8,0,-9990,0,0
06/04/2005,01:00,0,0,0,3,0,0,3,0,0,3,0,0,3,0,0,3,0,0,3,0,-9990,0,0,0,E,8,0,E,8,11.4,E,8,5.6,E,8,67,E,8,994,E,8,66,E,8,1.6,E,8,-9990,0,0,-9990,0,0,1.368,E,8,0.120,E,8,0.20,E,8,0,-9990,0,0
06/04/2005,02:00,0,0,0,3,0,0,3,0,0,3,0,0,3,0,0,3,0,0,3,0,-9990,0,0,0,E,8,0,E,8,9.8,E,8,5.2,E,8,73,E,8,994,E,8,16,E,8,0.5,E,8,-9990,0,0,-9990,0,0,1.332,E,8,0.120,E,8,0.20,E,8,0,-9990,0,0
06/04/2005,03:00,0,0,0,3,0,0,3,0,0,3,0,0,3,0,0,3,0,0,3,0,-9990,0,0,0,E,8,0,E,8,8.9,E,8,5.2,E,8,78,E,8,994,E,8,80,E,8,0.2,E,8,-9990,0,0,-9990,0,0,1.333,E,8,0.120,E,8,0.20,E,8,0,-9990,0,0
06/04/2005,04:00,0,0,0,3,0,0,3,0,0,3,0,0,3,0,0,3,0,0,3,0,-9990,0,0,0,E,8,0,E,8,8.2,E,8,4.9,E,8,80,E,8,994,E,8,39,E,8,0.3,E,8,-9990,0,0,-9990,0,0,1.307,E,8,0.120,E,8,0.20,E,8,0,-9990,0,0
06/04/2005,05:00,0,0,0,3,10,0,3,20,0,3,10,0,3,10,0,3,20,0,3,10,-9990,0,0,0,E,8,0,E,8,7.9,E,8,4.9,E,8,81,E,8,994,E,8,12,E,8,2.7,E,8,-9990,0,0,-9990,0,0,1.309,E,8,0.120,E,8,0.20,E,8,0,-9990,0,0
06/04/2005,06:00,113,1327,56,3,10,316,3,20,29,3,10,5735,3,10,15257,3,20,4437,3,10,-9990,0,0,0,E,8,0,E,8,8.3,E,8,5.2,E,8,80,E,8,994,E,8,43,E,8,4.4,E,8,-9990,0,0,-9990,0,0,1.335,E,8,0.120,E,8,0.20,E,8,0,-9990,0,0
06/04/2005,07:00,324,1327,193,3,10,610,3,20,44,3,10,20246,3,10,53780,3,20,7108,3,10,-9990,0,0,0,E,8,0,E,8,9.4,E,8,5.2,E,8,75,E,8,994,E,8,256,E,8,6.9,E,8,-9990,0,0,-9990,0,0,1.336,E,8,0.120,E,8,0.20,E,8,0,-9990,0,0
06/04/2005,08:00,539,1327,363,3,10,763,3,20,54,3,10,39160,3,10,76191,3,20,8221,3,10,-9990,0,0,0,E,8,0,E,8,10.7,E,8,5.8,E,8,72,E,8,994,E,8,117,E,8,2.5,E,8,-9990,0,0,-9990,0,0,1.393,E,8,0.120,E,8,0.20,E,8,0,-9990,0,0
06/04/2005,09:00,742,1327,538,3,10,849,3,20,63,3,10,57927,3,10,86969,3,20,9280,3,10,-9990,0,0,0,E,8,0,E,8,12.2,E,8,6.3,E,8,67,E,8,994,E,8,35,E,8,3.1,E,8,-9990,0,0,-9990,0,0,1.443,E,8,0.120,E,8,0.20,E,8,0,-9990,0,0
06/04/2005,10:00,921,1327,693,3,10,882,3,20,81,3,10,74017,3,10,90190,3,20,11448,3,10,-9990,0,0,0,E,8,0,E,8,13.7,E,8,5.5,E,8,57,E,8,994,E,8,93,E,8,1.0,E,8,-9990,0,0,-9990,0,0,1.362,E,8,0.120,E,8,0.20,E,8,0,-9990,0,0
06/04/2005,11:00,1062,1327,817,3,10,897,3,20,100,3,10,86772,3,10,91547,3,20,13529,3,10,-9990,0,0,0,E,8,0,E,8,15.1,E,8,5.6,E,8,53,E,8,994,E,8,81,E,8,1.2,E,8,-9990,0,0,-9990,0,0,1.376,E,8,0.120,E,8,0.20,E,8,0,-9990,0,0
06/04/2005,12:00,1156,1327,901,3,10,904,3,20,114,3,10,95231,3,10,92028,3,20,15071,3,10,-9990,0,0,0,E,8,0,E,8,16.4,E,8,5.5,E,8,48,E,8,994,E,8,103,E,8,1.2,E,8,-9990,0,0,-9990,0,0,1.360,E,8,0.120,E,8,0.20,E,8,0,-9990,0,0
06/04/2005,13:00,1197,1327,934,3,10,898,3,20,124,3,10,98500,3,10,91282,3,20,16174,3,10,-9990,0,0,0,E,8,0,E,8,17.4,E,8,6.1,E,8,47,E,8,994,E,8,60,E,8,2.2,E,8,-9990,0,0,-9990,0,0,1.420,E,8,0.120,E,8,0.20,E,8,0,-9990,0,0
06/04/2005,14:00,1181,1327,921,3,10,898,3,20,121,3,10,97287,3,10,91421,3,20,15881,3,10,-9990,0,0,0,E,8,0,E,8,18.1,E,8,6.6,E,8,47,E,8,994,E,8,34,E,8,2.7,E,8,-9990,0,0,-9990,0,0,1.468,E,8,0.120,E,8,0.20,E,8,0,-9990,0,0
06/04/2005,15:00,1111,1327,861,3,10,898,3,20,109,3,10,91135,3,10,91478,3,20,14518,3,10,-9990,0,0,0,E,8,0,E,8,18.5,E,8,5.7,E,8,43,E,8,994,E,8,65,E,8,4.8,E,8,-9990,0,0,-9990,0,0,1.387,E,8,0.120,E,8,0.20,E,8,0,-9990,0,0
06/04/2005,16:00,991,1327,755,3,10,892,3,20,89,3,10,80473,3,10,91238,3,20,12340,3,10,-9990,0,0,0,E,8,0,E,8,18.7,E,8,5.5,E,8,42,E,8,994,E,8,49,E,8,5.3,E,8,-9990,0,0,-9990,0,0,1.362,E,8,0.120,E,8,0.20,E,8,0,-9990,0,0
06/04/2005,17:00,828,1327,611,3,10,865,3,20,72,3,10,65633,3,10,88554,3,20,10349,3,10,-9990,0,0,0,E,8,0,E,8,18.5,E,8,6.4,E,8,45,E,8,994,E,8,101,E,8,4.4,E,8,-9990,0,0,-9990,0,0,1.450,E,8,0.120,E,8,0.20,E,8,0,-9990,0,0
06/04/2005,18:00,635,1327,447,3,10,819,3,20,55,3,10,48224,3,10,83389,3,20,8324,3,10,-9990,0,0,0,E,8,0,E,8,17.9,E,8,6.0,E,8,46,E,8,993,E,8,93,E,8,6.3,E,8,-9990,0,0,-9990,0,0,1.417,E,8,0.120,E,8,0.20,E,8,0,-9990,0,0
06/04/2005,19:00,424,1327,271,3,10,693,3,20,50,3,10,28950,3,10,65981,3,20,7885,3,10,-9990,0,0,0,E,8,0,E,8,16.9,E,8,6.7,E,8,51,E,8,993,E,8,166,E,8,9.3,E,8,-9990,0,0,-9990,0,0,1.486,E,8,0.120,E,8,0.20,E,8,0,-9990,0,0
06/04/2005,20:00,209,1327,111,3,10,465,3,20,38,3,10,11633,3,10,35896,3,20,5980,3,10,-9990,0,0,0,E,8,0,E,8,15.6,E,8,6.8,E,8,56,E,8,993,E,8,101,E,8,7.2,E,8,-9990,0,0,-9990,0,0,1.492,E,8,0.120,E,8,0.20,E,8,0,-9990,0,0
06/04/2005,21:00,29,362,3,3,10,0,3,20,3,3,10,441,3,10,9,3,20,440,3,10,-9990,0,0,0,E,8,0,E,8,14.2,E,8,7.6,E,8,64,E,8,993,E,8,55,E,8,2.7,E,8,-9990,0,0,-9990,0,0,1.577,E,8,0.120,E,8,0.20,E,8,0,-9990,0,0
06/04/2005,22:00,0,0,0,3,0,0,3,0,0,3,0,0,3,0,0,3,0,0,3,0,-9990,0,0,0,E,8,0,E,8,12.4,E,8,8.6,E,8,77,E,8,993,E,8,26,E,8,1.2,E,8,-9990,0,0,-9990,0,0,1.689,E,8,0.120,E,8,0.20,E,8,0,-9990,0,0
06/04/2005,23:00,0,0,0,3,0,0,3,0,0,3,0,0,3,0,0,3,0,0,3,0,-9990,0,0,1,E,8,1,E,8,10.6,E,8,8.1,E,8,85,E,8,993,E,8,346,E,8,0.8,E,8,-9990,0,0,-9990,0,0,1.637,E,8,0.120,E,8,0.20,E,8,0,-9990,0,0
06/04/2005,24:00,0,0,0,3,0,0,3,0,0,3,0,0,3,0,0,3,0,0,3,0,-9990,0,0,1,E,8,1,E,8,8.8,E,8,8.0,E,8,94,E,8,993,E,8,324,E,8,2.5,E,8,-9990,0,0,-9990,0,0,1.623,E,8,0.120,E,8,0.20,E,8,0,-9990,0,0
06/05/2005,01:00,0,0,0,3,0,0,3,0,0,3,0,0,3,0,0,3,0,0,3,0,-9990,0,0,1,E,8,1,E,8,8.6,E,8,8.2,E,8,97,E,8,993,E,8,17,E,8,1.9,E,8,-9990,0,0,-9990,0,0,1.644,E,8,0.129,E,8,0.20,E,8,0,-9990,0,0
06/05/2005,02:00,0,0,0,3,0,0,3,0,0,3,0,0,3,0,0,3,0,0,3,0,-9990,0,0,1,E,8,1,E,8,8.2,E,8,8.2,E,8,100,E,8,993,E,8,61,E,8,0.3,E,8,-9990,0,0,-9990,0,0,1.644,E,8,0.129,E,8,0.20,E,8,0,-9990,0,0
06/05/2005,03:00,0,0,0,3,0,0,3,0,0,3,0,0,3,0,0,3,0,0,3,0,-9990,0,0,1,E,8,1,E,8,8.1,E,8,7.2,E,8,94,E,8,993,E,8,13,E,8,0.9,E,8,-9990,0,0,-9990,0,0,1.531,E,8,0.129,E,8,0.20,E,8,0,-9990,0,0
06/05/2005,04:00,0,0,0,3,0,0,3,0,0,3,0,0,3,0,0,3,0,0,3,0,-9990,0,0,1,E,8,1,E,8,7.9,E,8,7.4,E,8,96,E,8,993,E,8,61,E,8,2.2,E,8,-9990,0,0,-9990,0,0,1.553,E,8,0.129,E,8,0.20,E,8,0,-9990,0,0
06/05/2005,05:00,1,54,0,3,10,0,3,20,0,3,10,0,3,10,0,3,20,0,3,10,-9990,0,0,3,E,8,2,E,8,7.9,E,8,7.9,E,8,100,E,8,993,E,8,195,E,8,3.1,E,8,-9990,0,0,-9990,0,0,1.609,E,8,0.129,E,8,0.20,E,8,0,-9990,0,0
06/05/2005,06:00,114,1326,49,3,10,236,3,20,28,3,10,4983,3,10,7627,3,20,4326,3,10,-9990,0,0,3,E,8,2,E,8,8.5,E,8,8.5,E,8,100,E,8,992,E,8,224,E,8,4.4,E,8,-9990,0,0,-9990,0,0,1.687,E,8,0.129,E,8,0.20,E,8,0,-9990,0,0
06/05/2005,07:00,325,1326,172,3,10,404,3,20,73,3,10,18337,3,10,31315,3,20,10655,3,10,-9990,0,0,3,E,8,2,E,8,9.9,E,8,8.0,E,8,88,E,8,992,E,8,270,E,8,4.0,E,8,-9990,0,0,-9990,0,0,1.626,E,8,0.129,E,8,0.20,E,8,0,-9990,0,0
06/05/2005,08:00,540,1326,322,3,10,513,3,20,113,3,10,34909,3,10,44656,3,20,16738,3,10,-9990,0,0,3,E,8,2,E,8,11.7,E,8,8.2,E,8,79,E,8,992,E,8,251,E,8,4.8,E,8,-9990,0,0,-9990,0,0,1.645,E,8,0.129,E,8,0.20,E,8,0,-9990,0,0
06/05/2005,09:00,743,1326,453,3,10,505,3,20,169,3,10,49123,3,10,43716,3,20,24636,3,10,-9990,0,0,4,E,8,3,E,8,13.6,E,8,7.1,E,8,65,E,8,992,E,8,234,E,8,4.0,E,8,-9990,0,0,-9990,0,0,1.530,E,8,0.129,E,8,0.20,E,8,0,-9990,0,0
06/05/2005,10:00,921,1326,573,3,10,482,3,20,238,3,10,62011,3,10,40395,3,20,33958,3,10,-9990,0,0,5,E,8,4,E,8,15.4,E,8,7.3,E,8,58,E,8,992,E,8,267,E,8,4.4,E,8,-9990,0,0,-9990,0,0,1.541,E,8,0.129,E,8,0.20,E,8,0,-9990,0,0
06/05/2005,11:00,1062,1326,675,3,10,519,3,20,259,3,10,73942,3,10,45708,3,20,37340,3,10,-9990,0,0,5,E,8,4,E,8,17.0,E,8,7.7,E,8,54,E,8,992,E,8,266,E,8,6.3,E,8,-9990,0,0,-9990,0,0,1.594,E,8,0.129,E,8,0.20,E,8,0,-9990,0,0
06/05/2005,12:00,1156,1326,759,3,10,509,3,20,315,3,10,82695,3,10,43588,3,20,44695,3,10,-9990,0,0,5,E,8,4,E,8,18.6,E,8,8.0,E,8,50,E,8,992,E,8,256,E,8,4.8,E,8,-9990,0,0,-9990,0,0,1.629,E,8,0.129,E,8,0.20,E,8,0,-9990,0,0
06/05/2005,13:00,1197,1326,811,3,10,563,3,20,303,3,10,89301,3,10,50581,3,20,43640,3,10,-9990,0,0,5,E,8,4,E,8,20.0,E,8,9.0,E,8,49,E,8,992,E,8,260,E,8,1.6,E,8,-9990,0,0,-9990,0,0,1.739,E,8,0.129,E,8,0.20,E,8,0,-9990,0,0
06/05/2005,14:00,1182,1326,811,3,10,592,3,20,283,3,10,86908,3,10,58444,3,20,34809,3,10,-9990,0,0,4,E,8,3,E,8,21.1,E,8,9.2,E,8,46,E,8,992,E,8,311,E,8,0.5,E,8,-9990,0,0,-9990,0,0,1.763,E,8,0.129,E,8,0.20,E,8,0,-9990,0,0
06/05/2005,15:00,1112,1326,745,3,10,582,3,20,257,3,10,79748,3,10,56613,3,20,32269,3,10,-9990,0,0,4,E,8,3,E,8,21.8,E,8,8.7,E,8,43,E,8,992,E,8,287,E,8,0.8,E,8,-9990,0,0,-9990,0,0,1.706,E,8,0.129,E,8,0.20,E,8,0,-9990,0,0
06/05/2005,16:00,992,1326,658,3,10,567,3,20,234,3,10,72087,3,10,51033,3,20,33911,3,10,-9990,0,0,4,E,8,3,E,8,22.2,E,8,8.1,E,8,40,E,8,991,E,8,273,E,8,0.1,E,8,-9990,0,0,-9990,0,0,1.637,E,8,0.129,E,8,0.20,E,8,0,-9990,0,0
06/05/2005,17:00,830,1326,521,3,10,528,3,20,191,3,10,56779,3,10,46319,3,20,27794,3,10,-9990,0,0,4,E,8,3,E,8,22.2,E,8,8.0,E,8,40,E,8,991,E,8,259,E,8,0.1,E,8,-9990,0,0,-9990,0,0,1.627,E,8,0.129,E,8,0.20,E,8,0,-9990,0,0
06/05/2005,18:00,637,1326,385,3,10,500,3,20,145,3,10,41543,3,10,42644,3,20,21068,3,10,-9990,0,0,4,E,8,3,E,8,21.7,E,8,7.0,E,8,39,E,8,991,E,8,234,E,8,0.6,E,8,-9990,0,0,-9990,0,0,1.514,E,8,0.129,E,8,0.20,E,8,0,-9990,0,0
06/05/2005,19:00,426,1326,231,3,10,403,3,20,102,3,10,24564,3,10,30799,3,20,14675,3,10,-9990,0,0,4,E,8,3,E,8,20.8,E,8,7.2,E,8,41,E,8,991,E,8,88,E,8,1.0,E,8,-9990,0,0,-9990,0,0,1.537,E,8,0.129,E,8,0.20,E,8,0,-9990,0,0
06/05/2005,20:00,211,1326,96,3,10,255,3,20,55,3,10,9965,3,10,13288,3,20,7847,3,10,-9990,0,0,5,E,8,4,E,8,19.5,E,8,8.5,E,8,49,E,8,991,E,8,243,E,8,0.2,E,8,-9990,0,0,-9990,0,0,1.688,E,8,0.129,E,8,0.20,E,8,0,-9990,0,0
06/05/2005,21:00,30,371,4,3,10,0,3,20,4,3,10,522,3,10,9,3,20,521,3,10,-9990,0,0,5,E,8,4,E,8,18.2,E,8,8.9,E,8,54,E,8,991,E,8,197,E,8,0.3,E,8,-9990,0,0,-9990,0,0,1.724,E,8,0.129,E,8,0.20,E,8,0,-9990,0,0
06/05/2005,22:00,0,0,0,3,0,0,3,0,0,3,0,0,3,0,0,3,0,0,3,0,-9990,0,0,5,E,8,4,E,8,16.7,E,8,10.3,E,8,66,E,8,990,E,8,242,E,8,0.4,E,8,-9990,0,0,-9990,0,0,1.912,E,8,0.129,E,8,0.20,E,8,0,-9990,0,0
06/05/2005,23:00,0,0,0,3,0,0,3,0,0,3,0,0,3,0,0,3,0,0,3,0,-9990,0,0,6,E,8,5,E,8,15.2,E,8,9.3,E,8,68,E,8,990,E,8,261,E,8,0.6,E,8,-9990,0,0,-9990,0,0,1.777,E,8,0.129,E,8,0.20,E,8,0,-9990,0,0
06/05/2005,24:00,0,0,0,3,0,0,3,0,0,3,0,0,3,0,0,3,0,0,3,0,-9990,0,0,6,E,8,5,E,8,13.7,E,8,8.8,E,8,72,E,8,990,E,8,254,E,8,0.5,E,8,-9990,0,0,-9990,0,0,1.718,E,8,0.129,E,8,0.20,E,8,0,-9990,0,0
06/06/2005,01:00,0,0,0,3,0,0,3,0,0,3,0,0,3,0,0,3,0,0,3,0,-9990,0,0,6,E,8,5,E,8,12.6,E,8,8.8,E,8,78,E,8,990,E,8,219,E,8,2.2,E,8,-9990,0,0,-9990,0,0,1.723,E,8,0.133,E,8,0.20,E,8,0,-9990,0,0
06/06/2005,02:00,0,0,0,3,0,0,3,0,0,3,0,0,3,0,0,3,0,0,3,0,-9990,0,0,8,E,8,7,E,8,11.3,E,8,8.9,E,8,85,E,8,990,E,8,28,E,8,2.5,E,8,-9990,0,0,-9990,0,0,1.734,E,8,0.133,E,8,0.20,E,8,0,-9990,0,0
06/06/2005,03:00,0,0,0,3,0,0,3,0,0,3,0,0,3,0,0,3,0,0,3,0,-9990,0,0,8,E,8,7,E,8,10.6,E,8,7.9,E,8,83,E,8,990,E,8,64,E,8,0.7,E,8,-9990,0,0,-9990,0,0,1.613,E,8,0.133,E,8,0.20,E,8,0,-9990,0,0
06/06/2005,04:00,0,0,0,3,0,0,3,0,0,3,0,0,3,0,0,3,0,0,3,0,-9990,0,0,8,E,8,7,E,8,10.2,E,8,7.6,E,8,84,E,8,989,E,8,238,E,8,2.2,E,8,-9990,0,0,-9990,0,0,1.584,E,8,0.133,E,8,0.20,E,8,0,-9990,0,0
06/06/2005,05:00,1,60,0,3,10,0,3,20,0,3,10,0,3,10,0,3,20,0,3,10,-9990,0,0,9,E,8,8,E,8,10.1,E,8,7.2,E,8,82,E,8,989,E,8,85,E,8,1.0,E,8,-9990,0,0,-9990,0,0,1.534,E,8,0.133,E,8,0.20,E,8,0,-9990,0,0
06/06/2005,06:00,116,1326,36,3,10,44,3,20,32,3,10,3917,3,10,738,3,20,3852,3,10,-9990,0,0,9,E,8,8,E,8,10.5,E,8,6.6,E,8,77,E,8,989,E,8,49,E,8,0.1,E,8,-9990,0,0,-9990,0,0,1.469,E,8,0.133,E,8,0.20,E,8,0,-9990,0,0
06/06/2005,07:00,326,1326,121,3,10,85,3,20,100,3,10,13208,3,10,5343,3,20,11892,3,10,-9990,0,0,9,E,8,8,E,8,11.3,E,8,7.6,E,8,78,E,8,989,E,8,26,E,8,0.0,E,8,-9990,0,0,-9990,0,0,1.575,E,8,0.133,E,8,0.20,E,8,0,-9990,0,0
06/06/2005,08:00,541,1326,233,3,10,113,3,20,187,3,10,25421,3,10,8713,3,20,21868,3,10,-9990,0,0,9,E,8,8,E,8,12.4,E,8,7.5,E,8,72,E,8,989,E,8,359,E,8,0.5,E,8,-9990,0,0,-9990,0,0,1.572,E,8,0.133,E,8,0.20,E,8,0,-9990,0,0
06/06/2005,09:00,744,1326,342,3,10,116,3,20,277,3,10,37970,3,10,11683,3,20,31418,3,10,-9990,0,0,10,E,8,9,E,8,13.5,E,8,9.2,E,8,75,E,8,989,E,8,337,E,8,0.5,E,8,-9990,0,0,-9990,0,0,1.770,E,8,0.133,E,8,0.20,E,8,0,-9990,0,0
06/06/2005,10:00,922,1326,449,3,10,151,3,20,344,3,10,49332,3,10,13997,3,20,39602,3,10,-9990,0,0,9,E,8,8,E,8,14.8,E,8,9.1,E,8,69,E,8,989,E,8,48,E,8,1.4,E,8,-9990,0,0,-9990,0,0,1.756,E,8,0.133,E,8,0.20,E,8,0,-9990,0,0
06/06/2005,11:00,1063,1326,528,3,10,169,3,20,392,3,10,58340,3,10,16647,3,20,44999,3,10,-9990,0,0,9,E,8,8,E,8,15.9,E,8,9.3,E,8,65,E,8,988,E,8,23,E,8,1.7,E,8,-9990,0,0,-9990,0,0,1.785,E,8,0.133,E,8,0.20,E,8,0,-9990,0,0
06/06/2005,12:00,1157,1326,565,3,10,147,3,20,436,3,10,62529,3,10,14568,3,20,49819,3,10,-9990,0,0,9,E,8,8,E,8,16.9,E,8,9.5,E,8,62,E,8,988,E,8,10,E,8,1.4,E,8,-9990,0,0,-9990,0,0,1.798,E,8,0.133,E,8,0.20,E,8,0,-9990,0,0
06/06/2005,13:00,1198,1326,594,3,10,153,3,20,456,3,10,65853,3,10,15303,3,20,52025,3,10,-9990,0,0,9,E,8,8,E,8,17.7,E,8,9.5,E,8,59,E,8,988,E,8,5,E,8,0.9,E,8,-9990,0,0,-9990,0,0,1.805,E,8,0.133,E,8,0.20,E,8,0,-9990,0,0
06/06/2005,14:00,1183,1326,591,3,10,158,3,20,450,3,10,65422,3,10,15880,3,20,51252,3,10,-9990,0,0,9,E,8,8,E,8,18.3,E,8,9.3,E,8,56,E,8,988,E,8,356,E,8,1.0,E,8,-9990,0,0,-9990,0,0,1.784,E,8,0.133,E,8,0.20,E,8,0,-9990,0,0
06/06/2005,15:00,1114,1326,527,3,10,152,3,20,400,3,10,58452,3,10,15054,3,20,45810,3,10,-9990,0,0,9,E,8,8,E,8,18.6,E,8,9.0,E,8,53,E,8,988,E,8,356,E,8,3.3,E,8,-9990,0,0,-9990,0,0,1.737,E,8,0.133,E,8,0.20,E,8,0,-9990,0,0
06/06/2005,16:00,994,1326,439,3,10,111,3,20,356,3,10,48973,3,10,11254,3,20,40540,3,10,-9990,0,0,10,E,8,9,E,8,18.7,E,8,8.9,E,8,53,E,8,987,E,8,20,E,8,3.1,E,8,-9990,0,0,-9990,0,0,1.729,E,8,0.133,E,8,0.20,E,8,0,-9990,0,0
06/06/2005,17:00,832,1326,348,3,10,90,3,20,292,3,10,38739,3,10,8804,3,20,33217,3,10,-9990,0,0,10,E,8,9,E,8,18.6,E,8,9.2,E,8,54,E,8,987,E,8,37,E,8,2.2,E,8,-9990,0,0,-9990,0,0,1.768,E,8,0.133,E,8,0.20,E,8,0,-9990,0,0
06/06/2005,18:00,639,1326,250,3,10,67,3,20,217,3,10,27706,3,10,6196,3,20,24722,3,10,-9990,0,0,10,E,8,9,E,8,18.1,E,8,8.9,E,8,55,E,8,987,E,8,39,E,8,2.2,E,8,-9990,0,0,-9990,0,0,1.729,E,8,0.133,E,8,0.20,E,8,0,-9990,0,0
06/06/2005,19:00,428,1326,154,3,10,53,3,20,136,3,10,17003,3,10,4623,3,20,15510,3,10,-9990,0,0,10,E,8,9,E,8,17.4,E,8,8.2,E,8,55,E,8,987,E,8,12,E,8,3.5,E,8,-9990,0,0,-9990,0,0,1.648,E,8,0.133,E,8,0.20,E,8,0,-9990,0,0
06/06/2005,20:00,214,1326,60,3,10,20,3,20,57,3,10,6622,3,10,913,3,20,6474,3,10,-9990,0,0,10,E,8,9,E,8,16.5,E,8,8.0,E,8,57,E,8,987,E,8,353,E,8,2.2,E,8,-9990,0,0,-9990,0,0,1.626,E,8,0.133,E,8,0.20,E,8,0,-9990,0,0
06/06/2005,21:00,32,380,1,3,10,0,3,20,1,3,10,178,3,10,7,3,20,177,3,10,-9990,0,0,10,E,8,9,E,8,15.6,E,8,7.7,E,8,59,E,8,987,E,8,20,E,8,0.4,E,8,-9990,0,0,-9990,0,0,1.590,E,8,0.133,E,8,0.20,E,8,0,-9990,0,0
06/06/2005,22:00,0,0,0,3,0,0,3,0,0,3,0,0,3,0,0,3,0,0,3,0,-9990,0,0,10,E,8,9,E,8,14.6,E,8,9.1,E,8,70,E,8,986,E,8,36,E,8,1.0,E,8,-9990,0,0,-9990,0,0,1.759,E,8,0.133,E,8,0.20,E,8,0,-9990,0,0
06/06/2005,23:00,0,0,0,3,0,0,3,0,0,3,0,0,3,0,0,3,0,0,3,0,-9990,0,0,10,E,8,9,E,8,13.6,E,8,8.9,E,8,73,E,8,986,E,8,351,E,8,1.6,E,8,-9990,0,0,-9990,0,0,1.725,E,8,0.133,E,8,0.20,E,8,0,-9990,0,0
06/06/2005,24:00,0,0,0,3,0,0,3,0,0,3,0,0,3,0,0,3,0,0,3,0,-9990,0,0,10,E,8,9,E,8,12.6,E,8,9.6,E,8,82,E,8,986,E,8,327,E,8,1.4,E,8,-9990,0,0,-9990,0,0,1.822,E,8,0.133,E,8,0.20,E,8,0,-9990,0,0
06/07/2005,01:00,0,0,0,3,0,0,3,0,0,3,0,0,3,0,0,3,0,0,3,0,-9990,0,0,10,E,8,9,E,8,12.2,E,8,8.8,E,8,80,E,8,986,E,8,344,E,8,0.6,E,8,-9990,0,0,-9990,0,0,1.719,E,8,0.132,E,8,0.20,E,8,0,-9990,0,0
06/07/2005,02:00,0,0,0,3,0,0,3,0,0,3,0,0,3,0,0,3,0,0,3,0,-9990,0,0,10,E,8,9,E,8,11.8,E,8,8.1,E,8,78,E,8,986,E,8,1,E,8,1.6,E,8,-9990,0,0,-9990,0,0,1.633,E,8,0.132,E,8,0.20,E,8,0,-9990,0,0
06/07/2005,03:00,0,0,0,3,0,0,3,0,0,3,0,0,3,0,0,3,0,0,3,0,-9990,0,0,10,E,8,9,E,8,11.6,E,8,8.1,E,8,79,E,8,985,E,8,353,E,8,0.5,E,8,-9990,0,0,-9990,0,0,1.638,E,8,0.132,E,8,0.20,E,8,0,-9990,0,0
06/07/2005,04:00,0,0,0,3,0,0,3,0,0,3,0,0,3,0,0,3,0,0,3,0,-9990,0,0,10,E,8,9,E,8,11.4,E,8,9.1,E,8,86,E,8,985,E,8,22,E,8,0.3,E,8,-9990,0,0,-9990,0,0,1.758,E,8,0.132,E,8,0.20,E,8,0,-9990,0,0
06/07/2005,05:00,1,65,0,3,10,0,3,20,0,3,10,0,3,10,0,3,20,0,3,10,-9990,0,0,10,E,8,9,E,8,11.3,E,8,10.0,E,8,91,E,8,985,E,8,5,E,8,0.5,E,8,-9990,0,0,-9990,0,0,1.864,E,8,0.132,E,8,0.20,E,8,0,-9990,0,0
06/07/2005,06:00,117,1326,19,3,10,0,3,20,19,3,10,2157,3,10,0,3,20,2157,3,10,-9990,0,0,10,E,8,9,E,8,11.5,E,8,11.0,E,8,97,E,8,985,E,8,9,E,8,0.3,E,8,-9990,0,0,-9990,0,0,2.002,E,8,0.132,E,8,0.20,E,8,0,-9990,0,0
06/07/2005,07:00,327,1326,62,3,10,0,3,20,62,3,10,7025,3,10,0,3,20,7025,3,10,-9990,0,0,10,E,8,9,E,8,12.1,E,8,11.0,E,8,94,E,8,985,E,8,37,E,8,0.7,E,8,-9990,0,0,-9990,0,0,2.009,E,8,0.132,E,8,0.20,E,8,0,-9990,0,0
06/07/2005,08:00,541,1326,109,3,10,0,3,20,109,3,10,12600,3,10,0,3,20,12600,3,10,-9990,0,0,10,E,8,9,E,8,12.6,E,8,10.5,E,8,87,E,8,985,E,8,232,E,8,1.9,E,8,-9990,0,0,-9990,0,0,1.930,E,8,0.132,E,8,0.20,E,8,0,-9990,0,0
06/07/2005,09:00,744,1326,168,3,10,2,3,20,167,3,10,19515,3,10,43,3,20,19491,3,10,-9990,0,0,10,E,8,9,E,8,13.2,E,8,10.9,E,8,86,E,8,984,E,8,234,E,8,3.1,E,8,-9990,0,0,-9990,0,0,1.986,E,8,0.132,E,8,0.20,E,8,0,-9990,0,0
06/07/2005,10:00,922,1326,225,3,10,7,3,20,220,3,10,26326,3,10,633,3,20,25885,3,10,-9990,0,0,10,E,8,9,E,8,13.9,E,8,9.9,E,8,77,E,8,984,E,8,243,E,8,0.7,E,8,-9990,0,0,-9990,0,0,1.858,E,8,0.132,E,8,0.20,E,8,0,-9990,0,0
06/07/2005,11:00,1063,1326,257,3,10,10,3,20,249,3,10,30390,3,10,987,3,20,29599,3,10,-9990,0,0,10,E,8,9,E,8,14.5,E,8,9.5,E,8,72,E,8,984,E,8,179,E,8,1.4,E,8,-9990,0,0,-9990,0,0,1.805,E,8,0.132,E,8,0.20,E,8,0,-9990,0,0
06/07/2005,12:00,1158,1326,278,3,10,11,3,20,268,3,10,33155,3,10,1107,3,20,32188,3,10,-9990,0,0,10,E,8,9,E,8,15.0,E,8,9.6,E,8,70,E,8,984,E,8,146,E,8,1.7,E,8,-9990,0,0,-9990,0,0,1.815,E,8,0.132,E,8,0.20,E,8,0,-9990,0,0
06/07/2005,13:00,1199,1326,277,3,10,2,3,20,276,3,10,33199,3,10,0,3,20,33199,3,10,-9990,0,0,10,E,8,9,E,8,15.4,E,8,9.3,E,8,67,E,8,984,E,8,246,E,8,1.9,E,8,-9990,0,0,-9990,0,0,1.774,E,8,0.132,E,8,0.20,E,8,0,-9990,0,0
06/07/2005,14:00,1184,1326,279,3,10,2,3,20,277,3,10,33314,3,10,0,3,20,33314,3,10,-9990,0,0,10,E,8,9,E,8,15.7,E,8,9.7,E,8,68,E,8,984,E,8,264,E,8,1.7,E,8,-9990,0,0,-9990,0,0,1.835,E,8,0.132,E,8,0.20,E,8,0,-9990,0,0
06/07/2005,15:00,1115,1326,267,3,10,11,3,20,258,3,10,31756,3,10,1043,3,20,30879,3,10,-9990,0,0,10,E,8,9,E,8,15.9,E,8,9.9,E,8,67,E,8,984,E,8,295,E,8,0.7,E,8,-9990,0,0,-9990,0,0,1.861,E,8,0.132,E,8,0.20,E,8,0,-9990,0,0
06/07/2005,16:00,995,1326,236,3,10,7,3,20,231,3,10,27829,3,10,659,3,20,27334,3,10,-9990,0,0,10,E,8,9,E,8,16.1,E,8,9.4,E,8,65,E,8,984,E,8,300,E,8,1.7,E,8,-9990,0,0,-9990,0,0,1.792,E,8,0.132,E,8,0.20,E,8,0,-9990,0,0
06/07/2005,17:00,833,1326,189,3,10,4,3,20,187,3,10,22107,3,10,270,3,20,21937,3,10,-9990,0,0,10,E,8,9,E,8,16.0,E,8,8.9,E,8,62,E,8,984,E,8,144,E,8,1.7,E,8,-9990,0,0,-9990,0,0,1.725,E,8,0.132,E,8,0.20,E,8,0,-9990,0,0
06/07/2005,18:00,641,1326,130,3,10,0,3,20,130,3,10,15083,3,10,0,3,20,15083,3,10,-9990,0,0,10,E,8,9,E,8,15.8,E,8,12.0,E,8,78,E,8,984,E,8,96,E,8,3.1,E,8,-9990,0,0,-9990,0,0,2.152,E,8,0.132,E,8,0.20,E,8,0,-9990,0,0
06/07/2005,19:00,430,1326,87,3,10,0,3,20,87,3,10,9880,3,10,0,3,20,9880,3,10,-9990,0,0,10,E,8,9,E,8,15.5,E,8,12.3,E,8,81,E,8,984,E,8,205,E,8,0.7,E,8,-9990,0,0,-9990,0,0,2.193,E,8,0.132,E,8,0.20,E,8,0,-9990,0,0
06/07/2005,20:00,216,1326,35,3,10,0,3,20,35,3,10,3993,3,10,0,3,20,3993,3,10,-9990,0,0,10,E,8,9,E,8,15.1,E,8,9.1,E,8,67,E,8,984,E,8,280,E,8,0.5,E,8,-9990,0,0,-9990,0,0,1.750,E,8,0.132,E,8,0.20,E,8,0,-9990,0,0
06/07/2005,21:00,33,388,1,3,10,0,3,20,1,3,10,177,3,10,7,3,20,177,3,10,-9990,0,0,10,E,8,9,E,8,14.4,E,8,12.0,E,8,85,E,8,984,E,8,264,E,8,1.4,E,8,-9990,0,0,-9990,0,0,2.147,E,8,0.132,E,8,0.20,E,8,1,-9990,0,0
06/07/2005,22:00,0,0,0,3,0,0,3,0,0,3,0,0,3,0,0,3,0,0,3,0,-9990,0,0,10,E,8,9,E,8,13.7,E,8,10.5,E,8,81,E,8,984,E,8,134,E,8,1.9,E,8,-9990,0,0,-9990,0,0,1.940,E,8,0.132,E,8,0.20,E,8,1,-9990,0,0
06/07/2005,23:00,0,0,0,3,0,0,3,0,0,3,0,0,3,0,0,3,0,0,3,0,-9990,0,0,10,E,8,9,E,8,13.0,E,8,11.1,E,8,88,E,8,984,E,8,56,E,8,1.2,E,8,-9990,0,0,-9990,0,0,2.014,E,8,0.132,E,8,0.20,E,8,0,-9990,0,0
06/07/2005,24:00,0,0,0,3,0,0,3,0,0,3,0,0,3,0,0,3,0,0,3,0,-9990,0,0,10,E,8,9,E,8,11.6,E,8,10.6,E,8,93,E,8,984,E,8,55,E,8,2.2,E,8,-9990,0,0,-9990,0,0,1.945,E,8,0.132,E,8,0.20,E,8,3,-9990,0,0
06/08/2005,01:00,0,0,0,3,0,0,3,0,0,3,0,0,3,0,0,3,0,0,3,0,-9990,0,0,10,E,8,9,E,8,11.3,E,8,9.8,E,8,91,E,8,984,E,8,79,E,8,1.2,E,8,-9990,0,0,-9990,0,0,1.845,E,8,0.113,E,8,0.20,E,8,1,-9990,0,0
06/08/2005,02:00,0,0,0,3,0,0,3,0,0,3,0,0,3,0,0,3,0,0,3,0,-9990,0,0,10,E,8,9,E,8,10.8,E,8,9.5,E,8,92,E,8,984,E,8,324,E,8,0.3,E,8,-9990,0,0,-9990,0,0,1.805,E,8,0.113,E,8,0.20,E,8,0,-9990,0,0
06/08/2005,03:00,0,0,0,3,0,0,3,0,0,3,0,0,3,0,0,3,0,0,3,0,-9990,0,0,10,E,8,9,E,8,10.0,E,8,9.4,E,8,96,E,8,984,E,8,336,E,8,0.2,E,8,-9990,0,0,-9990,0,0,1.793,E,8,0.113,E,8,0.20,E,8,2,-9990,0,0
06/08/2005,04:00,0,0,0,3,0,0,3,0,0,3,0,0,3,0,0,3,0,0,3,0,-9990,0,0,10,E,8,9,E,8,10.1,E,8,9.1,E,8,94,E,8,984,E,8,35,E,8,0.2,E,8,-9990,0,0,-9990,0,0,1.757,E,8,0.113,E,8,0.20,E,8,0,-9990,0,0
06/08/2005,05:00,1,70,0,3,10,0,3,20,0,3,10,0,3,10,0,3,20,0,3,10,-9990,0,0,10,E,8,9,E,8,10.1,E,8,9.6,E,8,97,E,8,984,E,8,17,E,8,0.4,E,8,-9990,0,0,-9990,0,0,1.818,E,8,0.113,E,8,0.20,E,8,0,-9990,0,0
06/08/2005,06:00,118,1325,22,3,10,0,3,20,22,3,10,2510,3,10,0,3,20,2510,3,10,-9990,0,0,10,E,8,9,E,8,10.4,E,8,10.0,E,8,97,E,8,984,E,8,352,E,8,1.0,E,8,-9990,0,0,-9990,0,0,1.866,E,8,0.113,E,8,0.20,E,8,0,-9990,0,0
06/08/2005,07:00,328,1325,72,3,10,0,3,20,72,3,10,8058,3,10,0,3,20,8058,3,10,-9990,0,0,10,E,8,9,E,8,10.9,E,8,9.9,E,8,94,E,8,984,E,8,336,E,8,3.1,E,8,-9990,0,0,-9990,0,0,1.856,E,8,0.113,E,8,0.20,E,8,0,-9990,0,0
06/08/2005,08:00,542,1325,143,3,10,5,3,20,141,3,10,16168,3,10,388,3,20,16009,3,10,-9990,0,0,10,E,8,9,E,8,11.6,E,8,9.5,E,8,87,E,8,984,E,8,11,E,8,2.7,E,8,-9990,0,0,-9990,0,0,1.800,E,8,0.113,E,8,0.20,E,8,0,-9990,0,0
06/08/2005,09:00,745,1325,191,3,10,6,3,20,187,3,10,21943,3,10,527,3,20,21647,3,10,-9990,0,0,10,E,8,9,E,8,12.2,E,8,9.8,E,8,85,E,8,984,E,8,100,E,8,1.6,E,8,-9990,0,0,-9990,0,0,1.837,E,8,0.113,E,8,0.20,E,8,0,-9990,0,0
06/08/2005,10:00,923,1325,245,3,10,10,3,20,238,3,10,28502,3,10,954,3,20,27838,3,10,-9990,0,0,10,E,8,9,E,8,12.9,E,8,9.8,E,8,81,E,8,984,E,8,173,E,8,0.8,E,8,-9990,0,0,-9990,0,0,1.841,E,8,0.113,E,8,0.20,E,8,0,-9990,0,0
06/08/2005,11:00,1064,1325,273,3,10,12,3,20,263,3,10,32145,3,10,1179,3,20,31198,3,10,-9990,0,0,10,E,8,9,E,8,13.5,E,8,10.3,E,8,81,E,8,984,E,8,192,E,8,1.4,E,8,-9990,0,0,-9990,0,0,1.913,E,8,0.113,E,8,0.20,E,8,0,-9990,0,0
06/08/2005,12:00,1158,1325,301,3,10,13,3,20,290,3,10,35744,3,10,1326,3,20,34585,3,10,-9990,0,0,10,E,8,9,E,8,14.0,E,8,9.0,E,8,72,E,8,984,E,8,227,E,8,0.6,E,8,-9990,0,0,-9990,0,0,1.741,E,8,0.113,E,8,0.20,E,8,0,-9990,0,0
06/08/2005,13:00,1199,1325,315,3,10,14,3,20,302,3,10,37423,3,10,1389,3,20,36166,3,10,-9990,0,0,10,E,8,9,E,8,14.4,E,8,8.4,E,8,67,E,8,984,E,8,255,E,8,1.0,E,8,-9990,0,0,-9990,0,0,1.674,E,8,0.113,E,8,0.20,E,8,0,-9990,0,0
06/08/2005,14:00,1185,1325,317,3,10,14,3,20,304,3,10,37623,3,10,1445,3,20,36331,3,10,-9990,0,0,10,E,8,9,E,8,14.7,E,8,7.8,E,8,63,E,8,984,E,8,278,E,8,0.7,E,8,-9990,0,0,-9990,0,0,1.599,E,8,0.113,E,8,0.20,E,8,0,-9990,0,0
06/08/2005,15:00,1116,1325,315,3,10,16,3,20,301,3,10,36985,3,10,1632,3,20,35611,3,10,-9990,0,0,10,E,8,9,E,8,15.0,E,8,8.1,E,8,63,E,8,985,E,8,220,E,8,0.2,E,8,-9990,0,0,-9990,0,0,1.633,E,8,0.113,E,8,0.20,E,8,0,-9990,0,0
06/08/2005,16:00,996,1325,278,3,10,13,3,20,269,3,10,32408,3,10,1231,3,20,31482,3,10,-9990,0,0,10,E,8,9,E,8,15.1,E,8,7.1,E,8,59,E,8,985,E,8,268,E,8,0.2,E,8,-9990,0,0,-9990,0,0,1.528,E,8,0.113,E,8,0.20,E,8,0,-9990,0,0
06/08/2005,17:00,835,1325,221,3,10,9,3,20,215,3,10,25486,3,10,857,3,20,24947,3,10,-9990,0,0,10,E,8,9,E,8,15.1,E,8,8.3,E,8,64,E,8,985,E,8,247,E,8,0.3,E,8,-9990,0,0,-9990,0,0,1.659,E,8,0.113,E,8,0.20,E,8,0,-9990,0,0
06/08/2005,18:00,642,1325,156,3,10,3,3,20,155,3,10,17876,3,10,129,3,20,17813,3,10,-9990,0,0,10,E,8,9,E,8,14.9,E,8,8.8,E,8,67,E,8,986,E,8,294,E,8,0.2,E,8,-9990,0,0,-9990,0,0,1.717,E,8,0.113,E,8,0.20,E,8,0,-9990,0,0
06/08/2005,19:00,432,1325,96,3,10,0,3,20,96,3,10,10801,3,10,0,3,20,10801,3,10,-9990,0,0,10,E,8,9,E,8,14.5,E,8,11.4,E,8,81,E,8,986,E,8,244,E,8,0.1,E,8,-9990,0,0,-9990,0,0,2.054,E,8,0.113,E,8,0.20,E,8,0,-9990,0,0
06/08/2005,20:00,218,1325,39,3,10,0,3,20,39,3,10,4443,3,10,0,3,20,4443,3,10,-9990,0,0,9,E,8,8,E,8,14.1,E,8,9.1,E,8,72,E,8,986,E,8,231,E,8,0.0,E,8,-9990,0,0,-9990,0,0,1.757,E,8,0.113,E,8,0.20,E,8,0,-9990,0,0
06/08/2005,21:00,34,396,1,3,10,0,3,20,1,3,10,189,3,10,7,3,20,189,3,10,-9990,0,0,9,E,8,8,E,8,13.5,E,8,8.7,E,8,72,E,8,987,E,8,158,E,8,0.0,E,8,-9990,0,0,-9990,0,0,1.706,E,8,0.113,E,8,0.20,E,8,0,-9990,0,0
06/08/2005,22:00,0,0,0,3,0,0,3,0,0,3,0,0,3,0,0,3,0,0,3,0,-9990,0,0,8,E,8,7,E,8,12.5,E,8,9.4,E,8,81,E,8,987,E,8,66,E,8,0.0,E,8,-9990,0,0,-9990,0,0,1.789,E,8,0.113,E,8,0.20,E,8,0,-9990,0,0
06/08/2005,23:00,0,0,0,3,0,0,3,0,0,3,0,0,3,0,0,3,0,0,3,0,-9990,0,0,6,E,8,6,E,8,11.4,E,8,9.5,E,8,88,E,8,987,E,8,78,E,8,0.1,E,8,-9990,0,0,-9990,0,0,1.805,E,8,0.113,E,8,0.20,E,8,0,-9990,0,0
06/08/2005,24:00,0,0,0,3,0,0,3,0,0,3,0,0,3,0,0,3,0,0,3,0,-9990,0,0,6,E,8,6,E,8,10.4,E,8,8.9,E,8,91,E,8,988,E,8,98,E,8,0.7,E,8,-9990,0,0,-9990,0,0,1.732,E,8,0.113,E,8,0.20,E,8,0,-9990,0,0
06/09/2005,01:00,0,0,0,3,0,0,3,0,0,3,0,0,3,0,0,3,0,0,3,0,-9990,0,0,5,E,8,5,E,8,9.6,E,8,9.1,E,8,97,E,8,988,E,8,109,E,8,1.0,E,8,-9990,0,0,-9990,0,0,1.751,E,8,0.125,E,8,0.20,E,8,0,-9990,0,0
06/09/2005,02:00,0,0,0,3,0,0,3,0,0,3,0,0,3,0,0,3,0,0,3,0,-9990,0,0,4,E,8,3,E,8,8.6,E,8,8.3,E,8,98,E,8,989,E,8,2,E,8,1.4,E,8,-9990,0,0,-9990,0,0,1.662,E,8,0.125,E,8,0.20,E,8,0,-9990,0,0
06/09/2005,03:00,0,0,0,3,0,0,3,0,0,3,0,0,3,0,0,3,0,0,3,0,-9990,0,0,4,E,8,3,E,8,8.1,E,8,8.1,E,8,100,E,8,989,E,8,7,E,8,1.2,E,8,-9990,0,0,-9990,0,0,1.637,E,8,0.125,E,8,0.20,E,8,0,-9990,0,0
06/09/2005,04:00,0,0,0,3,0,0,3,0,0,3,0,0,3,0,0,3,0,0,3,0,-9990,0,0,3,E,8,2,E,8,7.7,E,8,7.7,E,8,100,E,8,989,E,8,91,E,8,0.7,E,8,-9990,0,0,-9990,0,0,1.591,E,8,0.125,E,8,0.20,E,8,0,-9990,0,0
06/09/2005,05:00,1,74,0,3,10,0,3,20,0,3,10,0,3,10,0,3,20,0,3,10,-9990,0,0,1,E,8,1,E,8,7.6,E,8,7.6,E,8,100,E,8,990,E,8,247,E,8,1.9,E,8,-9990,0,0,-9990,0,0,1.577,E,8,0.125,E,8,0.20,E,8,0,-9990,0,0
06/09/2005,06:00,119,1325,54,3,10,210,3,20,35,3,10,5524,3,10,6964,3,20,4899,3,10,-9990,0,0,1,E,8,1,E,8,8.2,E,8,8.2,E,8,100,E,8,990,E,8,243,E,8,3.3,E,8,-9990,0,0,-9990,0,0,1.642,E,8,0.125,E,8,0.20,E,8,0,-9990,0,0
06/09/2005,07:00,329,1325,175,3,10,463,3,20,61,3,10,18424,3,10,36855,3,20,9272,3,10,-9990,0,0,0,E,8,0,E,8,9.3,E,8,8.3,E,8,93,E,8,990,E,8,239,E,8,1.9,E,8,-9990,0,0,-9990,0,0,1.654,E,8,0.125,E,8,0.20,E,8,0,-9990,0,0
06/09/2005,08:00,543,1325,334,3,10,586,3,20,94,3,10,35560,3,10,52682,3,20,13985,3,10,-9990,0,0,0,E,8,0,E,8,10.9,E,8,8.8,E,8,87,E,8,991,E,8,34,E,8,1.9,E,8,-9990,0,0,-9990,0,0,1.719,E,8,0.125,E,8,0.20,E,8,0,-9990,0,0
06/09/2005,09:00,745,1325,490,3,10,654,3,20,122,3,10,52813,3,10,62414,3,20,17708,3,10,-9990,0,0,0,E,8,0,E,8,12.6,E,8,7.5,E,8,71,E,8,991,E,8,227,E,8,2.5,E,8,-9990,0,0,-9990,0,0,1.574,E,8,0.125,E,8,0.20,E,8,0,-9990,0,0
06/09/2005,10:00,923,1325,626,3,10,647,3,20,175,3,10,67349,3,10,62384,3,20,23889,3,10,-9990,0,0,3,E,8,2,E,8,14.3,E,8,8.6,E,8,68,E,8,991,E,8,266,E,8,1.9,E,8,-9990,0,0,-9990,0,0,1.692,E,8,0.125,E,8,0.20,E,8,0,-9990,0,0
06/09/2005,11:00,1064,1325,742,3,10,651,3,20,219,3,10,79922,3,10,64015,3,20,28517,3,10,-9990,0,0,3,E,8,2,E,8,15.9,E,8,9.0,E,8,63,E,8,992,E,8,224,E,8,0.2,E,8,-9990,0,0,-9990,0,0,1.741,E,8,0.125,E,8,0.20,E,8,0,-9990,0,0
06/09/2005,12:00,1158,1325,794,3,10,602,3,20,268,3,10,85213,3,10,59341,3,20,33330,3,10,-9990,0,0,4,E,8,3,E,8,17.3,E,8,8.9,E,8,58,E,8,992,E,8,276,E,8,0.1,E,8,-9990,0,0,-9990,0,0,1.733,E,8,0.125,E,8,0.20,E,8,0,-9990,0,0
06/09/2005,13:00,1200,1325,830,3,10,600,3,20,287,3,10,88868,3,10,59494,3,20,34989,3,10,-9990,0,0,5,E,8,4,E,8,18.4,E,8,8.0,E,8,51,E,8,992,E,8,277,E,8,1.6,E,8,-9990,0,0,-9990,0,0,1.621,E,8,0.125,E,8,0.20,E,8,0,-9990,0,0
06/09/2005,14:00,1186,1325,832,3,10,617,3,20,280,3,10,88992,3,10,61119,3,20,34301,3,10,-9990,0,0,4,E,8,3,E,8,19.3,E,8,7.2,E,8,45,E,8,992,E,8,113,E,8,3.3,E,8,-9990,0,0,-9990,0,0,1.538,E,8,0.125,E,8,0.20,E,8,0,-9990,0,0
06/09/2005,15:00,1117,1325,791,3,10,670,3,20,227,3,10,85331,3,10,66584,3,20,29221,3,10,-9990,0,0,3,E,8,2,E,8,19.9,E,8,7.7,E,8,45,E,8,991,E,8,170,E,8,1.7,E,8,-9990,0,0,-9990,0,0,1.593,E,8,0.125,E,8,0.20,E,8,0,-9990,0,0
06/09/2005,16:00,997,1325,698,3,10,688,3,20,180,3,10,75583,3,10,67917,3,20,24457,3,10,-9990,0,0,1,E,8,1,E,8,20.1,E,8,8.7,E,8,48,E,8,991,E,8,156,E,8,1.4,E,8,-9990,0,0,-9990,0,0,1.711,E,8,0.125,E,8,0.20,E,8,0,-9990,0,0
06/09/2005,17:00,836,1325,566,3,10,678,3,20,138,3,10,61356,3,10,65898,3,20,19763,3,10,-9990,0,0,0,E,8,0,E,8,20.1,E,8,9.8,E,8,51,E,8,991,E,8,244,E,8,1.9,E,8,-9990,0,0,-9990,0,0,1.836,E,8,0.125,E,8,0.20,E,8,0,-9990,0,0
06/09/2005,18:00,644,1325,417,3,10,660,3,20,97,3,10,45179,3,10,62882,3,20,14607,3,10,-9990,0,0,0,E,8,0,E,8,19.6,E,8,10.1,E,8,54,E,8,990,E,8,220,E,8,4.8,E,8,-9990,0,0,-9990,0,0,1.880,E,8,0.125,E,8,0.20,E,8,0,-9990,0,0
06/09/2005,19:00,434,1325,254,3,10,550,3,20,74,3,10,26941,3,10,47827,3,20,11269,3,10,-9990,0,0,0,E,8,0,E,8,18.6,E,8,8.9,E,8,53,E,8,990,E,8,252,E,8,2.7,E,8,-9990,0,0,-9990,0,0,1.734,E,8,0.125,E,8,0.20,E,8,0,-9990,0,0
06/09/2005,20:00,221,1325,114,3,10,255,3,20,72,3,10,11894,3,10,17157,3,20,9038,3,10,-9990,0,0,6,E,8,5,E,8,17.4,E,8,9.7,E,8,61,E,8,990,E,8,256,E,8,3.1,E,8,-9990,0,0,-9990,0,0,1.830,E,8,0.125,E,8,0.20,E,8,0,-9990,0,0
06/09/2005,21:00,36,404,6,3,10,0,3,20,6,3,10,755,3,10,5,3,20,755,3,10,-9990,0,0,8,E,8,6,E,8,16.0,E,8,9.6,E,8,66,E,8,989,E,8,239,E,8,2.5,E,8,-9990,0,0,-9990,0,0,1.819,E,8,0.125,E,8,0.20,E,8,0,-9990,0,0
06/09/2005,22:00,0,0,0,3,0,0,3,0,0,3,0,0,3,0,0,3,0,0,3,0,-9990,0,0,8,E,8,6,E,8,15.0,E,8,11.0,E,8,77,E,8,989,E,8,280,E,8,2.7,E,8,-9990,0,0,-9990,0,0,2.006,E,8,0.125,E,8,0.20,E,8,0,-9990,0,0
06/09/2005,23:00,0,0,0,3,0,0,3,0,0,3,0,0,3,0,0,3,0,0,3,0,-9990,0,0,8,E,8,7,E,8,13.9,E,8,10.7,E,8,81,E,8,989,E,8,275,E,8,6.3,E,8,-9990,0,0,-9990,0,0,1.963,E,8,0.125,E,8,0.20,E,8,0,-9990,0,0
06/09/2005,24:00,0,0,0,3,0,0,3,0,0,3,0,0,3,0,0,3,0,0,3,0,-9990,0,0,8,E,8,7,E,8,12.9,E,8,10.6,E,8,86,E,8,988,E,8,286,E,8,4.0,E,8,-9990,0,0,-9990,0,0,1.943,E,8,0.125,E,8,0.20,E,8,0,-9990,0,0
06/10/2005,01:00,0,0,0,3,0,0,3,0,0,3,0,0,3,0,0,3,0,0,3,0,-9990,0,0,9,E,8,8,E,8,12.7,E,8,9.9,E,8,83,E,8,988,E,8,244,E,8,2.2,E,8,-9990,0,0,-9990,0,0,1.854,E,8,0.122,E,8,0.20,E,8,0,-9990,0,0
06/10/2005,02:00,0,0,0,3,0,0,3,0,0,3,0,0,3,0,0,3,0,0,3,0,-9990,0,0,9,E,8,8,E,8,12.6,E,8,9.9,E,8,84,E,8,987,E,8,267,E,8,4.0,E,8,-9990,0,0,-9990,0,0,1.861,E,8,0.122,E,8,0.20,E,8,0,-9990,0,0
06/10/2005,03:00,0,0,0,3,0,0,3,0,0,3,0,0,3,0,0,3,0,0,3,0,-9990,0,0,9,E,8,8,E,8,12.5,E,8,10.4,E,8,87,E,8,987,E,8,282,E,8,3.1,E,8,-9990,0,0,-9990,0,0,1.918,E,8,0.122,E,8,0.20,E,8,0,-9990,0,0
06/10/2005,04:00,0,0,0,3,0,0,3,0,0,3,0,0,3,0,0,3,0,0,3,0,-9990,0,0,9,E,8,8,E,8,12.4,E,8,10.6,E,8,89,E,8,987,E,8,294,E,8,3.1,E,8,-9990,0,0,-9990,0,0,1.953,E,8,0.122,E,8,0.20,E,8,0,-9990,0,0
06/10/2005,05:00,1,78,0,3,10,0,3,20,0,3,10,0,3,10,0,3,20,0,3,10,-9990,0,0,10,E,8,9,E,8,12.4,E,8,10.8,E,8,90,E,8,986,E,8,311,E,8,2.7,E,8,-9990,0,0,-9990,0,0,1.976,E,8,0.122,E,8,0.20,E,8,0,-9990,0,0
06/10/2005,06:00,120,1325,18,3,10,0,3,20,18,3,10,2088,3,10,0,3,20,2088,3,10,-9990,0,0,10,E,8,9,E,8,12.5,E,8,12.0,E,8,97,E,8,986,E,8,326,E,8,1.2,E,8,-9990,0,0,-9990,0,0,2.145,E,8,0.122,E,8,0.20,E,8,1,-9990,0,0
06/10/2005,07:00,330,1325,58,3,10,0,3,20,58,3,10,6660,3,10,0,3,20,6660,3,10,-9990,0,0,10,E,8,9,E,8,13.1,E,8,12.6,E,8,97,E,8,986,E,8,305,E,8,1.9,E,8,-9990,0,0,-9990,0,0,2.233,E,8,0.122,E,8,0.20,E,8,0,-9990,0,0
06/10/2005,08:00,543,1325,108,3,10,0,3,20,108,3,10,12419,3,10,0,3,20,12419,3,10,-9990,0,0,10,E,8,9,E,8,13.8,E,8,12.5,E,8,92,E,8,985,E,8,289,E,8,4.0,E,8,-9990,0,0,-9990,0,0,2.226,E,8,0.122,E,8,0.20,E,8,0,-9990,0,0
06/10/2005,09:00,746,1325,158,3,10,0,3,20,158,3,10,18396,3,10,0,3,20,18396,3,10,-9990,0,0,10,E,8,9,E,8,14.4,E,8,12.1,E,8,86,E,8,985,E,8,258,E,8,4.0,E,8,-9990,0,0,-9990,0,0,2.160,E,8,0.122,E,8,0.20,E,8,0,-9990,0,0
06/10/2005,10:00,923,1325,206,3,10,6,3,20,202,3,10,24257,3,10,541,3,20,23880,3,10,-9990,0,0,10,E,8,9,E,8,15.1,E,8,11.3,E,8,78,E,8,985,E,8,316,E,8,8.3,E,8,-9990,0,0,-9990,0,0,2.049,E,8,0.122,E,8,0.20,E,8,0,-9990,0,0
06/10/2005,11:00,1064,1325,242,3,10,1,3,20,241,3,10,28711,3,10,0,3,20,28711,3,10,-9990,0,0,10,E,8,9,E,8,15.7,E,8,10.8,E,8,73,E,8,984,E,8,291,E,8,4.4,E,8,-9990,0,0,-9990,0,0,1.980,E,8,0.122,E,8,0.20,E,8,0,-9990,0,0
06/10/2005,12:00,1159,1325,269,3,10,2,3,20,267,3,10,32060,3,10,0,3,20,32060,3,10,-9990,0,0,10,E,8,9,E,8,16.2,E,8,11.7,E,8,74,E,8,984,E,8,292,E,8,1.9,E,8,-9990,0,0,-9990,0,0,2.099,E,8,0.122,E,8,0.20,E,8,0,-9990,0,0
06/10/2005,13:00,1200,1325,281,3,10,2,3,20,279,3,10,33532,3,10,0,3,20,33532,3,10,-9990,0,0,10,E,8,9,E,8,16.7,E,8,11.3,E,8,70,E,8,983,E,8,251,E,8,1.7,E,8,-9990,0,0,-9990,0,0,2.044,E,8,0.122,E,8,0.20,E,8,0,-9990,0,0
06/10/2005,14:00,1186,1325,280,3,10,2,3,20,279,3,10,33382,3,10,0,3,20,33382,3,10,-9990,0,0,10,E,8,9,E,8,16.4,E,8,13.9,E,8,85,E,8,984,E,8,275,E,8,4.4,E,8,-9990,0,0,-9990,0,0,2.461,E,8,0.122,E,8,0.20,E,8,3,-9990,0,0
06/10/2005,15:00,1117,1325,256,3,10,2,3,20,254,3,10,30340,3,10,0,3,20,30340,3,10,-9990,0,0,10,E,8,9,E,8,17.3,E,8,14.0,E,8,81,E,8,984,E,8,174,E,8,1.6,E,8,-9990,0,0,-9990,0,0,2.476,E,8,0.122,E,8,0.20,E,8,0,-9990,0,0
06/10/2005,16:00,999,1325,217,3,10,7,3,20,212,3,10,25712,3,10,646,3,20,25225,3,10,-9990,0,0,10,E,8,9,E,8,17.4,E,8,14.1,E,8,81,E,8,984,E,8,256,E,8,0.5,E,8,-9990,0,0,-9990,0,0,2.496,E,8,0.122,E,8,0.20,E,8,0,-9990,0,0
06/10/2005,17:00,838,1325,181,3,10,3,3,20,179,3,10,21183,3,10,227,3,20,21039,3,10,-9990,0,0,10,E,8,9,E,8,17.4,E,8,14.2,E,8,81,E,8,985,E,8,272,E,8,0.5,E,8,-9990,0,0,-9990,0,0,2.503,E,8,0.122,E,8,0.20,E,8,0,-9990,0,0
06/10/2005,18:00,646,1325,134,3,10,0,3,20,134,3,10,15395,3,10,0,3,20,15395,3,10,-9990,0,0,10,E,8,9,E,8,17.3,E,8,14.0,E,8,81,E,8,985,E,8,251,E,8,0.1,E,8,-9990,0,0,-9990,0,0,2.477,E,8,0.122,E,8,0.20,E,8,0,-9990,0,0
06/10/2005,19:00,436,1325,81,3,10,0,3,20,81,3,10,9230,3,10,0,3,20,9230,3,10,-9990,0,0,10,E,8,9,E,8,17.0,E,8,12.4,E,8,74,E,8,985,E,8,297,E,8,0.5,E,8,-9990,0,0,-9990,0,0,2.209,E,8,0.122,E,8,0.20,E,8,0,-9990,0,0
06/10/2005,20:00,223,1325,35,3,10,0,3,20,35,3,10,3971,3,10,0,3,20,3971,3,10,-9990,0,0,10,E,8,9,E,8,16.5,E,8,12.8,E,8,78,E,8,986,E,8,282,E,8,3.3,E,8,-9990,0,0,-9990,0,0,2.271,E,8,0.122,E,8,0.20,E,8,0,-9990,0,0
06/10/2005,21:00,37,411,1,3,10,0,3,20,1,3,10,200,3,10,7,3,20,199,3,10,-9990,0,0,10,E,8,9,E,8,15.8,E,8,13.9,E,8,89,E,8,986,E,8,250,E,8,2.7,E,8,-9990,0,0,-9990,0,0,2.458,E,8,0.122,E,8,0.20,E,8,1,-9990,0,0
06/10/2005,22:00,0,0,0,3,0,0,3,0,0,3,0,0,3,0,0,3,0,0,3,0,-9990,0,0,10,E,8,9,E,8,15.1,E,8,13.6,E,8,91,E,8,986,E,8,283,E,8,2.7,E,8,-9990,0,0,-9990,0,0,2.401,E,8,0.122,E,8,0.20,E,8,0,-9990,0,0
06/10/2005,23:00,0,0,0,3,0,0,3,0,0,3,0,0,3,0,0,3,0,0,3,0,-9990,0,0,10,E,8,9,E,8,14.1,E,8,13.4,E,8,96,E,8,987,E,8,279,E,8,3.7,E,8,-9990,0,0,-9990,0,0,2.372,E,8,0.122,E,8,0.20,E,8,0,-9990,0,0
06/10/2005,24:00,0,0,0,3,0,0,3,0,0,3,0,0,3,0,0,3,0,0,3,0,-9990,0,0,10,E,8,9,E,8,13.1,E,8,12.5,E,8,97,E,8,987,E,8,258,E,8,3.3,E,8,-9990,0,0,-9990,0,0,2.232,E,8,0.122,E,8,0.20,E,8,1,-9990,0,0
06/11/2005,01:00,0,0,0,3,0,0,3,0,0,3,0,0,3,0,0,3,0,0,3,0,-9990,0,0,9,E,8,8,E,8,12.3,E,8,12.0,E,8,98,E,8,987,E,8,270,E,8,1.0,E,8,-9990,0,0,-9990,0,0,2.150,E,8,0.139,E,8,0.20,E,8,0,-9990,0,0
06/11/2005,02:00,0,0,0,3,0,0,3,0,0,3,0,0,3,0,0,3,0,0,3,0,-9990,0,0,9,E,8,8,E,8,11.4,E,8,11.1,E,8,98,E,8,988,E,8,256,E,8,0.4,E,8,-9990,0,0,-9990,0,0,2.011,E,8,0.139,E,8,0.20,E,8,0,-9990,0,0
06/11/2005,03:00,0,0,0,3,0,0,3,0,0,3,0,0,3,0,0,3,0,0,3,0,-9990,0,0,9,E,8,8,E,8,10.9,E,8,10.5,E,8,98,E,8,988,E,8,255,E,8,0.4,E,8,-9990,0,0,-9990,0,0,1.940,E,8,0.139,E,8,0.20,E,8,0,-9990,0,0
06/11/2005,04:00,0,0,0,3,0,0,3,0,0,3,0,0,3,0,0,3,0,0,3,0,-9990,0,0,9,E,8,8,E,8,10.5,E,8,10.2,E,8,98,E,8,988,E,8,247,E,8,0.2,E,8,-9990,0,0,-9990,0,0,1.892,E,8,0.139,E,8,0.20,E,8,0,-9990,0,0
06/11/2005,05:00,1,81,0,3,10,0,3,20,0,3,10,0,3,10,0,3,20,0,3,10,-9990,0,0,9,E,8,8,E,8,10.4,E,8,10.1,E,8,98,E,8,989,E,8,278,E,8,0.3,E,8,-9990,0,0,-9990,0,0,1.882,E,8,0.139,E,8,0.20,E,8,0,-9990,0,0
06/11/2005,06:00,121,1324,38,3,10,51,3,20,33,3,10,4137,3,10,1190,3,20,4028,3,10,-9990,0,0,9,E,8,8,E,8,10.9,E,8,10.6,E,8,98,E,8,989,E,8,226,E,8,0.3,E,8,-9990,0,0,-9990,0,0,1.943,E,8,0.139,E,8,0.20,E,8,0,-9990,0,0
06/11/2005,07:00,330,1324,136,3,10,133,3,20,102,3,10,14825,3,10,10128,3,20,12300,3,10,-9990,0,0,9,E,8,8,E,8,11.9,E,8,11.4,E,8,97,E,8,989,E,8,272,E,8,0.1,E,8,-9990,0,0,-9990,0,0,2.055,E,8,0.139,E,8,0.20,E,8,0,-9990,0,0
06/11/2005,08:00,543,1324,277,3,10,311,3,20,149,3,10,29906,3,10,26700,3,20,18951,3,10,-9990,0,0,6,E,8,6,E,8,13.4,E,8,12.2,E,8,93,E,8,990,E,8,257,E,8,0.3,E,8,-9990,0,0,-9990,0,0,2.175,E,8,0.139,E,8,0.20,E,8,0,-9990,0,0
06/11/2005,09:00,746,1324,435,3,10,415,3,20,202,3,10,46628,3,10,31132,3,20,29097,3,10,-9990,0,0,5,E,8,4,E,8,15.1,E,8,11.4,E,8,78,E,8,990,E,8,239,E,8,1.9,E,8,-9990,0,0,-9990,0,0,2.054,E,8,0.139,E,8,0.20,E,8,0,-9990,0,0
06/11/2005,10:00,923,1324,535,3,10,366,3,20,279,3,10,58591,3,10,36040,3,20,33458,3,10,-9990,0,0,6,E,8,5,E,8,16.7,E,8,9.7,E,8,63,E,8,990,E,8,250,E,8,1.6,E,8,-9990,0,0,-9990,0,0,1.830,E,8,0.139,E,8,0.20,E,8,0,-9990,0,0
06/11/2005,11:00,1064,1324,616,3,10,334,3,20,348,3,10,67713,3,10,33068,3,20,41133,3,10,-9990,0,0,8,E,8,6,E,8,18.2,E,8,11.0,E,8,63,E,8,991,E,8,257,E,8,0.4,E,8,-9990,0,0,-9990,0,0,2.009,E,8,0.139,E,8,0.20,E,8,0,-9990,0,0
06/11/2005,12:00,1159,1324,739,3,10,470,3,20,327,3,10,80434,3,10,38440,3,20,46791,3,10,-9990,0,0,6,E,8,5,E,8,19.7,E,8,10.9,E,8,57,E,8,991,E,8,98,E,8,0.5,E,8,-9990,0,0,-9990,0,0,1.983,E,8,0.139,E,8,0.20,E,8,0,-9990,0,0
06/11/2005,13:00,1201,1324,769,3,10,524,3,20,293,3,10,85027,3,10,46433,3,20,42924,3,10,-9990,0,0,5,E,8,4,E,8,20.9,E,8,10.8,E,8,52,E,8,991,E,8,150,E,8,2.5,E,8,-9990,0,0,-9990,0,0,1.975,E,8,0.139,E,8,0.20,E,8,0,-9990,0,0
06/11/2005,14:00,1187,1324,743,3,10,435,3,20,353,3,10,80429,3,10,34126,3,20,49844,3,10,-9990,0,0,6,E,8,5,E,8,21.8,E,8,10.3,E,8,48,E,8,991,E,8,247,E,8,2.2,E,8,-9990,0,0,-9990,0,0,1.913,E,8,0.139,E,8,0.20,E,8,0,-9990,0,0
06/11/2005,15:00,1118,1324,716,3,10,487,3,20,304,3,10,77897,3,10,40684,3,20,43543,3,10,-9990,0,0,5,E,8,4,E,8,22.5,E,8,10.1,E,8,45,E,8,991,E,8,254,E,8,1.7,E,8,-9990,0,0,-9990,0,0,1.881,E,8,0.139,E,8,0.20,E,8,0,-9990,0,0
06/11/2005,16:00,1000,1324,664,3,10,560,3,20,241,3,10,72675,3,10,49768,3,20,35109,3,10,-9990,0,0,4,E,8,3,E,8,22.9,E,8,10.0,E,8,44,E,8,991,E,8,307,E,8,0.5,E,8,-9990,0,0,-9990,0,0,1.866,E,8,0.139,E,8,0.20,E,8,0,-9990,0,0
06/11/2005,17:00,839,1324,513,3,10,481,3,20,209,3,10,55514,3,10,39948,3,20,30205,3,10,-9990,0,0,5,E,8,4,E,8,22.9,E,8,9.9,E,8,44,E,8,991,E,8,282,E,8,0.2,E,8,-9990,0,0,-9990,0,0,1.856,E,8,0.139,E,8,0.20,E,8,0,-9990,0,0
06/11/2005,18:00,647,1324,369,3,10,406,3,20,170,3,10,39229,3,10,30504,3,20,24317,3,10,-9990,0,0,5,E,8,4,E,8,22.5,E,8,9.2,E,8,43,E,8,991,E,8,254,E,8,0.6,E,8,-9990,0,0,-9990,0,0,1.766,E,8,0.139,E,8,0.20,E,8,0,-9990,0,0
06/11/2005,19:00,438,1324,233,3,10,413,3,20,97,3,10,24955,3,10,32511,3,20,14208,3,10,-9990,0,0,4,E,8,3,E,8,21.7,E,8,9.8,E,8,47,E,8,991,E,8,271,E,8,2.2,E,8,-9990,0,0,-9990,0,0,1.843,E,8,0.139,E,8,0.20,E,8,0,-9990,0,0
06/11/2005,20:00,225,1324,91,3,10,104,3,20,74,3,10,9869,3,10,6527,3,20,8763,3,10,-9990,0,0,9,E,8,8,E,8,20.5,E,8,9.5,E,8,49,E,8,991,E,8,260,E,8,4.0,E,8,-9990,0,0,-9990,0,0,1.809,E,8,0.139,E,8,0.20,E,8,0,-9990,0,0
06/11/2005,21:00,38,418,2,3,10,0,3,20,2,3,10,234,3,10,7,3,20,233,3,10,-9990,0,0,8,E,8,6,E,8,19.2,E,8,10.3,E,8,56,E,8,991,E,8,194,E,8,2.2,E,8,-9990,0,0,-9990,0,0,1.910,E,8,0.139,E,8,0.20,E,8,0,-9990,0,0
06/11/2005,22:00,0,0,0,3,0,0,3,0,0,3,0,0,3,0,0,3,0,0,3,0,-9990,0,0,8,E,8,6,E,8,17.8,E,8,12.1,E,8,69,E,8,991,E,8,230,E,8,4.4,E,8,-9990,0,0,-9990,0,0,2.162,E,8,0.139,E,8,0.20,E,8,0,-9990,0,0
06/11/2005,23:00,0,0,0,3,0,0,3,0,0,3,0,0,3,0,0,3,0,0,3,0,-9990,0,0,6,E,8,5,E,8,16.4,E,8,12.2,E,8,76,E,8,991,E,8,164,E,8,3.7,E,8,-9990,0,0,-9990,0,0,2.181,E,8,0.139,E,8,0.20,E,8,0,-9990,0,0
06/11/2005,24:00,0,0,0,3,0,0,3,0,0,3,0,0,3,0,0,3,0,0,3,0,-9990,0,0,5,E,8,5,E,8,15.0,E,8,11.9,E,8,81,E,8,991,E,8,278,E,8,3.5,E,8,-9990,0,0,-9990,0,0,2.128,E,8,0.139,E,8,0.20,E,8,0,-9990,0,0
06/12/2005,01:00,0,0,0,3,0,0,3,0,0,3,0,0,3,0,0,3,0,0,3,0,-9990,0,0,5,E,8,5,E,8,14.1,E,8,11.6,E,8,85,E,8,991,E,8,268,E,8,1.4,E,8,-9990,0,0,-9990,0,0,2.093,E,8,0.128,E,8,0.20,E,8,0,-9990,0,0
06/12/2005,02:00,0,0,0,3,0,0,3,0,0,3,0,0,3,0,0,3,0,0,3,0,-9990,0,0,4,E,8,3,E,8,13.0,E,8,11.3,E,8,89,E,8,991,E,8,240,E,8,1.7,E,8,-9990,0,0,-9990,0,0,2.044,E,8,0.128,E,8,0.20,E,8,0,-9990,0,0
06/12/2005,03:00,0,0,0,3,0,0,3,0,0,3,0,0,3,0,0,3,0,0,3,0,-9990,0,0,4,E,8,3,E,8,12.5,E,8,10.5,E,8,88,E,8,990,E,8,204,E,8,1.4,E,8,-9990,0,0,-9990,0,0,1.937,E,8,0.128,E,8,0.20,E,8,0,-9990,0,0
06/12/2005,04:00,0,0,0,3,0,0,3,0,0,3,0,0,3,0,0,3,0,0,3,0,-9990,0,0,3,E,8,2,E,8,12.1,E,8,10.9,E,8,93,E,8,990,E,8,109,E,8,0.2,E,8,-9990,0,0,-9990,0,0,1.994,E,8,0.128,E,8,0.20,E,8,0,-9990,0,0
06/12/2005,05:00,1,83,0,3,10,0,3,20,0,3,10,0,3,10,0,3,20,0,3,10,-9990,0,0,1,E,8,1,E,8,12.0,E,8,11.1,E,8,94,E,8,990,E,8,20,E,8,0.5,E,8,-9990,0,0,-9990,0,0,2.016,E,8,0.128,E,8,0.20,E,8,0,-9990,0,0
06/12/2005,06:00,121,1324,68,3,10,432,3,20,28,3,10,6701,3,10,23414,3,20,4559,3,10,-9990,0,0,1,E,8,1,E,8,12.7,E,8,11.4,E,8,92,E,8,990,E,8,13,E,8,0.6,E,8,-9990,0,0,-9990,0,0,2.066,E,8,0.128,E,8,0.20,E,8,0,-9990,0,0
06/12/2005,07:00,330,1324,224,3,10,709,3,20,48,3,10,23588,3,10,63937,3,20,7628,3,10,-9990,0,0,0,E,8,0,E,8,14.2,E,8,12.2,E,8,87,E,8,990,E,8,37,E,8,0.5,E,8,-9990,0,0,-9990,0,0,2.176,E,8,0.128,E,8,0.20,E,8,0,-9990,0,0
06/12/2005,08:00,544,1324,412,3,10,858,3,20,60,3,10,45094,3,10,87490,3,20,9173,3,10,-9990,0,0,0,E,8,0,E,8,16.1,E,8,13.9,E,8,87,E,8,990,E,8,99,E,8,0.6,E,8,-9990,0,0,-9990,0,0,2.457,E,8,0.128,E,8,0.20,E,8,0,-9990,0,0
06/12/2005,09:00,746,1324,616,3,10,938,3,20,88,3,10,66911,3,10,96092,3,20,12777,3,10,-9990,0,0,0,E,8,0,E,8,18.2,E,8,14.0,E,8,77,E,8,990,E,8,7,E,8,3.1,E,8,-9990,0,0,-9990,0,0,2.472,E,8,0.128,E,8,0.20,E,8,0,-9990,0,0
06/12/2005,10:00,924,1324,794,3,10,974,3,20,114,3,10,84935,3,10,99088,3,20,15815,3,10,-9990,0,0,0,E,8,0,E,8,20.2,E,8,11.4,E,8,57,E,8,990,E,8,34,E,8,1.2,E,8,-9990,0,0,-9990,0,0,2.054,E,8,0.128,E,8,0.20,E,8,0,-9990,0,0
06/12/2005,11:00,1065,1324,935,3,10,803,3,20,289,3,10,99218,3,10,78864,3,20,35807,3,10,-9990,0,0,4,E,8,3,E,8,22.2,E,8,11.7,E,8,51,E,8,990,E,8,112,E,8,0.2,E,8,-9990,0,0,-9990,0,0,2.101,E,8,0.128,E,8,0.20,E,8,0,-9990,0,0
06/12/2005,12:00,1159,1324,550,3,10,166,3,20,405,3,10,61339,3,10,16569,3,20,46833,3,10,-9990,0,0,9,E,8,8,E,8,22.5,E,8,11.6,E,8,50,E,8,990,E,8,47,E,8,0.1,E,8,-9990,0,0,-9990,0,0,2.086,E,8,0.128,E,8,0.20,E,8,0,-9990,0,0
06/12/2005,13:00,1201,1324,558,3,10,153,3,20,419,3,10,62232,3,10,15275,3,20,48374,3,10,-9990,0,0,9,E,8,8,E,8,22.7,E,8,11.4,E,8,49,E,8,990,E,8,150,E,8,0.2,E,8,-9990,0,0,-9990,0,0,2.057,E,8,0.128,E,8,0.20,E,8,0,-9990,0,0
06/12/2005,14:00,1187,1324,532,3,10,115,3,20,429,3,10,59142,3,10,10919,3,20,49349,3,10,-9990,0,0,10,E,8,9,E,8,22.8,E,8,11.0,E,8,47,E,8,990,E,8,238,E,8,0.3,E,8,-9990,0,0,-9990,0,0,2.001,E,8,0.128,E,8,0.20,E,8,0,-9990,0,0
06/12/2005,15:00,1119,1324,440,3,10,72,3,20,380,3,10,49256,3,10,6928,3,20,43401,3,10,-9990,0,0,10,E,8,9,E,8,22.6,E,8,10.6,E,8,47,E,8,990,E,8,191,E,8,0.3,E,8,-9990,0,0,-9990,0,0,1.954,E,8,0.128,E,8,0.20,E,8,0,-9990,0,0
06/12/2005,16:00,1001,1324,380,3,10,37,3,20,352,3,10,42419,3,10,2994,3,20,40156,3,10,-9990,0,0,10,E,8,9,E,8,22.2,E,8,11.1,E,8,49,E,8,990,E,8,250,E,8,0.3,E,8,-9990,0,0,-9990,0,0,2.020,E,8,0.128,E,8,0.20,E,8,0,-9990,0,0
06/12/2005,17:00,840,1324,290,3,10,30,3,20,272,3,10,32840,3,10,3057,3,20,30900,3,10,-9990,0,0,10,E,8,9,E,8,21.5,E,8,11.0,E,8,51,E,8,990,E,8,275,E,8,0.3,E,8,-9990,0,0,-9990,0,0,2.009,E,8,0.128,E,8,0.20,E,8,0,-9990,0,0
06/12/2005,18:00,649,1324,167,3,10,6,3,20,164,3,10,18982,3,10,508,3,20,18733,3,10,-9990,0,0,10,E,8,9,E,8,20.6,E,8,10.8,E,8,53,E,8,990,E,8,247,E,8,0.2,E,8,-9990,0,0,-9990,0,0,1.974,E,8,0.128,E,8,0.20,E,8,0,-9990,0,0
06/12/2005,19:00,439,1324,74,3,10,0,3,20,74,3,10,8569,3,10,0,3,20,8569,3,10,-9990,0,0,10,E,8,9,E,8,19.5,E,8,10.5,E,8,56,E,8,990,E,8,224,E,8,0.0,E,8,-9990,0,0,-9990,0,0,1.937,E,8,0.128,E,8,0.20,E,8,0,-9990,0,0
06/12/2005,20:00,226,1324,22,3,10,0,3,20,22,3,10,2582,3,10,0,3,20,2582,3,10,-9990,0,0,10,E,8,9,E,8,18.4,E,8,10.2,E,8,58,E,8,990,E,8,236,E,8,0.0,E,8,-9990,0,0,-9990,0,0,1.890,E,8,0.128,E,8,0.20,E,8,0,-9990,0,0
06/12/2005,21:00,39,425,2,3,10,0,3,20,2,3,10,223,3,10,7,3,20,223,3,10,-9990,0,0,10,E,8,9,E,8,17.4,E,8,8.9,E,8,57,E,8,991,E,8,162,E,8,0.0,E,8,-9990,0,0,-9990,0,0,1.734,E,8,0.128,E,8,0.20,E,8,0,-9990,0,0
06/12/2005,22:00,0,0,0,3,0,0,3,0,0,3,0,0,3,0,0,3,0,0,3,0,-9990,0,0,9,E,8,8,E,8,16.4,E,8,9.5,E,8,64,E,8,991,E,8,257,E,8,0.0,E,8,-9990,0,0,-9990,0,0,1.809,E,8,0.128,E,8,0.20,E,8,0,-9990,0,0
06/12/2005,23:00,0,0,0,3,0,0,3,0,0,3,0,0,3,0,0,3,0,0,3,0,-9990,0,0,9,E,8,8,E,8,15.4,E,8,9.4,E,8,67,E,8,991,E,8,198,E,8,0.0,E,8,-9990,0,0,-9990,0,0,1.786,E,8,0.128,E,8,0.20,E,8,0,-9990,0,0
06/12/2005,24:00,0,0,0,3,0,0,3,0,0,3,0,0,3,0,0,3,0,0,3,0,-9990,0,0,9,E,8,8,E,8,14.4,E,8,8.9,E,8,70,E,8,991,E,8,254,E,8,0.1,E,8,-9990,0,0,-9990,0,0,1.731,E,8,0.128,E,8,0.20,E,8,0,-9990,0,0
06/13/2005,01:00,0,0,0,3,0,0,3,0,0,3,0,0,3,0,0,3,0,0,3,0,-9990,0,0,8,E,8,6,E,8,14.0,E,8,9.2,E,8,73,E,8,991,E,8,255,E,8,0.1,E,8,-9990,0,0,-9990,0,0,1.771,E,8,0.122,E,8,0.20,E,8,0,-9990,0,0
06/13/2005,02:00,0,0,0,3,0,0,3,0,0,3,0,0,3,0,0,3,0,0,3,0,-9990,0,0,8,E,8,6,E,8,13.5,E,8,9.9,E,8,78,E,8,991,E,8,268,E,8,0.5,E,8,-9990,0,0,-9990,0,0,1.851,E,8,0.122,E,8,0.20,E,8,0,-9990,0,0
06/13/2005,03:00,0,0,0,3,0,0,3,0,0,3,0,0,3,0,0,3,0,0,3,0,-9990,0,0,6,E,8,5,E,8,13.3,E,8,9.5,E,8,78,E,8,991,E,8,299,E,8,1.9,E,8,-9990,0,0,-9990,0,0,1.806,E,8,0.122,E,8,0.20,E,8,0,-9990,0,0
06/13/2005,04:00,0,0,0,3,0,0,3,0,0,3,0,0,3,0,0,3,0,0,3,0,-9990,0,0,6,E,8,6,E,8,13.1,E,8,10.4,E,8,83,E,8,991,E,8,258,E,8,2.2,E,8,-9990,0,0,-9990,0,0,1.921,E,8,0.122,E,8,0.20,E,8,0,-9990,0,0
06/13/2005,05:00,1,85,0,3,10,0,3,20,0,3,10,0,3,10,0,3,20,0,3,10,-9990,0,0,6,E,8,6,E,8,13.1,E,8,10.2,E,8,83,E,8,991,E,8,284,E,8,0.5,E,8,-9990,0,0,-9990,0,0,1.894,E,8,0.122,E,8,0.20,E,8,0,-9990,0,0
06/13/2005,06:00,122,1324,48,3,10,214,3,20,29,3,10,5079,3,10,9593,3,20,4198,3,10,-9990,0,0,5,E,8,4,E,8,13.7,E,8,10.1,E,8,79,E,8,991,E,8,270,E,8,0.4,E,8,-9990,0,0,-9990,0,0,1.886,E,8,0.122,E,8,0.20,E,8,0,-9990,0,0
06/13/2005,07:00,331,1324,157,3,10,325,3,20,76,3,10,16746,3,10,22225,3,20,11192,3,10,-9990,0,0,5,E,8,4,E,8,15.0,E,8,10.2,E,8,73,E,8,991,E,8,284,E,8,0.1,E,8,-9990,0,0,-9990,0,0,1.901,E,8,0.122,E,8,0.20,E,8,0,-9990,0,0
06/13/2005,08:00,544,1324,303,3,10,435,3,20,124,3,10,32612,3,10,34804,3,20,18316,3,10,-9990,0,0,5,E,8,4,E,8,16.7,E,8,10.7,E,8,67,E,8,992,E,8,271,E,8,0.1,E,8,-9990,0,0,-9990,0,0,1.956,E,8,0.122,E,8,0.20,E,8,0,-9990,0,0
06/13/2005,09:00,746,1324,435,3,10,405,3,20,207,3,10,46519,3,10,29643,3,20,29815,3,10,-9990,0,0,6,E,8,5,E,8,18.5,E,8,12.0,E,8,66,E,8,992,E,8,310,E,8,0.3,E,8,-9990,0,0,-9990,0,0,2.150,E,8,0.122,E,8,0.20,E,8,0,-9990,0,0
06/13/2005,10:00,924,1324,562,3,10,433,3,20,260,3,10,60477,3,10,33514,3,20,37093,3,10,-9990,0,0,6,E,8,5,E,8,20.3,E,8,10.4,E,8,53,E,8,992,E,8,277,E,8,1.0,E,8,-9990,0,0,-9990,0,0,1.919,E,8,0.122,E,8,0.20,E,8,0,-9990,0,0
06/13/2005,11:00,1065,1324,643,3,10,408,3,20,315,3,10,69256,3,10,30782,3,20,44499,3,10,-9990,0,0,6,E,8,5,E,8,21.9,E,8,10.4,E,8,48,E,8,992,E,8,310,E,8,2.7,E,8,-9990,0,0,-9990,0,0,1.922,E,8,0.122,E,8,0.20,E,8,0,-9990,0,0
06/13/2005,12:00,1159,1324,721,3,10,431,3,20,344,3,10,78095,3,10,33587,3,20,48677,3,10,-9990,0,0,6,E,8,5,E,8,23.4,E,8,10.7,E,8,45,E,8,992,E,8,250,E,8,1.2,E,8,-9990,0,0,-9990,0,0,1.961,E,8,0.122,E,8,0.20,E,8,0,-9990,0,0
06/13/2005,13:00,1201,1324,772,3,10,529,3,20,292,3,10,85605,3,10,46883,3,20,43051,3,10,-9990,0,0,5,E,8,4,E,8,24.7,E,8,12.0,E,8,45,E,8,992,E,8,259,E,8,0.7,E,8,-9990,0,0,-9990,0,0,2.151,E,8,0.122,E,8,0.20,E,8,0,-9990,0,0
06/13/2005,14:00,1188,1324,761,3,10,493,3,20,319,3,10,83485,3,10,41458,3,20,46278,3,10,-9990,0,0,5,E,8,4,E,8,25.7,E,8,12.1,E,8,43,E,8,992,E,8,299,E,8,0.3,E,8,-9990,0,0,-9990,0,0,2.157,E,8,0.122,E,8,0.20,E,8,0,-9990,0,0
06/13/2005,15:00,1120,1324,741,3,10,531,3,20,292,3,10,81172,3,10,45837,3,20,42397,3,10,-9990,0,0,5,E,8,4,E,8,26.5,E,8,11.6,E,8,40,E,8,992,E,8,204,E,8,2.2,E,8,-9990,0,0,-9990,0,0,2.094,E,8,0.122,E,8,0.20,E,8,0,-9990,0,0
06/13/2005,16:00,1002,1324,685,3,10,618,3,20,217,3,10,73397,3,10,59345,3,20,28494,3,10,-9990,0,0,4,E,8,3,E,8,26.9,E,8,10.5,E,8,36,E,8,992,E,8,107,E,8,0.6,E,8,-9990,0,0,-9990,0,0,1.933,E,8,0.122,E,8,0.20,E,8,0,-9990,0,0
06/13/2005,17:00,841,1324,553,3,10,608,3,20,167,3,10,59132,3,10,56895,3,20,22965,3,10,-9990,0,0,3,E,8,2,E,8,27.1,E,8,9.9,E,8,34,E,8,992,E,8,100,E,8,0.6,E,8,-9990,0,0,-9990,0,0,1.862,E,8,0.122,E,8,0.20,E,8,0,-9990,0,0
06/13/2005,18:00,650,1324,404,3,10,547,3,20,135,3,10,44051,3,10,48611,3,20,20172,3,10,-9990,0,0,3,E,8,2,E,8,26.7,E,8,10.9,E,8,37,E,8,992,E,8,51,E,8,0.3,E,8,-9990,0,0,-9990,0,0,1.994,E,8,0.122,E,8,0.20,E,8,0,-9990,0,0
06/13/2005,19:00,441,1324,251,3,10,459,3,20,98,3,10,26881,3,10,37131,3,20,14509,3,10,-9990,0,0,4,E,8,3,E,8,25.9,E,8,10.9,E,8,39,E,8,992,E,8,69,E,8,0.9,E,8,-9990,0,0,-9990,0,0,1.985,E,8,0.122,E,8,0.20,E,8,0,-9990,0,0
06/13/2005,20:00,228,1324,109,3,10,173,3,20,79,3,10,11246,3,10,7912,3,20,9882,3,10,-9990,0,0,8,E,8,6,E,8,24.7,E,8,10.5,E,8,41,E,8,991,E,8,100,E,8,1.7,E,8,-9990,0,0,-9990,0,0,1.930,E,8,0.122,E,8,0.20,E,8,0,-9990,0,0
06/13/2005,21:00,41,431,6,3,10,0,3,20,6,3,10,716,3,10,5,3,20,715,3,10,-9990,0,0,8,E,8,6,E,8,23.4,E,8,11.9,E,8,48,E,8,991,E,8,17,E,8,1.6,E,8,-9990,0,0,-9990,0,0,2.133,E,8,0.122,E,8,0.20,E,8,0,-9990,0,0
06/13/2005,22:00,0,0,0,3,0,0,3,0,0,3,0,0,3,0,0,3,0,0,3,0,-9990,0,0,6,E,8,5,E,8,21.5,E,8,14.0,E,8,62,E,8,991,E,8,21,E,8,2.7,E,8,-9990,0,0,-9990,0,0,2.464,E,8,0.122,E,8,0.20,E,8,0,-9990,0,0
06/13/2005,23:00,0,0,0,3,0,0,3,0,0,3,0,0,3,0,0,3,0,0,3,0,-9990,0,0,6,E,8,5,E,8,19.6,E,8,14.0,E,8,70,E,8,991,E,8,18,E,8,3.5,E,8,-9990,0,0,-9990,0,0,2.464,E,8,0.122,E,8,0.20,E,8,0,-9990,0,0
06/13/2005,24:00,0,0,0,3,0,0,3,0,0,3,0,0,3,0,0,3,0,0,3,0,-9990,0,0,5,E,8,4,E,8,17.7,E,8,12.9,E,8,74,E,8,991,E,8,359,E,8,6.9,E,8,-9990,0,0,-9990,0,0,2.296,E,8,0.122,E,8,0.20,E,8,0,-9990,0,0
06/14/2005,01:00,0,0,0,3,0,0,3,0,0,3,0,0,3,0,0,3,0,0,3,0,-9990,0,0,5,E,8,4,E,8,16.1,E,8,11.9,E,8,76,E,8,991,E,8,352,E,8,4.0,E,8,-9990,0,0,-9990,0,0,2.135,E,8,0.117,E,8,0.20,E,8,0,-9990,0,0
06/14/2005,02:00,0,0,0,3,0,0,3,0,0,3,0,0,3,0,0,3,0,0,3,0,-9990,0,0,4,E,8,3,E,8,14.3,E,8,11.1,E,8,81,E,8,991,E,8,352,E,8,0.9,E,8,-9990,0,0,-9990,0,0,2.016,E,8,0.117,E,8,0.20,E,8,0,-9990,0,0
06/14/2005,03:00,0,0,0,3,0,0,3,0,0,3,0,0,3,0,0,3,0,0,3,0,-9990,0,0,3,E,8,2,E,8,13.4,E,8,10.9,E,8,85,E,8,991,E,8,26,E,8,0.2,E,8,-9990,0,0,-9990,0,0,1.995,E,8,0.117,E,8,0.20,E,8,0,-9990,0,0
06/14/2005,04:00,0,0,0,3,0,0,3,0,0,3,0,0,3,0,0,3,0,0,3,0,-9990,0,0,3,E,8,2,E,8,12.7,E,8,11.1,E,8,90,E,8,991,E,8,31,E,8,0.2,E,8,-9990,0,0,-9990,0,0,2.015,E,8,0.117,E,8,0.20,E,8,0,-9990,0,0
06/14/2005,05:00,2,87,0,3,10,0,3,20,0,3,10,0,3,10,0,3,20,0,3,10,-9990,0,0,1,E,8,1,E,8,12.6,E,8,11.7,E,8,94,E,8,991,E,8,355,E,8,0.1,E,8,-9990,0,0,-9990,0,0,2.107,E,8,0.117,E,8,0.20,E,8,0,-9990,0,0
06/14/2005,06:00,122,1323,65,3,10,422,3,20,27,3,10,6544,3,10,23759,3,20,4356,3,10,-9990,0,0,1,E,8,1,E,8,13.2,E,8,12.4,E,8,95,E,8,991,E,8,17,E,8,0.3,E,8,-9990,0,0,-9990,0,0,2.211,E,8,0.117,E,8,0.20,E,8,0,-9990,0,0
06/14/2005,07:00,331,1323,215,3,10,696,3,20,41,3,10,22992,3,10,65371,3,20,6648,3,10,-9990,0,0,0,E,8,0,E,8,14.6,E,8,13.0,E,8,90,E,8,991,E,8,344,E,8,2.2,E,8,-9990,0,0,-9990,0,0,2.299,E,8,0.117,E,8,0.20,E,8,0,-9990,0,0
06/14/2005,08:00,544,1323,403,3,10,852,3,20,53,3,10,44241,3,10,87798,3,20,8169,3,10,-9990,0,0,0,E,8,0,E,8,16.4,E,8,13.7,E,8,84,E,8,991,E,8,19,E,8,2.2,E,8,-9990,0,0,-9990,0,0,2.428,E,8,0.117,E,8,0.20,E,8,0,-9990,0,0
06/14/2005,09:00,746,1323,592,3,10,931,3,20,67,3,10,64740,3,10,97259,3,20,9926,3,10,-9990,0,0,0,E,8,0,E,8,18.3,E,8,14.0,E,8,76,E,8,991,E,8,106,E,8,2.5,E,8,-9990,0,0,-9990,0,0,2.474,E,8,0.117,E,8,0.20,E,8,0,-9990,0,0
06/14/2005,10:00,924,1323,753,3,10,965,3,20,80,3,10,81594,3,10,100738,3,20,11296,3,10,-9990,0,0,0,E,8,0,E,8,20.3,E,8,12.1,E,8,59,E,8,991,E,8,75,E,8,3.1,E,8,-9990,0,0,-9990,0,0,2.165,E,8,0.117,E,8,0.20,E,8,0,-9990,0,0
06/14/2005,11:00,1065,1323,896,3,10,799,3,20,253,3,10,96257,3,10,79280,3,20,32481,3,10,-9990,0,0,3,E,8,2,E,8,22.1,E,8,12.9,E,8,56,E,8,991,E,8,254,E,8,2.2,E,8,-9990,0,0,-9990,0,0,2.293,E,8,0.117,E,8,0.20,E,8,0,-9990,0,0
06/14/2005,12:00,1159,1323,538,3,10,151,3,20,405,3,10,60014,3,10,14622,3,20,47203,3,10,-9990,0,0,9,E,8,8,E,8,22.3,E,8,13.3,E,8,57,E,8,990,E,8,256,E,8,0.9,E,8,-9990,0,0,-9990,0,0,2.353,E,8,0.117,E,8,0.20,E,8,0,-9990,0,0
06/14/2005,13:00,1202,1323,566,3,10,161,3,20,419,3,10,63202,3,10,15931,3,20,48737,3,10,-9990,0,0,9,E,8,8,E,8,22.6,E,8,13.2,E,8,55,E,8,990,E,8,289,E,8,1.6,E,8,-9990,0,0,-9990,0,0,2.340,E,8,0.117,E,8,0.20,E,8,0,-9990,0,0
06/14/2005,14:00,1188,1323,559,3,10,124,3,20,448,3,10,62124,3,10,11456,3,20,51837,3,10,-9990,0,0,10,E,8,9,E,8,22.7,E,8,13.4,E,8,56,E,8,990,E,8,249,E,8,5.3,E,8,-9990,0,0,-9990,0,0,2.369,E,8,0.117,E,8,0.20,E,8,0,-9990,0,0
06/14/2005,15:00,1120,1323,509,3,10,113,3,20,413,3,10,57035,3,10,11576,3,20,47234,3,10,-9990,0,0,10,E,8,9,E,8,22.7,E,8,12.9,E,8,54,E,8,990,E,8,268,E,8,3.5,E,8,-9990,0,0,-9990,0,0,2.285,E,8,0.117,E,8,0.20,E,8,0,-9990,0,0
06/14/2005,16:00,1002,1323,448,3,10,101,3,20,372,3,10,50154,3,10,10089,3,20,42511,3,10,-9990,0,0,10,E,8,9,E,8,22.5,E,8,12.7,E,8,54,E,8,990,E,8,269,E,8,2.5,E,8,-9990,0,0,-9990,0,0,2.260,E,8,0.117,E,8,0.20,E,8,0,-9990,0,0
06/14/2005,17:00,843,1323,370,3,10,108,3,20,302,3,10,41314,3,10,10790,3,20,34445,3,10,-9990,0,0,10,E,8,9,E,8,22.0,E,8,12.5,E,8,55,E,8,990,E,8,281,E,8,3.5,E,8,-9990,0,0,-9990,0,0,2.220,E,8,0.117,E,8,0.20,E,8,0,-9990,0,0
06/14/2005,18:00,652,1323,279,3,10,96,3,20,231,3,10,31007,3,10,9448,3,20,26356,3,10,-9990,0,0,10,E,8,9,E,8,21.3,E,8,11.8,E,8,54,E,8,990,E,8,285,E,8,1.2,E,8,-9990,0,0,-9990,0,0,2.113,E,8,0.117,E,8,0.20,E,8,0,-9990,0,0
06/14/2005,19:00,443,1323,159,3,10,61,3,20,139,3,10,17646,3,10,5466,3,20,15818,3,10,-9990,0,0,10,E,8,9,E,8,20.4,E,8,11.3,E,8,56,E,8,990,E,8,240,E,8,1.4,E,8,-9990,0,0,-9990,0,0,2.041,E,8,0.117,E,8,0.20,E,8,0,-9990,0,0
06/14/2005,20:00,230,1323,63,3,10,74,3,20,50,3,10,6944,3,10,4888,3,20,6095,3,10,-9990,0,0,9,E,8,8,E,8,19.3,E,8,10.4,E,8,56,E,8,990,E,8,307,E,8,1.7,E,8,-9990,0,0,-9990,0,0,1.921,E,8,0.117,E,8,0.20,E,8,0,-9990,0,0
06/14/2005,21:00,42,437,2,3,10,0,3,20,2,3,10,242,3,10,7,3,20,241,3,10,-9990,0,0,9,E,8,8,E,8,18.2,E,8,9.4,E,8,57,E,8,990,E,8,260,E,8,2.7,E,8,-9990,0,0,-9990,0,0,1.796,E,8,0.117,E,8,0.20,E,8,0,-9990,0,0
06/14/2005,22:00,0,0,0,3,0,0,3,0,0,3,0,0,3,0,0,3,0,0,3,0,-9990,0,0,9,E,8,8,E,8,16.7,E,8,11.1,E,8,70,E,8,990,E,8,288,E,8,1.7,E,8,-9990,0,0,-9990,0,0,2.017,E,8,0.117,E,8,0.20,E,8,0,-9990,0,0
06/14/2005,23:00,0,0,0,3,0,0,3,0,0,3,0,0,3,0,0,3,0,0,3,0,-9990,0,0,9,E,8,8,E,8,15.2,E,8,10.4,E,8,73,E,8,990,E,8,238,E,8,1.4,E,8,-9990,0,0,-9990,0,0,1.920,E,8,0.117,E,8,0.20,E,8,0,-9990,0,0
06/14/2005,24:00,0,0,0,3,0,0,3,0,0,3,0,0,3,0,0,3,0,0,3,0,-9990,0,0,9,E,8,8,E,8,13.7,E,8,10.5,E,8,81,E,8,990,E,8,300,E,8,0.4,E,8,-9990,0,0,-9990,0,0,1.940,E,8,0.117,E,8,0.20,E,8,0,-9990,0,0
06/15/2005,01:00,0,0,0,3,0,0,3,0,0,3,0,0,3,0,0,3,0,0,3,0,-9990,0,0,10,E,8,9,E,8,13.1,E,8,10.9,E,8,86,E,8,990,E,8,289,E,8,2.7,E,8,-9990,0,0,-9990,0,0,1.987,E,8,0.127,E,8,0.20,E,8,0,-9990,0,0
06/15/2005,02:00,0,0,0,3,0,0,3,0,0,3,0,0,3,0,0,3,0,0,3,0,-9990,0,0,10,E,8,9,E,8,12.6,E,8,10.7,E,8,89,E,8,990,E,8,141,E,8,3.5,E,8,-9990,0,0,-9990,0,0,1.968,E,8,0.127,E,8,0.20,E,8,0,-9990,0,0
06/15/2005,03:00,0,0,0,3,0,0,3,0,0,3,0,0,3,0,0,3,0,0,3,0,-9990,0,0,10,E,8,9,E,8,12.3,E,8,10.4,E,8,88,E,8,990,E,8,5,E,8,4.0,E,8,-9990,0,0,-9990,0,0,1.925,E,8,0.127,E,8,0.20,E,8,0,-9990,0,0
06/15/2005,04:00,0,0,0,3,0,0,3,0,0,3,0,0,3,0,0,3,0,0,3,0,-9990,0,0,10,E,8,9,E,8,12.1,E,8,10.7,E,8,92,E,8,989,E,8,105,E,8,5.3,E,8,-9990,0,0,-9990,0,0,1.967,E,8,0.127,E,8,0.20,E,8,0,-9990,0,0
06/15/2005,05:00,2,88,0,3,10,0,3,20,0,3,10,0,3,10,0,3,20,0,3,10,-9990,0,0,10,E,8,9,E,8,12.0,E,8,10.4,E,8,90,E,8,989,E,8,161,E,8,4.4,E,8,-9990,0,0,-9990,0,0,1.919,E,8,0.127,E,8,0.20,E,8,0,-9990,0,0
06/15/2005,06:00,122,1323,41,3,10,87,3,20,34,3,10,4376,3,10,66,3,20,4370,3,10,-9990,0,0,10,E,8,9,E,8,12.6,E,8,10.4,E,8,87,E,8,989,E,8,101,E,8,2.5,E,8,-9990,0,0,-9990,0,0,1.925,E,8,0.127,E,8,0.20,E,8,0,-9990,0,0
06/15/2005,07:00,331,1323,102,3,10,32,3,20,95,3,10,11366,3,10,2153,3,20,10828,3,10,-9990,0,0,10,E,8,9,E,8,13.3,E,8,10.7,E,8,84,E,8,989,E,8,104,E,8,2.7,E,8,-9990,0,0,-9990,0,0,1.960,E,8,0.127,E,8,0.20,E,8,0,-9990,0,0
06/15/2005,08:00,544,1323,205,3,10,67,3,20,177,3,10,22727,3,10,6188,3,20,20184,3,10,-9990,0,0,10,E,8,9,E,8,14.4,E,8,10.5,E,8,77,E,8,989,E,8,153,E,8,3.1,E,8,-9990,0,0,-9990,0,0,1.930,E,8,0.127,E,8,0.20,E,8,0,-9990,0,0
06/15/2005,09:00,746,1323,339,3,10,118,3,20,273,3,10,37794,3,10,11892,3,20,31092,3,10,-9990,0,0,10,E,8,9,E,8,15.8,E,8,12.0,E,8,78,E,8,989,E,8,14,E,8,3.1,E,8,-9990,0,0,-9990,0,0,2.143,E,8,0.127,E,8,0.20,E,8,0,-9990,0,0
06/15/2005,10:00,923,1323,504,3,10,284,3,20,305,3,10,54877,3,10,26366,3,20,36477,3,10,-9990,0,0,8,E,8,6,E,8,17.5,E,8,10.9,E,8,65,E,8,989,E,8,25,E,8,0.6,E,8,-9990,0,0,-9990,0,0,1.984,E,8,0.127,E,8,0.20,E,8,0,-9990,0,0
06/15/2005,11:00,1064,1323,547,3,10,217,3,20,372,3,10,60674,3,10,21893,3,20,43060,3,10,-9990,0,0,9,E,8,8,E,8,18.9,E,8,10.4,E,8,58,E,8,989,E,8,7,E,8,1.0,E,8,-9990,0,0,-9990,0,0,1.923,E,8,0.127,E,8,0.20,E,8,0,-9990,0,0
06/15/2005,12:00,1159,1323,594,3,10,178,3,20,438,3,10,65847,3,10,17658,3,20,50373,3,10,-9990,0,0,9,E,8,8,E,8,20.1,E,8,11.3,E,8,57,E,8,989,E,8,31,E,8,0.5,E,8,-9990,0,0,-9990,0,0,2.046,E,8,0.127,E,8,0.20,E,8,0,-9990,0,0
06/15/2005,13:00,1202,1323,617,3,10,228,3,20,410,3,10,68117,3,10,22732,3,20,47468,3,10,-9990,0,0,9,E,8,8,E,8,21.0,E,8,10.6,E,8,51,E,8,989,E,8,344,E,8,2.2,E,8,-9990,0,0,-9990,0,0,1.942,E,8,0.127,E,8,0.20,E,8,0,-9990,0,0
06/15/2005,14:00,1189,1323,621,3,10,188,3,20,452,3,10,68835,3,10,18875,3,20,51877,3,10,-9990,0,0,9,E,8,8,E,8,21.8,E,8,11.3,E,8,51,E,8,989,E,8,349,E,8,2.7,E,8,-9990,0,0,-9990,0,0,2.048,E,8,0.127,E,8,0.20,E,8,0,-9990,0,0
06/15/2005,15:00,1121,1323,568,3,10,175,3,20,420,3,10,62905,3,10,17282,3,20,48263,3,10,-9990,0,0,9,E,8,8,E,8,22.3,E,8,10.9,E,8,48,E,8,989,E,8,19,E,8,4.4,E,8,-9990,0,0,-9990,0,0,1.986,E,8,0.127,E,8,0.20,E,8,0,-9990,0,0
06/15/2005,16:00,1003,1323,514,3,10,192,3,20,368,3,10,56714,3,10,18605,3,20,42606,3,10,-9990,0,0,9,E,8,8,E,8,22.6,E,8,11.0,E,8,48,E,8,989,E,8,341,E,8,4.0,E,8,-9990,0,0,-9990,0,0,2.007,E,8,0.127,E,8,0.20,E,8,0,-9990,0,0
06/15/2005,17:00,844,1323,367,3,10,115,3,20,293,3,10,40879,3,10,11682,3,20,33431,3,10,-9990,0,0,10,E,8,9,E,8,22.5,E,8,10.8,E,8,47,E,8,989,E,8,6,E,8,5.8,E,8,-9990,0,0,-9990,0,0,1.973,E,8,0.127,E,8,0.20,E,8,0,-9990,0,0
06/15/2005,18:00,653,1323,299,3,10,133,3,20,233,3,10,32605,3,10,10785,3,20,27284,3,10,-9990,0,0,9,E,8,8,E,8,22.2,E,8,10.6,E,8,48,E,8,989,E,8,99,E,8,9.3,E,8,-9990,0,0,-9990,0,0,1.951,E,8,0.127,E,8,0.20,E,8,0,-9990,0,0
06/15/2005,19:00,444,1323,197,3,10,152,3,20,146,3,10,21461,3,10,12385,3,20,17305,3,10,-9990,0,0,9,E,8,8,E,8,21.5,E,8,11.1,E,8,51,E,8,990,E,8,101,E,8,9.3,E,8,-9990,0,0,-9990,0,0,2.017,E,8,0.127,E,8,0.20,E,8,0,-9990,0,0
06/15/2005,20:00,231,1323,80,3,10,100,3,20,62,3,10,8721,3,10,6829,3,20,7528,3,10,-9990,0,0,9,E,8,8,E,8,20.6,E,8,11.2,E,8,55,E,8,990,E,8,89,E,8,5.3,E,8,-9990,0,0,-9990,0,0,2.028,E,8,0.127,E,8,0.20,E,8,0,-9990,0,0
06/15/2005,21:00,43,442,2,3,10,0,3,20,2,3,10,230,3,10,7,3,20,229,3,10,-9990,0,0,9,E,8,8,E,8,19.6,E,8,11.0,E,8,58,E,8,990,E,8,265,E,8,1.9,E,8,-9990,0,0,-9990,0,0,2.004,E,8,0.127,E,8,0.20,E,8,0,-9990,0,0
06/15/2005,22:00,0,0,0,3,0,0,3,0,0,3,0,0,3,0,0,3,0,0,3,0,-9990,0,0,9,E,8,8,E,8,18.2,E,8,11.7,E,8,66,E,8,990,E,8,263,E,8,4.0,E,8,-9990,0,0,-9990,0,0,2.099,E,8,0.127,E,8,0.20,E,8,0,-9990,0,0
06/15/2005,23:00,0,0,0,3,0,0,3,0,0,3,0,0,3,0,0,3,0,0,3,0,-9990,0,0,8,E,8,6,E,8,16.8,E,8,11.0,E,8,69,E,8,990,E,8,280,E,8,2.7,E,8,-9990,0,0,-9990,0,0,2.004,E,8,0.127,E,8,0.20,E,8,0,-9990,0,0
06/15/2005,24:00,0,0,0,3,0,0,3,0,0,3,0,0,3,0,0,3,0,0,3,0,-9990,0,0,8,E,8,6,E,8,15.4,E,8,11.1,E,8,75,E,8,990,E,8,322,E,8,2.5,E,8,-9990,0,0,-9990,0,0,2.018,E,8,0.127,E,8,0.20,E,8,0,-9990,0,0
06/16/2005,01:00,0,0,0,3,0,0,3,0,0,3,0,0,3,0,0,3,0,0,3,0,-9990,0,0,8,E,8,7,E,8,14.3,E,8,12.0,E,8,86,E,8,990,E,8,285,E,8,1.4,E,8,-9990,0,0,-9990,0,0,2.142,E,8,0.128,E,8,0.20,E,8,0,-9990,0,0
06/16/2005,02:00,0,0,0,3,0,0,3,0,0,3,0,0,3,0,0,3,0,0,3,0,-9990,0,0,8,E,8,7,E,8,13.1,E,8,11.8,E,8,92,E,8,990,E,8,245,E,8,0.4,E,8,-9990,0,0,-9990,0,0,2.120,E,8,0.128,E,8,0.20,E,8,0,-9990,0,0
06/16/2005,03:00,0,0,0,3,0,0,3,0,0,3,0,0,3,0,0,3,0,0,3,0,-9990,0,0,6,E,8,6,E,8,12.5,E,8,11.1,E,8,91,E,8,991,E,8,285,E,8,0.1,E,8,-9990,0,0,-9990,0,0,2.014,E,8,0.128,E,8,0.20,E,8,0,-9990,0,0
06/16/2005,04:00,0,0,0,3,0,0,3,0,0,3,0,0,3,0,0,3,0,0,3,0,-9990,0,0,6,E,8,6,E,8,12.0,E,8,10.2,E,8,89,E,8,991,E,8,273,E,8,0.0,E,8,-9990,0,0,-9990,0,0,1.894,E,8,0.128,E,8,0.20,E,8,0,-9990,0,0
06/16/2005,05:00,2,89,0,3,10,0,3,20,0,3,10,0,3,10,0,3,20,0,3,10,-9990,0,0,6,E,8,6,E,8,11.9,E,8,10.0,E,8,88,E,8,991,E,8,234,E,8,0.2,E,8,-9990,0,0,-9990,0,0,1.874,E,8,0.128,E,8,0.20,E,8,0,-9990,0,0
06/16/2005,06:00,122,1323,45,3,10,162,3,20,30,3,10,4686,3,10,3558,3,20,4357,3,10,-9990,0,0,6,E,8,6,E,8,12.4,E,8,11.5,E,8,94,E,8,991,E,8,77,E,8,0.5,E,8,-9990,0,0,-9990,0,0,2.077,E,8,0.128,E,8,0.20,E,8,0,-9990,0,0
06/16/2005,07:00,331,1323,149,3,10,273,3,20,81,3,10,15814,3,10,15679,3,20,11893,3,10,-9990,0,0,6,E,8,6,E,8,13.5,E,8,11.4,E,8,87,E,8,991,E,8,41,E,8,0.6,E,8,-9990,0,0,-9990,0,0,2.063,E,8,0.128,E,8,0.20,E,8,0,-9990,0,0
06/16/2005,08:00,543,1323,292,3,10,387,3,20,133,3,10,31280,3,10,28637,3,20,19516,3,10,-9990,0,0,5,E,8,4,E,8,15.0,E,8,11.5,E,8,80,E,8,991,E,8,1,E,8,1.9,E,8,-9990,0,0,-9990,0,0,2.082,E,8,0.128,E,8,0.20,E,8,0,-9990,0,0
06/16/2005,09:00,745,1323,437,3,10,438,3,20,190,3,10,47146,3,10,34423,3,20,27748,3,10,-9990,0,0,5,E,8,4,E,8,16.6,E,8,11.4,E,8,71,E,8,991,E,8,105,E,8,2.2,E,8,-9990,0,0,-9990,0,0,2.066,E,8,0.128,E,8,0.20,E,8,0,-9990,0,0
06/16/2005,10:00,923,1323,579,3,10,496,3,20,233,3,10,63027,3,10,41656,3,20,33958,3,10,-9990,0,0,5,E,8,4,E,8,18.3,E,8,10.9,E,8,62,E,8,991,E,8,84,E,8,1.7,E,8,-9990,0,0,-9990,0,0,1.985,E,8,0.128,E,8,0.20,E,8,0,-9990,0,0
06/16/2005,11:00,1064,1323,674,3,10,487,3,20,283,3,10,73463,3,10,40788,3,20,40647,3,10,-9990,0,0,5,E,8,4,E,8,19.9,E,8,10.2,E,8,54,E,8,991,E,8,61,E,8,1.7,E,8,-9990,0,0,-9990,0,0,1.895,E,8,0.128,E,8,0.20,E,8,0,-9990,0,0
06/16/2005,12:00,1159,1323,810,3,10,579,3,20,303,3,10,88927,3,10,51315,3,20,43952,3,10,-9990,0,0,5,E,8,4,E,8,21.5,E,8,11.4,E,8,52,E,8,992,E,8,111,E,8,2.2,E,8,-9990,0,0,-9990,0,0,2.055,E,8,0.128,E,8,0.20,E,8,0,-9990,0,0
06/16/2005,13:00,1202,1323,799,3,10,540,3,20,308,3,10,88059,3,10,47439,3,20,44955,3,10,-9990,0,0,5,E,8,4,E,8,22.7,E,8,11.7,E,8,50,E,8,992,E,8,41,E,8,1.7,E,8,-9990,0,0,-9990,0,0,2.108,E,8,0.128,E,8,0.20,E,8,0,-9990,0,0
06/16/2005,14:00,1189,1323,738,3,10,419,3,20,361,3,10,79922,3,10,31854,3,20,51290,3,10,-9990,0,0,6,E,8,5,E,8,23.5,E,8,12.0,E,8,49,E,8,991,E,8,55,E,8,1.0,E,8,-9990,0,0,-9990,0,0,2.153,E,8,0.128,E,8,0.20,E,8,0,-9990,0,0
06/16/2005,15:00,1122,1323,672,3,10,365,3,20,362,3,10,74116,3,10,36682,3,20,43016,3,10,-9990,0,0,8,E,8,6,E,8,23.9,E,8,12.1,E,8,48,E,8,991,E,8,104,E,8,0.6,E,8,-9990,0,0,-9990,0,0,2.170,E,8,0.128,E,8,0.20,E,8,0,-9990,0,0
06/16/2005,16:00,1004,1323,610,3,10,416,3,20,294,3,10,65550,3,10,31343,3,20,41761,3,10,-9990,0,0,6,E,8,5,E,8,24.2,E,8,11.3,E,8,44,E,8,991,E,8,34,E,8,1.4,E,8,-9990,0,0,-9990,0,0,2.046,E,8,0.128,E,8,0.20,E,8,0,-9990,0,0
06/16/2005,17:00,845,1323,520,3,10,495,3,20,205,3,10,56493,3,10,41594,3,20,29937,3,10,-9990,0,0,5,E,8,4,E,8,24.1,E,8,11.3,E,8,44,E,8,991,E,8,105,E,8,0.5,E,8,-9990,0,0,-9990,0,0,2.042,E,8,0.128,E,8,0.20,E,8,0,-9990,0,0
06/16/2005,18:00,654,1323,369,3,10,414,3,20,165,3,10,39494,3,10,31496,3,20,23924,3,10,-9990,0,0,5,E,8,4,E,8,23.6,E,8,11.4,E,8,46,E,8,990,E,8,338,E,8,0.4,E,8,-9990,0,0,-9990,0,0,2.066,E,8,0.128,E,8,0.20,E,8,0,-9990,0,0
06/16/2005,19:00,445,1323,221,3,10,323,3,20,112,3,10,23323,3,10,21038,3,20,16242,3,10,-9990,0,0,6,E,8,5,E,8,22.7,E,8,11.8,E,8,50,E,8,990,E,8,51,E,8,0.1,E,8,-9990,0,0,-9990,0,0,2.126,E,8,0.128,E,8,0.20,E,8,0,-9990,0,0
06/16/2005,20:00,233,1323,102,3,10,177,3,20,71,3,10,10617,3,10,9186,3,20,9002,3,10,-9990,0,0,8,E,8,6,E,8,21.6,E,8,11.5,E,8,53,E,8,990,E,8,10,E,8,0.6,E,8,-9990,0,0,-9990,0,0,2.078,E,8,0.128,E,8,0.20,E,8,0,-9990,0,0
06/16/2005,21:00,44,447,3,3,10,0,3,20,3,3,10,422,3,10,7,3,20,422,3,10,-9990,0,0,8,E,8,6,E,8,20.3,E,8,13.1,E,8,63,E,8,989,E,8,78,E,8,0.2,E,8,-9990,0,0,-9990,0,0,2.326,E,8,0.128,E,8,0.20,E,8,0,-9990,0,0
06/16/2005,22:00,0,0,0,3,0,0,3,0,0,3,0,0,3,0,0,3,0,0,3,0,-9990,0,0,8,E,8,6,E,8,19.2,E,8,15.0,E,8,76,E,8,989,E,8,202,E,8,0.4,E,8,-9990,0,0,-9990,0,0,2.644,E,8,0.128,E,8,0.20,E,8,0,-9990,0,0
06/16/2005,23:00,0,0,0,3,0,0,3,0,0,3,0,0,3,0,0,3,0,0,3,0,-9990,0,0,9,E,8,8,E,8,18.1,E,8,14.4,E,8,79,E,8,989,E,8,251,E,8,0.5,E,8,-9990,0,0,-9990,0,0,2.543,E,8,0.128,E,8,0.20,E,8,0,-9990,0,0
06/16/2005,24:00,0,0,0,3,0,0,3,0,0,3,0,0,3,0,0,3,0,0,3,0,-9990,0,0,9,E,8,8,E,8,17.0,E,8,13.8,E,8,81,E,8,989,E,8,266,E,8,0.8,E,8,-9990,0,0,-9990,0,0,2.437,E,8,0.128,E,8,0.20,E,8,0,-9990,0,0
06/17/2005,01:00,0,0,0,3,0,0,3,0,0,3,0,0,3,0,0,3,0,0,3,0,-9990,0,0,9,E,8,8,E,8,16.6,E,8,12.9,E,8,79,E,8,988,E,8,303,E,8,0.5,E,8,-9990,0,0,-9990,0,0,2.283,E,8,0.120,E,8,0.20,E,8,0,-9990,0,0
06/17/2005,02:00,0,0,0,3,0,0,3,0,0,3,0,0,3,0,0,3,0,0,3,0,-9990,0,0,9,E,8,8,E,8,16.1,E,8,12.2,E,8,77,E,8,988,E,8,304,E,8,0.0,E,8,-9990,0,0,-9990,0,0,2.172,E,8,0.120,E,8,0.20,E,8,0,-9990,0,0
06/17/2005,03:00,0,0,0,3,0,0,3,0,0,3,0,0,3,0,0,3,0,0,3,0,-9990,0,0,9,E,8,8,E,8,15.9,E,8,12.0,E,8,78,E,8,988,E,8,230,E,8,0.0,E,8,-9990,0,0,-9990,0,0,2.155,E,8,0.120,E,8,0.20,E,8,0,-9990,0,0
06/17/2005,04:00,0,0,0,3,0,0,3,0,0,3,0,0,3,0,0,3,0,0,3,0,-9990,0,0,9,E,8,8,E,8,15.7,E,8,12.0,E,8,79,E,8,988,E,8,280,E,8,0.2,E,8,-9990,0,0,-9990,0,0,2.154,E,8,0.120,E,8,0.20,E,8,0,-9990,0,0
06/17/2005,05:00,2,89,0,3,10,0,3,20,0,3,10,0,3,10,0,3,20,0,3,10,-9990,0,0,10,E,8,9,E,8,15.7,E,8,11.8,E,8,78,E,8,987,E,8,303,E,8,0.2,E,8,-9990,0,0,-9990,0,0,2.115,E,8,0.120,E,8,0.20,E,8,0,-9990,0,0
06/17/2005,06:00,122,1323,21,3,10,0,3,20,21,3,10,2405,3,10,0,3,20,2405,3,10,-9990,0,0,10,E,8,9,E,8,15.9,E,8,13.0,E,8,83,E,8,987,E,8,272,E,8,0.2,E,8,-9990,0,0,-9990,0,0,2.305,E,8,0.120,E,8,0.20,E,8,0,-9990,0,0
06/17/2005,07:00,331,1323,77,3,10,0,3,20,77,3,10,8644,3,10,0,3,20,8644,3,10,-9990,0,0,10,E,8,9,E,8,16.5,E,8,13.3,E,8,81,E,8,987,E,8,292,E,8,0.3,E,8,-9990,0,0,-9990,0,0,2.351,E,8,0.120,E,8,0.20,E,8,0,-9990,0,0
06/17/2005,08:00,543,1323,139,3,10,4,3,20,137,3,10,15635,3,10,252,3,20,15532,3,10,-9990,0,0,10,E,8,9,E,8,17.2,E,8,15.5,E,8,90,E,8,986,E,8,255,E,8,0.2,E,8,-9990,0,0,-9990,0,0,2.740,E,8,0.120,E,8,0.20,E,8,0,-9990,0,0
06/17/2005,09:00,745,1323,200,3,10,8,3,20,195,3,10,22853,3,10,769,3,20,22420,3,10,-9990,0,0,10,E,8,9,E,8,18.0,E,8,14.6,E,8,81,E,8,986,E,8,227,E,8,0.2,E,8,-9990,0,0,-9990,0,0,2.585,E,8,0.120,E,8,0.20,E,8,0,-9990,0,0
06/17/2005,10:00,923,1323,276,3,10,14,3,20,266,3,10,31784,3,10,1411,3,20,30799,3,10,-9990,0,0,10,E,8,9,E,8,18.8,E,8,12.9,E,8,69,E,8,986,E,8,271,E,8,0.4,E,8,-9990,0,0,-9990,0,0,2.294,E,8,0.120,E,8,0.20,E,8,0,-9990,0,0
06/17/2005,11:00,1064,1323,312,3,10,18,3,20,298,3,10,36358,3,10,1843,3,20,34875,3,10,-9990,0,0,10,E,8,9,E,8,19.6,E,8,13.4,E,8,67,E,8,986,E,8,243,E,8,1.0,E,8,-9990,0,0,-9990,0,0,2.363,E,8,0.120,E,8,0.20,E,8,0,-9990,0,0
06/17/2005,12:00,1159,1323,332,3,10,17,3,20,317,3,10,39037,3,10,1717,3,20,37532,3,10,-9990,0,0,10,E,8,9,E,8,20.2,E,8,13.4,E,8,65,E,8,985,E,8,330,E,8,2.5,E,8,-9990,0,0,-9990,0,0,2.371,E,8,0.120,E,8,0.20,E,8,0,-9990,0,0
06/17/2005,13:00,1202,1323,345,3,10,24,3,20,323,3,10,38833,3,10,1567,3,20,37409,3,10,-9990,0,0,10,E,8,9,E,8,20.7,E,8,13.7,E,8,64,E,8,985,E,8,303,E,8,0.9,E,8,-9990,0,0,-9990,0,0,2.425,E,8,0.120,E,8,0.20,E,8,0,-9990,0,0
06/17/2005,14:00,1189,1323,375,3,10,18,3,20,358,3,10,43764,3,10,1829,3,20,42120,3,10,-9990,0,0,10,E,8,9,E,8,21.2,E,8,13.0,E,8,60,E,8,985,E,8,293,E,8,0.6,E,8,-9990,0,0,-9990,0,0,2.311,E,8,0.120,E,8,0.20,E,8,0,-9990,0,0
06/17/2005,15:00,1122,1323,343,3,10,21,3,20,326,3,10,40011,3,10,2133,3,20,38201,3,10,-9990,0,0,10,E,8,9,E,8,21.5,E,8,13.2,E,8,59,E,8,985,E,8,297,E,8,0.9,E,8,-9990,0,0,-9990,0,0,2.336,E,8,0.120,E,8,0.20,E,8,0,-9990,0,0
06/17/2005,16:00,1005,1323,294,3,10,15,3,20,283,3,10,34040,3,10,1482,3,20,32914,3,10,-9990,0,0,10,E,8,9,E,8,21.6,E,8,13.2,E,8,59,E,8,985,E,8,320,E,8,1.0,E,8,-9990,0,0,-9990,0,0,2.336,E,8,0.120,E,8,0.20,E,8,0,-9990,0,0
06/17/2005,17:00,845,1323,239,3,10,13,3,20,231,3,10,27265,3,10,1230,3,20,26479,3,10,-9990,0,0,10,E,8,9,E,8,21.6,E,8,16.5,E,8,73,E,8,986,E,8,313,E,8,1.4,E,8,-9990,0,0,-9990,0,0,2.939,E,8,0.120,E,8,0.20,E,8,0,-9990,0,0
06/17/2005,18:00,655,1323,170,3,10,6,3,20,167,3,10,19157,3,10,470,3,20,18924,3,10,-9990,0,0,10,E,8,9,E,8,21.3,E,8,17.9,E,8,81,E,8,986,E,8,304,E,8,2.2,E,8,-9990,0,0,-9990,0,0,3.245,E,8,0.120,E,8,0.20,E,8,1,-9990,0,0
06/17/2005,19:00,446,1323,106,3,10,0,3,20,106,3,10,11797,3,10,0,3,20,11797,3,10,-9990,0,0,10,E,8,9,E,8,21.0,E,8,14.7,E,8,67,E,8,986,E,8,302,E,8,2.7,E,8,-9990,0,0,-9990,0,0,2.587,E,8,0.120,E,8,0.20,E,8,0,-9990,0,0
06/17/2005,20:00,234,1323,47,3,10,0,3,20,47,3,10,5214,3,10,0,3,20,5214,3,10,-9990,0,0,10,E,8,9,E,8,20.4,E,8,13.0,E,8,62,E,8,986,E,8,240,E,8,1.7,E,8,-9990,0,0,-9990,0,0,2.301,E,8,0.120,E,8,0.20,E,8,0,-9990,0,0
06/17/2005,21:00,45,451,2,3,10,0,3,20,2,3,10,246,3,10,7,3,20,245,3,10,-9990,0,0,10,E,8,9,E,8,19.8,E,8,13.8,E,8,68,E,8,986,E,8,249,E,8,3.7,E,8,-9990,0,0,-9990,0,0,2.431,E,8,0.120,E,8,0.20,E,8,0,-9990,0,0
06/17/2005,22:00,0,0,0,3,0,0,3,0,0,3,0,0,3,0,0,3,0,0,3,0,-9990,0,0,10,E,8,9,E,8,19.1,E,8,15.3,E,8,79,E,8,986,E,8,309,E,8,3.7,E,8,-9990,0,0,-9990,0,0,2.715,E,8,0.120,E,8,0.20,E,8,0,-9990,0,0
06/17/2005,23:00,0,0,0,3,0,0,3,0,0,3,0,0,3,0,0,3,0,0,3,0,-9990,0,0,10,E,8,9,E,8,18.0,E,8,16.8,E,8,92,E,8,986,E,8,284,E,8,7.8,E,8,-9990,0,0,-9990,0,0,2.997,E,8,0.120,E,8,0.20,E,8,2,-9990,0,0
06/17/2005,24:00,0,0,0,3,0,0,3,0,0,3,0,0,3,0,0,3,0,0,3,0,-9990,0,0,10,E,8,9,E,8,17.6,E,8,16.3,E,8,92,E,8,986,E,8,192,E,8,5.3,E,8,-9990,0,0,-9990,0,0,2.903,E,8,0.120,E,8,0.20,E,8,0,-9990,0,0
06/18/2005,01:00,0,0,0,3,0,0,3,0,0,3,0,0,3,0,0,3,0,0,3,0,-9990,0,0,10,E,8,9,E,8,17.1,E,8,16.3,E,8,95,E,8,986,E,8,178,E,8,4.4,E,8,-9990,0,0,-9990,0,0,2.912,E,8,0.143,E,8,0.20,E,8,0,-9990,0,0
06/18/2005,02:00,0,0,0,3,0,0,3,0,0,3,0,0,3,0,0,3,0,0,3,0,-9990,0,0,10,E,8,9,E,8,16.6,E,8,16.3,E,8,98,E,8,987,E,8,204,E,8,2.7,E,8,-9990,0,0,-9990,0,0,2.902,E,8,0.143,E,8,0.20,E,8,0,-9990,0,0
06/18/2005,03:00,0,0,0,3,0,0,3,0,0,3,0,0,3,0,0,3,0,0,3,0,-9990,0,0,10,E,8,9,E,8,16.4,E,8,16.0,E,8,98,E,8,987,E,8,220,E,8,2.2,E,8,-9990,0,0,-9990,0,0,2.848,E,8,0.143,E,8,0.20,E,8,0,-9990,0,0
06/18/2005,04:00,0,0,0,3,0,0,3,0,0,3,0,0,3,0,0,3,0,0,3,0,-9990,0,0,10,E,8,9,E,8,16.2,E,8,15.8,E,8,98,E,8,987,E,8,284,E,8,0.6,E,8,-9990,0,0,-9990,0,0,2.812,E,8,0.143,E,8,0.20,E,8,0,-9990,0,0
06/18/2005,05:00,2,88,0,3,10,0,3,20,0,3,10,0,3,10,0,3,20,0,3,10,-9990,0,0,10,E,8,9,E,8,16.2,E,8,15.8,E,8,98,E,8,987,E,8,252,E,8,1.2,E,8,-9990,0,0,-9990,0,0,2.808,E,8,0.143,E,8,0.20,E,8,0,-9990,0,0
06/18/2005,06:00,122,1322,14,3,10,0,3,20,14,3,10,1637,3,10,0,3,20,1637,3,10,-9990,0,0,10,E,8,9,E,8,16.3,E,8,16.0,E,8,98,E,8,987,E,8,289,E,8,1.2,E,8,-9990,0,0,-9990,0,0,2.846,E,8,0.143,E,8,0.20,E,8,0,-9990,0,0
06/18/2005,07:00,330,1322,61,3,10,0,3,20,61,3,10,6919,3,10,0,3,20,6919,3,10,-9990,0,0,10,E,8,9,E,8,16.9,E,8,15.6,E,8,92,E,8,987,E,8,297,E,8,2.2,E,8,-9990,0,0,-9990,0,0,2.762,E,8,0.143,E,8,0.20,E,8,0,-9990,0,0
06/18/2005,08:00,543,1322,30,3,10,0,3,20,30,3,10,3761,3,10,0,3,20,3761,3,10,-9990,0,0,10,E,8,9,E,8,16.9,E,8,15.3,E,8,90,E,8,987,E,8,241,E,8,1.6,E,8,-9990,0,0,-9990,0,0,2.707,E,8,0.143,E,8,0.20,E,8,0,-9990,0,0
06/18/2005,09:00,745,1322,127,3,10,0,3,20,127,3,10,14982,3,10,0,3,20,14982,3,10,-9990,0,0,10,E,8,9,E,8,17.5,E,8,15.5,E,8,88,E,8,987,E,8,204,E,8,2.5,E,8,-9990,0,0,-9990,0,0,2.752,E,8,0.143,E,8,0.20,E,8,0,-9990,0,0
06/18/2005,10:00,922,1322,202,3,10,7,3,20,197,3,10,23718,3,10,599,3,20,23300,3,10,-9990,0,0,10,E,8,9,E,8,18.2,E,8,15.3,E,8,83,E,8,988,E,8,265,E,8,2.7,E,8,-9990,0,0,-9990,0,0,2.707,E,8,0.143,E,8,0.20,E,8,0,-9990,0,0
06/18/2005,11:00,1064,1322,450,3,10,102,3,20,367,3,10,50569,3,10,10269,3,20,42308,3,10,-9990,0,0,10,E,8,9,E,8,19.9,E,8,15.7,E,8,77,E,8,988,E,8,11,E,8,2.2,E,8,-9990,0,0,-9990,0,0,2.794,E,8,0.143,E,8,0.20,E,8,0,-9990,0,0
06/18/2005,12:00,1159,1322,427,3,10,40,3,20,393,3,10,48186,3,10,3231,3,20,45354,3,10,-9990,0,0,10,E,8,9,E,8,21.0,E,8,16.6,E,8,76,E,8,988,E,8,40,E,8,4.0,E,8,-9990,0,0,-9990,0,0,2.971,E,8,0.143,E,8,0.20,E,8,0,-9990,0,0
06/18/2005,13:00,1202,1322,582,3,10,175,3,20,423,3,10,65194,3,10,16873,3,20,49857,3,10,-9990,0,0,9,E,8,8,E,8,22.4,E,8,16.3,E,8,68,E,8,988,E,8,11,E,8,2.2,E,8,-9990,0,0,-9990,0,0,2.913,E,8,0.143,E,8,0.20,E,8,0,-9990,0,0
06/18/2005,14:00,1190,1322,564,3,10,148,3,20,431,3,10,63100,3,10,13603,3,20,50863,3,10,-9990,0,0,9,E,8,8,E,8,23.5,E,8,16.8,E,8,66,E,8,988,E,8,22,E,8,2.2,E,8,-9990,0,0,-9990,0,0,3.013,E,8,0.143,E,8,0.20,E,8,0,-9990,0,0
06/18/2005,15:00,1122,1322,713,3,10,440,3,20,339,3,10,77559,3,10,32382,3,20,50072,3,10,-9990,0,0,6,E,8,5,E,8,24.8,E,8,17.2,E,8,63,E,8,988,E,8,108,E,8,4.8,E,8,-9990,0,0,-9990,0,0,3.103,E,8,0.143,E,8,0.20,E,8,0,-9990,0,0
06/18/2005,16:00,1005,1322,419,3,10,96,3,20,346,3,10,47122,3,10,9519,3,20,39885,3,10,-9990,0,0,10,E,8,9,E,8,25.1,E,8,17.0,E,8,61,E,8,988,E,8,184,E,8,6.3,E,8,-9990,0,0,-9990,0,0,3.044,E,8,0.143,E,8,0.20,E,8,0,-9990,0,0
06/18/2005,17:00,846,1322,490,3,10,356,3,20,262,3,10,53602,3,10,31537,3,20,33419,3,10,-9990,0,0,6,E,8,5,E,8,25.5,E,8,17.3,E,8,61,E,8,988,E,8,237,E,8,3.5,E,8,-9990,0,0,-9990,0,0,3.121,E,8,0.143,E,8,0.20,E,8,0,-9990,0,0
06/18/2005,18:00,656,1322,371,3,10,366,3,20,189,3,10,40259,3,10,31520,3,20,24622,3,10,-9990,0,0,6,E,8,5,E,8,25.6,E,8,17.1,E,8,59,E,8,988,E,8,100,E,8,2.7,E,8,-9990,0,0,-9990,0,0,3.079,E,8,0.143,E,8,0.20,E,8,0,-9990,0,0
06/18/2005,19:00,448,1322,322,3,10,669,3,20,96,3,10,34127,3,10,58246,3,20,14413,3,10,-9990,0,0,0,E,8,0,E,8,25.6,E,8,17.1,E,8,59,E,8,988,E,8,20,E,8,1.9,E,8,-9990,0,0,-9990,0,0,3.068,E,8,0.143,E,8,0.20,E,8,0,-9990,0,0
06/18/2005,20:00,235,1322,144,3,10,392,3,20,74,3,10,14742,3,10,22221,3,20,10791,3,10,-9990,0,0,4,E,8,3,E,8,25.0,E,8,18.5,E,8,67,E,8,988,E,8,19,E,8,1.9,E,8,-9990,0,0,-9990,0,0,3.381,E,8,0.143,E,8,0.20,E,8,0,-9990,0,0
06/18/2005,21:00,45,456,24,3,10,0,3,20,24,3,10,2655,3,10,0,3,20,2655,3,10,-9990,0,0,4,E,8,3,E,8,24.1,E,8,19.0,E,8,73,E,8,988,E,8,79,E,8,1.4,E,8,-9990,0,0,-9990,0,0,3.502,E,8,0.143,E,8,0.20,E,8,0,-9990,0,0
06/18/2005,22:00,0,0,0,3,0,0,3,0,0,3,0,0,3,0,0,3,0,0,3,0,-9990,0,0,5,E,8,5,E,8,23.6,E,8,20.4,E,8,82,E,8,987,E,8,102,E,8,3.3,E,8,-9990,0,0,-9990,0,0,3.876,E,8,0.143,E,8,0.20,E,8,0,-9990,0,0
06/18/2005,23:00,0,0,0,3,0,0,3,0,0,3,0,0,3,0,0,3,0,0,3,0,-9990,0,0,5,E,8,5,E,8,23.0,E,8,20.8,E,8,87,E,8,987,E,8,269,E,8,1.6,E,8,-9990,0,0,-9990,0,0,3.987,E,8,0.143,E,8,0.20,E,8,0,-9990,0,0
06/18/2005,24:00,0,0,0,3,0,0,3,0,0,3,0,0,3,0,0,3,0,0,3,0,-9990,0,0,6,E,8,6,E,8,22.5,E,8,20.8,E,8,90,E,8,987,E,8,91,E,8,3.1,E,8,-9990,0,0,-9990,0,0,3.981,E,8,0.143,E,8,0.20,E,8,0,-9990,0,0
06/19/2005,01:00,0,0,0,3,0,0,3,0,0,3,0,0,3,0,0,3,0,0,3,0,-9990,0,0,6,E,8,6,E,8,22.1,E,8,19.3,E,8,84,E,8,987,E,8,274,E,8,3.3,E,8,-9990,0,0,-9990,0,0,3.584,E,8,0.143,E,8,0.20,E,8,0,-9990,0,0
06/19/2005,02:00,0,0,0,3,0,0,3,0,0,3,0,0,3,0,0,3,0,0,3,0,-9990,0,0,8,E,8,7,E,8,21.6,E,8,18.9,E,8,84,E,8,987,E,8,242,E,8,2.5,E,8,-9990,0,0,-9990,0,0,3.477,E,8,0.143,E,8,0.20,E,8,0,-9990,0,0
06/19/2005,03:00,0,0,0,3,0,0,3,0,0,3,0,0,3,0,0,3,0,0,3,0,-9990,0,0,8,E,8,7,E,8,21.4,E,8,18.1,E,8,82,E,8,987,E,8,237,E,8,4.8,E,8,-9990,0,0,-9990,0,0,3.301,E,8,0.143,E,8,0.20,E,8,0,-9990,0,0
06/19/2005,04:00,0,0,0,3,0,0,3,0,0,3,0,0,3,0,0,3,0,0,3,0,-9990,0,0,9,E,8,8,E,8,21.2,E,8,18.0,E,8,82,E,8,987,E,8,245,E,8,2.7,E,8,-9990,0,0,-9990,0,0,3.280,E,8,0.143,E,8,0.20,E,8,0,-9990,0,0
06/19/2005,05:00,2,88,0,3,10,0,3,20,0,3,10,0,3,10,0,3,20,0,3,10,-9990,0,0,9,E,8,8,E,8,21.2,E,8,18.4,E,8,84,E,8,987,E,8,242,E,8,0.9,E,8,-9990,0,0,-9990,0,0,3.354,E,8,0.143,E,8,0.20,E,8,0,-9990,0,0
06/19/2005,06:00,121,1322,31,3,10,9,3,20,30,3,10,3492,3,10,0,3,20,3492,3,10,-9990,0,0,10,E,8,9,E,8,21.6,E,8,20.2,E,8,92,E,8,987,E,8,214,E,8,1.0,E,8,-9990,0,0,-9990,0,0,3.807,E,8,0.143,E,8,0.20,E,8,0,-9990,0,0
06/19/2005,07:00,330,1322,98,3,10,16,3,20,94,3,10,10670,3,10,1578,3,20,10277,3,10,-9990,0,0,10,E,8,9,E,8,22.3,E,8,20.1,E,8,87,E,8,987,E,8,240,E,8,0.7,E,8,-9990,0,0,-9990,0,0,3.783,E,8,0.143,E,8,0.20,E,8,0,-9990,0,0
06/19/2005,08:00,542,1322,154,3,10,9,3,20,150,3,10,17120,3,10,861,3,20,16766,3,10,-9990,0,0,10,E,8,9,E,8,23.1,E,8,19.9,E,8,82,E,8,987,E,8,249,E,8,1.2,E,8,-9990,0,0,-9990,0,0,3.736,E,8,0.143,E,8,0.20,E,8,0,-9990,0,0
06/19/2005,09:00,744,1322,250,3,10,22,3,20,237,3,10,27927,3,10,2218,3,20,26679,3,10,-9990,0,0,10,E,8,9,E,8,24.0,E,8,19.7,E,8,77,E,8,987,E,8,178,E,8,0.6,E,8,-9990,0,0,-9990,0,0,3.675,E,8,0.143,E,8,0.20,E,8,0,-9990,0,0
06/19/2005,10:00,922,1322,355,3,10,66,3,20,309,3,10,40054,3,10,6107,3,20,35795,3,10,-9990,0,0,10,E,8,9,E,8,25.2,E,8,18.6,E,8,67,E,8,987,E,8,249,E,8,0.6,E,8,-9990,0,0,-9990,0,0,3.415,E,8,0.143,E,8,0.20,E,8,0,-9990,0,0
06/19/2005,11:00,1063,1322,402,3,10,47,3,20,364,3,10,45479,3,10,3995,3,20,42266,3,10,-9990,0,0,10,E,8,9,E,8,26.2,E,8,19.2,E,8,66,E,8,987,E,8,272,E,8,0.8,E,8,-9990,0,0,-9990,0,0,3.562,E,8,0.143,E,8,0.20,E,8,0,-9990,0,0
06/19/2005,12:00,1159,1322,441,3,10,45,3,20,401,3,10,49936,3,10,3827,3,20,46582,3,10,-9990,0,0,10,E,8,9,E,8,27.0,E,8,19.1,E,8,62,E,8,987,E,8,246,E,8,1.9,E,8,-9990,0,0,-9990,0,0,3.542,E,8,0.143,E,8,0.20,E,8,0,-9990,0,0
06/19/2005,13:00,1202,1322,436,3,10,29,3,20,410,3,10,50285,3,10,2946,3,20,47606,3,10,-9990,0,0,10,E,8,9,E,8,27.7,E,8,19.0,E,8,59,E,8,987,E,8,319,E,8,1.2,E,8,-9990,0,0,-9990,0,0,3.513,E,8,0.143,E,8,0.20,E,8,0,-9990,0,0
06/19/2005,14:00,1190,1322,445,3,10,34,3,20,414,3,10,50323,3,10,2513,3,20,48062,3,10,-9990,0,0,10,E,8,9,E,8,28.2,E,8,19.2,E,8,58,E,8,987,E,8,310,E,8,0.2,E,8,-9990,0,0,-9990,0,0,3.558,E,8,0.143,E,8,0.20,E,8,0,-9990,0,0
06/19/2005,15:00,1123,1322,383,3,10,25,3,20,362,3,10,43953,3,10,2509,3,20,41822,3,10,-9990,0,0,10,E,8,9,E,8,28.5,E,8,20.0,E,8,60,E,8,987,E,8,306,E,8,0.5,E,8,-9990,0,0,-9990,0,0,3.763,E,8,0.143,E,8,0.20,E,8,0,-9990,0,0
06/19/2005,16:00,1006,1322,349,3,10,29,3,20,327,3,10,39727,3,10,3000,3,20,37445,3,10,-9990,0,0,10,E,8,9,E,8,28.7,E,8,19.6,E,8,58,E,8,987,E,8,296,E,8,1.7,E,8,-9990,0,0,-9990,0,0,3.653,E,8,0.143,E,8,0.20,E,8,0,-9990,0,0
06/19/2005,17:00,847,1322,286,3,10,29,3,20,268,3,10,32170,3,10,2960,3,20,30274,3,10,-9990,0,0,10,E,8,9,E,8,28.6,E,8,19.9,E,8,59,E,8,987,E,8,300,E,8,2.2,E,8,-9990,0,0,-9990,0,0,3.731,E,8,0.143,E,8,0.20,E,8,0,-9990,0,0
06/19/2005,18:00,657,1322,203,3,10,19,3,20,193,3,10,22536,3,10,1918,3,20,21583,3,10,-9990,0,0,10,E,8,9,E,8,28.2,E,8,21.3,E,8,66,E,8,987,E,8,280,E,8,4.8,E,8,-9990,0,0,-9990,0,0,4.121,E,8,0.143,E,8,0.20,E,8,1,-9990,0,0
06/19/2005,19:00,449,1322,128,3,10,9,3,20,125,3,10,14062,3,10,801,3,20,13790,3,10,-9990,0,0,10,E,8,9,E,8,27.8,E,8,20.3,E,8,63,E,8,987,E,8,282,E,8,2.7,E,8,-9990,0,0,-9990,0,0,3.832,E,8,0.143,E,8,0.20,E,8,0,-9990,0,0
06/19/2005,20:00,236,1322,59,3,10,3,3,20,59,3,10,6417,3,10,208,3,20,6379,3,10,-9990,0,0,10,E,8,9,E,8,27.1,E,8,21.3,E,8,70,E,8,987,E,8,318,E,8,1.4,E,8,-9990,0,0,-9990,0,0,4.121,E,8,0.143,E,8,0.20,E,8,0,-9990,0,0
06/19/2005,21:00,46,459,2,3,10,0,3,20,2,3,10,263,3,10,6,3,20,262,3,10,-9990,0,0,10,E,8,9,E,8,26.4,E,8,21.0,E,8,72,E,8,987,E,8,319,E,8,1.0,E,8,-9990,0,0,-9990,0,0,4.029,E,8,0.143,E,8,0.20,E,8,0,-9990,0,0
06/19/2005,22:00,0,0,0,3,0,0,3,0,0,3,0,0,3,0,0,3,0,0,3,0,-9990,0,0,10,E,8,9,E,8,25.4,E,8,21.3,E,8,78,E,8,987,E,8,294,E,8,0.8,E,8,-9990,0,0,-9990,0,0,4.121,E,8,0.143,E,8,0.20,E,8,0,-9990,0,0
06/19/2005,23:00,0,0,0,3,0,0,3,0,0,3,0,0,3,0,0,3,0,0,3,0,-9990,0,0,10,E,8,9,E,8,24.4,E,8,21.3,E,8,83,E,8,987,E,8,329,E,8,1.7,E,8,-9990,0,0,-9990,0,0,4.121,E,8,0.143,E,8,0.20,E,8,0,-9990,0,0
06/19/2005,24:00,0,0,0,3,0,0,3,0,0,3,0,0,3,0,0,3,0,0,3,0,-9990,0,0,10,E,8,9,E,8,23.4,E,8,21.0,E,8,86,E,8,987,E,8,265,E,8,0.9,E,8,-9990,0,0,-9990,0,0,4.045,E,8,0.143,E,8,0.20,E,8,0,-9990,0,0
06/20/2005,01:00,0,0,0,3,0,0,3,0,0,3,0,0,3,0,0,3,0,0,3,0,-9990,0,0,10,E,8,9,E,8,22.7,E,8,20.6,E,8,88,E,8,987,E,8,282,E,8,1.0,E,8,-9990,0,0,-9990,0,0,3.915,E,8,0.130,E,8,0.20,E,8,0,-9990,0,0
06/20/2005,02:00,0,0,0,3,0,0,3,0,0,3,0,0,3,0,0,3,0,0,3,0,-9990,0,0,10,E,8,9,E,8,21.9,E,8,20.3,E,8,91,E,8,987,E,8,257,E,8,1.0,E,8,-9990,0,0,-9990,0,0,3.846,E,8,0.130,E,8,0.20,E,8,0,-9990,0,0
06/20/2005,03:00,0,0,0,3,0,0,3,0,0,3,0,0,3,0,0,3,0,0,3,0,-9990,0,0,10,E,8,9,E,8,21.5,E,8,19.9,E,8,91,E,8,987,E,8,274,E,8,0.2,E,8,-9990,0,0,-9990,0,0,3.726,E,8,0.130,E,8,0.20,E,8,0,-9990,0,0
06/20/2005,04:00,0,0,0,3,0,0,3,0,0,3,0,0,3,0,0,3,0,0,3,0,-9990,0,0,10,E,8,9,E,8,21.2,E,8,20.0,E,8,93,E,8,987,E,8,276,E,8,0.5,E,8,-9990,0,0,-9990,0,0,3.767,E,8,0.130,E,8,0.20,E,8,0,-9990,0,0
06/20/2005,05:00,1,86,0,3,10,0,3,20,0,3,10,0,3,10,0,3,20,0,3,10,-9990,0,0,10,E,8,9,E,8,21.1,E,8,19.8,E,8,92,E,8,986,E,8,192,E,8,3.1,E,8,-9990,0,0,-9990,0,0,3.721,E,8,0.130,E,8,0.20,E,8,0,-9990,0,0
06/20/2005,06:00,121,1322,14,3,10,0,3,20,14,3,10,1654,3,10,0,3,20,1654,3,10,-9990,0,0,10,E,8,9,E,8,21.0,E,8,20.7,E,8,98,E,8,986,E,8,12,E,8,1.2,E,8,-9990,0,0,-9990,0,0,3.946,E,8,0.130,E,8,0.20,E,8,1,-9990,0,0
06/20/2005,07:00,329,1322,79,3,10,0,3,20,79,3,10,8687,3,10,0,3,20,8687,3,10,-9990,0,0,10,E,8,9,E,8,21.8,E,8,21.1,E,8,96,E,8,986,E,8,54,E,8,1.4,E,8,-9990,0,0,-9990,0,0,4.059,E,8,0.130,E,8,0.20,E,8,0,-9990,0,0
06/20/2005,08:00,542,1322,170,3,10,26,3,20,160,3,10,18851,3,10,2709,3,20,17741,3,10,-9990,0,0,10,E,8,9,E,8,22.6,E,8,21.3,E,8,92,E,8,986,E,8,75,E,8,0.8,E,8,-9990,0,0,-9990,0,0,4.121,E,8,0.130,E,8,0.20,E,8,0,-9990,0,0
06/20/2005,09:00,744,1322,353,3,10,166,3,20,260,3,10,39373,3,10,13006,3,20,32057,3,10,-9990,0,0,9,E,8,8,E,8,24.0,E,8,21.3,E,8,85,E,8,986,E,8,2,E,8,0.9,E,8,-9990,0,0,-9990,0,0,4.121,E,8,0.130,E,8,0.20,E,8,0,-9990,0,0
06/20/2005,10:00,921,1322,333,3,10,44,3,20,303,3,10,37804,3,10,3517,3,20,35353,3,10,-9990,0,0,10,E,8,9,E,8,24.8,E,8,21.3,E,8,81,E,8,986,E,8,21,E,8,0.2,E,8,-9990,0,0,-9990,0,0,4.121,E,8,0.130,E,8,0.20,E,8,0,-9990,0,0
06/20/2005,11:00,1063,1322,406,3,10,40,3,20,374,3,10,46110,3,10,3123,3,20,43598,3,10,-9990,0,0,10,E,8,9,E,8,25.7,E,8,21.2,E,8,76,E,8,986,E,8,348,E,8,1.0,E,8,-9990,0,0,-9990,0,0,4.082,E,8,0.130,E,8,0.20,E,8,0,-9990,0,0
06/20/2005,12:00,1159,1322,421,3,10,31,3,20,394,3,10,47807,3,10,2086,3,20,45978,3,10,-9990,0,0,10,E,8,9,E,8,26.3,E,8,21.3,E,8,74,E,8,986,E,8,351,E,8,2.5,E,8,-9990,0,0,-9990,0,0,4.121,E,8,0.130,E,8,0.20,E,8,0,-9990,0,0
06/20/2005,13:00,1202,1322,487,3,10,87,3,20,407,3,10,55278,3,10,8559,3,20,47496,3,10,-9990,0,0,10,E,8,9,E,8,27.0,E,8,20.5,E,8,68,E,8,986,E,8,332,E,8,1.2,E,8,-9990,0,0,-9990,0,0,3.898,E,8,0.130,E,8,0.20,E,8,0,-9990,0,0
06/20/2005,14:00,1190,1322,354,3,10,19,3,20,338,3,10,41328,3,10,1879,3,20,39637,3,10,-9990,0,0,10,E,8,9,E,8,27.2,E,8,20.2,E,8,65,E,8,986,E,8,354,E,8,1.6,E,8,-9990,0,0,-9990,0,0,3.803,E,8,0.130,E,8,0.20,E,8,0,-9990,0,0
06/20/2005,15:00,1123,1322,486,3,10,107,3,20,395,3,10,55046,3,10,10771,3,20,45895,3,10,-9990,0,0,10,E,8,9,E,8,27.7,E,8,20.2,E,8,64,E,8,986,E,8,346,E,8,0.9,E,8,-9990,0,0,-9990,0,0,3.821,E,8,0.130,E,8,0.20,E,8,0,-9990,0,0
06/20/2005,16:00,1006,1322,319,3,10,24,3,20,300,3,10,36478,3,10,2507,3,20,34569,3,10,-9990,0,0,10,E,8,9,E,8,27.7,E,8,20.1,E,8,63,E,8,986,E,8,344,E,8,1.6,E,8,-9990,0,0,-9990,0,0,3.785,E,8,0.130,E,8,0.20,E,8,0,-9990,0,0
06/20/2005,17:00,848,1322,210,3,10,8,3,20,205,3,10,24135,3,10,725,3,20,23669,3,10,-9990,0,0,10,E,8,9,E,8,27.4,E,8,19.0,E,8,60,E,8,986,E,8,348,E,8,0.4,E,8,-9990,0,0,-9990,0,0,3.504,E,8,0.130,E,8,0.20,E,8,0,-9990,0,0
06/20/2005,18:00,658,1322,103,3,10,0,3,20,103,3,10,12040,3,10,0,3,20,12040,3,10,-9990,0,0,10,E,8,9,E,8,26.8,E,8,19.2,E,8,63,E,8,985,E,8,3,E,8,0.3,E,8,-9990,0,0,-9990,0,0,3.566,E,8,0.130,E,8,0.20,E,8,0,-9990,0,0
06/20/2005,19:00,450,1322,25,3,10,0,3,20,25,3,10,3166,3,10,0,3,20,3166,3,10,-9990,0,0,10,E,8,9,E,8,26.1,E,8,19.3,E,8,66,E,8,985,E,8,353,E,8,0.5,E,8,-9990,0,0,-9990,0,0,3.575,E,8,0.130,E,8,0.20,E,8,0,-9990,0,0
06/20/2005,20:00,237,1322,27,3,10,0,3,20,27,3,10,3108,3,10,0,3,20,3108,3,10,-9990,0,0,10,E,8,9,E,8,25.5,E,8,19.7,E,8,71,E,8,985,E,8,348,E,8,2.7,E,8,-9990,0,0,-9990,0,0,3.696,E,8,0.130,E,8,0.20,E,8,0,-9990,0,0
06/20/2005,21:00,47,462,2,3,10,0,3,20,2,3,10,262,3,10,7,3,20,262,3,10,-9990,0,0,10,E,8,9,E,8,24.9,E,8,18.9,E,8,69,E,8,985,E,8,348,E,8,4.0,E,8,-9990,0,0,-9990,0,0,3.472,E,8,0.130,E,8,0.20,E,8,0,-9990,0,0
06/20/2005,22:00,0,0,0,3,0,0,3,0,0,3,0,0,3,0,0,3,0,0,3,0,-9990,0,0,10,E,8,9,E,8,24.3,E,8,19.5,E,8,75,E,8,985,E,8,353,E,8,5.3,E,8,-9990,0,0,-9990,0,0,3.628,E,8,0.130,E,8,0.20,E,8,0,-9990,0,0
06/20/2005,23:00,0,0,0,3,0,0,3,0,0,3,0,0,3,0,0,3,0,0,3,0,-9990,0,0,10,E,8,9,E,8,23.7,E,8,19.3,E,8,77,E,8,984,E,8,325,E,8,8.3,E,8,-9990,0,0,-9990,0,0,3.588,E,8,0.130,E,8,0.20,E,8,0,-9990,0,0
06/20/2005,24:00,0,0,0,3,0,0,3,0,0,3,0,0,3,0,0,3,0,0,3,0,-9990,0,0,10,E,8,9,E,8,23.1,E,8,19.6,E,8,81,E,8,984,E,8,12,E,8,7.8,E,8,-9990,0,0,-9990,0,0,3.653,E,8,0.130,E,8,0.20,E,8,0,-9990,0,0
06/21/2005,01:00,0,0,0,3,0,0,3,0,0,3,0,0,3,0,0,3,0,0,3,0,-9990,0,0,10,E,8,9,E,8,22.6,E,8,20.9,E,8,90,E,8,984,E,8,59,E,8,5.8,E,8,-9990,0,0,-9990,0,0,4.007,E,8,0.140,E,8,0.20,E,8,1,-9990,0,0
06/21/2005,02:00,0,0,0,3,0,0,3,0,0,3,0,0,3,0,0,3,0,0,3,0,-9990,0,0,10,E,8,9,E,8,22.2,E,8,20.8,E,8,92,E,8,984,E,8,98,E,8,3.7,E,8,-9990,0,0,-9990,0,0,3.977,E,8,0.140,E,8,0.20,E,8,1,-9990,0,0
06/21/2005,03:00,0,0,0,3,0,0,3,0,0,3,0,0,3,0,0,3,0,0,3,0,-9990,0,0,10,E,8,9,E,8,22.3,E,8,20.0,E,8,87,E,8,984,E,8,249,E,8,1.4,E,8,-9990,0,0,-9990,0,0,3.759,E,8,0.140,E,8,0.20,E,8,0,-9990,0,0
06/21/2005,04:00,0,0,0,3,0,0,3,0,0,3,0,0,3,0,0,3,0,0,3,0,-9990,0,0,10,E,8,9,E,8,22.1,E,8,20.0,E,8,88,E,8,983,E,8,170,E,8,0.3,E,8,-9990,0,0,-9990,0,0,3.761,E,8,0.140,E,8,0.20,E,8,1,-9990,0,0
06/21/2005,05:00,1,84,0,3,10,0,3,20,0,3,10,0,3,10,0,3,20,0,3,10,-9990,0,0,10,E,8,9,E,8,22.2,E,8,20.6,E,8,91,E,8,983,E,8,113,E,8,0.4,E,8,-9990,0,0,-9990,0,0,3.937,E,8,0.140,E,8,0.20,E,8,0,-9990,0,0
06/21/2005,06:00,120,1322,7,3,10,0,3,20,7,3,10,881,3,10,2,3,20,881,3,10,-9990,0,0,10,E,8,9,E,8,22.3,E,8,20.9,E,8,92,E,8,983,E,8,176,E,8,1.0,E,8,-9990,0,0,-9990,0,0,4.010,E,8,0.140,E,8,0.20,E,8,0,-9990,0,0
06/21/2005,07:00,329,1322,23,3,10,0,3,20,23,3,10,2789,3,10,0,3,20,2789,3,10,-9990,0,0,10,E,8,9,E,8,22.5,E,8,19.9,E,8,86,E,8,983,E,8,239,E,8,0.3,E,8,-9990,0,0,-9990,0,0,3.743,E,8,0.140,E,8,0.20,E,8,0,-9990,0,0
06/21/2005,08:00,541,1322,42,3,10,0,3,20,42,3,10,5160,3,10,0,3,20,5160,3,10,-9990,0,0,10,E,8,9,E,8,22.7,E,8,20.0,E,8,85,E,8,983,E,8,50,E,8,1.0,E,8,-9990,0,0,-9990,0,0,3.768,E,8,0.140,E,8,0.20,E,8,0,-9990,0,0
06/21/2005,09:00,743,1322,69,3,10,0,3,20,69,3,10,8463,3,10,0,3,20,8463,3,10,-9990,0,0,10,E,8,9,E,8,22.9,E,8,19.5,E,8,81,E,8,983,E,8,151,E,8,1.9,E,8,-9990,0,0,-9990,0,0,3.631,E,8,0.140,E,8,0.20,E,8,0,-9990,0,0
06/21/2005,10:00,921,1322,89,3,10,0,3,20,89,3,10,11116,3,10,0,3,20,11116,3,10,-9990,0,0,10,E,8,9,E,8,23.2,E,8,19.7,E,8,81,E,8,982,E,8,261,E,8,2.5,E,8,-9990,0,0,-9990,0,0,3.694,E,8,0.140,E,8,0.20,E,8,0,-9990,0,0
06/21/2005,11:00,1063,1322,103,3,10,0,3,20,103,3,10,12986,3,10,0,3,20,12986,3,10,-9990,0,0,10,E,8,9,E,8,23.4,E,8,20.2,E,8,82,E,8,982,E,8,63,E,8,1.4,E,8,-9990,0,0,-9990,0,0,3.826,E,8,0.140,E,8,0.20,E,8,0,-9990,0,0
06/21/2005,12:00,1158,1322,128,3,10,0,3,20,128,3,10,16066,3,10,0,3,20,16066,3,10,-9990,0,0,10,E,8,9,E,8,23.6,E,8,20.5,E,8,83,E,8,982,E,8,208,E,8,0.6,E,8,-9990,0,0,-9990,0,0,3.903,E,8,0.140,E,8,0.20,E,8,0,-9990,0,0
06/21/2005,13:00,1202,1322,140,3,10,0,3,20,140,3,10,17572,3,10,0,3,20,17572,3,10,-9990,0,0,10,E,8,9,E,8,23.9,E,8,18.6,E,8,72,E,8,982,E,8,214,E,8,0.3,E,8,-9990,0,0,-9990,0,0,3.413,E,8,0.140,E,8,0.20,E,8,0,-9990,0,0
06/21/2005,14:00,1190,1322,142,3,10,0,3,20,142,3,10,17744,3,10,0,3,20,17744,3,10,-9990,0,0,10,E,8,9,E,8,24.1,E,8,18.5,E,8,71,E,8,982,E,8,279,E,8,0.3,E,8,-9990,0,0,-9990,0,0,3.383,E,8,0.140,E,8,0.20,E,8,0,-9990,0,0
06/21/2005,15:00,1123,1322,121,3,10,0,3,20,121,3,10,15144,3,10,0,3,20,15144,3,10,-9990,0,0,10,E,8,9,E,8,24.2,E,8,19.1,E,8,73,E,8,983,E,8,255,E,8,0.0,E,8,-9990,0,0,-9990,0,0,3.535,E,8,0.140,E,8,0.20,E,8,0,-9990,0,0
06/21/2005,16:00,1007,1322,109,3,10,0,3,20,109,3,10,13427,3,10,0,3,20,13427,3,10,-9990,0,0,10,E,8,9,E,8,24.1,E,8,20.7,E,8,81,E,8,983,E,8,175,E,8,0.2,E,8,-9990,0,0,-9990,0,0,3.947,E,8,0.140,E,8,0.20,E,8,0,-9990,0,0
06/21/2005,17:00,848,1322,84,3,10,0,3,20,84,3,10,10283,3,10,0,3,20,10283,3,10,-9990,0,0,10,E,8,9,E,8,24.1,E,8,20.6,E,8,81,E,8,984,E,8,82,E,8,0.4,E,8,-9990,0,0,-9990,0,0,3.936,E,8,0.140,E,8,0.20,E,8,1,-9990,0,0
06/21/2005,18:00,658,1322,61,3,10,0,3,20,61,3,10,7413,3,10,0,3,20,7413,3,10,-9990,0,0,10,E,8,9,E,8,23.8,E,8,21.1,E,8,85,E,8,984,E,8,19,E,8,0.2,E,8,-9990,0,0,-9990,0,0,4.071,E,8,0.140,E,8,0.20,E,8,2,-9990,0,0
06/21/2005,19:00,450,1322,35,3,10,0,3,20,35,3,10,4214,3,10,0,3,20,4214,3,10,-9990,0,0,10,E,8,9,E,8,23.5,E,8,20.8,E,8,85,E,8,985,E,8,36,E,8,0.3,E,8,-9990,0,0,-9990,0,0,3.987,E,8,0.140,E,8,0.20,E,8,3,-9990,0,0
06/21/2005,20:00,238,1322,17,3,10,0,3,20,17,3,10,2043,3,10,0,3,20,2043,3,10,-9990,0,0,10,E,8,9,E,8,22.7,E,8,20.8,E,8,89,E,8,985,E,8,34,E,8,1.2,E,8,-9990,0,0,-9990,0,0,3.989,E,8,0.140,E,8,0.20,E,8,5,-9990,0,0
06/21/2005,21:00,47,465,2,3,10,0,3,20,2,3,10,251,3,10,6,3,20,250,3,10,-9990,0,0,9,E,8,8,E,8,23.5,E,8,20.0,E,8,81,E,8,985,E,8,84,E,8,5.8,E,8,-9990,0,0,-9990,0,0,3.768,E,8,0.140,E,8,0.20,E,8,1,-9990,0,0
06/21/2005,22:00,0,0,0,3,0,0,3,0,0,3,0,0,3,0,0,3,0,0,3,0,-9990,0,0,9,E,8,8,E,8,22.9,E,8,19.5,E,8,81,E,8,986,E,8,11,E,8,3.1,E,8,-9990,0,0,-9990,0,0,3.632,E,8,0.140,E,8,0.20,E,8,0,-9990,0,0
06/21/2005,23:00,0,0,0,3,0,0,3,0,0,3,0,0,3,0,0,3,0,0,3,0,-9990,0,0,8,E,8,7,E,8,22.3,E,8,18.9,E,8,81,E,8,986,E,8,159,E,8,0.5,E,8,-9990,0,0,-9990,0,0,3.481,E,8,0.140,E,8,0.20,E,8,0,-9990,0,0
06/21/2005,24:00,0,0,0,3,0,0,3,0,0,3,0,0,3,0,0,3,0,0,3,0,-9990,0,0,6,E,8,6,E,8,21.7,E,8,18.3,E,8,81,E,8,987,E,8,246,E,8,1.6,E,8,-9990,0,0,-9990,0,0,3.334,E,8,0.140,E,8,0.20,E,8,0,-9990,0,0
06/22/2005,01:00,0,0,0,3,0,0,3,0,0,3,0,0,3,0,0,3,0,0,3,0,-9990,0,0,5,E,8,5,E,8,19.7,E,8,17.4,E,8,86,E,8,987,E,8,230,E,8,0.3,E,8,-9990,0,0,-9990,0,0,3.131,E,8,0.143,E,8,0.20,E,8,0,-9990,0,0
06/22/2005,02:00,0,0,0,3,0,0,3,0,0,3,0,0,3,0,0,3,0,0,3,0,-9990,0,0,5,E,8,5,E,8,17.7,E,8,16.1,E,8,91,E,8,988,E,8,45,E,8,0.9,E,8,-9990,0,0,-9990,0,0,2.863,E,8,0.143,E,8,0.20,E,8,0,-9990,0,0
06/22/2005,03:00,0,0,0,3,0,0,3,0,0,3,0,0,3,0,0,3,0,0,3,0,-9990,0,0,4,E,8,3,E,8,16.5,E,8,15.6,E,8,94,E,8,988,E,8,234,E,8,3.3,E,8,-9990,0,0,-9990,0,0,2.760,E,8,0.143,E,8,0.20,E,8,0,-9990,0,0
06/22/2005,04:00,0,0,0,3,0,0,3,0,0,3,0,0,3,0,0,3,0,0,3,0,-9990,0,0,3,E,8,2,E,8,15.7,E,8,15.3,E,8,97,E,8,989,E,8,273,E,8,2.5,E,8,-9990,0,0,-9990,0,0,2.701,E,8,0.143,E,8,0.20,E,8,0,-9990,0,0
06/22/2005,05:00,1,82,0,3,10,0,3,20,0,3,10,0,3,10,0,3,20,0,3,10,-9990,0,0,1,E,8,1,E,8,15.6,E,8,15.3,E,8,98,E,8,989,E,8,273,E,8,4.0,E,8,-9990,0,0,-9990,0,0,2.701,E,8,0.143,E,8,0.20,E,8,0,-9990,0,0
06/22/2005,06:00,120,1322,56,3,10,223,3,20,35,3,10,5770,3,10,6192,3,20,5208,3,10,-9990,0,0,1,E,8,1,E,8,16.2,E,8,15.8,E,8,98,E,8,990,E,8,115,E,8,3.3,E,8,-9990,0,0,-9990,0,0,2.809,E,8,0.143,E,8,0.20,E,8,0,-9990,0,0
06/22/2005,07:00,328,1322,179,3,10,465,3,20,63,3,10,19029,3,10,36695,3,20,9925,3,10,-9990,0,0,0,E,8,0,E,8,17.3,E,8,16.3,E,8,94,E,8,990,E,8,11,E,8,2.5,E,8,-9990,0,0,-9990,0,0,2.898,E,8,0.143,E,8,0.20,E,8,0,-9990,0,0
06/22/2005,08:00,540,1322,339,3,10,625,3,20,83,3,10,37005,3,10,58424,3,20,13125,3,10,-9990,0,0,0,E,8,0,E,8,18.8,E,8,16.7,E,8,88,E,8,991,E,8,353,E,8,6.9,E,8,-9990,0,0,-9990,0,0,2.996,E,8,0.143,E,8,0.20,E,8,0,-9990,0,0
06/22/2005,09:00,742,1322,497,3,10,691,3,20,109,3,10,55193,3,10,68167,3,20,16910,3,10,-9990,0,0,0,E,8,0,E,8,20.5,E,8,18.0,E,8,86,E,8,991,E,8,350,E,8,2.7,E,8,-9990,0,0,-9990,0,0,3.282,E,8,0.143,E,8,0.20,E,8,0,-9990,0,0
06/22/2005,10:00,920,1322,640,3,10,701,3,20,152,3,10,70493,3,10,69783,3,20,21904,3,10,-9990,0,0,0,E,8,0,E,8,22.2,E,8,15.5,E,8,66,E,8,991,E,8,343,E,8,0.6,E,8,-9990,0,0,-9990,0,0,2.738,E,8,0.143,E,8,0.20,E,8,0,-9990,0,0
06/22/2005,11:00,1062,1322,751,3,10,684,3,20,201,3,10,82489,3,10,68378,3,20,27541,3,10,-9990,0,0,1,E,8,1,E,8,23.7,E,8,15.9,E,8,61,E,8,992,E,8,338,E,8,0.5,E,8,-9990,0,0,-9990,0,0,2.815,E,8,0.143,E,8,0.20,E,8,0,-9990,0,0
06/22/2005,12:00,1158,1322,827,3,10,669,3,20,241,3,10,90708,3,10,67227,3,20,31802,3,10,-9990,0,0,3,E,8,2,E,8,25.1,E,8,16.4,E,8,58,E,8,992,E,8,351,E,8,0.7,E,8,-9990,0,0,-9990,0,0,2.925,E,8,0.143,E,8,0.20,E,8,0,-9990,0,0
06/22/2005,13:00,1202,1322,867,3,10,680,3,20,249,3,10,95295,3,10,68930,3,20,32622,3,10,-9990,0,0,3,E,8,2,E,8,26.3,E,8,16.4,E,8,55,E,8,993,E,8,29,E,8,1.7,E,8,-9990,0,0,-9990,0,0,2.923,E,8,0.143,E,8,0.20,E,8,0,-9990,0,0
06/22/2005,14:00,1190,1322,845,3,10,627,3,20,280,3,10,91892,3,10,62441,3,20,35674,3,10,-9990,0,0,4,E,8,3,E,8,27.1,E,8,16.0,E,8,51,E,8,993,E,8,357,E,8,1.6,E,8,-9990,0,0,-9990,0,0,2.844,E,8,0.143,E,8,0.20,E,8,0,-9990,0,0
06/22/2005,15:00,1124,1322,757,3,10,554,3,20,286,3,10,83664,3,10,47807,3,20,43019,3,10,-9990,0,0,5,E,8,4,E,8,27.6,E,8,16.3,E,8,50,E,8,992,E,8,327,E,8,0.5,E,8,-9990,0,0,-9990,0,0,2.908,E,8,0.143,E,8,0.20,E,8,0,-9990,0,0
06/22/2005,16:00,1007,1322,661,3,10,543,3,20,248,3,10,72876,3,10,46375,3,20,37530,3,10,-9990,0,0,4,E,8,3,E,8,27.7,E,8,16.5,E,8,50,E,8,992,E,8,63,E,8,0.9,E,8,-9990,0,0,-9990,0,0,2.942,E,8,0.143,E,8,0.20,E,8,0,-9990,0,0
06/22/2005,17:00,849,1322,533,3,10,531,3,20,192,3,10,58726,3,10,45519,3,20,29488,3,10,-9990,0,0,4,E,8,3,E,8,27.6,E,8,17.1,E,8,53,E,8,992,E,8,352,E,8,0.9,E,8,-9990,0,0,-9990,0,0,3.063,E,8,0.143,E,8,0.20,E,8,0,-9990,0,0
06/22/2005,18:00,659,1322,382,3,10,449,3,20,158,3,10,41465,3,10,34536,3,20,24239,3,10,-9990,0,0,4,E,8,3,E,8,26.9,E,8,17.9,E,8,58,E,8,991,E,8,107,E,8,0.9,E,8,-9990,0,0,-9990,0,0,3.255,E,8,0.143,E,8,0.20,E,8,0,-9990,0,0
06/22/2005,19:00,451,1322,234,3,10,375,3,20,106,3,10,25148,3,10,25971,3,20,16284,3,10,-9990,0,0,4,E,8,3,E,8,25.9,E,8,18.0,E,8,62,E,8,991,E,8,47,E,8,1.0,E,8,-9990,0,0,-9990,0,0,3.267,E,8,0.143,E,8,0.20,E,8,0,-9990,0,0
06/22/2005,20:00,239,1322,102,3,10,201,3,20,66,3,10,10808,3,10,10400,3,20,8929,3,10,-9990,0,0,6,E,8,5,E,8,24.7,E,8,18.0,E,8,66,E,8,991,E,8,96,E,8,0.1,E,8,-9990,0,0,-9990,0,0,3.277,E,8,0.143,E,8,0.20,E,8,0,-9990,0,0
06/22/2005,21:00,48,468,3,3,10,0,3,20,3,3,10,434,3,10,7,3,20,434,3,10,-9990,0,0,6,E,8,5,E,8,23.3,E,8,18.1,E,8,73,E,8,991,E,8,121,E,8,0.2,E,8,-9990,0,0,-9990,0,0,3.300,E,8,0.143,E,8,0.20,E,8,0,-9990,0,0
06/22/2005,22:00,0,0,0,3,0,0,3,0,0,3,0,0,3,0,0,3,0,0,3,0,-9990,0,0,6,E,8,5,E,8,22.1,E,8,18.4,E,8,80,E,8,990,E,8,75,E,8,0.1,E,8,-9990,0,0,-9990,0,0,3.368,E,8,0.143,E,8,0.20,E,8,0,-9990,0,0
06/22/2005,23:00,0,0,0,3,0,0,3,0,0,3,0,0,3,0,0,3,0,0,3,0,-9990,0,0,6,E,8,6,E,8,20.8,E,8,18.7,E,8,88,E,8,990,E,8,355,E,8,1.4,E,8,-9990,0,0,-9990,0,0,3.433,E,8,0.143,E,8,0.20,E,8,0,-9990,0,0
06/22/2005,24:00,0,0,0,3,0,0,3,0,0,3,0,0,3,0,0,3,0,0,3,0,-9990,0,0,8,E,8,7,E,8,19.6,E,8,18.5,E,8,94,E,8,990,E,8,39,E,8,1.2,E,8,-9990,0,0,-9990,0,0,3.397,E,8,0.143,E,8,0.20,E,8,0,-9990,0,0
06/23/2005,01:00,0,0,0,3,0,0,3,0,0,3,0,0,3,0,0,3,0,0,3,0,-9990,0,0,8,E,8,7,E,8,19.3,E,8,18.4,E,8,94,E,8,989,E,8,36,E,8,0.1,E,8,-9990,0,0,-9990,0,0,3.367,E,8,0.146,E,8,0.20,E,8,0,-9990,0,0
06/23/2005,02:00,0,0,0,3,0,0,3,0,0,3,0,0,3,0,0,3,0,0,3,0,-9990,0,0,8,E,8,7,E,8,19.1,E,8,19.1,E,8,100,E,8,989,E,8,349,E,8,0.0,E,8,-9990,0,0,-9990,0,0,3.526,E,8,0.146,E,8,0.20,E,8,0,-9990,0,0
06/23/2005,03:00,0,0,0,3,0,0,3,0,0,3,0,0,3,0,0,3,0,0,3,0,-9990,0,0,8,E,8,7,E,8,18.9,E,8,18.9,E,8,100,E,8,989,E,8,5,E,8,0.0,E,8,-9990,0,0,-9990,0,0,3.493,E,8,0.146,E,8,0.20,E,8,0,-9990,0,0
06/23/2005,04:00,0,0,0,3,0,0,3,0,0,3,0,0,3,0,0,3,0,0,3,0,-9990,0,0,8,E,8,7,E,8,18.8,E,8,18.8,E,8,100,E,8,989,E,8,355,E,8,0.0,E,8,-9990,0,0,-9990,0,0,3.471,E,8,0.146,E,8,0.20,E,8,0,-9990,0,0
06/23/2005,05:00,1,79,0,3,10,0,3,20,0,3,10,0,3,10,0,3,20,0,3,10,-9990,0,0,8,E,8,7,E,8,18.8,E,8,18.8,E,8,100,E,8,988,E,8,54,E,8,0.0,E,8,-9990,0,0,-9990,0,0,3.468,E,8,0.146,E,8,0.20,E,8,0,-9990,0,0
06/23/2005,06:00,119,1321,36,3,10,43,3,20,32,3,10,4000,3,10,0,3,20,4000,3,10,-9990,0,0,8,E,8,7,E,8,19.3,E,8,19.3,E,8,100,E,8,988,E,8,98,E,8,0.3,E,8,-9990,0,0,-9990,0,0,3.585,E,8,0.146,E,8,0.20,E,8,0,-9990,0,0
06/23/2005,07:00,327,1321,134,3,10,154,3,20,96,3,10,14858,3,10,11412,3,20,12033,3,10,-9990,0,0,8,E,8,7,E,8,20.3,E,8,20.3,E,8,100,E,8,988,E,8,158,E,8,1.6,E,8,-9990,0,0,-9990,0,0,3.855,E,8,0.146,E,8,0.20,E,8,0,-9990,0,0
06/23/2005,08:00,539,1321,340,3,10,444,3,20,159,3,10,36405,3,10,29107,3,20,24526,3,10,-9990,0,0,5,E,8,5,E,8,22.3,E,8,21.3,E,8,94,E,8,988,E,8,232,E,8,0.8,E,8,-9990,0,0,-9990,0,0,4.121,E,8,0.146,E,8,0.20,E,8,0,-9990,0,0
06/23/2005,09:00,741,1321,186,3,10,21,3,20,174,3,10,21299,3,10,2199,3,20,20066,3,10,-9990,0,0,10,E,8,9,E,8,22.6,E,8,21.3,E,8,93,E,8,987,E,8,244,E,8,0.4,E,8,-9990,0,0,-9990,0,0,4.121,E,8,0.146,E,8,0.20,E,8,0,-9990,0,0
06/23/2005,10:00,919,1321,419,3,10,148,3,20,316,3,10,46929,3,10,12047,3,20,38547,3,10,-9990,0,0,9,E,8,8,E,8,23.8,E,8,20.4,E,8,81,E,8,987,E,8,223,E,8,0.2,E,8,-9990,0,0,-9990,0,0,3.856,E,8,0.146,E,8,0.20,E,8,0,-9990,0,0
06/23/2005,11:00,1061,1321,327,3,10,36,3,20,298,3,10,37072,3,10,2715,3,20,34891,3,10,-9990,0,0,10,E,8,9,E,8,24.4,E,8,20.1,E,8,77,E,8,987,E,8,273,E,8,0.0,E,8,-9990,0,0,-9990,0,0,3.790,E,8,0.146,E,8,0.20,E,8,0,-9990,0,0
06/23/2005,12:00,1158,1321,538,3,10,140,3,20,416,3,10,60442,3,10,12120,3,20,49825,3,10,-9990,0,0,9,E,8,8,E,8,25.5,E,8,19.2,E,8,68,E,8,986,E,8,288,E,8,0.0,E,8,-9990,0,0,-9990,0,0,3.551,E,8,0.146,E,8,0.20,E,8,0,-9990,0,0
06/23/2005,13:00,1201,1321,519,3,10,129,3,20,401,3,10,58614,3,10,11282,3,20,48357,3,10,-9990,0,0,9,E,8,8,E,8,26.3,E,8,19.5,E,8,66,E,8,986,E,8,261,E,8,0.1,E,8,-9990,0,0,-9990,0,0,3.634,E,8,0.146,E,8,0.20,E,8,0,-9990,0,0
06/23/2005,14:00,1190,1321,171,3,10,5,3,20,167,3,10,21127,3,10,553,3,20,20630,3,10,-9990,0,0,10,E,8,9,E,8,25.8,E,8,19.1,E,8,67,E,8,986,E,8,287,E,8,0.2,E,8,-9990,0,0,-9990,0,0,3.529,E,8,0.146,E,8,0.20,E,8,0,-9990,0,0
06/23/2005,15:00,1124,1321,105,3,10,0,3,20,105,3,10,13281,3,10,0,3,20,13281,3,10,-9990,0,0,10,E,8,9,E,8,25.1,E,8,21.3,E,8,80,E,8,986,E,8,273,E,8,0.4,E,8,-9990,0,0,-9990,0,0,4.121,E,8,0.146,E,8,0.20,E,8,0,-9990,0,0
06/23/2005,16:00,1008,1321,324,3,10,26,3,20,305,3,10,37129,3,10,2686,3,20,35081,3,10,-9990,0,0,10,E,8,9,E,8,25.3,E,8,18.8,E,8,67,E,8,987,E,8,289,E,8,0.5,E,8,-9990,0,0,-9990,0,0,3.460,E,8,0.146,E,8,0.20,E,8,0,-9990,0,0
06/23/2005,17:00,849,1321,242,3,10,12,3,20,234,3,10,27429,3,10,1146,3,20,26692,3,10,-9990,0,0,10,E,8,9,E,8,25.0,E,8,21.3,E,8,80,E,8,987,E,8,205,E,8,0.8,E,8,-9990,0,0,-9990,0,0,4.121,E,8,0.146,E,8,0.20,E,8,1,-9990,0,0
06/23/2005,18:00,660,1321,145,3,10,0,3,20,145,3,10,16471,3,10,0,3,20,16471,3,10,-9990,0,0,10,E,8,9,E,8,24.8,E,8,21.3,E,8,81,E,8,987,E,8,250,E,8,0.7,E,8,-9990,0,0,-9990,0,0,4.121,E,8,0.146,E,8,0.20,E,8,0,-9990,0,0
06/23/2005,19:00,452,1321,109,3,10,0,3,20,109,3,10,12099,3,10,0,3,20,12099,3,10,-9990,0,0,10,E,8,9,E,8,24.4,E,8,21.0,E,8,81,E,8,987,E,8,227,E,8,1.6,E,8,-9990,0,0,-9990,0,0,4.026,E,8,0.146,E,8,0.20,E,8,0,-9990,0,0
06/23/2005,20:00,239,1321,146,3,10,353,3,20,82,3,10,14819,3,10,16811,3,20,11774,3,10,-9990,0,0,5,E,8,4,E,8,24.2,E,8,18.8,E,8,72,E,8,987,E,8,224,E,8,1.0,E,8,-9990,0,0,-9990,0,0,3.449,E,8,0.146,E,8,0.20,E,8,0,-9990,0,0
06/23/2005,21:00,48,469,18,3,10,0,3,20,18,3,10,2017,3,10,0,3,20,2017,3,10,-9990,0,0,4,E,8,3,E,8,23.5,E,8,18.2,E,8,72,E,8,987,E,8,267,E,8,1.7,E,8,-9990,0,0,-9990,0,0,3.313,E,8,0.146,E,8,0.20,E,8,0,-9990,0,0
06/23/2005,22:00,0,0,0,3,0,0,3,0,0,3,0,0,3,0,0,3,0,0,3,0,-9990,0,0,4,E,8,3,E,8,22.3,E,8,19.0,E,8,81,E,8,987,E,8,47,E,8,1.6,E,8,-9990,0,0,-9990,0,0,3.499,E,8,0.146,E,8,0.20,E,8,0,-9990,0,0
06/23/2005,23:00,0,0,0,3,0,0,3,0,0,3,0,0,3,0,0,3,0,0,3,0,-9990,0,0,4,E,8,3,E,8,21.1,E,8,18.1,E,8,83,E,8,987,E,8,119,E,8,0.5,E,8,-9990,0,0,-9990,0,0,3.283,E,8,0.146,E,8,0.20,E,8,0,-9990,0,0
06/23/2005,24:00,0,0,0,3,0,0,3,0,0,3,0,0,3,0,0,3,0,0,3,0,-9990,0,0,3,E,8,2,E,8,19.9,E,8,17.5,E,8,86,E,8,988,E,8,157,E,8,0.7,E,8,-9990,0,0,-9990,0,0,3.161,E,8,0.146,E,8,0.20,E,8,0,-9990,0,0
06/24/2005,01:00,0,0,0,3,0,0,3,0,0,3,0,0,3,0,0,3,0,0,3,0,-9990,0,0,3,E,8,2,E,8,18.8,E,8,17.8,E,8,94,E,8,988,E,8,272,E,8,1.2,E,8,-9990,0,0,-9990,0,0,3.231,E,8,0.136,E,8,0.20,E,8,0,-9990,0,0
06/24/2005,02:00,0,0,0,3,0,0,3,0,0,3,0,0,3,0,0,3,0,0,3,0,-9990,0,0,3,E,8,2,E,8,17.6,E,8,17.5,E,8,99,E,8,988,E,8,281,E,8,3.7,E,8,-9990,0,0,-9990,0,0,3.155,E,8,0.136,E,8,0.20,E,8,0,-9990,0,0
06/24/2005,03:00,0,0,0,3,0,0,3,0,0,3,0,0,3,0,0,3,0,0,3,0,-9990,0,0,1,E,8,1,E,8,16.9,E,8,16.9,E,8,100,E,8,988,E,8,289,E,8,2.7,E,8,-9990,0,0,-9990,0,0,3.037,E,8,0.136,E,8,0.20,E,8,0,-9990,0,0
06/24/2005,04:00,0,0,0,3,0,0,3,0,0,3,0,0,3,0,0,3,0,0,3,0,-9990,0,0,1,E,8,1,E,8,16.5,E,8,16.2,E,8,98,E,8,988,E,8,304,E,8,1.9,E,8,-9990,0,0,-9990,0,0,2.877,E,8,0.136,E,8,0.20,E,8,0,-9990,0,0
06/24/2005,05:00,1,76,0,3,10,0,3,20,0,3,10,0,3,10,0,3,20,0,3,10,-9990,0,0,1,E,8,1,E,8,16.4,E,8,16.2,E,8,99,E,8,988,E,8,257,E,8,1.4,E,8,-9990,0,0,-9990,0,0,2.877,E,8,0.136,E,8,0.20,E,8,0,-9990,0,0
06/24/2005,06:00,118,1321,62,3,10,392,3,20,27,3,10,6465,3,10,24692,3,20,4259,3,10,-9990,0,0,0,E,8,0,E,8,17.0,E,8,16.5,E,8,97,E,8,988,E,8,299,E,8,1.4,E,8,-9990,0,0,-9990,0,0,2.944,E,8,0.136,E,8,0.20,E,8,0,-9990,0,0
06/24/2005,07:00,326,1321,203,3,10,652,3,20,42,3,10,21865,3,10,60823,3,20,6856,3,10,-9990,0,0,0,E,8,0,E,8,18.3,E,8,17.4,E,8,94,E,8,989,E,8,280,E,8,2.7,E,8,-9990,0,0,-9990,0,0,3.129,E,8,0.136,E,8,0.20,E,8,0,-9990,0,0
06/24/2005,08:00,538,1321,375,3,10,803,3,20,47,3,10,41801,3,10,84640,3,20,7316,3,10,-9990,0,0,0,E,8,0,E,8,20.0,E,8,17.8,E,8,87,E,8,989,E,8,289,E,8,1.6,E,8,-9990,0,0,-9990,0,0,3.235,E,8,0.136,E,8,0.20,E,8,0,-9990,0,0
06/24/2005,09:00,740,1321,549,3,10,879,3,20,56,3,10,61290,3,10,94353,3,20,8413,3,10,-9990,0,0,0,E,8,0,E,8,21.8,E,8,18.6,E,8,82,E,8,989,E,8,270,E,8,1.0,E,8,-9990,0,0,-9990,0,0,3.402,E,8,0.136,E,8,0.20,E,8,0,-9990,0,0
06/24/2005,10:00,919,1321,735,3,10,953,3,20,73,3,10,80916,3,10,101453,3,20,10378,3,10,-9990,0,0,0,E,8,0,E,8,23.8,E,8,16.4,E,8,63,E,8,989,E,8,198,E,8,1.0,E,8,-9990,0,0,-9990,0,0,2.930,E,8,0.136,E,8,0.20,E,8,0,-9990,0,0
06/24/2005,11:00,1061,1321,893,3,10,798,3,20,252,3,10,96923,3,10,79398,3,20,33182,3,10,-9990,0,0,3,E,8,2,E,8,25.7,E,8,17.3,E,8,60,E,8,989,E,8,180,E,8,0.6,E,8,-9990,0,0,-9990,0,0,3.111,E,8,0.136,E,8,0.20,E,8,0,-9990,0,0
06/24/2005,12:00,1157,1321,467,3,10,86,3,20,392,3,10,52764,3,10,8499,3,20,45321,3,10,-9990,0,0,10,E,8,9,E,8,25.8,E,8,17.7,E,8,61,E,8,989,E,8,261,E,8,0.1,E,8,-9990,0,0,-9990,0,0,3.197,E,8,0.136,E,8,0.20,E,8,0,-9990,0,0
06/24/2005,13:00,1201,1321,470,3,10,69,3,20,407,3,10,53051,3,10,6545,3,20,47101,3,10,-9990,0,0,10,E,8,9,E,8,25.9,E,8,17.2,E,8,59,E,8,989,E,8,195,E,8,1.2,E,8,-9990,0,0,-9990,0,0,3.088,E,8,0.136,E,8,0.20,E,8,0,-9990,0,0
06/24/2005,14:00,1190,1321,457,3,10,46,3,20,415,3,10,51553,3,10,3948,3,20,47999,3,10,-9990,0,0,10,E,8,9,E,8,25.9,E,8,17.5,E,8,60,E,8,989,E,8,270,E,8,0.5,E,8,-9990,0,0,-9990,0,0,3.162,E,8,0.136,E,8,0.20,E,8,0,-9990,0,0
06/24/2005,15:00,1124,1321,421,3,10,44,3,20,384,3,10,47488,3,10,3667,3,20,44369,3,10,-9990,0,0,10,E,8,9,E,8,25.7,E,8,17.4,E,8,60,E,8,989,E,8,256,E,8,2.2,E,8,-9990,0,0,-9990,0,0,3.138,E,8,0.136,E,8,0.20,E,8,0,-9990,0,0
06/24/2005,16:00,1008,1321,358,3,10,28,3,20,337,3,10,40679,3,10,2846,3,20,38507,3,10,-9990,0,0,10,E,8,9,E,8,25.4,E,8,18.1,E,8,64,E,8,990,E,8,239,E,8,1.0,E,8,-9990,0,0,-9990,0,0,3.287,E,8,0.136,E,8,0.20,E,8,0,-9990,0,0
06/24/2005,17:00,850,1321,271,3,10,19,3,20,258,3,10,30632,3,10,1938,3,20,29385,3,10,-9990,0,0,10,E,8,9,E,8,24.8,E,8,17.0,E,8,62,E,8,990,E,8,248,E,8,0.6,E,8,-9990,0,0,-9990,0,0,3.053,E,8,0.136,E,8,0.20,E,8,0,-9990,0,0
06/24/2005,18:00,660,1321,200,3,10,14,3,20,193,3,10,22364,3,10,1395,3,20,21667,3,10,-9990,0,0,10,E,8,9,E,8,24.1,E,8,17.0,E,8,65,E,8,990,E,8,287,E,8,0.3,E,8,-9990,0,0,-9990,0,0,3.059,E,8,0.136,E,8,0.20,E,8,0,-9990,0,0
06/24/2005,19:00,452,1321,114,3,10,1,3,20,113,3,10,12641,3,10,0,3,20,12641,3,10,-9990,0,0,10,E,8,9,E,8,23.2,E,8,16.5,E,8,66,E,8,990,E,8,263,E,8,0.2,E,8,-9990,0,0,-9990,0,0,2.953,E,8,0.136,E,8,0.20,E,8,0,-9990,0,0
06/24/2005,20:00,240,1321,53,3,10,0,3,20,53,3,10,5859,3,10,0,3,20,5859,3,10,-9990,0,0,10,E,8,9,E,8,22.3,E,8,16.0,E,8,68,E,8,990,E,8,245,E,8,0.0,E,8,-9990,0,0,-9990,0,0,2.852,E,8,0.136,E,8,0.20,E,8,0,-9990,0,0
06/24/2005,21:00,49,471,3,3,10,0,3,20,3,3,10,403,3,10,7,3,20,402,3,10,-9990,0,0,9,E,8,8,E,8,21.3,E,8,16.0,E,8,72,E,8,990,E,8,261,E,8,0.5,E,8,-9990,0,0,-9990,0,0,2.838,E,8,0.136,E,8,0.20,E,8,0,-9990,0,0
06/24/2005,22:00,0,0,0,3,0,0,3,0,0,3,0,0,3,0,0,3,0,0,3,0,-9990,0,0,9,E,8,8,E,8,20.2,E,8,15.8,E,8,76,E,8,990,E,8,265,E,8,0.5,E,8,-9990,0,0,-9990,0,0,2.810,E,8,0.136,E,8,0.20,E,8,0,-9990,0,0
06/24/2005,23:00,0,0,0,3,0,0,3,0,0,3,0,0,3,0,0,3,0,0,3,0,-9990,0,0,8,E,8,7,E,8,19.1,E,8,16.0,E,8,82,E,8,990,E,8,258,E,8,1.2,E,8,-9990,0,0,-9990,0,0,2.839,E,8,0.136,E,8,0.20,E,8,0,-9990,0,0
06/24/2005,24:00,0,0,0,3,0,0,3,0,0,3,0,0,3,0,0,3,0,0,3,0,-9990,0,0,6,E,8,6,E,8,18.0,E,8,17.1,E,8,94,E,8,990,E,8,245,E,8,0.5,E,8,-9990,0,0,-9990,0,0,3.061,E,8,0.136,E,8,0.20,E,8,0,-9990,0,0
06/25/2005,01:00,0,0,0,3,0,0,3,0,0,3,0,0,3,0,0,3,0,0,3,0,-9990,0,0,5,E,8,5,E,8,17.6,E,8,16.8,E,8,95,E,8,990,E,8,264,E,8,1.2,E,8,-9990,0,0,-9990,0,0,3.015,E,8,0.126,E,8,0.20,E,8,0,-9990,0,0
06/25/2005,02:00,0,0,0,3,0,0,3,0,0,3,0,0,3,0,0,3,0,0,3,0,-9990,0,0,5,E,8,5,E,8,17.1,E,8,16.5,E,8,96,E,8,991,E,8,284,E,8,1.7,E,8,-9990,0,0,-9990,0,0,2.946,E,8,0.126,E,8,0.20,E,8,0,-9990,0,0
06/25/2005,03:00,0,0,0,3,0,0,3,0,0,3,0,0,3,0,0,3,0,0,3,0,-9990,0,0,4,E,8,3,E,8,16.8,E,8,16.7,E,8,100,E,8,991,E,8,234,E,8,2.2,E,8,-9990,0,0,-9990,0,0,2.986,E,8,0.126,E,8,0.20,E,8,0,-9990,0,0
06/25/2005,04:00,0,0,0,3,0,0,3,0,0,3,0,0,3,0,0,3,0,0,3,0,-9990,0,0,3,E,8,2,E,8,16.5,E,8,16.4,E,8,100,E,8,991,E,8,311,E,8,1.2,E,8,-9990,0,0,-9990,0,0,2.933,E,8,0.126,E,8,0.20,E,8,0,-9990,0,0
06/25/2005,05:00,1,72,0,3,10,0,3,20,0,3,10,0,3,10,0,3,20,0,3,10,-9990,0,0,1,E,8,1,E,8,16.4,E,8,16.2,E,8,99,E,8,991,E,8,251,E,8,0.8,E,8,-9990,0,0,-9990,0,0,2.892,E,8,0.126,E,8,0.20,E,8,0,-9990,0,0
06/25/2005,06:00,117,1321,61,3,10,289,3,20,36,3,10,6280,3,10,9988,3,20,5395,3,10,-9990,0,0,1,E,8,1,E,8,17.3,E,8,15.8,E,8,91,E,8,991,E,8,256,E,8,0.6,E,8,-9990,0,0,-9990,0,0,2.809,E,8,0.126,E,8,0.20,E,8,0,-9990,0,0
06/25/2005,07:00,325,1321,176,3,10,486,3,20,57,3,10,18865,3,10,39938,3,20,9041,3,10,-9990,0,0,0,E,8,0,E,8,18.8,E,8,15.7,E,8,82,E,8,991,E,8,223,E,8,1.2,E,8,-9990,0,0,-9990,0,0,2.775,E,8,0.126,E,8,0.20,E,8,0,-9990,0,0
06/25/2005,08:00,537,1321,330,3,10,586,3,20,92,3,10,35773,3,10,53126,3,20,14168,3,10,-9990,0,0,0,E,8,0,E,8,20.7,E,8,16.0,E,8,74,E,8,991,E,8,173,E,8,1.2,E,8,-9990,0,0,-9990,0,0,2.834,E,8,0.126,E,8,0.20,E,8,0,-9990,0,0
06/25/2005,09:00,739,1321,469,3,10,592,3,20,138,3,10,50954,3,10,54993,3,20,20173,3,10,-9990,0,0,3,E,8,2,E,8,22.8,E,8,16.2,E,8,66,E,8,991,E,8,49,E,8,1.9,E,8,-9990,0,0,-9990,0,0,2.885,E,8,0.126,E,8,0.20,E,8,0,-9990,0,0
06/25/2005,10:00,918,1321,590,3,10,540,3,20,215,3,10,65040,3,10,47021,3,20,32376,3,10,-9990,0,0,4,E,8,3,E,8,24.8,E,8,14.3,E,8,52,E,8,991,E,8,100,E,8,1.2,E,8,-9990,0,0,-9990,0,0,2.519,E,8,0.126,E,8,0.20,E,8,0,-9990,0,0
06/25/2005,11:00,1060,1321,690,3,10,532,3,20,263,3,10,76120,3,10,46017,3,20,39198,3,10,-9990,0,0,5,E,8,4,E,8,26.6,E,8,14.0,E,8,46,E,8,991,E,8,225,E,8,0.7,E,8,-9990,0,0,-9990,0,0,2.471,E,8,0.126,E,8,0.20,E,8,0,-9990,0,0
06/25/2005,12:00,1156,1321,651,3,10,283,3,20,403,3,10,71713,3,10,27337,3,20,47782,3,10,-9990,0,0,8,E,8,6,E,8,27.8,E,8,13.7,E,8,42,E,8,992,E,8,56,E,8,0.7,E,8,-9990,0,0,-9990,0,0,2.416,E,8,0.126,E,8,0.20,E,8,0,-9990,0,0
06/25/2005,13:00,1201,1321,692,3,10,321,3,20,400,3,10,76759,3,10,31876,3,20,47789,3,10,-9990,0,0,8,E,8,6,E,8,28.9,E,8,14.3,E,8,41,E,8,992,E,8,38,E,8,0.5,E,8,-9990,0,0,-9990,0,0,2.518,E,8,0.126,E,8,0.20,E,8,0,-9990,0,0
06/25/2005,14:00,1189,1321,772,3,10,485,3,20,336,3,10,84373,3,10,39614,3,20,48704,3,10,-9990,0,0,6,E,8,5,E,8,30.0,E,8,13.5,E,8,36,E,8,992,E,8,98,E,8,0.1,E,8,-9990,0,0,-9990,0,0,2.380,E,8,0.126,E,8,0.20,E,8,0,-9990,0,0
06/25/2005,15:00,1124,1321,762,3,10,569,3,20,278,3,10,84079,3,10,50369,3,20,41232,3,10,-9990,0,0,5,E,8,4,E,8,30.8,E,8,13.6,E,8,35,E,8,992,E,8,97,E,8,1.2,E,8,-9990,0,0,-9990,0,0,2.410,E,8,0.126,E,8,0.20,E,8,0,-9990,0,0
06/25/2005,16:00,1008,1321,624,3,10,441,3,20,288,3,10,67370,3,10,34004,3,20,41425,3,10,-9990,0,0,6,E,8,5,E,8,31.1,E,8,12.9,E,8,33,E,8,992,E,8,78,E,8,1.4,E,8,-9990,0,0,-9990,0,0,2.283,E,8,0.126,E,8,0.20,E,8,0,-9990,0,0
06/25/2005,17:00,850,1321,490,3,10,367,3,20,254,3,10,53481,3,10,34546,3,20,31254,3,10,-9990,0,0,6,E,8,5,E,8,31.0,E,8,12.6,E,8,32,E,8,992,E,8,62,E,8,3.3,E,8,-9990,0,0,-9990,0,0,2.244,E,8,0.126,E,8,0.20,E,8,0,-9990,0,0
06/25/2005,18:00,661,1321,332,3,10,187,3,20,239,3,10,36307,3,10,16255,3,20,28179,3,10,-9990,0,0,9,E,8,8,E,8,30.2,E,8,13.5,E,8,36,E,8,992,E,8,96,E,8,1.0,E,8,-9990,0,0,-9990,0,0,2.379,E,8,0.126,E,8,0.20,E,8,0,-9990,0,0
06/25/2005,19:00,453,1321,223,3,10,317,3,20,115,3,10,24001,3,10,26681,3,20,14860,3,10,-9990,0,0,6,E,8,5,E,8,29.2,E,8,13.4,E,8,38,E,8,992,E,8,15,E,8,0.5,E,8,-9990,0,0,-9990,0,0,2.378,E,8,0.126,E,8,0.20,E,8,0,-9990,0,0
06/25/2005,20:00,240,1321,100,3,10,180,3,20,67,3,10,10476,3,10,10086,3,20,8641,3,10,-9990,0,0,8,E,8,6,E,8,27.7,E,8,12.2,E,8,38,E,8,992,E,8,62,E,8,0.0,E,8,-9990,0,0,-9990,0,0,2.182,E,8,0.126,E,8,0.20,E,8,0,-9990,0,0
06/25/2005,21:00,49,472,3,3,10,0,3,20,3,3,10,402,3,10,7,3,20,401,3,10,-9990,0,0,8,E,8,6,E,8,26.2,E,8,12.2,E,8,42,E,8,992,E,8,47,E,8,0.1,E,8,-9990,0,0,-9990,0,0,2.181,E,8,0.126,E,8,0.20,E,8,0,-9990,0,0
06/25/2005,22:00,0,0,0,3,0,0,3,0,0,3,0,0,3,0,0,3,0,0,3,0,-9990,0,0,8,E,8,6,E,8,23.6,E,8,12.9,E,8,51,E,8,992,E,8,356,E,8,0.3,E,8,-9990,0,0,-9990,0,0,2.286,E,8,0.126,E,8,0.20,E,8,0,-9990,0,0
06/25/2005,23:00,0,0,0,3,0,0,3,0,0,3,0,0,3,0,0,3,0,0,3,0,-9990,0,0,6,E,8,5,E,8,21.1,E,8,11.7,E,8,55,E,8,992,E,8,73,E,8,0.4,E,8,-9990,0,0,-9990,0,0,2.103,E,8,0.126,E,8,0.20,E,8,0,-9990,0,0
06/25/2005,24:00,0,0,0,3,0,0,3,0,0,3,0,0,3,0,0,3,0,0,3,0,-9990,0,0,6,E,8,5,E,8,18.6,E,8,11.4,E,8,63,E,8,992,E,8,13,E,8,0.1,E,8,-9990,0,0,-9990,0,0,2.061,E,8,0.126,E,8,0.20,E,8,0,-9990,0,0
06/26/2005,01:00,0,0,0,3,0,0,3,0,0,3,0,0,3,0,0,3,0,0,3,0,-9990,0,0,6,E,8,5,E,8,17.0,E,8,11.3,E,8,69,E,8,992,E,8,15,E,8,0.3,E,8,-9990,0,0,-9990,0,0,2.042,E,8,0.128,E,8,0.20,E,8,0,-9990,0,0
06/26/2005,02:00,0,0,0,3,0,0,3,0,0,3,0,0,3,0,0,3,0,0,3,0,-9990,0,0,6,E,8,5,E,8,15.3,E,8,10.8,E,8,75,E,8,992,E,8,351,E,8,1.0,E,8,-9990,0,0,-9990,0,0,1.980,E,8,0.128,E,8,0.20,E,8,0,-9990,0,0
06/26/2005,03:00,0,0,0,3,0,0,3,0,0,3,0,0,3,0,0,3,0,0,3,0,-9990,0,0,6,E,8,5,E,8,14.3,E,8,10.8,E,8,79,E,8,992,E,8,352,E,8,1.4,E,8,-9990,0,0,-9990,0,0,1.976,E,8,0.128,E,8,0.20,E,8,0,-9990,0,0
06/26/2005,04:00,0,0,0,3,0,0,3,0,0,3,0,0,3,0,0,3,0,0,3,0,-9990,0,0,6,E,8,6,E,8,13.7,E,8,11.3,E,8,85,E,8,992,E,8,43,E,8,2.2,E,8,-9990,0,0,-9990,0,0,2.043,E,8,0.128,E,8,0.20,E,8,0,-9990,0,0
06/26/2005,05:00,1,68,0,3,10,0,3,20,0,3,10,0,3,10,0,3,20,0,3,10,-9990,0,0,6,E,8,6,E,8,13.6,E,8,11.1,E,8,85,E,8,992,E,8,211,E,8,2.5,E,8,-9990,0,0,-9990,0,0,2.013,E,8,0.128,E,8,0.20,E,8,0,-9990,0,0
06/26/2005,06:00,116,1321,46,3,10,193,3,20,29,3,10,4818,3,10,6213,3,20,4273,3,10,-9990,0,0,6,E,8,6,E,8,14.1,E,8,12.3,E,8,89,E,8,992,E,8,105,E,8,0.8,E,8,-9990,0,0,-9990,0,0,2.196,E,8,0.128,E,8,0.20,E,8,0,-9990,0,0
06/26/2005,07:00,324,1321,148,3,10,283,3,20,78,3,10,15711,3,10,16658,3,20,11628,3,10,-9990,0,0,5,E,8,5,E,8,15.1,E,8,13.0,E,8,87,E,8,992,E,8,222,E,8,1.0,E,8,-9990,0,0,-9990,0,0,2.305,E,8,0.128,E,8,0.20,E,8,0,-9990,0,0
06/26/2005,08:00,536,1321,283,3,10,364,3,20,135,3,10,30272,3,10,25655,3,20,19860,3,10,-9990,0,0,5,E,8,4,E,8,16.4,E,8,12.8,E,8,79,E,8,992,E,8,278,E,8,0.5,E,8,-9990,0,0,-9990,0,0,2.268,E,8,0.128,E,8,0.20,E,8,0,-9990,0,0
06/26/2005,09:00,738,1321,444,3,10,456,3,20,189,3,10,47990,3,10,35930,3,20,27907,3,10,-9990,0,0,5,E,8,4,E,8,18.0,E,8,13.5,E,8,75,E,8,992,E,8,275,E,8,0.8,E,8,-9990,0,0,-9990,0,0,2.389,E,8,0.128,E,8,0.20,E,8,0,-9990,0,0
06/26/2005,10:00,917,1321,599,3,10,583,3,20,194,3,10,64433,3,10,54953,3,20,26294,3,10,-9990,0,0,4,E,8,3,E,8,19.7,E,8,12.3,E,8,62,E,8,992,E,8,50,E,8,0.9,E,8,-9990,0,0,-9990,0,0,2.199,E,8,0.128,E,8,0.20,E,8,0,-9990,0,0
06/26/2005,11:00,1059,1321,694,3,10,564,3,20,241,3,10,74608,3,10,54222,3,20,31131,3,10,-9990,0,0,4,E,8,3,E,8,21.3,E,8,12.1,E,8,56,E,8,992,E,8,57,E,8,0.7,E,8,-9990,0,0,-9990,0,0,2.161,E,8,0.128,E,8,0.20,E,8,0,-9990,0,0
06/26/2005,12:00,1156,1321,775,3,10,561,3,20,284,3,10,85793,3,10,49883,3,20,42145,3,10,-9990,0,0,5,E,8,4,E,8,22.7,E,8,13.2,E,8,55,E,8,992,E,8,173,E,8,0.9,E,8,-9990,0,0,-9990,0,0,2.335,E,8,0.128,E,8,0.20,E,8,0,-9990,0,0
06/26/2005,13:00,1200,1321,819,3,10,612,3,20,263,3,10,89022,3,10,61233,3,20,33386,3,10,-9990,0,0,4,E,8,3,E,8,23.9,E,8,13.1,E,8,51,E,8,992,E,8,20,E,8,1.9,E,8,-9990,0,0,-9990,0,0,2.321,E,8,0.128,E,8,0.20,E,8,0,-9990,0,0
06/26/2005,14:00,1189,1321,813,3,10,579,3,20,292,3,10,90033,3,10,52040,3,20,43181,3,10,-9990,0,0,5,E,8,4,E,8,24.8,E,8,12.7,E,8,47,E,8,992,E,8,341,E,8,3.1,E,8,-9990,0,0,-9990,0,0,2.263,E,8,0.128,E,8,0.20,E,8,0,-9990,0,0
06/26/2005,15:00,1124,1321,752,3,10,543,3,20,290,3,10,82434,3,10,47083,3,20,42380,3,10,-9990,0,0,5,E,8,4,E,8,25.4,E,8,12.4,E,8,44,E,8,992,E,8,330,E,8,1.6,E,8,-9990,0,0,-9990,0,0,2.218,E,8,0.128,E,8,0.20,E,8,0,-9990,0,0
06/26/2005,16:00,1008,1321,625,3,10,458,3,20,275,3,10,67630,3,10,36526,3,20,39755,3,10,-9990,0,0,6,E,8,5,E,8,25.6,E,8,12.2,E,8,43,E,8,992,E,8,52,E,8,1.2,E,8,-9990,0,0,-9990,0,0,2.178,E,8,0.128,E,8,0.20,E,8,0,-9990,0,0
06/26/2005,17:00,850,1321,491,3,10,382,3,20,245,3,10,53646,3,10,36710,3,20,30018,3,10,-9990,0,0,6,E,8,5,E,8,25.5,E,8,11.3,E,8,41,E,8,992,E,8,39,E,8,1.2,E,8,-9990,0,0,-9990,0,0,2.052,E,8,0.128,E,8,0.20,E,8,0,-9990,0,0
06/26/2005,18:00,661,1321,383,3,10,447,3,20,159,3,10,41082,3,10,35667,3,20,23238,3,10,-9990,0,0,5,E,8,4,E,8,25.0,E,8,11.5,E,8,43,E,8,992,E,8,347,E,8,0.5,E,8,-9990,0,0,-9990,0,0,2.070,E,8,0.128,E,8,0.20,E,8,0,-9990,0,0
06/26/2005,19:00,453,1321,248,3,10,419,3,20,104,3,10,26365,3,10,32286,3,20,15295,3,10,-9990,0,0,4,E,8,3,E,8,24.2,E,8,12.1,E,8,47,E,8,992,E,8,47,E,8,0.1,E,8,-9990,0,0,-9990,0,0,2.168,E,8,0.128,E,8,0.20,E,8,0,-9990,0,0
06/26/2005,20:00,241,1321,113,3,10,265,3,20,64,3,10,11598,3,10,13478,3,20,9143,3,10,-9990,0,0,6,E,8,5,E,8,23.0,E,8,12.0,E,8,50,E,8,992,E,8,73,E,8,0.1,E,8,-9990,0,0,-9990,0,0,2.147,E,8,0.128,E,8,0.20,E,8,0,-9990,0,0
06/26/2005,21:00,49,472,7,3,10,0,3,20,7,3,10,806,3,10,3,3,20,806,3,10,-9990,0,0,6,E,8,5,E,8,21.7,E,8,11.5,E,8,52,E,8,992,E,8,17,E,8,1.0,E,8,-9990,0,0,-9990,0,0,2.079,E,8,0.128,E,8,0.20,E,8,0,-9990,0,0
06/26/2005,22:00,0,0,0,3,0,0,3,0,0,3,0,0,3,0,0,3,0,0,3,0,-9990,0,0,6,E,8,5,E,8,19.8,E,8,11.4,E,8,58,E,8,992,E,8,48,E,8,2.2,E,8,-9990,0,0,-9990,0,0,2.059,E,8,0.128,E,8,0.20,E,8,0,-9990,0,0
06/26/2005,23:00,0,0,0,3,0,0,3,0,0,3,0,0,3,0,0,3,0,0,3,0,-9990,0,0,6,E,8,5,E,8,17.8,E,8,11.8,E,8,68,E,8,992,E,8,67,E,8,3.1,E,8,-9990,0,0,-9990,0,0,2.115,E,8,0.128,E,8,0.20,E,8,0,-9990,0,0
06/26/2005,24:00,0,0,0,3,0,0,3,0,0,3,0,0,3,0,0,3,0,0,3,0,-9990,0,0,6,E,8,5,E,8,15.9,E,8,11.9,E,8,77,E,8,992,E,8,30,E,8,0.7,E,8,-9990,0,0,-9990,0,0,2.141,E,8,0.128,E,8,0.20,E,8,0,-9990,0,0
06/27/2005,01:00,0,0,0,3,0,0,3,0,0,3,0,0,3,0,0,3,0,0,3,0,-9990,0,0,6,E,8,6,E,8,14.7,E,8,11.5,E,8,81,E,8,992,E,8,12,E,8,0.6,E,8,-9990,0,0,-9990,0,0,2.079,E,8,0.136,E,8,0.20,E,8,0,-9990,0,0
06/27/2005,02:00,0,0,0,3,0,0,3,0,0,3,0,0,3,0,0,3,0,0,3,0,-9990,0,0,6,E,8,6,E,8,13.4,E,8,10.9,E,8,85,E,8,992,E,8,3,E,8,0.2,E,8,-9990,0,0,-9990,0,0,1.992,E,8,0.136,E,8,0.20,E,8,0,-9990,0,0
06/27/2005,03:00,0,0,0,3,0,0,3,0,0,3,0,0,3,0,0,3,0,0,3,0,-9990,0,0,6,E,8,6,E,8,12.7,E,8,10.7,E,8,88,E,8,992,E,8,12,E,8,0.4,E,8,-9990,0,0,-9990,0,0,1.968,E,8,0.136,E,8,0.20,E,8,0,-9990,0,0
06/27/2005,04:00,0,0,0,3,0,0,3,0,0,3,0,0,3,0,0,3,0,0,3,0,-9990,0,0,6,E,8,6,E,8,12.2,E,8,9.9,E,8,86,E,8,992,E,8,29,E,8,0.9,E,8,-9990,0,0,-9990,0,0,1.853,E,8,0.136,E,8,0.20,E,8,0,-9990,0,0
06/27/2005,05:00,1,63,0,3,10,0,3,20,0,3,10,0,3,10,0,3,20,0,3,10,-9990,0,0,6,E,8,6,E,8,12.1,E,8,9.9,E,8,86,E,8,992,E,8,55,E,8,1.2,E,8,-9990,0,0,-9990,0,0,1.853,E,8,0.136,E,8,0.20,E,8,0,-9990,0,0
06/27/2005,06:00,115,1321,41,3,10,148,3,20,28,3,10,4312,3,10,2008,3,20,4137,3,10,-9990,0,0,6,E,8,6,E,8,12.6,E,8,10.3,E,8,86,E,8,992,E,8,106,E,8,0.1,E,8,-9990,0,0,-9990,0,0,1.914,E,8,0.136,E,8,0.20,E,8,0,-9990,0,0
06/27/2005,07:00,322,1321,139,3,10,160,3,20,100,3,10,15203,3,10,13192,3,20,11982,3,10,-9990,0,0,6,E,8,6,E,8,13.6,E,8,10.7,E,8,82,E,8,992,E,8,246,E,8,0.1,E,8,-9990,0,0,-9990,0,0,1.958,E,8,0.136,E,8,0.20,E,8,0,-9990,0,0
06/27/2005,08:00,535,1321,270,3,10,303,3,20,147,3,10,29207,3,10,26148,3,20,18618,3,10,-9990,0,0,6,E,8,5,E,8,15.0,E,8,11.3,E,8,79,E,8,992,E,8,240,E,8,0.1,E,8,-9990,0,0,-9990,0,0,2.048,E,8,0.136,E,8,0.20,E,8,0,-9990,0,0
06/27/2005,09:00,737,1321,441,3,10,450,3,20,189,3,10,47472,3,10,35795,3,20,27493,3,10,-9990,0,0,5,E,8,4,E,8,16.7,E,8,10.9,E,8,69,E,8,992,E,8,231,E,8,0.2,E,8,-9990,0,0,-9990,0,0,1.992,E,8,0.136,E,8,0.20,E,8,0,-9990,0,0
06/27/2005,10:00,916,1321,577,3,10,517,3,20,218,3,10,63108,3,10,44869,3,20,32000,3,10,-9990,0,0,4,E,8,3,E,8,18.4,E,8,10.2,E,8,59,E,8,992,E,8,272,E,8,1.0,E,8,-9990,0,0,-9990,0,0,1.898,E,8,0.136,E,8,0.20,E,8,0,-9990,0,0
06/27/2005,11:00,1058,1321,707,3,10,598,3,20,228,3,10,76089,3,10,58016,3,20,29603,3,10,-9990,0,0,4,E,8,3,E,8,20.2,E,8,10.1,E,8,52,E,8,992,E,8,260,E,8,2.7,E,8,-9990,0,0,-9990,0,0,1.875,E,8,0.136,E,8,0.20,E,8,0,-9990,0,0
06/27/2005,12:00,1155,1321,784,3,10,580,3,20,276,3,10,83931,3,10,56867,3,20,34196,3,10,-9990,0,0,4,E,8,3,E,8,21.7,E,8,9.5,E,8,46,E,8,992,E,8,312,E,8,2.5,E,8,-9990,0,0,-9990,0,0,1.810,E,8,0.136,E,8,0.20,E,8,0,-9990,0,0
06/27/2005,13:00,1200,1321,808,3,10,590,3,20,272,3,10,87020,3,10,58645,3,20,33751,3,10,-9990,0,0,4,E,8,3,E,8,23.0,E,8,9.3,E,8,42,E,8,992,E,8,309,E,8,3.1,E,8,-9990,0,0,-9990,0,0,1.780,E,8,0.136,E,8,0.20,E,8,0,-9990,0,0
06/27/2005,14:00,1189,1321,774,3,10,485,3,20,338,3,10,83999,3,10,40529,3,20,47515,3,10,-9990,0,0,6,E,8,5,E,8,23.9,E,8,8.3,E,8,37,E,8,992,E,8,266,E,8,0.9,E,8,-9990,0,0,-9990,0,0,1.656,E,8,0.136,E,8,0.20,E,8,0,-9990,0,0
06/27/2005,15:00,1124,1321,694,3,10,423,3,20,334,3,10,74624,3,10,33061,3,20,46499,3,10,-9990,0,0,6,E,8,5,E,8,24.4,E,8,8.2,E,8,35,E,8,992,E,8,227,E,8,0.2,E,8,-9990,0,0,-9990,0,0,1.642,E,8,0.136,E,8,0.20,E,8,0,-9990,0,0
06/27/2005,16:00,1008,1321,641,3,10,505,3,20,256,3,10,69548,3,10,43345,3,20,36465,3,10,-9990,0,0,5,E,8,4,E,8,24.7,E,8,7.7,E,8,34,E,8,992,E,8,109,E,8,0.5,E,8,-9990,0,0,-9990,0,0,1.595,E,8,0.136,E,8,0.20,E,8,0,-9990,0,0
06/27/2005,17:00,850,1321,553,3,10,600,3,20,167,3,10,58905,3,10,56078,3,20,22803,3,10,-9990,0,0,3,E,8,2,E,8,24.8,E,8,7.2,E,8,32,E,8,992,E,8,87,E,8,1.0,E,8,-9990,0,0,-9990,0,0,1.534,E,8,0.136,E,8,0.20,E,8,0,-9990,0,0
06/27/2005,18:00,661,1321,398,3,10,509,3,20,144,3,10,43037,3,10,44167,3,20,20932,3,10,-9990,0,0,4,E,8,3,E,8,24.3,E,8,7.9,E,8,35,E,8,992,E,8,65,E,8,3.5,E,8,-9990,0,0,-9990,0,0,1.609,E,8,0.136,E,8,0.20,E,8,0,-9990,0,0
06/27/2005,19:00,453,1321,249,3,10,433,3,20,100,3,10,26460,3,10,34759,3,20,14536,3,10,-9990,0,0,4,E,8,3,E,8,23.5,E,8,8.3,E,8,38,E,8,992,E,8,63,E,8,2.2,E,8,-9990,0,0,-9990,0,0,1.659,E,8,0.136,E,8,0.20,E,8,0,-9990,0,0
06/27/2005,20:00,241,1321,127,3,10,272,3,20,77,3,10,13106,3,10,19528,3,20,9547,3,10,-9990,0,0,6,E,8,5,E,8,22.4,E,8,8.1,E,8,40,E,8,992,E,8,43,E,8,0.6,E,8,-9990,0,0,-9990,0,0,1.635,E,8,0.136,E,8,0.20,E,8,0,-9990,0,0
06/27/2005,21:00,49,472,11,3,10,0,3,20,11,3,10,1354,3,10,0,3,20,1354,3,10,-9990,0,0,5,E,8,4,E,8,21.1,E,8,7.9,E,8,42,E,8,992,E,8,164,E,8,0.1,E,8,-9990,0,0,-9990,0,0,1.611,E,8,0.136,E,8,0.20,E,8,0,-9990,0,0
06/27/2005,22:00,0,0,0,3,0,0,3,0,0,3,0,0,3,0,0,3,0,0,3,0,-9990,0,0,5,E,8,4,E,8,19.1,E,8,8.9,E,8,52,E,8,993,E,8,21,E,8,1.6,E,8,-9990,0,0,-9990,0,0,1.736,E,8,0.136,E,8,0.20,E,8,0,-9990,0,0
06/27/2005,23:00,0,0,0,3,0,0,3,0,0,3,0,0,3,0,0,3,0,0,3,0,-9990,0,0,5,E,8,4,E,8,17.1,E,8,8.7,E,8,58,E,8,993,E,8,3,E,8,1.7,E,8,-9990,0,0,-9990,0,0,1.703,E,8,0.136,E,8,0.20,E,8,0,-9990,0,0
06/27/2005,24:00,0,0,0,3,0,0,3,0,0,3,0,0,3,0,0,3,0,0,3,0,-9990,0,0,4,E,8,3,E,8,15.1,E,8,8.3,E,8,64,E,8,993,E,8,70,E,8,1.4,E,8,-9990,0,0,-9990,0,0,1.661,E,8,0.136,E,8,0.20,E,8,0,-9990,0,0
06/28/2005,01:00,0,0,0,3,0,0,3,0,0,3,0,0,3,0,0,3,0,0,3,0,-9990,0,0,4,E,8,3,E,8,13.6,E,8,8.2,E,8,70,E,8,993,E,8,63,E,8,1.4,E,8,-9990,0,0,-9990,0,0,1.645,E,8,0.119,E,8,0.20,E,8,0,-9990,0,0
06/28/2005,02:00,0,0,0,3,0,0,3,0,0,3,0,0,3,0,0,3,0,0,3,0,-9990,0,0,3,E,8,2,E,8,12.1,E,8,7.6,E,8,74,E,8,993,E,8,4,E,8,1.2,E,8,-9990,0,0,-9990,0,0,1.584,E,8,0.119,E,8,0.20,E,8,0,-9990,0,0
06/28/2005,03:00,0,0,0,3,0,0,3,0,0,3,0,0,3,0,0,3,0,0,3,0,-9990,0,0,3,E,8,2,E,8,11.2,E,8,8.1,E,8,81,E,8,993,E,8,63,E,8,1.6,E,8,-9990,0,0,-9990,0,0,1.635,E,8,0.119,E,8,0.20,E,8,0,-9990,0,0
06/28/2005,04:00,0,0,0,3,0,0,3,0,0,3,0,0,3,0,0,3,0,0,3,0,-9990,0,0,3,E,8,2,E,8,10.6,E,8,8.1,E,8,85,E,8,993,E,8,239,E,8,0.7,E,8,-9990,0,0,-9990,0,0,1.640,E,8,0.119,E,8,0.20,E,8,0,-9990,0,0
06/28/2005,05:00,1,58,0,3,10,0,3,20,0,3,10,0,3,10,0,3,20,0,3,10,-9990,0,0,1,E,8,1,E,8,10.5,E,8,8.3,E,8,86,E,8,993,E,8,243,E,8,1.7,E,8,-9990,0,0,-9990,0,0,1.658,E,8,0.119,E,8,0.20,E,8,0,-9990,0,0
06/28/2005,06:00,113,1321,55,3,10,243,3,20,34,3,10,5695,3,10,9603,3,20,4872,3,10,-9990,0,0,1,E,8,1,E,8,11.2,E,8,9.0,E,8,86,E,8,993,E,8,163,E,8,1.4,E,8,-9990,0,0,-9990,0,0,1.740,E,8,0.119,E,8,0.20,E,8,0,-9990,0,0
06/28/2005,07:00,321,1321,186,3,10,563,3,20,49,3,10,19836,3,10,49393,3,20,7828,3,10,-9990,0,0,0,E,8,0,E,8,12.5,E,8,8.9,E,8,79,E,8,993,E,8,62,E,8,3.3,E,8,-9990,0,0,-9990,0,0,1.733,E,8,0.119,E,8,0.20,E,8,0,-9990,0,0
06/28/2005,08:00,534,1321,351,3,10,718,3,20,61,3,10,37952,3,10,70560,3,20,9448,3,10,-9990,0,0,0,E,8,0,E,8,14.2,E,8,9.0,E,8,71,E,8,993,E,8,99,E,8,4.8,E,8,-9990,0,0,-9990,0,0,1.747,E,8,0.119,E,8,0.20,E,8,0,-9990,0,0
06/28/2005,09:00,736,1321,522,3,10,807,3,20,72,3,10,56308,3,10,82077,3,20,10570,3,10,-9990,0,0,0,E,8,0,E,8,16.1,E,8,9.3,E,8,64,E,8,994,E,8,88,E,8,5.3,E,8,-9990,0,0,-9990,0,0,1.774,E,8,0.119,E,8,0.20,E,8,0,-9990,0,0
06/28/2005,10:00,915,1321,670,3,10,824,3,20,100,3,10,71615,3,10,83358,3,20,13886,3,10,-9990,0,0,0,E,8,0,E,8,18.1,E,8,9.0,E,8,55,E,8,994,E,8,248,E,8,9.3,E,8,-9990,0,0,-9990,0,0,1.743,E,8,0.119,E,8,0.20,E,8,0,-9990,0,0
06/28/2005,11:00,1057,1321,788,3,10,822,3,20,130,3,10,85975,3,10,85876,3,20,17221,3,10,-9990,0,0,0,E,8,0,E,8,19.9,E,8,8.5,E,8,48,E,8,994,E,8,243,E,8,4.0,E,8,-9990,0,0,-9990,0,0,1.683,E,8,0.119,E,8,0.20,E,8,0,-9990,0,0
06/28/2005,12:00,1154,1321,868,3,10,813,3,20,157,3,10,93966,3,10,84638,3,20,19983,3,10,-9990,0,0,0,E,8,0,E,8,21.5,E,8,8.6,E,8,44,E,8,994,E,8,43,E,8,2.2,E,8,-9990,0,0,-9990,0,0,1.695,E,8,0.119,E,8,0.20,E,8,0,-9990,0,0
06/28/2005,13:00,1199,1321,906,3,10,811,3,20,169,3,10,97770,3,10,84414,3,20,21122,3,10,-9990,0,0,0,E,8,0,E,8,22.8,E,8,8.5,E,8,40,E,8,994,E,8,162,E,8,0.8,E,8,-9990,0,0,-9990,0,0,1.680,E,8,0.119,E,8,0.20,E,8,0,-9990,0,0
06/28/2005,14:00,1189,1321,898,3,10,816,3,20,164,3,10,97067,3,10,84938,3,20,20623,3,10,-9990,0,0,0,E,8,0,E,8,23.8,E,8,8.4,E,8,37,E,8,994,E,8,262,E,8,0.5,E,8,-9990,0,0,-9990,0,0,1.671,E,8,0.119,E,8,0.20,E,8,0,-9990,0,0
06/28/2005,15:00,1123,1321,844,3,10,821,3,20,146,3,10,91585,3,10,85486,3,20,18867,3,10,-9990,0,0,0,E,8,0,E,8,24.5,E,8,8.6,E,8,36,E,8,993,E,8,242,E,8,1.4,E,8,-9990,0,0,-9990,0,0,1.697,E,8,0.119,E,8,0.20,E,8,0,-9990,0,0
06/28/2005,16:00,1008,1321,745,3,10,817,3,20,122,3,10,81058,3,10,84645,3,20,16450,3,10,-9990,0,0,0,E,8,0,E,8,24.8,E,8,8.7,E,8,36,E,8,993,E,8,156,E,8,6.3,E,8,-9990,0,0,-9990,0,0,1.701,E,8,0.119,E,8,0.20,E,8,0,-9990,0,0
06/28/2005,17:00,850,1321,612,3,10,804,3,20,94,3,10,66805,3,10,82848,3,20,13461,3,10,-9990,0,0,0,E,8,0,E,8,24.8,E,8,9.2,E,8,37,E,8,993,E,8,181,E,8,4.8,E,8,-9990,0,0,-9990,0,0,1.768,E,8,0.119,E,8,0.20,E,8,0,-9990,0,0
06/28/2005,18:00,661,1321,454,3,10,763,3,20,72,3,10,49152,3,10,76576,3,20,10819,3,10,-9990,0,0,0,E,8,0,E,8,24.3,E,8,8.8,E,8,37,E,8,993,E,8,267,E,8,4.8,E,8,-9990,0,0,-9990,0,0,1.712,E,8,0.119,E,8,0.20,E,8,0,-9990,0,0
06/28/2005,19:00,453,1321,286,3,10,663,3,20,59,3,10,30147,3,10,61016,3,20,9209,3,10,-9990,0,0,0,E,8,0,E,8,23.3,E,8,9.4,E,8,41,E,8,992,E,8,246,E,8,6.3,E,8,-9990,0,0,-9990,0,0,1.797,E,8,0.119,E,8,0.20,E,8,0,-9990,0,0
06/28/2005,20:00,241,1321,129,3,10,284,3,20,77,3,10,13352,3,10,20346,3,20,9643,3,10,-9990,0,0,6,E,8,5,E,8,22.0,E,8,10.0,E,8,47,E,8,992,E,8,311,E,8,9.3,E,8,-9990,0,0,-9990,0,0,1.874,E,8,0.119,E,8,0.20,E,8,0,-9990,0,0
06/28/2005,21:00,49,472,7,3,10,0,3,20,7,3,10,905,3,10,1,3,20,904,3,10,-9990,0,0,6,E,8,5,E,8,20.4,E,8,10.7,E,8,53,E,8,992,E,8,255,E,8,7.2,E,8,-9990,0,0,-9990,0,0,1.958,E,8,0.119,E,8,0.20,E,8,0,-9990,0,0
06/28/2005,22:00,0,0,0,3,0,0,3,0,0,3,0,0,3,0,0,3,0,0,3,0,-9990,0,0,6,E,8,5,E,8,18.8,E,8,11.9,E,8,64,E,8,992,E,8,289,E,8,3.7,E,8,-9990,0,0,-9990,0,0,2.128,E,8,0.119,E,8,0.20,E,8,0,-9990,0,0
06/28/2005,23:00,0,0,0,3,0,0,3,0,0,3,0,0,3,0,0,3,0,0,3,0,-9990,0,0,8,E,8,6,E,8,17.1,E,8,11.8,E,8,71,E,8,991,E,8,310,E,8,1.7,E,8,-9990,0,0,-9990,0,0,2.124,E,8,0.119,E,8,0.20,E,8,0,-9990,0,0
06/28/2005,24:00,0,0,0,3,0,0,3,0,0,3,0,0,3,0,0,3,0,0,3,0,-9990,0,0,8,E,8,6,E,8,15.4,E,8,11.1,E,8,76,E,8,991,E,8,307,E,8,1.4,E,8,-9990,0,0,-9990,0,0,2.023,E,8,0.119,E,8,0.20,E,8,0,-9990,0,0
06/29/2005,01:00,0,0,0,3,0,0,3,0,0,3,0,0,3,0,0,3,0,0,3,0,-9990,0,0,8,E,8,7,E,8,14.6,E,8,11.2,E,8,80,E,8,991,E,8,308,E,8,1.6,E,8,-9990,0,0,-9990,0,0,2.036,E,8,0.128,E,8,0.20,E,8,0,-9990,0,0
06/29/2005,02:00,0,0,0,3,0,0,3,0,0,3,0,0,3,0,0,3,0,0,3,0,-9990,0,0,8,E,8,7,E,8,13.6,E,8,10.5,E,8,81,E,8,991,E,8,309,E,8,4.8,E,8,-9990,0,0,-9990,0,0,1.932,E,8,0.128,E,8,0.20,E,8,0,-9990,0,0
06/29/2005,03:00,0,0,0,3,0,0,3,0,0,3,0,0,3,0,0,3,0,0,3,0,-9990,0,0,8,E,8,7,E,8,13.2,E,8,10.2,E,8,82,E,8,990,E,8,306,E,8,1.0,E,8,-9990,0,0,-9990,0,0,1.896,E,8,0.128,E,8,0.20,E,8,0,-9990,0,0
06/29/2005,04:00,0,0,0,3,0,0,3,0,0,3,0,0,3,0,0,3,0,0,3,0,-9990,0,0,8,E,8,7,E,8,12.8,E,8,10.6,E,8,86,E,8,990,E,8,311,E,8,1.7,E,8,-9990,0,0,-9990,0,0,1.944,E,8,0.128,E,8,0.20,E,8,0,-9990,0,0
06/29/2005,05:00,1,52,0,3,10,0,3,20,0,3,10,0,3,10,0,3,20,0,3,10,-9990,0,0,8,E,8,7,E,8,12.8,E,8,10.8,E,8,88,E,8,990,E,8,292,E,8,1.7,E,8,-9990,0,0,-9990,0,0,1.975,E,8,0.128,E,8,0.20,E,8,0,-9990,0,0
06/29/2005,06:00,112,1321,41,3,10,149,3,20,28,3,10,4314,3,10,1494,3,20,4187,3,10,-9990,0,0,9,E,8,8,E,8,13.2,E,8,11.6,E,8,90,E,8,990,E,8,279,E,8,1.0,E,8,-9990,0,0,-9990,0,0,2.090,E,8,0.128,E,8,0.20,E,8,0,-9990,0,0
06/29/2005,07:00,320,1321,123,3,10,86,3,20,102,3,10,13450,3,10,4798,3,20,12289,3,10,-9990,0,0,9,E,8,8,E,8,14.0,E,8,12.1,E,8,88,E,8,989,E,8,288,E,8,0.9,E,8,-9990,0,0,-9990,0,0,2.162,E,8,0.128,E,8,0.20,E,8,0,-9990,0,0
06/29/2005,08:00,532,1321,235,3,10,157,3,20,172,3,10,25855,3,10,13240,3,20,20521,3,10,-9990,0,0,9,E,8,8,E,8,15.1,E,8,12.7,E,8,86,E,8,989,E,8,307,E,8,0.5,E,8,-9990,0,0,-9990,0,0,2.259,E,8,0.128,E,8,0.20,E,8,0,-9990,0,0
06/29/2005,09:00,735,1321,461,3,10,504,3,20,181,3,10,50043,3,10,41876,3,20,26747,3,10,-9990,0,0,5,E,8,4,E,8,16.9,E,8,12.6,E,8,76,E,8,989,E,8,302,E,8,0.6,E,8,-9990,0,0,-9990,0,0,2.238,E,8,0.128,E,8,0.20,E,8,0,-9990,0,0
06/29/2005,10:00,913,1321,601,3,10,513,3,20,246,3,10,65073,3,10,42638,3,20,35579,3,10,-9990,0,0,5,E,8,4,E,8,18.6,E,8,11.5,E,8,63,E,8,989,E,8,292,E,8,2.5,E,8,-9990,0,0,-9990,0,0,2.076,E,8,0.128,E,8,0.20,E,8,0,-9990,0,0
06/29/2005,11:00,1056,1321,406,3,10,85,3,20,338,3,10,45454,3,10,8390,3,20,38743,3,10,-9990,0,0,10,E,8,9,E,8,19.1,E,8,11.2,E,8,60,E,8,988,E,8,315,E,8,4.8,E,8,-9990,0,0,-9990,0,0,2.035,E,8,0.128,E,8,0.20,E,8,0,-9990,0,0
06/29/2005,12:00,1154,1321,660,3,10,292,3,20,405,3,10,72601,3,10,28895,3,20,47359,3,10,-9990,0,0,8,E,8,6,E,8,20.3,E,8,11.9,E,8,59,E,8,988,E,8,307,E,8,6.3,E,8,-9990,0,0,-9990,0,0,2.140,E,8,0.128,E,8,0.20,E,8,0,-9990,0,0
06/29/2005,13:00,1199,1321,583,3,10,183,3,20,417,3,10,65086,3,10,18511,3,20,48285,3,10,-9990,0,0,9,E,8,8,E,8,21.0,E,8,11.9,E,8,56,E,8,988,E,8,316,E,8,3.7,E,8,-9990,0,0,-9990,0,0,2.133,E,8,0.128,E,8,0.20,E,8,0,-9990,0,0
06/29/2005,14:00,1188,1321,745,3,10,406,3,20,380,3,10,80255,3,10,29774,3,20,53465,3,10,-9990,0,0,6,E,8,5,E,8,21.9,E,8,11.9,E,8,53,E,8,988,E,8,302,E,8,0.7,E,8,-9990,0,0,-9990,0,0,2.137,E,8,0.128,E,8,0.20,E,8,0,-9990,0,0
06/29/2005,15:00,1123,1321,308,3,10,25,3,20,287,3,10,34627,3,10,1706,3,20,33176,3,10,-9990,0,0,10,E,8,9,E,8,21.6,E,8,11.7,E,8,53,E,8,988,E,8,317,E,8,0.5,E,8,-9990,0,0,-9990,0,0,2.108,E,8,0.128,E,8,0.20,E,8,0,-9990,0,0
06/29/2005,16:00,1008,1321,66,3,10,0,3,20,66,3,10,8520,3,10,0,3,20,8520,3,10,-9990,0,0,10,E,8,9,E,8,20.4,E,8,11.4,E,8,56,E,8,988,E,8,297,E,8,0.6,E,8,-9990,0,0,-9990,0,0,2.064,E,8,0.128,E,8,0.20,E,8,0,-9990,0,0
06/29/2005,17:00,850,1321,297,3,10,65,3,20,255,3,10,33185,3,10,6059,3,20,29284,3,10,-9990,0,0,10,E,8,9,E,8,20.2,E,8,11.3,E,8,57,E,8,988,E,8,313,E,8,0.5,E,8,-9990,0,0,-9990,0,0,2.047,E,8,0.128,E,8,0.20,E,8,0,-9990,0,0
06/29/2005,18:00,661,1321,191,3,10,21,3,20,181,3,10,21492,3,10,2175,3,20,20403,3,10,-9990,0,0,10,E,8,9,E,8,19.7,E,8,14.5,E,8,72,E,8,988,E,8,321,E,8,3.3,E,8,-9990,0,0,-9990,0,0,2.561,E,8,0.128,E,8,0.20,E,8,0,-9990,0,0
06/29/2005,19:00,453,1321,234,3,10,302,3,20,130,3,10,24852,3,10,24671,3,20,16386,3,10,-9990,0,0,6,E,8,5,E,8,19.3,E,8,11.2,E,8,59,E,8,988,E,8,306,E,8,1.7,E,8,-9990,0,0,-9990,0,0,2.029,E,8,0.128,E,8,0.20,E,8,0,-9990,0,0
06/29/2005,20:00,241,1321,84,3,10,101,3,20,65,3,10,9110,3,10,6871,3,20,7858,3,10,-9990,0,0,9,E,8,8,E,8,18.7,E,8,11.3,E,8,62,E,8,988,E,8,326,E,8,0.6,E,8,-9990,0,0,-9990,0,0,2.042,E,8,0.128,E,8,0.20,E,8,0,-9990,0,0
06/29/2005,21:00,49,471,7,3,10,0,3,20,7,3,10,883,3,10,2,3,20,883,3,10,-9990,0,0,9,E,8,8,E,8,17.8,E,8,11.7,E,8,67,E,8,988,E,8,321,E,8,1.4,E,8,-9990,0,0,-9990,0,0,2.098,E,8,0.128,E,8,0.20,E,8,0,-9990,0,0
06/29/2005,22:00,0,0,0,3,0,0,3,0,0,3,0,0,3,0,0,3,0,0,3,0,-9990,0,0,9,E,8,8,E,8,17.1,E,8,12.1,E,8,72,E,8,988,E,8,301,E,8,2.5,E,8,-9990,0,0,-9990,0,0,2.169,E,8,0.128,E,8,0.20,E,8,0,-9990,0,0
06/29/2005,23:00,0,0,0,3,0,0,3,0,0,3,0,0,3,0,0,3,0,0,3,0,-9990,0,0,9,E,8,8,E,8,16.4,E,8,12.1,E,8,76,E,8,988,E,8,313,E,8,0.7,E,8,-9990,0,0,-9990,0,0,2.171,E,8,0.128,E,8,0.20,E,8,0,-9990,0,0
06/29/2005,24:00,0,0,0,3,0,0,3,0,0,3,0,0,3,0,0,3,0,0,3,0,-9990,0,0,9,E,8,8,E,8,15.7,E,8,12.1,E,8,79,E,8,988,E,8,306,E,8,1.6,E,8,-9990,0,0,-9990,0,0,2.161,E,8,0.128,E,8,0.20,E,8,0,-9990,0,0
06/30/2005,01:00,0,0,0,3,0,0,3,0,0,3,0,0,3,0,0,3,0,0,3,0,-9990,0,0,9,E,8,8,E,8,15.3,E,8,11.6,E,8,78,E,8,988,E,8,309,E,8,4.8,E,8,-9990,0,0,-9990,0,0,2.092,E,8,0.131,E,8,0.20,E,8,0,-9990,0,0
06/30/2005,02:00,0,0,0,3,0,0,3,0,0,3,0,0,3,0,0,3,0,0,3,0,-9990,0,0,9,E,8,8,E,8,14.9,E,8,11.9,E,8,82,E,8,988,E,8,327,E,8,4.8,E,8,-9990,0,0,-9990,0,0,2.138,E,8,0.131,E,8,0.20,E,8,0,-9990,0,0
06/30/2005,03:00,0,0,0,3,0,0,3,0,0,3,0,0,3,0,0,3,0,0,3,0,-9990,0,0,10,E,8,9,E,8,14.6,E,8,12.0,E,8,84,E,8,988,E,8,256,E,8,1.9,E,8,-9990,0,0,-9990,0,0,2.143,E,8,0.131,E,8,0.20,E,8,0,-9990,0,0
06/30/2005,04:00,0,0,0,3,0,0,3,0,0,3,0,0,3,0,0,3,0,0,3,0,-9990,0,0,10,E,8,9,E,8,14.5,E,8,12.2,E,8,86,E,8,988,E,8,231,E,8,7.2,E,8,-9990,0,0,-9990,0,0,2.173,E,8,0.131,E,8,0.20,E,8,0,-9990,0,0
06/30/2005,05:00,0,0,0,3,10,0,3,20,0,3,10,0,3,10,0,3,20,0,3,10,-9990,0,0,10,E,8,9,E,8,14.4,E,8,11.7,E,8,84,E,8,988,E,8,244,E,8,5.8,E,8,-9990,0,0,-9990,0,0,2.105,E,8,0.131,E,8,0.20,E,8,0,-9990,0,0
06/30/2005,06:00,110,1321,27,3,10,4,3,20,27,3,10,3033,3,10,310,3,20,3007,3,10,-9990,0,0,10,E,8,9,E,8,14.8,E,8,11.2,E,8,79,E,8,988,E,8,270,E,8,7.2,E,8,-9990,0,0,-9990,0,0,2.036,E,8,0.131,E,8,0.20,E,8,0,-9990,0,0
06/30/2005,07:00,318,1321,93,3,10,14,3,20,89,3,10,10221,3,10,1345,3,20,9897,3,10,-9990,0,0,10,E,8,9,E,8,15.5,E,8,11.0,E,8,74,E,8,988,E,8,271,E,8,3.7,E,8,-9990,0,0,-9990,0,0,1.999,E,8,0.131,E,8,0.20,E,8,0,-9990,0,0
06/30/2005,08:00,531,1321,185,3,10,48,3,20,166,3,10,20554,3,10,3972,3,20,18958,3,10,-9990,0,0,10,E,8,9,E,8,16.5,E,8,10.8,E,8,69,E,8,988,E,8,297,E,8,2.2,E,8,-9990,0,0,-9990,0,0,1.977,E,8,0.131,E,8,0.20,E,8,0,-9990,0,0
06/30/2005,09:00,733,1321,305,3,10,83,3,20,259,3,10,33964,3,10,7997,3,20,29524,3,10,-9990,0,0,10,E,8,9,E,8,17.8,E,8,11.2,E,8,65,E,8,988,E,8,235,E,8,3.7,E,8,-9990,0,0,-9990,0,0,2.031,E,8,0.131,E,8,0.20,E,8,0,-9990,0,0
06/30/2005,10:00,912,1321,411,3,10,127,3,20,323,3,10,45396,3,10,11504,3,20,37448,3,10,-9990,0,0,9,E,8,8,E,8,19.1,E,8,9.6,E,8,54,E,8,988,E,8,282,E,8,7.8,E,8,-9990,0,0,-9990,0,0,1.814,E,8,0.131,E,8,0.20,E,8,0,-9990,0,0
06/30/2005,11:00,1055,1321,501,3,10,160,3,20,374,3,10,55616,3,10,15580,3,20,43165,3,10,-9990,0,0,9,E,8,8,E,8,20.5,E,8,10.4,E,8,52,E,8,988,E,8,242,E,8,10.8,E,8,-9990,0,0,-9990,0,0,1.920,E,8,0.131,E,8,0.20,E,8,0,-9990,0,0
06/30/2005,12:00,1153,1321,530,3,10,130,3,20,416,3,10,58909,3,10,12546,3,20,47956,3,10,-9990,0,0,9,E,8,8,E,8,21.5,E,8,10.9,E,8,51,E,8,988,E,8,261,E,8,13.8,E,8,-9990,0,0,-9990,0,0,1.993,E,8,0.131,E,8,0.20,E,8,0,-9990,0,0
06/30/2005,13:00,1198,1321,536,3,10,98,3,20,447,3,10,59952,3,10,9886,3,20,50984,3,10,-9990,0,0,10,E,8,9,E,8,22.4,E,8,11.1,E,8,49,E,8,988,E,8,292,E,8,11.7,E,8,-9990,0,0,-9990,0,0,2.021,E,8,0.131,E,8,0.20,E,8,0,-9990,0,0
06/30/2005,14:00,1188,1321,506,3,10,82,3,20,432,3,10,56578,3,10,8200,3,20,49202,3,10,-9990,0,0,10,E,8,9,E,8,23.0,E,8,10.6,E,8,45,E,8,988,E,8,311,E,8,5.8,E,8,-9990,0,0,-9990,0,0,1.942,E,8,0.131,E,8,0.20,E,8,0,-9990,0,0
06/30/2005,15:00,1123,1321,474,3,10,84,3,20,403,3,10,53062,3,10,8331,3,20,45979,3,10,-9990,0,0,10,E,8,9,E,8,23.4,E,8,10.9,E,8,45,E,8,988,E,8,324,E,8,5.3,E,8,-9990,0,0,-9990,0,0,1.992,E,8,0.131,E,8,0.20,E,8,0,-9990,0,0
06/30/2005,16:00,1008,1321,397,3,10,68,3,20,345,3,10,44359,3,10,6468,3,20,39423,3,10,-9990,0,0,10,E,8,9,E,8,23.5,E,8,11.1,E,8,46,E,8,988,E,8,293,E,8,6.3,E,8,-9990,0,0,-9990,0,0,2.021,E,8,0.131,E,8,0.20,E,8,0,-9990,0,0
06/30/2005,17:00,850,1321,321,3,10,40,3,20,295,3,10,35766,3,10,3335,3,20,33618,3,10,-9990,0,0,10,E,8,9,E,8,23.4,E,8,11.7,E,8,48,E,8,988,E,8,293,E,8,5.3,E,8,-9990,0,0,-9990,0,0,2.104,E,8,0.131,E,8,0.20,E,8,0,-9990,0,0
06/30/2005,18:00,661,1321,257,3,10,64,3,20,225,3,10,28623,3,10,5840,3,20,25700,3,10,-9990,0,0,10,E,8,9,E,8,23.1,E,8,12.7,E,8,52,E,8,988,E,8,307,E,8,3.5,E,8,-9990,0,0,-9990,0,0,2.251,E,8,0.131,E,8,0.20,E,8,0,-9990,0,0
06/30/2005,19:00,453,1321,171,3,10,77,3,20,145,3,10,19035,3,10,7213,3,20,16560,3,10,-9990,0,0,10,E,8,9,E,8,22.6,E,8,13.8,E,8,58,E,8,988,E,8,285,E,8,5.8,E,8,-9990,0,0,-9990,0,0,2.439,E,8,0.131,E,8,0.20,E,8,0,-9990,0,0
06/30/2005,20:00,240,1321,63,3,10,11,3,20,61,3,10,6817,3,10,1037,3,20,6629,3,10,-9990,0,0,10,E,8,9,E,8,21.8,E,8,13.4,E,8,59,E,8,988,E,8,253,E,8,7.8,E,8,-9990,0,0,-9990,0,0,2.366,E,8,0.131,E,8,0.20,E,8,0,-9990,0,0
06/30/2005,21:00,49,470,2,3,10,0,3,20,2,3,10,268,3,10,7,3,20,267,3,10,-9990,0,0,10,E,8,9,E,8,20.9,E,8,14.1,E,8,65,E,8,988,E,8,301,E,8,5.3,E,8,-9990,0,0,-9990,0,0,2.483,E,8,0.131,E,8,0.20,E,8,0,-9990,0,0
06/30/2005,22:00,0,0,0,3,0,0,3,0,0,3,0,0,3,0,0,3,0,0,3,0,-9990,0,0,10,E,8,9,E,8,19.8,E,8,14.5,E,8,71,E,8,988,E,8,106,E,8,4.4,E,8,-9990,0,0,-9990,0,0,2.558,E,8,0.131,E,8,0.20,E,8,0,-9990,0,0
06/30/2005,23:00,0,0,0,3,0,0,3,0,0,3,0,0,3,0,0,3,0,0,3,0,-9990,0,0,10,E,8,9,E,8,18.6,E,8,15.3,E,8,81,E,8,988,E,8,153,E,8,4.0,E,8,-9990,0,0,-9990,0,0,2.702,E,8,0.131,E,8,0.20,E,8,1,-9990,0,0
06/30/2005,24:00,0,0,0,3,0,0,3,0,0,3,0,0,3,0,0,3,0,0,3,0,-9990,0,0,10,E,8,9,E,8,17.6,E,8,15.6,E,8,88,E,8,988,E,8,61,E,8,4.4,E,8,-9990,0,0,-9990,0,0,2.771,E,8,0.131,E,8,0.20,E,8,0,-9990,0,0
07/01/2005,01:00,0,0,0,3,0,0,3,0,0,3,0,0,3,0,0,3,0,0,3,0,-9990,0,0,10,E,8,9,E,8,16.8,E,8,15.3,E,8,91,E,8,987,E,8,212,E,8,2.3,E,8,-9990,0,0,-9990,0,0,2.698,E,8,0.113,E,8,0.20,E,8,0,-9990,0,0
07/01/2005,02:00,0,0,0,3,0,0,3,0,0,3,0,0,3,0,0,3,0,0,3,0,-9990,0,0,10,E,8,9,E,8,16.0,E,8,14.2,E,8,89,E,8,987,E,8,216,E,8,4.5,E,8,-9990,0,0,-9990,0,0,2.508,E,8,0.113,E,8,0.20,E,8,0,-9990,0,0
07/01/2005,03:00,0,0,0,3,0,0,3,0,0,3,0,0,3,0,0,3,0,0,3,0,-9990,0,0,10,E,8,9,E,8,15.5,E,8,13.4,E,8,87,E,8,987,E,8,280,E,8,4.5,E,8,-9990,0,0,-9990,0,0,2.374,E,8,0.113,E,8,0.20,E,8,0,-9990,0,0
07/01/2005,04:00,0,0,0,3,0,0,3,0,0,3,0,0,3,0,0,3,0,0,3,0,-9990,0,0,10,E,8,9,E,8,15.2,E,8,12.7,E,8,85,E,8,987,E,8,233,E,8,3.8,E,8,-9990,0,0,-9990,0,0,2.257,E,8,0.113,E,8,0.20,E,8,0,-9990,0,0
07/01/2005,05:00,0,0,0,3,10,0,3,20,0,3,10,0,3,10,0,3,20,0,3,10,-9990,0,0,10,E,8,9,E,8,15.2,E,8,12.7,E,8,85,E,8,987,E,8,191,E,8,4.7,E,8,-9990,0,0,-9990,0,0,2.253,E,8,0.113,E,8,0.20,E,8,0,-9990,0,0
07/01/2005,06:00,108,1320,15,3,10,0,3,20,15,3,10,1783,3,10,0,3,20,1783,3,10,-9990,0,0,10,E,8,9,E,8,15.4,E,8,12.9,E,8,85,E,8,987,E,8,70,E,8,2.3,E,8,-9990,0,0,-9990,0,0,2.282,E,8,0.113,E,8,0.20,E,8,0,-9990,0,0
07/01/2005,07:00,316,1320,100,3,10,52,3,20,87,3,10,11137,3,10,4385,3,20,10086,3,10,-9990,0,0,10,E,8,9,E,8,16.2,E,8,12.9,E,8,81,E,8,987,E,8,112,E,8,2.1,E,8,-9990,0,0,-9990,0,0,2.293,E,8,0.113,E,8,0.20,E,8,0,-9990,0,0
07/01/2005,08:00,529,1320,108,3,10,0,3,20,108,3,10,12481,3,10,0,3,20,12481,3,10,-9990,0,0,10,E,8,9,E,8,16.7,E,8,10.9,E,8,69,E,8,987,E,8,265,E,8,2.3,E,8,-9990,0,0,-9990,0,0,1.991,E,8,0.113,E,8,0.20,E,8,0,-9990,0,0
07/01/2005,09:00,732,1320,206,3,10,13,3,20,199,3,10,23570,3,10,1239,3,20,22884,3,10,-9990,0,0,10,E,8,9,E,8,17.5,E,8,11.6,E,8,68,E,8,987,E,8,283,E,8,1.6,E,8,-9990,0,0,-9990,0,0,2.083,E,8,0.113,E,8,0.20,E,8,0,-9990,0,0
07/01/2005,10:00,911,1320,364,3,10,83,3,20,307,3,10,40632,3,10,8048,3,20,35080,3,10,-9990,0,0,10,E,8,9,E,8,18.8,E,8,11.4,E,8,62,E,8,987,E,8,304,E,8,1.2,E,8,-9990,0,0,-9990,0,0,2.056,E,8,0.113,E,8,0.20,E,8,0,-9990,0,0
07/01/2005,11:00,1054,1320,246,3,10,7,3,20,241,3,10,29226,3,10,591,3,20,28754,3,10,-9990,0,0,10,E,8,9,E,8,19.2,E,8,11.9,E,8,63,E,8,988,E,8,300,E,8,0.9,E,8,-9990,0,0,-9990,0,0,2.134,E,8,0.113,E,8,0.20,E,8,0,-9990,0,0
07/01/2005,12:00,1152,1320,281,3,10,10,3,20,273,3,10,33489,3,10,947,3,20,32663,3,10,-9990,0,0,10,E,8,9,E,8,19.7,E,8,12.1,E,8,61,E,8,988,E,8,278,E,8,2.3,E,8,-9990,0,0,-9990,0,0,2.159,E,8,0.113,E,8,0.20,E,8,0,-9990,0,0
07/01/2005,13:00,1197,1320,425,3,10,79,3,20,353,3,10,47711,3,10,7726,3,20,40706,3,10,-9990,0,0,10,E,8,9,E,8,20.4,E,8,12.0,E,8,58,E,8,988,E,8,291,E,8,4.5,E,8,-9990,0,0,-9990,0,0,2.153,E,8,0.113,E,8,0.20,E,8,0,-9990,0,0
07/01/2005,14:00,1187,1320,659,3,10,244,3,20,440,3,10,72404,3,10,24173,3,20,50669,3,10,-9990,0,0,9,E,8,8,E,8,21.7,E,8,10.9,E,8,50,E,8,988,E,8,316,E,8,3.8,E,8,-9990,0,0,-9990,0,0,1.994,E,8,0.113,E,8,0.20,E,8,0,-9990,0,0
07/01/2005,15:00,1123,1320,487,3,10,109,3,20,395,3,10,54249,3,10,10064,3,20,45693,3,10,-9990,0,0,10,E,8,9,E,8,22.3,E,8,11.2,E,8,49,E,8,988,E,8,313,E,8,2.5,E,8,-9990,0,0,-9990,0,0,2.035,E,8,0.113,E,8,0.20,E,8,0,-9990,0,0
07/01/2005,16:00,1008,1320,550,3,10,253,3,20,356,3,10,59935,3,10,23670,3,20,41875,3,10,-9990,0,0,8,E,8,6,E,8,23.0,E,8,10.6,E,8,46,E,8,988,E,8,264,E,8,2.5,E,8,-9990,0,0,-9990,0,0,1.953,E,8,0.113,E,8,0.20,E,8,0,-9990,0,0
07/01/2005,17:00,850,1320,475,3,10,310,3,20,275,3,10,51647,3,10,28743,3,20,33144,3,10,-9990,0,0,8,E,8,6,E,8,23.4,E,8,10.9,E,8,45,E,8,988,E,8,225,E,8,4.2,E,8,-9990,0,0,-9990,0,0,1.994,E,8,0.113,E,8,0.20,E,8,0,-9990,0,0
07/01/2005,18:00,661,1320,513,3,10,691,3,20,168,3,10,53787,3,10,61795,3,20,22860,3,10,-9990,0,0,3,E,8,2,E,8,23.8,E,8,10.8,E,8,44,E,8,988,E,8,244,E,8,3.3,E,8,-9990,0,0,-9990,0,0,1.980,E,8,0.113,E,8,0.20,E,8,0,-9990,0,0
07/01/2005,19:00,453,1320,247,3,10,391,3,20,113,3,10,26397,3,10,28549,3,20,16606,3,10,-9990,0,0,5,E,8,4,E,8,23.5,E,8,11.0,E,8,45,E,8,989,E,8,73,E,8,1.2,E,8,-9990,0,0,-9990,0,0,2.010,E,8,0.113,E,8,0.20,E,8,0,-9990,0,0
07/01/2005,20:00,240,1320,116,3,10,289,3,20,63,3,10,12219,3,10,16152,3,20,9281,3,10,-9990,0,0,10,E,8,9,E,8,22.9,E,8,12.1,E,8,50,E,8,989,E,8,77,E,8,0.3,E,8,-9990,0,0,-9990,0,0,2.158,E,8,0.113,E,8,0.20,E,8,0,-9990,0,0
07/01/2005,21:00,48,468,20,3,10,0,3,20,20,3,10,2307,3,10,0,3,20,2307,3,10,-9990,0,0,10,E,8,9,E,8,22.1,E,8,11.8,E,8,52,E,8,989,E,8,66,E,8,0.7,E,8,-9990,0,0,-9990,0,0,2.115,E,8,0.113,E,8,0.20,E,8,0,-9990,0,0
07/01/2005,22:00,0,0,0,3,0,0,3,0,0,3,0,0,3,0,0,3,0,0,3,0,-9990,0,0,9,E,8,8,E,8,20.8,E,8,12.4,E,8,59,E,8,989,E,8,61,E,8,0.9,E,8,-9990,0,0,-9990,0,0,2.217,E,8,0.113,E,8,0.20,E,8,0,-9990,0,0
07/01/2005,23:00,0,0,0,3,0,0,3,0,0,3,0,0,3,0,0,3,0,0,3,0,-9990,0,0,9,E,8,8,E,8,19.6,E,8,11.7,E,8,60,E,8,989,E,8,39,E,8,1.1,E,8,-9990,0,0,-9990,0,0,2.097,E,8,0.113,E,8,0.20,E,8,0,-9990,0,0
07/01/2005,24:00,0,0,0,3,0,0,3,0,0,3,0,0,3,0,0,3,0,0,3,0,-9990,0,0,8,E,8,6,E,8,18.4,E,8,11.4,E,8,64,E,8,989,E,8,206,E,8,2.1,E,8,-9990,0,0,-9990,0,0,2.059,E,8,0.113,E,8,0.20,E,8,0,-9990,0,0
07/02/2005,01:00,0,0,0,3,0,0,3,0,0,3,0,0,3,0,0,3,0,0,3,0,-9990,0,0,8,E,8,6,E,8,17.3,E,8,11.3,E,8,68,E,8,990,E,8,152,E,8,2.7,E,8,-9990,0,0,-9990,0,0,2.049,E,8,0.109,E,8,0.20,E,8,0,-9990,0,0
07/02/2005,02:00,0,0,0,3,0,0,3,0,0,3,0,0,3,0,0,3,0,0,3,0,-9990,0,0,6,E,8,5,E,8,16.2,E,8,11.3,E,8,72,E,8,990,E,8,132,E,8,3.6,E,8,-9990,0,0,-9990,0,0,2.041,E,8,0.109,E,8,0.20,E,8,0,-9990,0,0
07/02/2005,03:00,0,0,0,3,0,0,3,0,0,3,0,0,3,0,0,3,0,0,3,0,-9990,0,0,6,E,8,5,E,8,15.6,E,8,11.8,E,8,78,E,8,990,E,8,100,E,8,5.5,E,8,-9990,0,0,-9990,0,0,2.122,E,8,0.109,E,8,0.20,E,8,0,-9990,0,0
07/02/2005,04:00,0,0,0,3,0,0,3,0,0,3,0,0,3,0,0,3,0,0,3,0,-9990,0,0,5,E,8,4,E,8,15.2,E,8,11.1,E,8,77,E,8,990,E,8,77,E,8,5.1,E,8,-9990,0,0,-9990,0,0,2.022,E,8,0.109,E,8,0.20,E,8,0,-9990,0,0
07/02/2005,05:00,0,0,0,3,10,0,3,20,0,3,10,0,3,10,0,3,20,0,3,10,-9990,0,0,5,E,8,5,E,8,15.1,E,8,11.7,E,8,80,E,8,990,E,8,74,E,8,2.3,E,8,-9990,0,0,-9990,0,0,2.111,E,8,0.109,E,8,0.20,E,8,0,-9990,0,0
07/02/2005,06:00,106,1320,43,3,10,158,3,20,31,3,10,4575,3,10,521,3,20,4533,3,10,-9990,0,0,4,E,8,3,E,8,15.6,E,8,11.6,E,8,77,E,8,990,E,8,66,E,8,3.3,E,8,-9990,0,0,-9990,0,0,2.097,E,8,0.109,E,8,0.20,E,8,0,-9990,0,0
07/02/2005,07:00,315,1320,154,3,10,359,3,20,69,3,10,16651,3,10,26074,3,20,10439,3,10,-9990,0,0,4,E,8,3,E,8,16.7,E,8,12.6,E,8,77,E,8,991,E,8,353,E,8,3.3,E,8,-9990,0,0,-9990,0,0,2.237,E,8,0.109,E,8,0.20,E,8,0,-9990,0,0
07/02/2005,08:00,527,1320,305,3,10,495,3,20,107,3,10,33445,3,10,42650,3,20,16412,3,10,-9990,0,0,3,E,8,2,E,8,18.3,E,8,13.2,E,8,72,E,8,991,E,8,5,E,8,3.8,E,8,-9990,0,0,-9990,0,0,2.341,E,8,0.109,E,8,0.20,E,8,0,-9990,0,0
07/02/2005,09:00,730,1320,442,3,10,465,3,20,185,3,10,47908,3,10,37025,3,20,27430,3,10,-9990,0,0,5,E,8,4,E,8,19.9,E,8,13.5,E,8,67,E,8,991,E,8,9,E,8,2.3,E,8,-9990,0,0,-9990,0,0,2.391,E,8,0.109,E,8,0.20,E,8,0,-9990,0,0
07/02/2005,10:00,910,1320,558,3,10,450,3,20,247,3,10,60500,3,10,35338,3,20,36155,3,10,-9990,0,0,5,E,8,4,E,8,21.5,E,8,13.2,E,8,59,E,8,991,E,8,2,E,8,3.6,E,8,-9990,0,0,-9990,0,0,2.331,E,8,0.109,E,8,0.20,E,8,0,-9990,0,0
07/02/2005,11:00,1053,1320,655,3,10,480,3,20,272,3,10,72029,3,10,39815,3,20,40274,3,10,-9990,0,0,5,E,8,4,E,8,23.0,E,8,13.8,E,8,56,E,8,991,E,8,5,E,8,2.5,E,8,-9990,0,0,-9990,0,0,2.437,E,8,0.109,E,8,0.20,E,8,0,-9990,0,0
07/02/2005,12:00,1151,1320,735,3,10,497,3,20,302,3,10,81034,3,10,41838,3,20,44564,3,10,-9990,0,0,5,E,8,4,E,8,24.4,E,8,13.8,E,8,52,E,8,991,E,8,359,E,8,4.2,E,8,-9990,0,0,-9990,0,0,2.435,E,8,0.109,E,8,0.20,E,8,0,-9990,0,0
07/02/2005,13:00,1197,1320,750,3,10,433,3,20,358,3,10,81705,3,10,33309,3,20,51520,3,10,-9990,0,0,6,E,8,5,E,8,25.5,E,8,13.4,E,8,47,E,8,992,E,8,1,E,8,2.5,E,8,-9990,0,0,-9990,0,0,2.363,E,8,0.109,E,8,0.20,E,8,0,-9990,0,0
07/02/2005,14:00,1187,1320,770,3,10,481,3,20,337,3,10,84236,3,10,39328,3,20,48891,3,10,-9990,0,0,6,E,8,5,E,8,26.4,E,8,13.0,E,8,43,E,8,991,E,8,32,E,8,1.6,E,8,-9990,0,0,-9990,0,0,2.303,E,8,0.109,E,8,0.20,E,8,0,-9990,0,0
07/02/2005,15:00,1122,1320,687,3,10,406,3,20,342,3,10,74426,3,10,29975,3,20,48953,3,10,-9990,0,0,6,E,8,5,E,8,26.9,E,8,13.0,E,8,42,E,8,991,E,8,357,E,8,2.1,E,8,-9990,0,0,-9990,0,0,2.298,E,8,0.109,E,8,0.20,E,8,0,-9990,0,0
07/02/2005,16:00,1007,1320,605,3,10,373,3,20,320,3,10,66635,3,10,36560,3,20,38748,3,10,-9990,0,0,6,E,8,5,E,8,27.2,E,8,13.1,E,8,42,E,8,991,E,8,11,E,8,3.8,E,8,-9990,0,0,-9990,0,0,2.317,E,8,0.109,E,8,0.20,E,8,0,-9990,0,0
07/02/2005,17:00,850,1320,556,3,10,590,3,20,176,3,10,59939,3,10,55176,3,20,24430,3,10,-9990,0,0,4,E,8,3,E,8,27.2,E,8,13.5,E,8,43,E,8,991,E,8,353,E,8,2.3,E,8,-9990,0,0,-9990,0,0,2.395,E,8,0.109,E,8,0.20,E,8,0,-9990,0,0
07/02/2005,18:00,661,1320,401,3,10,522,3,20,139,3,10,44106,3,10,45475,3,20,21356,3,10,-9990,0,0,4,E,8,3,E,8,26.9,E,8,14.3,E,8,46,E,8,991,E,8,352,E,8,1.4,E,8,-9990,0,0,-9990,0,0,2.521,E,8,0.109,E,8,0.20,E,8,0,-9990,0,0
07/02/2005,19:00,452,1320,250,3,10,461,3,20,92,3,10,27389,3,10,38400,3,20,14230,3,10,-9990,0,0,3,E,8,2,E,8,26.1,E,8,14.0,E,8,47,E,8,991,E,8,226,E,8,3.0,E,8,-9990,0,0,-9990,0,0,2.479,E,8,0.109,E,8,0.20,E,8,0,-9990,0,0
07/02/2005,20:00,240,1320,118,3,10,251,3,20,72,3,10,12538,3,10,16357,3,20,9569,3,10,-9990,0,0,6,E,8,5,E,8,25.0,E,8,14.8,E,8,53,E,8,991,E,8,38,E,8,4.2,E,8,-9990,0,0,-9990,0,0,2.618,E,8,0.109,E,8,0.20,E,8,0,-9990,0,0
07/02/2005,21:00,48,466,8,3,10,0,3,20,8,3,10,1033,3,10,3,3,20,1033,3,10,-9990,0,0,6,E,8,5,E,8,23.7,E,8,14.6,E,8,57,E,8,991,E,8,77,E,8,4.5,E,8,-9990,0,0,-9990,0,0,2.580,E,8,0.109,E,8,0.20,E,8,0,-9990,0,0
07/02/2005,22:00,0,0,0,3,0,0,3,0,0,3,0,0,3,0,0,3,0,0,3,0,-9990,0,0,5,E,8,4,E,8,22.4,E,8,15.8,E,8,66,E,8,991,E,8,82,E,8,4.7,E,8,-9990,0,0,-9990,0,0,2.801,E,8,0.109,E,8,0.20,E,8,0,-9990,0,0
07/02/2005,23:00,0,0,0,3,0,0,3,0,0,3,0,0,3,0,0,3,0,0,3,0,-9990,0,0,5,E,8,4,E,8,21.2,E,8,16.2,E,8,73,E,8,990,E,8,82,E,8,3.8,E,8,-9990,0,0,-9990,0,0,2.879,E,8,0.109,E,8,0.20,E,8,0,-9990,0,0
07/02/2005,24:00,0,0,0,3,0,0,3,0,0,3,0,0,3,0,0,3,0,0,3,0,-9990,0,0,4,E,8,3,E,8,19.9,E,8,16.9,E,8,83,E,8,990,E,8,1,E,8,1.1,E,8,-9990,0,0,-9990,0,0,3.037,E,8,0.109,E,8,0.20,E,8,0,-9990,0,0
07/03/2005,01:00,0,0,0,3,0,0,3,0,0,3,0,0,3,0,0,3,0,0,3,0,-9990,0,0,4,E,8,3,E,8,19.3,E,8,16.0,E,8,81,E,8,990,E,8,69,E,8,1.1,E,8,-9990,0,0,-9990,0,0,2.839,E,8,0.112,E,8,0.20,E,8,0,-9990,0,0
07/03/2005,02:00,0,0,0,3,0,0,3,0,0,3,0,0,3,0,0,3,0,0,3,0,-9990,0,0,4,E,8,3,E,8,18.6,E,8,16.6,E,8,88,E,8,990,E,8,65,E,8,2.5,E,8,-9990,0,0,-9990,0,0,2.957,E,8,0.112,E,8,0.20,E,8,0,-9990,0,0
07/03/2005,03:00,0,0,0,3,0,0,3,0,0,3,0,0,3,0,0,3,0,0,3,0,-9990,0,0,3,E,8,2,E,8,18.2,E,8,17.3,E,8,95,E,8,990,E,8,12,E,8,2.7,E,8,-9990,0,0,-9990,0,0,3.121,E,8,0.112,E,8,0.20,E,8,0,-9990,0,0
07/03/2005,04:00,0,0,0,3,0,0,3,0,0,3,0,0,3,0,0,3,0,0,3,0,-9990,0,0,3,E,8,2,E,8,17.9,E,8,17.8,E,8,100,E,8,990,E,8,210,E,8,2.7,E,8,-9990,0,0,-9990,0,0,3.230,E,8,0.112,E,8,0.20,E,8,0,-9990,0,0
07/03/2005,05:00,0,0,0,3,10,0,3,20,0,3,10,0,3,10,0,3,20,0,3,10,-9990,0,0,1,E,8,1,E,8,17.8,E,8,17.7,E,8,100,E,8,990,E,8,163,E,8,5.5,E,8,-9990,0,0,-9990,0,0,3.212,E,8,0.112,E,8,0.20,E,8,0,-9990,0,0
07/03/2005,06:00,105,1320,56,3,10,295,3,20,33,3,10,5870,3,10,8927,3,20,5163,3,10,-9990,0,0,1,E,8,1,E,8,18.5,E,8,18.5,E,8,100,E,8,990,E,8,89,E,8,3.6,E,8,-9990,0,0,-9990,0,0,3.376,E,8,0.112,E,8,0.20,E,8,0,-9990,0,0
07/03/2005,07:00,313,1320,177,3,10,423,3,20,77,3,10,19081,3,10,30046,3,20,11965,3,10,-9990,0,0,0,E,8,0,E,8,19.7,E,8,18.8,E,8,94,E,8,990,E,8,68,E,8,1.7,E,8,-9990,0,0,-9990,0,0,3.448,E,8,0.112,E,8,0.20,E,8,0,-9990,0,0
07/03/2005,08:00,526,1320,370,3,10,736,3,20,77,3,10,39975,3,10,70423,3,20,11942,3,10,-9990,0,0,0,E,8,0,E,8,21.5,E,8,18.9,E,8,85,E,8,989,E,8,59,E,8,1.6,E,8,-9990,0,0,-9990,0,0,3.488,E,8,0.112,E,8,0.20,E,8,0,-9990,0,0
07/03/2005,09:00,729,1320,577,3,10,825,3,20,122,3,10,63755,3,10,81885,3,20,18562,3,10,-9990,0,0,0,E,8,0,E,8,23.7,E,8,19.1,E,8,75,E,8,989,E,8,85,E,8,0.5,E,8,-9990,0,0,-9990,0,0,3.529,E,8,0.112,E,8,0.20,E,8,0,-9990,0,0
07/03/2005,10:00,908,1320,657,3,10,737,3,20,150,3,10,72645,3,10,73909,3,20,21805,3,10,-9990,0,0,0,E,8,0,E,8,25.5,E,8,16.6,E,8,58,E,8,989,E,8,208,E,8,0.5,E,8,-9990,0,0,-9990,0,0,2.957,E,8,0.112,E,8,0.20,E,8,0,-9990,0,0
07/03/2005,11:00,1052,1320,800,3,10,720,3,20,227,3,10,87240,3,10,71478,3,20,30294,3,10,-9990,0,0,3,E,8,2,E,8,27.3,E,8,15.9,E,8,50,E,8,989,E,8,216,E,8,0.5,E,8,-9990,0,0,-9990,0,0,2.832,E,8,0.112,E,8,0.20,E,8,0,-9990,0,0
07/03/2005,12:00,1150,1320,338,3,10,30,3,20,312,3,10,38207,3,10,2240,3,20,36255,3,10,-9990,0,0,10,E,8,9,E,8,27.1,E,8,16.3,E,8,52,E,8,989,E,8,126,E,8,0.1,E,8,-9990,0,0,-9990,0,0,2.907,E,8,0.112,E,8,0.20,E,8,0,-9990,0,0
07/03/2005,13:00,1196,1320,385,3,10,24,3,20,364,3,10,44992,3,10,2455,3,20,42769,3,10,-9990,0,0,10,E,8,9,E,8,27.1,E,8,17.2,E,8,55,E,8,989,E,8,164,E,8,0.9,E,8,-9990,0,0,-9990,0,0,3.083,E,8,0.112,E,8,0.20,E,8,0,-9990,0,0
07/03/2005,14:00,1186,1320,529,3,10,115,3,20,425,3,10,59249,3,10,10145,3,20,50136,3,10,-9990,0,0,10,E,8,9,E,8,27.4,E,8,16.4,E,8,51,E,8,989,E,8,158,E,8,1.7,E,8,-9990,0,0,-9990,0,0,2.928,E,8,0.112,E,8,0.20,E,8,0,-9990,0,0
07/03/2005,15:00,1122,1320,432,3,10,42,3,20,396,3,10,48526,3,10,3509,3,20,45545,3,10,-9990,0,0,10,E,8,9,E,8,27.4,E,8,14.9,E,8,46,E,8,989,E,8,75,E,8,0.7,E,8,-9990,0,0,-9990,0,0,2.635,E,8,0.112,E,8,0.20,E,8,0,-9990,0,0
07/03/2005,16:00,1007,1320,365,3,10,30,3,20,342,3,10,40973,3,10,2146,3,20,39337,3,10,-9990,0,0,10,E,8,9,E,8,27.2,E,8,15.2,E,8,48,E,8,988,E,8,19,E,8,0.1,E,8,-9990,0,0,-9990,0,0,2.686,E,8,0.112,E,8,0.20,E,8,0,-9990,0,0
07/03/2005,17:00,849,1320,331,3,10,74,3,20,283,3,10,37165,3,10,7005,3,20,32659,3,10,-9990,0,0,10,E,8,9,E,8,26.9,E,8,15.9,E,8,51,E,8,988,E,8,0,E,8,0.1,E,8,-9990,0,0,-9990,0,0,2.820,E,8,0.112,E,8,0.20,E,8,0,-9990,0,0
07/03/2005,18:00,660,1320,263,3,10,89,3,20,218,3,10,29432,3,10,8620,3,20,25122,3,10,-9990,0,0,10,E,8,9,E,8,26.4,E,8,15.2,E,8,50,E,8,988,E,8,22,E,8,0.1,E,8,-9990,0,0,-9990,0,0,2.691,E,8,0.112,E,8,0.20,E,8,0,-9990,0,0
07/03/2005,19:00,452,1320,78,3,10,0,3,20,78,3,10,8988,3,10,0,3,20,8988,3,10,-9990,0,0,10,E,8,9,E,8,25.5,E,8,15.2,E,8,53,E,8,988,E,8,251,E,8,0.7,E,8,-9990,0,0,-9990,0,0,2.691,E,8,0.112,E,8,0.20,E,8,0,-9990,0,0
07/03/2005,20:00,239,1320,57,3,10,0,3,20,57,3,10,6330,3,10,0,3,20,6330,3,10,-9990,0,0,10,E,8,9,E,8,24.5,E,8,14.9,E,8,55,E,8,988,E,8,148,E,8,1.7,E,8,-9990,0,0,-9990,0,0,2.636,E,8,0.112,E,8,0.20,E,8,0,-9990,0,0
07/03/2005,21:00,48,463,9,3,10,0,3,20,9,3,10,1108,3,10,2,3,20,1107,3,10,-9990,0,0,10,E,8,9,E,8,23.6,E,8,14.0,E,8,55,E,8,987,E,8,51,E,8,1.7,E,8,-9990,0,0,-9990,0,0,2.479,E,8,0.112,E,8,0.20,E,8,0,-9990,0,0
07/03/2005,22:00,0,0,0,3,0,0,3,0,0,3,0,0,3,0,0,3,0,0,3,0,-9990,0,0,10,E,8,9,E,8,22.0,E,8,13.9,E,8,60,E,8,987,E,8,44,E,8,0.4,E,8,-9990,0,0,-9990,0,0,2.453,E,8,0.112,E,8,0.20,E,8,0,-9990,0,0
07/03/2005,23:00,0,0,0,3,0,0,3,0,0,3,0,0,3,0,0,3,0,0,3,0,-9990,0,0,10,E,8,9,E,8,20.4,E,8,13.8,E,8,66,E,8,987,E,8,83,E,8,1.6,E,8,-9990,0,0,-9990,0,0,2.433,E,8,0.112,E,8,0.20,E,8,0,-9990,0,0
07/03/2005,24:00,0,0,0,3,0,0,3,0,0,3,0,0,3,0,0,3,0,0,3,0,-9990,0,0,10,E,8,9,E,8,18.9,E,8,13.9,E,8,73,E,8,987,E,8,52,E,8,1.4,E,8,-9990,0,0,-9990,0,0,2.448,E,8,0.112,E,8,0.20,E,8,0,-9990,0,0
07/04/2005,01:00,0,0,0,3,0,0,3,0,0,3,0,0,3,0,0,3,0,0,3,0,-9990,0,0,10,E,8,9,E,8,16.6,E,8,15.7,E,8,94,E,8,987,E,8,34,E,8,0.4,E,8,-9990,0,0,-9990,0,0,2.778,E,8,0.107,E,8,0.20,E,8,6,-9990,0,0
07/04/2005,02:00,0,0,0,3,0,0,3,0,0,3,0,0,3,0,0,3,0,0,3,0,-9990,0,0,10,E,8,9,E,8,16.8,E,8,14.4,E,8,86,E,8,987,E,8,217,E,8,0.4,E,8,-9990,0,0,-9990,0,0,2.539,E,8,0.107,E,8,0.20,E,8,0,-9990,0,0
07/04/2005,03:00,0,0,0,3,0,0,3,0,0,3,0,0,3,0,0,3,0,0,3,0,-9990,0,0,10,E,8,9,E,8,16.2,E,8,14.1,E,8,87,E,8,986,E,8,29,E,8,0.3,E,8,-9990,0,0,-9990,0,0,2.489,E,8,0.107,E,8,0.20,E,8,0,-9990,0,0
07/04/2005,04:00,0,0,0,3,0,0,3,0,0,3,0,0,3,0,0,3,0,0,3,0,-9990,0,0,10,E,8,9,E,8,15.8,E,8,13.5,E,8,86,E,8,986,E,8,16,E,8,0.1,E,8,-9990,0,0,-9990,0,0,2.388,E,8,0.107,E,8,0.20,E,8,0,-9990,0,0
07/04/2005,05:00,0,0,0,3,10,0,3,20,0,3,10,0,3,10,0,3,20,0,3,10,-9990,0,0,10,E,8,9,E,8,15.7,E,8,13.9,E,8,89,E,8,986,E,8,34,E,8,0.1,E,8,-9990,0,0,-9990,0,0,2.447,E,8,0.107,E,8,0.20,E,8,0,-9990,0,0
07/04/2005,06:00,103,1320,20,3,10,0,3,20,20,3,10,2226,3,10,0,3,20,2226,3,10,-9990,0,0,10,E,8,9,E,8,15.9,E,8,14.6,E,8,92,E,8,986,E,8,282,E,8,0.1,E,8,-9990,0,0,-9990,0,0,2.580,E,8,0.107,E,8,0.20,E,8,0,-9990,0,0
07/04/2005,07:00,311,1320,66,3,10,0,3,20,66,3,10,7453,3,10,0,3,20,7453,3,10,-9990,0,0,10,E,8,9,E,8,16.3,E,8,14.4,E,8,89,E,8,986,E,8,254,E,8,0.1,E,8,-9990,0,0,-9990,0,0,2.549,E,8,0.107,E,8,0.20,E,8,0,-9990,0,0
07/04/2005,08:00,524,1320,125,3,10,0,3,20,125,3,10,14162,3,10,0,3,20,14162,3,10,-9990,0,0,10,E,8,9,E,8,16.8,E,8,14.6,E,8,87,E,8,985,E,8,254,E,8,0.4,E,8,-9990,0,0,-9990,0,0,2.574,E,8,0.107,E,8,0.20,E,8,0,-9990,0,0
07/04/2005,09:00,727,1320,181,3,10,5,3,20,178,3,10,20770,3,10,359,3,20,20573,3,10,-9990,0,0,10,E,8,9,E,8,17.4,E,8,14.9,E,8,86,E,8,985,E,8,227,E,8,0.6,E,8,-9990,0,0,-9990,0,0,2.638,E,8,0.107,E,8,0.20,E,8,0,-9990,0,0
07/04/2005,10:00,907,1320,234,3,10,9,3,20,228,3,10,27171,3,10,806,3,20,26618,3,10,-9990,0,0,10,E,8,9,E,8,17.9,E,8,15.2,E,8,84,E,8,985,E,8,61,E,8,0.3,E,8,-9990,0,0,-9990,0,0,2.681,E,8,0.107,E,8,0.20,E,8,0,-9990,0,0
07/04/2005,11:00,1051,1320,288,3,10,14,3,20,277,3,10,33741,3,10,1449,3,20,32588,3,10,-9990,0,0,10,E,8,9,E,8,18.5,E,8,15.2,E,8,81,E,8,985,E,8,24,E,8,0.0,E,8,-9990,0,0,-9990,0,0,2.681,E,8,0.107,E,8,0.20,E,8,0,-9990,0,0
07/04/2005,12:00,1149,1320,331,3,10,17,3,20,316,3,10,38902,3,10,1743,3,20,37385,3,10,-9990,0,0,10,E,8,9,E,8,19.0,E,8,15.7,E,8,81,E,8,985,E,8,75,E,8,0.0,E,8,-9990,0,0,-9990,0,0,2.778,E,8,0.107,E,8,0.20,E,8,0,-9990,0,0
07/04/2005,13:00,1195,1320,335,3,10,16,3,20,321,3,10,39564,3,10,1622,3,20,38095,3,10,-9990,0,0,10,E,8,9,E,8,19.4,E,8,16.0,E,8,81,E,8,985,E,8,82,E,8,0.0,E,8,-9990,0,0,-9990,0,0,2.837,E,8,0.107,E,8,0.20,E,8,1,-9990,0,0
07/04/2005,14:00,1185,1320,357,3,10,19,3,20,339,3,10,41933,3,10,1996,3,20,40141,3,10,-9990,0,0,10,E,8,9,E,8,19.9,E,8,12.9,E,8,64,E,8,985,E,8,79,E,8,0.2,E,8,-9990,0,0,-9990,0,0,2.286,E,8,0.107,E,8,0.20,E,8,0,-9990,0,0
07/04/2005,15:00,1121,1320,341,3,10,20,3,20,324,3,10,39806,3,10,2085,3,20,38036,3,10,-9990,0,0,10,E,8,9,E,8,19.8,E,8,16.1,E,8,79,E,8,985,E,8,254,E,8,0.4,E,8,-9990,0,0,-9990,0,0,2.869,E,8,0.107,E,8,0.20,E,8,2,-9990,0,0
07/04/2005,16:00,1006,1320,309,3,10,18,3,20,296,3,10,35704,3,10,1801,3,20,34332,3,10,-9990,0,0,10,E,8,9,E,8,19.8,E,8,17.2,E,8,85,E,8,985,E,8,247,E,8,0.9,E,8,-9990,0,0,-9990,0,0,3.084,E,8,0.107,E,8,0.20,E,8,2,-9990,0,0
07/04/2005,17:00,849,1320,256,3,10,17,3,20,245,3,10,29201,3,10,1715,3,20,28098,3,10,-9990,0,0,10,E,8,9,E,8,20.1,E,8,17.5,E,8,85,E,8,985,E,8,307,E,8,0.7,E,8,-9990,0,0,-9990,0,0,3.151,E,8,0.107,E,8,0.20,E,8,1,-9990,0,0
07/04/2005,18:00,660,1320,176,3,10,6,3,20,173,3,10,19982,3,10,514,3,20,19726,3,10,-9990,0,0,10,E,8,9,E,8,20.0,E,8,16.6,E,8,81,E,8,985,E,8,287,E,8,0.3,E,8,-9990,0,0,-9990,0,0,2.967,E,8,0.107,E,8,0.20,E,8,0,-9990,0,0
07/04/2005,19:00,451,1320,105,3,10,0,3,20,105,3,10,11805,3,10,0,3,20,11805,3,10,-9990,0,0,10,E,8,9,E,8,19.7,E,8,16.3,E,8,81,E,8,985,E,8,305,E,8,0.5,E,8,-9990,0,0,-9990,0,0,2.903,E,8,0.107,E,8,0.20,E,8,0,-9990,0,0
07/04/2005,20:00,238,1320,43,3,10,0,3,20,43,3,10,4849,3,10,0,3,20,4849,3,10,-9990,0,0,10,E,8,9,E,8,19.2,E,8,15.8,E,8,81,E,8,985,E,8,285,E,8,1.2,E,8,-9990,0,0,-9990,0,0,2.804,E,8,0.107,E,8,0.20,E,8,0,-9990,0,0
07/04/2005,21:00,47,460,2,3,10,0,3,20,2,3,10,262,3,10,8,3,20,261,3,10,-9990,0,0,10,E,8,9,E,8,18.7,E,8,15.3,E,8,81,E,8,985,E,8,306,E,8,0.8,E,8,-9990,0,0,-9990,0,0,2.715,E,8,0.107,E,8,0.20,E,8,0,-9990,0,0
07/04/2005,22:00,0,0,0,3,0,0,3,0,0,3,0,0,3,0,0,3,0,0,3,0,-9990,0,0,10,E,8,9,E,8,18.0,E,8,15.4,E,8,85,E,8,985,E,8,282,E,8,1.4,E,8,-9990,0,0,-9990,0,0,2.720,E,8,0.107,E,8,0.20,E,8,0,-9990,0,0
07/04/2005,23:00,0,0,0,3,0,0,3,0,0,3,0,0,3,0,0,3,0,0,3,0,-9990,0,0,10,E,8,9,E,8,17.2,E,8,15.2,E,8,88,E,8,985,E,8,253,E,8,2.3,E,8,-9990,0,0,-9990,0,0,2.690,E,8,0.107,E,8,0.20,E,8,0,-9990,0,0
07/04/2005,24:00,0,0,0,3,0,0,3,0,0,3,0,0,3,0,0,3,0,0,3,0,-9990,0,0,10,E,8,9,E,8,16.5,E,8,15.2,E,8,92,E,8,985,E,8,292,E,8,2.5,E,8,-9990,0,0,-9990,0,0,2.683,E,8,0.107,E,8,0.20,E,8,0,-9990,0,0
07/05/2005,01:00,0,0,0,3,0,0,3,0,0,3,0,0,3,0,0,3,0,0,3,0,-9990,0,0,10,E,8,9,E,8,15.8,E,8,15.5,E,8,98,E,8,985,E,8,226,E,8,2.7,E,8,-9990,0,0,-9990,0,0,2.737,E,8,0.106,E,8,0.20,E,8,2,-9990,0,0
07/05/2005,02:00,0,0,0,3,0,0,3,0,0,3,0,0,3,0,0,3,0,0,3,0,-9990,0,0,10,E,8,9,E,8,15.1,E,8,14.7,E,8,98,E,8,985,E,8,237,E,8,2.7,E,8,-9990,0,0,-9990,0,0,2.604,E,8,0.106,E,8,0.20,E,8,4,-9990,0,0
07/05/2005,03:00,0,0,0,3,0,0,3,0,0,3,0,0,3,0,0,3,0,0,3,0,-9990,0,0,10,E,8,9,E,8,15.6,E,8,15.0,E,8,96,E,8,985,E,8,264,E,8,2.3,E,8,-9990,0,0,-9990,0,0,2.652,E,8,0.106,E,8,0.20,E,8,0,-9990,0,0
07/05/2005,04:00,0,0,0,3,0,0,3,0,0,3,0,0,3,0,0,3,0,0,3,0,-9990,0,0,10,E,8,9,E,8,15.3,E,8,14.5,E,8,95,E,8,985,E,8,211,E,8,2.5,E,8,-9990,0,0,-9990,0,0,2.563,E,8,0.106,E,8,0.20,E,8,1,-9990,0,0
07/05/2005,05:00,0,0,0,3,10,0,3,20,0,3,10,0,3,10,0,3,20,0,3,10,-9990,0,0,10,E,8,9,E,8,15.3,E,8,13.9,E,8,91,E,8,985,E,8,238,E,8,7.4,E,8,-9990,0,0,-9990,0,0,2.449,E,8,0.106,E,8,0.20,E,8,1,-9990,0,0
07/05/2005,06:00,100,1320,14,3,10,0,3,20,14,3,10,1644,3,10,0,3,20,1644,3,10,-9990,0,0,10,E,8,9,E,8,15.2,E,8,14.8,E,8,97,E,8,985,E,8,294,E,8,3.3,E,8,-9990,0,0,-9990,0,0,2.615,E,8,0.106,E,8,0.20,E,8,2,-9990,0,0
07/05/2005,07:00,309,1320,16,3,10,0,3,20,16,3,10,1979,3,10,1,3,20,1979,3,10,-9990,0,0,10,E,8,9,E,8,15.6,E,8,14.1,E,8,91,E,8,985,E,8,319,E,8,1.9,E,8,-9990,0,0,-9990,0,0,2.498,E,8,0.106,E,8,0.20,E,8,1,-9990,0,0
07/05/2005,08:00,522,1320,125,3,10,0,3,20,125,3,10,14155,3,10,0,3,20,14155,3,10,-9990,0,0,10,E,8,9,E,8,16.5,E,8,15.0,E,8,91,E,8,985,E,8,279,E,8,1.2,E,8,-9990,0,0,-9990,0,0,2.649,E,8,0.106,E,8,0.20,E,8,0,-9990,0,0
07/05/2005,09:00,725,1320,172,3,10,2,3,20,171,3,10,19871,3,10,106,3,20,19813,3,10,-9990,0,0,10,E,8,9,E,8,17.3,E,8,14.0,E,8,81,E,8,985,E,8,297,E,8,1.9,E,8,-9990,0,0,-9990,0,0,2.468,E,8,0.106,E,8,0.20,E,8,0,-9990,0,0
07/05/2005,10:00,905,1320,274,3,10,16,3,20,263,3,10,31498,3,10,1576,3,20,30417,3,10,-9990,0,0,10,E,8,9,E,8,18.3,E,8,15.0,E,8,81,E,8,985,E,8,317,E,8,0.7,E,8,-9990,0,0,-9990,0,0,2.645,E,8,0.106,E,8,0.20,E,8,0,-9990,0,0
07/05/2005,11:00,1049,1320,266,3,10,10,3,20,258,3,10,31315,3,10,930,3,20,30576,3,10,-9990,0,0,10,E,8,9,E,8,19.0,E,8,15.6,E,8,81,E,8,985,E,8,286,E,8,1.1,E,8,-9990,0,0,-9990,0,0,2.769,E,8,0.106,E,8,0.20,E,8,0,-9990,0,0
07/05/2005,12:00,1148,1320,365,3,10,23,3,20,345,3,10,42630,3,10,2384,3,20,40558,3,10,-9990,0,0,10,E,8,9,E,8,19.9,E,8,12.5,E,8,63,E,8,985,E,8,281,E,8,1.4,E,8,-9990,0,0,-9990,0,0,2.229,E,8,0.106,E,8,0.20,E,8,0,-9990,0,0
07/05/2005,13:00,1194,1320,269,3,10,3,3,20,266,3,10,32308,3,10,174,3,20,32151,3,10,-9990,0,0,10,E,8,9,E,8,20.2,E,8,11.9,E,8,59,E,8,985,E,8,301,E,8,1.1,E,8,-9990,0,0,-9990,0,0,2.132,E,8,0.106,E,8,0.20,E,8,0,-9990,0,0
07/05/2005,14:00,1185,1320,255,3,10,3,3,20,252,3,10,30683,3,10,157,3,20,30542,3,10,-9990,0,0,10,E,8,9,E,8,20.5,E,8,11.6,E,8,57,E,8,985,E,8,291,E,8,1.1,E,8,-9990,0,0,-9990,0,0,2.084,E,8,0.106,E,8,0.20,E,8,0,-9990,0,0
07/05/2005,15:00,1120,1320,367,3,10,26,3,20,345,3,10,42810,3,10,2717,3,20,40504,3,10,-9990,0,0,10,E,8,9,E,8,21.0,E,8,11.1,E,8,53,E,8,985,E,8,280,E,8,0.9,E,8,-9990,0,0,-9990,0,0,2.025,E,8,0.106,E,8,0.20,E,8,0,-9990,0,0
07/05/2005,16:00,1006,1320,390,3,10,55,3,20,348,3,10,43803,3,10,4964,3,20,40022,3,10,-9990,0,0,10,E,8,9,E,8,21.3,E,8,14.6,E,8,65,E,8,986,E,8,223,E,8,0.7,E,8,-9990,0,0,-9990,0,0,2.577,E,8,0.106,E,8,0.20,E,8,0,-9990,0,0
07/05/2005,17:00,848,1320,217,3,10,10,3,20,211,3,10,25231,3,10,913,3,20,24645,3,10,-9990,0,0,10,E,8,9,E,8,21.4,E,8,11.2,E,8,52,E,8,986,E,8,217,E,8,0.7,E,8,-9990,0,0,-9990,0,0,2.033,E,8,0.106,E,8,0.20,E,8,0,-9990,0,0
07/05/2005,18:00,659,1320,205,3,10,16,3,20,197,3,10,23072,3,10,1594,3,20,22276,3,10,-9990,0,0,10,E,8,9,E,8,21.4,E,8,14.6,E,8,65,E,8,986,E,8,316,E,8,0.6,E,8,-9990,0,0,-9990,0,0,2.578,E,8,0.106,E,8,0.20,E,8,0,-9990,0,0
07/05/2005,19:00,451,1320,125,3,10,7,3,20,123,3,10,13933,3,10,637,3,20,13716,3,10,-9990,0,0,10,E,8,9,E,8,20.9,E,8,17.7,E,8,82,E,8,987,E,8,299,E,8,0.8,E,8,-9990,0,0,-9990,0,0,3.213,E,8,0.106,E,8,0.20,E,8,1,-9990,0,0
07/05/2005,20:00,238,1320,61,3,10,6,3,20,60,3,10,6782,3,10,519,3,20,6688,3,10,-9990,0,0,10,E,8,9,E,8,19.1,E,8,17.2,E,8,89,E,8,987,E,8,282,E,8,1.2,E,8,-9990,0,0,-9990,0,0,3.091,E,8,0.106,E,8,0.20,E,8,8,-9990,0,0
07/05/2005,21:00,46,457,10,3,10,0,3,20,10,3,10,1192,3,10,0,3,20,1192,3,10,-9990,0,0,9,E,8,8,E,8,20.1,E,8,16.7,E,8,81,E,8,987,E,8,285,E,8,1.4,E,8,-9990,0,0,-9990,0,0,2.988,E,8,0.106,E,8,0.20,E,8,0,-9990,0,0
07/05/2005,22:00,0,0,0,3,0,0,3,0,0,3,0,0,3,0,0,3,0,0,3,0,-9990,0,0,9,E,8,8,E,8,18.7,E,8,15.4,E,8,81,E,8,988,E,8,254,E,8,2.7,E,8,-9990,0,0,-9990,0,0,2.718,E,8,0.106,E,8,0.20,E,8,0,-9990,0,0
07/05/2005,23:00,0,0,0,3,0,0,3,0,0,3,0,0,3,0,0,3,0,0,3,0,-9990,0,0,8,E,8,7,E,8,17.3,E,8,14.0,E,8,81,E,8,988,E,8,269,E,8,3.0,E,8,-9990,0,0,-9990,0,0,2.472,E,8,0.106,E,8,0.20,E,8,0,-9990,0,0
07/05/2005,24:00,0,0,0,3,0,0,3,0,0,3,0,0,3,0,0,3,0,0,3,0,-9990,0,0,6,E,8,6,E,8,15.9,E,8,12.6,E,8,81,E,8,988,E,8,237,E,8,2.3,E,8,-9990,0,0,-9990,0,0,2.248,E,8,0.106,E,8,0.20,E,8,0,-9990,0,0
07/06/2005,01:00,0,0,0,3,0,0,3,0,0,3,0,0,3,0,0,3,0,0,3,0,-9990,0,0,6,E,8,6,E,8,14.6,E,8,11.4,E,8,81,E,8,989,E,8,272,E,8,1.4,E,8,-9990,0,0,-9990,0,0,2.054,E,8,0.089,E,8,0.20,E,8,0,-9990,0,0
07/06/2005,02:00,0,0,0,3,0,0,3,0,0,3,0,0,3,0,0,3,0,0,3,0,-9990,0,0,5,E,8,5,E,8,13.1,E,8,10.1,E,8,82,E,8,989,E,8,271,E,8,0.7,E,8,-9990,0,0,-9990,0,0,1.877,E,8,0.089,E,8,0.20,E,8,0,-9990,0,0
07/06/2005,03:00,0,0,0,3,0,0,3,0,0,3,0,0,3,0,0,3,0,0,3,0,-9990,0,0,4,E,8,3,E,8,12.2,E,8,9.8,E,8,85,E,8,989,E,8,276,E,8,1.9,E,8,-9990,0,0,-9990,0,0,1.842,E,8,0.089,E,8,0.20,E,8,0,-9990,0,0
07/06/2005,04:00,0,0,0,3,0,0,3,0,0,3,0,0,3,0,0,3,0,0,3,0,-9990,0,0,4,E,8,3,E,8,11.5,E,8,9.3,E,8,86,E,8,990,E,8,265,E,8,0.6,E,8,-9990,0,0,-9990,0,0,1.782,E,8,0.089,E,8,0.20,E,8,0,-9990,0,0
07/06/2005,05:00,0,0,0,3,10,0,3,20,0,3,10,0,3,10,0,3,20,0,3,10,-9990,0,0,3,E,8,2,E,8,11.3,E,8,8.2,E,8,81,E,8,990,E,8,269,E,8,1.6,E,8,-9990,0,0,-9990,0,0,1.643,E,8,0.089,E,8,0.20,E,8,0,-9990,0,0
07/06/2005,06:00,98,1320,46,3,10,207,3,20,30,3,10,4784,3,10,5284,3,20,4391,3,10,-9990,0,0,1,E,8,1,E,8,11.6,E,8,8.5,E,8,81,E,8,991,E,8,300,E,8,3.0,E,8,-9990,0,0,-9990,0,0,1.676,E,8,0.089,E,8,0.20,E,8,0,-9990,0,0
07/06/2005,07:00,307,1320,170,3,10,502,3,20,53,3,10,17973,3,10,41533,3,20,8330,3,10,-9990,0,0,1,E,8,1,E,8,12.5,E,8,7.6,E,8,72,E,8,991,E,8,294,E,8,0.7,E,8,-9990,0,0,-9990,0,0,1.583,E,8,0.089,E,8,0.20,E,8,0,-9990,0,0
07/06/2005,08:00,520,1320,324,3,10,620,3,20,80,3,10,34926,3,10,57427,3,20,12315,3,10,-9990,0,0,0,E,8,0,E,8,13.7,E,8,8.5,E,8,71,E,8,991,E,8,233,E,8,2.1,E,8,-9990,0,0,-9990,0,0,1.686,E,8,0.089,E,8,0.20,E,8,0,-9990,0,0
07/06/2005,09:00,724,1320,486,3,10,703,3,20,101,3,10,51890,3,10,68118,3,20,14562,3,10,-9990,0,0,0,E,8,0,E,8,15.0,E,8,8.7,E,8,66,E,8,992,E,8,264,E,8,3.0,E,8,-9990,0,0,-9990,0,0,1.704,E,8,0.089,E,8,0.20,E,8,0,-9990,0,0
07/06/2005,10:00,904,1320,633,3,10,725,3,20,137,3,10,69324,3,10,72533,3,20,19681,3,10,-9990,0,0,0,E,8,0,E,8,16.4,E,8,8.5,E,8,60,E,8,992,E,8,260,E,8,6.1,E,8,-9990,0,0,-9990,0,0,1.684,E,8,0.089,E,8,0.20,E,8,0,-9990,0,0
07/06/2005,11:00,1048,1320,752,3,10,727,3,20,175,3,10,82245,3,10,73556,3,20,23861,3,10,-9990,0,0,3,E,8,2,E,8,17.7,E,8,8.3,E,8,54,E,8,992,E,8,295,E,8,5.5,E,8,-9990,0,0,-9990,0,0,1.660,E,8,0.089,E,8,0.20,E,8,0,-9990,0,0
07/06/2005,12:00,1147,1320,837,3,10,735,3,20,199,3,10,91766,3,10,75198,3,20,26458,3,10,-9990,0,0,3,E,8,2,E,8,18.8,E,8,9.0,E,8,53,E,8,993,E,8,315,E,8,5.5,E,8,-9990,0,0,-9990,0,0,1.739,E,8,0.089,E,8,0.20,E,8,0,-9990,0,0
07/06/2005,13:00,1193,1320,879,3,10,742,3,20,208,3,10,96401,3,10,76425,3,20,27347,3,10,-9990,0,0,3,E,8,2,E,8,19.8,E,8,8.7,E,8,49,E,8,993,E,8,239,E,8,6.7,E,8,-9990,0,0,-9990,0,0,1.702,E,8,0.089,E,8,0.20,E,8,0,-9990,0,0
07/06/2005,14:00,1184,1320,877,3,10,763,3,20,193,3,10,93450,3,10,77716,3,20,23770,3,10,-9990,0,0,1,E,8,1,E,8,20.5,E,8,8.8,E,8,47,E,8,993,E,8,239,E,8,6.1,E,8,-9990,0,0,-9990,0,0,1.717,E,8,0.089,E,8,0.20,E,8,0,-9990,0,0
07/06/2005,15:00,1120,1320,827,3,10,776,3,20,169,3,10,88658,3,10,79275,3,20,21429,3,10,-9990,0,0,0,E,8,0,E,8,21.0,E,8,9.2,E,8,47,E,8,993,E,8,285,E,8,10.1,E,8,-9990,0,0,-9990,0,0,1.771,E,8,0.089,E,8,0.20,E,8,0,-9990,0,0
07/06/2005,16:00,1005,1320,734,3,10,789,3,20,134,3,10,79545,3,10,81068,3,20,17832,3,10,-9990,0,0,0,E,8,0,E,8,21.1,E,8,9.6,E,8,48,E,8,993,E,8,289,E,8,13.0,E,8,-9990,0,0,-9990,0,0,1.823,E,8,0.089,E,8,0.20,E,8,0,-9990,0,0
07/06/2005,17:00,848,1320,611,3,10,807,3,20,93,3,10,65484,3,10,81571,3,20,13109,3,10,-9990,0,0,0,E,8,0,E,8,21.0,E,8,9.5,E,8,48,E,8,993,E,8,276,E,8,11.3,E,8,-9990,0,0,-9990,0,0,1.807,E,8,0.089,E,8,0.20,E,8,0,-9990,0,0
07/06/2005,18:00,658,1320,459,3,10,795,3,20,63,3,10,49782,3,10,80992,3,20,9393,3,10,-9990,0,0,0,E,8,0,E,8,20.6,E,8,9.9,E,8,50,E,8,993,E,8,295,E,8,15.3,E,8,-9990,0,0,-9990,0,0,1.852,E,8,0.089,E,8,0.20,E,8,0,-9990,0,0
07/06/2005,19:00,450,1320,293,3,10,709,3,20,51,3,10,31609,3,10,69000,3,20,8092,3,10,-9990,0,0,0,E,8,0,E,8,19.7,E,8,8.5,E,8,48,E,8,993,E,8,325,E,8,6.1,E,8,-9990,0,0,-9990,0,0,1.677,E,8,0.089,E,8,0.20,E,8,0,-9990,0,0
07/06/2005,20:00,237,1320,137,3,10,324,3,20,79,3,10,14079,3,10,17260,3,20,10985,3,10,-9990,0,0,6,E,8,5,E,8,18.6,E,8,8.4,E,8,51,E,8,993,E,8,315,E,8,5.1,E,8,-9990,0,0,-9990,0,0,1.671,E,8,0.089,E,8,0.20,E,8,0,-9990,0,0
07/06/2005,21:00,46,453,10,3,10,0,3,20,10,3,10,1233,3,10,0,3,20,1233,3,10,-9990,0,0,6,E,8,5,E,8,17.3,E,8,8.6,E,8,57,E,8,993,E,8,293,E,8,5.5,E,8,-9990,0,0,-9990,0,0,1.691,E,8,0.089,E,8,0.20,E,8,0,-9990,0,0
07/06/2005,22:00,0,0,0,3,0,0,3,0,0,3,0,0,3,0,0,3,0,0,3,0,-9990,0,0,6,E,8,5,E,8,15.5,E,8,9.5,E,8,67,E,8,993,E,8,313,E,8,9.5,E,8,-9990,0,0,-9990,0,0,1.805,E,8,0.089,E,8,0.20,E,8,0,-9990,0,0
07/06/2005,23:00,0,0,0,3,0,0,3,0,0,3,0,0,3,0,0,3,0,0,3,0,-9990,0,0,6,E,8,5,E,8,13.7,E,8,10.0,E,8,78,E,8,993,E,8,296,E,8,6.1,E,8,-9990,0,0,-9990,0,0,1.862,E,8,0.089,E,8,0.20,E,8,0,-9990,0,0
07/06/2005,24:00,0,0,0,3,0,0,3,0,0,3,0,0,3,0,0,3,0,0,3,0,-9990,0,0,6,E,8,6,E,8,12.0,E,8,9.3,E,8,84,E,8,993,E,8,296,E,8,6.7,E,8,-9990,0,0,-9990,0,0,1.776,E,8,0.089,E,8,0.20,E,8,0,-9990,0,0
07/07/2005,01:00,0,0,0,3,0,0,3,0,0,3,0,0,3,0,0,3,0,0,3,0,-9990,0,0,6,E,8,6,E,8,11.7,E,8,9.2,E,8,85,E,8,993,E,8,277,E,8,3.6,E,8,-9990,0,0,-9990,0,0,1.767,E,8,0.085,E,8,0.20,E,8,0,-9990,0,0
07/07/2005,02:00,0,0,0,3,0,0,3,0,0,3,0,0,3,0,0,3,0,0,3,0,-9990,0,0,6,E,8,6,E,8,11.3,E,8,9.2,E,8,87,E,8,993,E,8,260,E,8,3.0,E,8,-9990,0,0,-9990,0,0,1.771,E,8,0.085,E,8,0.20,E,8,0,-9990,0,0
07/07/2005,03:00,0,0,0,3,0,0,3,0,0,3,0,0,3,0,0,3,0,0,3,0,-9990,0,0,6,E,8,6,E,8,11.1,E,8,8.9,E,8,86,E,8,993,E,8,188,E,8,3.3,E,8,-9990,0,0,-9990,0,0,1.731,E,8,0.085,E,8,0.20,E,8,0,-9990,0,0
07/07/2005,04:00,0,0,0,3,0,0,3,0,0,3,0,0,3,0,0,3,0,0,3,0,-9990,0,0,6,E,8,6,E,8,10.9,E,8,8.5,E,8,85,E,8,993,E,8,203,E,8,3.8,E,8,-9990,0,0,-9990,0,0,1.678,E,8,0.085,E,8,0.20,E,8,0,-9990,0,0
07/07/2005,05:00,0,0,0,3,0,0,3,0,0,3,0,0,3,0,0,3,0,0,3,0,-9990,0,0,6,E,8,6,E,8,10.7,E,8,9.2,E,8,90,E,8,993,E,8,187,E,8,1.9,E,8,-9990,0,0,-9990,0,0,1.769,E,8,0.085,E,8,0.20,E,8,0,-9990,0,0
07/07/2005,06:00,98,653,22,3,10,0,3,20,22,3,10,2502,3,10,0,3,20,2502,3,10,-9990,0,0,6,E,8,6,E,8,11.2,E,8,9.2,E,8,87,E,8,993,E,8,158,E,8,1.4,E,8,-9990,0,0,-9990,0,0,1.761,E,8,0.085,E,8,0.20,E,8,0,-9990,0,0
07/07/2005,07:00,304,1320,167,3,10,338,3,20,89,3,10,17471,3,10,20680,3,20,12704,3,10,-9990,0,0,6,E,8,5,E,8,13.1,E,8,9.7,E,8,80,E,8,993,E,8,256,E,8,0.6,E,8,-9990,0,0,-9990,0,0,1.823,E,8,0.085,E,8,0.20,E,8,0,-9990,0,0
07/07/2005,08:00,518,1320,321,3,10,607,3,20,83,3,10,34551,3,10,55779,3,20,12677,3,10,-9990,0,0,0,E,8,0,E,8,15.0,E,8,9.9,E,8,71,E,8,993,E,8,264,E,8,0.1,E,8,-9990,0,0,-9990,0,0,1.849,E,8,0.085,E,8,0.20,E,8,0,-9990,0,0
07/07/2005,09:00,722,1320,475,3,10,663,3,20,113,3,10,51622,3,10,63824,3,20,16737,3,10,-9990,0,0,1,E,8,1,E,8,17.0,E,8,9.3,E,8,61,E,8,993,E,8,278,E,8,0.5,E,8,-9990,0,0,-9990,0,0,1.783,E,8,0.085,E,8,0.20,E,8,0,-9990,0,0
07/07/2005,10:00,902,1320,623,3,10,690,3,20,151,3,10,67873,3,10,68138,3,20,21324,3,10,-9990,0,0,3,E,8,2,E,8,18.9,E,8,10.1,E,8,56,E,8,993,E,8,214,E,8,1.2,E,8,-9990,0,0,-9990,0,0,1.875,E,8,0.085,E,8,0.20,E,8,0,-9990,0,0
07/07/2005,11:00,1047,1320,737,3,10,678,3,20,199,3,10,80003,3,10,67431,3,20,26554,3,10,-9990,0,0,4,E,8,3,E,8,20.7,E,8,9.7,E,8,49,E,8,993,E,8,205,E,8,1.9,E,8,-9990,0,0,-9990,0,0,1.831,E,8,0.085,E,8,0.20,E,8,0,-9990,0,0
07/07/2005,12:00,1145,1320,824,3,10,694,3,20,222,3,10,89863,3,10,70215,3,20,28948,3,10,-9990,0,0,4,E,8,3,E,8,22.3,E,8,10.3,E,8,47,E,8,993,E,8,74,E,8,1.4,E,8,-9990,0,0,-9990,0,0,1.913,E,8,0.085,E,8,0.20,E,8,0,-9990,0,0
07/07/2005,13:00,1192,1320,866,3,10,701,3,20,233,3,10,94698,3,10,71511,3,20,30139,3,10,-9990,0,0,4,E,8,3,E,8,23.6,E,8,11.5,E,8,46,E,8,993,E,8,238,E,8,0.9,E,8,-9990,0,0,-9990,0,0,2.072,E,8,0.085,E,8,0.20,E,8,0,-9990,0,0
07/07/2005,14:00,1183,1320,872,3,10,748,3,20,202,3,10,96030,3,10,77250,3,20,26820,3,10,-9990,0,0,3,E,8,2,E,8,24.6,E,8,10.3,E,8,40,E,8,993,E,8,255,E,8,0.2,E,8,-9990,0,0,-9990,0,0,1.903,E,8,0.085,E,8,0.20,E,8,0,-9990,0,0
07/07/2005,15:00,1119,1320,819,3,10,751,3,20,182,3,10,87164,3,10,75745,3,20,22973,3,10,-9990,0,0,1,E,8,1,E,8,25.3,E,8,9.8,E,8,38,E,8,993,E,8,250,E,8,0.1,E,8,-9990,0,0,-9990,0,0,1.840,E,8,0.085,E,8,0.20,E,8,0,-9990,0,0
07/07/2005,16:00,1004,1320,733,3,10,786,3,20,135,3,10,79360,3,10,80707,3,20,17966,3,10,-9990,0,0,0,E,8,0,E,8,25.6,E,8,9.9,E,8,37,E,8,992,E,8,85,E,8,0.8,E,8,-9990,0,0,-9990,0,0,1.851,E,8,0.085,E,8,0.20,E,8,0,-9990,0,0
07/07/2005,17:00,847,1320,608,3,10,799,3,20,95,3,10,66723,3,10,82882,3,20,13552,3,10,-9990,0,0,0,E,8,0,E,8,25.5,E,8,10.0,E,8,38,E,8,992,E,8,14,E,8,0.8,E,8,-9990,0,0,-9990,0,0,1.870,E,8,0.085,E,8,0.20,E,8,0,-9990,0,0
07/07/2005,18:00,658,1320,460,3,10,781,3,20,71,3,10,50429,3,10,79739,3,20,10713,3,10,-9990,0,0,0,E,8,0,E,8,25.0,E,8,10.2,E,8,39,E,8,992,E,8,39,E,8,0.4,E,8,-9990,0,0,-9990,0,0,1.893,E,8,0.085,E,8,0.20,E,8,0,-9990,0,0
07/07/2005,19:00,449,1320,298,3,10,728,3,20,50,3,10,32287,3,10,71583,3,20,7940,3,10,-9990,0,0,0,E,8,0,E,8,24.0,E,8,9.9,E,8,41,E,8,992,E,8,0,E,8,0.5,E,8,-9990,0,0,-9990,0,0,1.861,E,8,0.085,E,8,0.20,E,8,0,-9990,0,0
07/07/2005,20:00,236,1320,140,3,10,338,3,20,79,3,10,14333,3,10,18295,3,20,11068,3,10,-9990,0,0,6,E,8,5,E,8,22.6,E,8,9.9,E,8,44,E,8,992,E,8,92,E,8,0.2,E,8,-9990,0,0,-9990,0,0,1.860,E,8,0.085,E,8,0.20,E,8,0,-9990,0,0
07/07/2005,21:00,45,448,10,3,10,0,3,20,10,3,10,1253,3,10,0,3,20,1253,3,10,-9990,0,0,6,E,8,5,E,8,21.0,E,8,10.7,E,8,51,E,8,991,E,8,220,E,8,0.3,E,8,-9990,0,0,-9990,0,0,1.959,E,8,0.085,E,8,0.20,E,8,0,-9990,0,0
07/07/2005,22:00,0,0,0,3,0,0,3,0,0,3,0,0,3,0,0,3,0,0,3,0,-9990,0,0,8,E,8,6,E,8,20.2,E,8,11.9,E,8,59,E,8,991,E,8,252,E,8,0.3,E,8,-9990,0,0,-9990,0,0,2.136,E,8,0.085,E,8,0.20,E,8,0,-9990,0,0
07/07/2005,23:00,0,0,0,3,0,0,3,0,0,3,0,0,3,0,0,3,0,0,3,0,-9990,0,0,8,E,8,6,E,8,19.4,E,8,12.6,E,8,65,E,8,991,E,8,201,E,8,0.0,E,8,-9990,0,0,-9990,0,0,2.241,E,8,0.085,E,8,0.20,E,8,0,-9990,0,0
07/07/2005,24:00,0,0,0,3,0,0,3,0,0,3,0,0,3,0,0,3,0,0,3,0,-9990,0,0,8,E,8,6,E,8,18.6,E,8,11.8,E,8,64,E,8,991,E,8,258,E,8,0.2,E,8,-9990,0,0,-9990,0,0,2.114,E,8,0.085,E,8,0.20,E,8,0,-9990,0,0
07/08/2005,01:00,0,0,0,3,0,0,3,0,0,3,0,0,3,0,0,3,0,0,3,0,-9990,0,0,8,E,8,6,E,8,18.2,E,8,11.1,E,8,63,E,8,990,E,8,214,E,8,0.2,E,8,-9990,0,0,-9990,0,0,2.024,E,8,0.080,E,8,0.20,E,8,0,-9990,0,0
07/08/2005,02:00,0,0,0,3,0,0,3,0,0,3,0,0,3,0,0,3,0,0,3,0,-9990,0,0,9,E,8,8,E,8,17.9,E,8,11.7,E,8,67,E,8,990,E,8,76,E,8,0.2,E,8,-9990,0,0,-9990,0,0,2.107,E,8,0.080,E,8,0.20,E,8,0,-9990,0,0
07/08/2005,03:00,0,0,0,3,0,0,3,0,0,3,0,0,3,0,0,3,0,0,3,0,-9990,0,0,9,E,8,8,E,8,17.7,E,8,12.4,E,8,71,E,8,990,E,8,24,E,8,0.2,E,8,-9990,0,0,-9990,0,0,2.205,E,8,0.080,E,8,0.20,E,8,0,-9990,0,0
07/08/2005,04:00,0,0,0,3,0,0,3,0,0,3,0,0,3,0,0,3,0,0,3,0,-9990,0,0,9,E,8,8,E,8,17.6,E,8,12.9,E,8,74,E,8,990,E,8,21,E,8,0.3,E,8,-9990,0,0,-9990,0,0,2.289,E,8,0.080,E,8,0.20,E,8,0,-9990,0,0
07/08/2005,05:00,0,0,0,3,0,0,3,0,0,3,0,0,3,0,0,3,0,0,3,0,-9990,0,0,9,E,8,8,E,8,17.5,E,8,12.8,E,8,74,E,8,989,E,8,353,E,8,0.7,E,8,-9990,0,0,-9990,0,0,2.269,E,8,0.080,E,8,0.20,E,8,0,-9990,0,0
07/08/2005,06:00,96,645,4,3,10,0,3,20,4,3,10,538,3,10,5,3,20,537,3,10,-9990,0,0,10,E,8,9,E,8,17.6,E,8,13.6,E,8,77,E,8,989,E,8,9,E,8,0.9,E,8,-9990,0,0,-9990,0,0,2.403,E,8,0.080,E,8,0.20,E,8,0,-9990,0,0
07/08/2005,07:00,302,1320,16,3,10,0,3,20,16,3,10,2032,3,10,0,3,20,2032,3,10,-9990,0,0,10,E,8,9,E,8,17.8,E,8,14.2,E,8,79,E,8,989,E,8,357,E,8,1.6,E,8,-9990,0,0,-9990,0,0,2.504,E,8,0.080,E,8,0.20,E,8,0,-9990,0,0
07/08/2005,08:00,516,1320,59,3,10,0,3,20,59,3,10,7076,3,10,0,3,20,7076,3,10,-9990,0,0,10,E,8,9,E,8,18.2,E,8,14.6,E,8,79,E,8,989,E,8,356,E,8,1.6,E,8,-9990,0,0,-9990,0,0,2.580,E,8,0.080,E,8,0.20,E,8,0,-9990,0,0
07/08/2005,09:00,720,1320,114,3,10,0,3,20,114,3,10,13559,3,10,0,3,20,13559,3,10,-9990,0,0,10,E,8,9,E,8,18.9,E,8,15.1,E,8,79,E,8,989,E,8,12,E,8,1.7,E,8,-9990,0,0,-9990,0,0,2.673,E,8,0.080,E,8,0.20,E,8,0,-9990,0,0
07/08/2005,10:00,900,1320,68,3,10,0,3,20,68,3,10,8624,3,10,0,3,20,8624,3,10,-9990,0,0,10,E,8,9,E,8,19.0,E,8,15.2,E,8,79,E,8,988,E,8,18,E,8,1.7,E,8,-9990,0,0,-9990,0,0,2.685,E,8,0.080,E,8,0.20,E,8,0,-9990,0,0
07/08/2005,11:00,1045,1320,302,3,10,17,3,20,288,3,10,35187,3,10,1706,3,20,33837,3,10,-9990,0,0,10,E,8,9,E,8,20.2,E,8,15.5,E,8,75,E,8,988,E,8,63,E,8,1.9,E,8,-9990,0,0,-9990,0,0,2.743,E,8,0.080,E,8,0.20,E,8,0,-9990,0,0
07/08/2005,12:00,1144,1320,301,3,10,13,3,20,289,3,10,35549,3,10,1316,3,20,34409,3,10,-9990,0,0,10,E,8,9,E,8,21.0,E,8,16.0,E,8,73,E,8,988,E,8,16,E,8,3.8,E,8,-9990,0,0,-9990,0,0,2.844,E,8,0.080,E,8,0.20,E,8,0,-9990,0,0
07/08/2005,13:00,1191,1320,535,3,10,129,3,20,418,3,10,59952,3,10,11999,3,20,49129,3,10,-9990,0,0,10,E,8,9,E,8,22.5,E,8,15.4,E,8,64,E,8,988,E,8,22,E,8,1.6,E,8,-9990,0,0,-9990,0,0,2.723,E,8,0.080,E,8,0.20,E,8,0,-9990,0,0
07/08/2005,14:00,1182,1320,719,3,10,368,3,20,390,3,10,79973,3,10,36654,3,20,47160,3,10,-9990,0,0,8,E,8,6,E,8,24.2,E,8,15.4,E,8,58,E,8,988,E,8,35,E,8,1.2,E,8,-9990,0,0,-9990,0,0,2.733,E,8,0.080,E,8,0.20,E,8,0,-9990,0,0
07/08/2005,15:00,1118,1320,736,3,10,508,3,20,306,3,10,80899,3,10,41918,3,20,45402,3,10,-9990,0,0,6,E,8,5,E,8,25.6,E,8,15.6,E,8,54,E,8,988,E,8,27,E,8,0.4,E,8,-9990,0,0,-9990,0,0,2.756,E,8,0.080,E,8,0.20,E,8,0,-9990,0,0
07/08/2005,16:00,1004,1320,467,3,10,150,3,20,353,3,10,52049,3,10,13551,3,20,41749,3,10,-9990,0,0,9,E,8,8,E,8,26.1,E,8,15.5,E,8,52,E,8,988,E,8,36,E,8,2.1,E,8,-9990,0,0,-9990,0,0,2.737,E,8,0.080,E,8,0.20,E,8,0,-9990,0,0
07/08/2005,17:00,846,1320,478,3,10,304,3,20,283,3,10,52085,3,10,26191,3,20,35299,3,10,-9990,0,0,8,E,8,6,E,8,26.5,E,8,15.8,E,8,52,E,8,988,E,8,163,E,8,0.6,E,8,-9990,0,0,-9990,0,0,2.811,E,8,0.080,E,8,0.20,E,8,0,-9990,0,0
07/08/2005,18:00,657,1320,484,3,10,731,3,20,120,3,10,52418,3,10,69417,3,20,17891,3,10,-9990,0,0,1,E,8,1,E,8,26.9,E,8,15.2,E,8,49,E,8,989,E,8,65,E,8,0.5,E,8,-9990,0,0,-9990,0,0,2.694,E,8,0.080,E,8,0.20,E,8,0,-9990,0,0
07/08/2005,19:00,448,1320,362,3,10,805,3,20,89,3,10,38680,3,10,74052,3,20,13551,3,10,-9990,0,0,0,E,8,0,E,8,26.9,E,8,15.1,E,8,48,E,8,989,E,8,81,E,8,0.6,E,8,-9990,0,0,-9990,0,0,2.671,E,8,0.080,E,8,0.20,E,8,0,-9990,0,0
07/08/2005,20:00,234,1320,159,3,10,396,3,20,89,3,10,16281,3,10,20217,3,20,12692,3,10,-9990,0,0,6,E,8,5,E,8,26.4,E,8,16.4,E,8,54,E,8,989,E,8,31,E,8,3.0,E,8,-9990,0,0,-9990,0,0,2.932,E,8,0.080,E,8,0.20,E,8,0,-9990,0,0
07/08/2005,21:00,44,443,24,3,10,0,3,20,24,3,10,2740,3,10,0,3,20,2740,3,10,-9990,0,0,6,E,8,5,E,8,25.5,E,8,16.6,E,8,58,E,8,989,E,8,55,E,8,4.2,E,8,-9990,0,0,-9990,0,0,2.969,E,8,0.080,E,8,0.20,E,8,0,-9990,0,0
07/08/2005,22:00,0,0,0,3,0,0,3,0,0,3,0,0,3,0,0,3,0,0,3,0,-9990,0,0,6,E,8,5,E,8,24.9,E,8,18.5,E,8,68,E,8,989,E,8,87,E,8,5.5,E,8,-9990,0,0,-9990,0,0,3.378,E,8,0.080,E,8,0.20,E,8,0,-9990,0,0
07/08/2005,23:00,0,0,0,3,0,0,3,0,0,3,0,0,3,0,0,3,0,0,3,0,-9990,0,0,6,E,8,5,E,8,24.2,E,8,18.6,E,8,71,E,8,990,E,8,56,E,8,2.7,E,8,-9990,0,0,-9990,0,0,3.410,E,8,0.080,E,8,0.20,E,8,0,-9990,0,0
07/08/2005,24:00,0,0,0,3,0,0,3,0,0,3,0,0,3,0,0,3,0,0,3,0,-9990,0,0,6,E,8,5,E,8,23.6,E,8,18.4,E,8,73,E,8,990,E,8,250,E,8,4.2,E,8,-9990,0,0,-9990,0,0,3.352,E,8,0.080,E,8,0.20,E,8,0,-9990,0,0
07/09/2005,01:00,0,0,0,3,0,0,3,0,0,3,0,0,3,0,0,3,0,0,3,0,-9990,0,0,6,E,8,5,E,8,22.9,E,8,17.4,E,8,71,E,8,990,E,8,229,E,8,6.1,E,8,-9990,0,0,-9990,0,0,3.132,E,8,0.098,E,8,0.20,E,8,0,-9990,0,0
07/09/2005,02:00,0,0,0,3,0,0,3,0,0,3,0,0,3,0,0,3,0,0,3,0,-9990,0,0,6,E,8,5,E,8,22.2,E,8,17.5,E,8,75,E,8,990,E,8,293,E,8,6.1,E,8,-9990,0,0,-9990,0,0,3.160,E,8,0.098,E,8,0.20,E,8,0,-9990,0,0
07/09/2005,03:00,0,0,0,3,0,0,3,0,0,3,0,0,3,0,0,3,0,0,3,0,-9990,0,0,6,E,8,6,E,8,21.8,E,8,18.2,E,8,80,E,8,990,E,8,293,E,8,4.2,E,8,-9990,0,0,-9990,0,0,3.325,E,8,0.098,E,8,0.20,E,8,0,-9990,0,0
07/09/2005,04:00,0,0,0,3,0,0,3,0,0,3,0,0,3,0,0,3,0,0,3,0,-9990,0,0,6,E,8,6,E,8,21.3,E,8,18.3,E,8,83,E,8,991,E,8,298,E,8,5.5,E,8,-9990,0,0,-9990,0,0,3.348,E,8,0.098,E,8,0.20,E,8,0,-9990,0,0
07/09/2005,05:00,0,0,0,3,0,0,3,0,0,3,0,0,3,0,0,3,0,0,3,0,-9990,0,0,6,E,8,6,E,8,21.0,E,8,18.5,E,8,85,E,8,991,E,8,286,E,8,2.5,E,8,-9990,0,0,-9990,0,0,3.387,E,8,0.098,E,8,0.20,E,8,0,-9990,0,0
07/09/2005,06:00,93,636,19,3,10,0,3,20,19,3,10,2124,3,10,0,3,20,2124,3,10,-9990,0,0,6,E,8,6,E,8,21.4,E,8,19.8,E,8,90,E,8,991,E,8,283,E,8,1.4,E,8,-9990,0,0,-9990,0,0,3.699,E,8,0.098,E,8,0.20,E,8,0,-9990,0,0
07/09/2005,07:00,300,1320,150,3,10,308,3,20,80,3,10,16167,3,10,15664,3,20,12613,3,10,-9990,0,0,6,E,8,6,E,8,23.0,E,8,20.2,E,8,84,E,8,991,E,8,254,E,8,1.7,E,8,-9990,0,0,-9990,0,0,3.803,E,8,0.098,E,8,0.20,E,8,0,-9990,0,0
07/09/2005,08:00,513,1320,283,3,10,407,3,20,125,3,10,30994,3,10,28865,3,20,19769,3,10,-9990,0,0,5,E,8,4,E,8,24.6,E,8,20.2,E,8,77,E,8,991,E,8,239,E,8,0.9,E,8,-9990,0,0,-9990,0,0,3.819,E,8,0.098,E,8,0.20,E,8,0,-9990,0,0
07/09/2005,09:00,718,1320,426,3,10,466,3,20,173,3,10,47198,3,10,36013,3,20,27623,3,10,-9990,0,0,5,E,8,4,E,8,26.3,E,8,20.8,E,8,72,E,8,992,E,8,282,E,8,1.6,E,8,-9990,0,0,-9990,0,0,3.992,E,8,0.098,E,8,0.20,E,8,0,-9990,0,0
07/09/2005,10:00,899,1320,583,3,10,576,3,20,191,3,10,63874,3,10,54314,3,20,26913,3,10,-9990,0,0,4,E,8,3,E,8,28.0,E,8,19.3,E,8,59,E,8,992,E,8,315,E,8,3.6,E,8,-9990,0,0,-9990,0,0,3.576,E,8,0.098,E,8,0.20,E,8,0,-9990,0,0
07/09/2005,11:00,1044,1320,709,3,10,603,3,20,232,3,10,77895,3,10,58727,3,20,31481,3,10,-9990,0,0,4,E,8,3,E,8,29.7,E,8,19.3,E,8,54,E,8,992,E,8,296,E,8,3.8,E,8,-9990,0,0,-9990,0,0,3.584,E,8,0.098,E,8,0.20,E,8,0,-9990,0,0
07/09/2005,12:00,1143,1320,836,3,10,696,3,20,233,3,10,92634,3,10,70568,3,20,31553,3,10,-9990,0,0,4,E,8,3,E,8,31.3,E,8,19.1,E,8,48,E,8,992,E,8,233,E,8,2.3,E,8,-9990,0,0,-9990,0,0,3.529,E,8,0.098,E,8,0.20,E,8,0,-9990,0,0
07/09/2005,13:00,1190,1320,828,3,10,579,3,20,307,3,10,92454,3,10,50373,3,20,47065,3,10,-9990,0,0,5,E,8,4,E,8,32.5,E,8,18.3,E,8,43,E,8,992,E,8,293,E,8,2.5,E,8,-9990,0,0,-9990,0,0,3.343,E,8,0.098,E,8,0.20,E,8,0,-9990,0,0
07/09/2005,14:00,1181,1320,794,3,10,554,3,20,299,3,10,88662,3,10,47990,3,20,45738,3,10,-9990,0,0,5,E,8,4,E,8,33.3,E,8,17.7,E,8,40,E,8,992,E,8,328,E,8,3.3,E,8,-9990,0,0,-9990,0,0,3.209,E,8,0.098,E,8,0.20,E,8,0,-9990,0,0
07/09/2005,15:00,1117,1320,748,3,10,546,3,20,286,3,10,82924,3,10,46835,3,20,43296,3,10,-9990,0,0,5,E,8,4,E,8,33.8,E,8,16.6,E,8,36,E,8,992,E,8,293,E,8,3.0,E,8,-9990,0,0,-9990,0,0,2.965,E,8,0.098,E,8,0.20,E,8,0,-9990,0,0
07/09/2005,16:00,1003,1320,629,3,10,481,3,20,263,3,10,69208,3,10,38769,3,20,39767,3,10,-9990,0,0,5,E,8,4,E,8,33.9,E,8,17.0,E,8,36,E,8,992,E,8,294,E,8,3.8,E,8,-9990,0,0,-9990,0,0,3.039,E,8,0.098,E,8,0.20,E,8,0,-9990,0,0
07/09/2005,17:00,845,1320,507,3,10,437,3,20,227,3,10,55296,3,10,32651,3,20,34393,3,10,-9990,0,0,6,E,8,5,E,8,33.7,E,8,17.4,E,8,38,E,8,992,E,8,216,E,8,4.7,E,8,-9990,0,0,-9990,0,0,3.126,E,8,0.098,E,8,0.20,E,8,0,-9990,0,0
07/09/2005,18:00,656,1320,355,3,10,357,3,20,178,3,10,39018,3,10,31038,3,20,23603,3,10,-9990,0,0,6,E,8,5,E,8,33.0,E,8,18.3,E,8,42,E,8,992,E,8,293,E,8,5.5,E,8,-9990,0,0,-9990,0,0,3.351,E,8,0.098,E,8,0.20,E,8,0,-9990,0,0
07/09/2005,19:00,447,1320,225,3,10,337,3,20,110,3,10,24346,3,10,21110,3,20,17200,3,10,-9990,0,0,6,E,8,5,E,8,32.0,E,8,18.9,E,8,46,E,8,991,E,8,322,E,8,5.1,E,8,-9990,0,0,-9990,0,0,3.475,E,8,0.098,E,8,0.20,E,8,0,-9990,0,0
07/09/2005,20:00,233,1320,104,3,10,188,3,20,71,3,10,11118,3,10,8029,3,20,9701,3,10,-9990,0,0,8,E,8,6,E,8,30.8,E,8,18.7,E,8,48,E,8,991,E,8,291,E,8,2.1,E,8,-9990,0,0,-9990,0,0,3.425,E,8,0.098,E,8,0.20,E,8,0,-9990,0,0
07/09/2005,21:00,43,438,4,3,10,0,3,20,4,3,10,521,3,10,9,3,20,520,3,10,-9990,0,0,8,E,8,6,E,8,29.5,E,8,19.2,E,8,54,E,8,991,E,8,286,E,8,0.9,E,8,-9990,0,0,-9990,0,0,3.560,E,8,0.098,E,8,0.20,E,8,0,-9990,0,0
07/09/2005,22:00,0,0,0,3,0,0,3,0,0,3,0,0,3,0,0,3,0,0,3,0,-9990,0,0,8,E,8,6,E,8,27.8,E,8,20.2,E,8,63,E,8,991,E,8,260,E,8,0.0,E,8,-9990,0,0,-9990,0,0,3.822,E,8,0.098,E,8,0.20,E,8,0,-9990,0,0
07/09/2005,23:00,0,0,0,3,0,0,3,0,0,3,0,0,3,0,0,3,0,0,3,0,-9990,0,0,8,E,8,6,E,8,26.1,E,8,20.5,E,8,71,E,8,991,E,8,280,E,8,0.1,E,8,-9990,0,0,-9990,0,0,3.901,E,8,0.098,E,8,0.20,E,8,0,-9990,0,0
07/09/2005,24:00,0,0,0,3,0,0,3,0,0,3,0,0,3,0,0,3,0,0,3,0,-9990,0,0,8,E,8,6,E,8,24.4,E,8,19.9,E,8,76,E,8,991,E,8,262,E,8,0.5,E,8,-9990,0,0,-9990,0,0,3.738,E,8,0.098,E,8,0.20,E,8,0,-9990,0,0
07/10/2005,01:00,0,0,0,3,0,0,3,0,0,3,0,0,3,0,0,3,0,0,3,0,-9990,0,0,8,E,8,7,E,8,23.2,E,8,20.6,E,8,86,E,8,990,E,8,197,E,8,0.2,E,8,-9990,0,0,-9990,0,0,3.928,E,8,0.095,E,8,0.20,E,8,0,-9990,0,0
07/10/2005,02:00,0,0,0,3,0,0,3,0,0,3,0,0,3,0,0,3,0,0,3,0,-9990,0,0,8,E,8,7,E,8,21.8,E,8,19.8,E,8,89,E,8,990,E,8,258,E,8,0.1,E,8,-9990,0,0,-9990,0,0,3.712,E,8,0.095,E,8,0.20,E,8,0,-9990,0,0
07/10/2005,03:00,0,0,0,3,0,0,3,0,0,3,0,0,3,0,0,3,0,0,3,0,-9990,0,0,8,E,8,7,E,8,21.1,E,8,18.7,E,8,86,E,8,990,E,8,269,E,8,0.6,E,8,-9990,0,0,-9990,0,0,3.439,E,8,0.095,E,8,0.20,E,8,0,-9990,0,0
07/10/2005,04:00,0,0,0,3,0,0,3,0,0,3,0,0,3,0,0,3,0,0,3,0,-9990,0,0,8,E,8,7,E,8,20.3,E,8,18.6,E,8,90,E,8,990,E,8,256,E,8,1.6,E,8,-9990,0,0,-9990,0,0,3.415,E,8,0.095,E,8,0.20,E,8,0,-9990,0,0
07/10/2005,05:00,0,0,0,3,0,0,3,0,0,3,0,0,3,0,0,3,0,0,3,0,-9990,0,0,8,E,8,7,E,8,19.8,E,8,18.7,E,8,93,E,8,990,E,8,66,E,8,2.1,E,8,-9990,0,0,-9990,0,0,3.434,E,8,0.095,E,8,0.20,E,8,0,-9990,0,0
07/10/2005,06:00,91,628,4,3,10,0,3,20,4,3,10,464,3,10,5,3,20,463,3,10,-9990,0,0,8,E,8,7,E,8,19.8,E,8,18.6,E,8,93,E,8,990,E,8,64,E,8,3.0,E,8,-9990,0,0,-9990,0,0,3.402,E,8,0.095,E,8,0.20,E,8,0,-9990,0,0
07/10/2005,07:00,297,1320,134,3,10,181,3,20,93,3,10,14363,3,10,7614,3,20,12650,3,10,-9990,0,0,9,E,8,8,E,8,21.1,E,8,18.4,E,8,85,E,8,989,E,8,52,E,8,3.6,E,8,-9990,0,0,-9990,0,0,3.357,E,8,0.095,E,8,0.20,E,8,0,-9990,0,0
07/10/2005,08:00,511,1320,202,3,10,103,3,20,162,3,10,22480,3,10,6407,3,20,20000,3,10,-9990,0,0,10,E,8,9,E,8,21.9,E,8,18.5,E,8,81,E,8,989,E,8,357,E,8,1.7,E,8,-9990,0,0,-9990,0,0,3.378,E,8,0.095,E,8,0.20,E,8,0,-9990,0,0
07/10/2005,09:00,716,1320,317,3,10,110,3,20,258,3,10,35637,3,10,10831,3,20,29767,3,10,-9990,0,0,10,E,8,9,E,8,22.9,E,8,17.5,E,8,72,E,8,989,E,8,9,E,8,2.1,E,8,-9990,0,0,-9990,0,0,3.163,E,8,0.095,E,8,0.20,E,8,0,-9990,0,0
07/10/2005,10:00,897,1320,458,3,10,222,3,20,307,3,10,51098,3,10,21057,3,20,36798,3,10,-9990,0,0,9,E,8,8,E,8,24.1,E,8,17.1,E,8,65,E,8,989,E,8,331,E,8,1.4,E,8,-9990,0,0,-9990,0,0,3.076,E,8,0.095,E,8,0.20,E,8,0,-9990,0,0
07/10/2005,11:00,1042,1320,445,3,10,108,3,20,359,3,10,49869,3,10,8678,3,20,43020,3,10,-9990,0,0,10,E,8,9,E,8,24.8,E,8,17.6,E,8,65,E,8,989,E,8,73,E,8,1.6,E,8,-9990,0,0,-9990,0,0,3.191,E,8,0.095,E,8,0.20,E,8,0,-9990,0,0
07/10/2005,12:00,1142,1320,566,3,10,183,3,20,408,3,10,63422,3,10,17532,3,20,48266,3,10,-9990,0,0,9,E,8,8,E,8,25.6,E,8,16.6,E,8,58,E,8,989,E,8,65,E,8,0.6,E,8,-9990,0,0,-9990,0,0,2.972,E,8,0.095,E,8,0.20,E,8,0,-9990,0,0
07/10/2005,13:00,1189,1320,677,3,10,291,3,20,415,3,10,75100,3,10,27697,3,20,50169,3,10,-9990,0,0,8,E,8,6,E,8,26.5,E,8,16.1,E,8,53,E,8,988,E,8,59,E,8,3.3,E,8,-9990,0,0,-9990,0,0,2.863,E,8,0.095,E,8,0.20,E,8,0,-9990,0,0
07/10/2005,14:00,1180,1320,671,3,10,282,3,20,420,3,10,74264,3,10,26786,3,20,50328,3,10,-9990,0,0,8,E,8,6,E,8,27.2,E,8,15.4,E,8,49,E,8,989,E,8,22,E,8,4.2,E,8,-9990,0,0,-9990,0,0,2.730,E,8,0.095,E,8,0.20,E,8,0,-9990,0,0
07/10/2005,15:00,1116,1320,437,3,10,51,3,20,393,3,10,49082,3,10,4583,3,20,45207,3,10,-9990,0,0,10,E,8,9,E,8,27.2,E,8,14.6,E,8,46,E,8,989,E,8,62,E,8,2.1,E,8,-9990,0,0,-9990,0,0,2.586,E,8,0.095,E,8,0.20,E,8,0,-9990,0,0
07/10/2005,16:00,1002,1320,322,3,10,20,3,20,307,3,10,37076,3,10,1974,3,20,35579,3,10,-9990,0,0,10,E,8,9,E,8,26.8,E,8,15.4,E,8,49,E,8,989,E,8,224,E,8,1.6,E,8,-9990,0,0,-9990,0,0,2.721,E,8,0.095,E,8,0.20,E,8,0,-9990,0,0
07/10/2005,17:00,844,1320,319,3,10,43,3,20,291,3,10,35734,3,10,3522,3,20,33482,3,10,-9990,0,0,10,E,8,9,E,8,26.5,E,8,14.6,E,8,48,E,8,989,E,8,266,E,8,2.3,E,8,-9990,0,0,-9990,0,0,2.583,E,8,0.095,E,8,0.20,E,8,0,-9990,0,0
07/10/2005,18:00,655,1320,225,3,10,27,3,20,212,3,10,25208,3,10,2788,3,20,23825,3,10,-9990,0,0,10,E,8,9,E,8,26.0,E,8,14.9,E,8,50,E,8,989,E,8,244,E,8,2.3,E,8,-9990,0,0,-9990,0,0,2.641,E,8,0.095,E,8,0.20,E,8,0,-9990,0,0
07/10/2005,19:00,446,1320,177,3,10,129,3,20,133,3,10,19604,3,10,9828,3,20,16288,3,10,-9990,0,0,9,E,8,8,E,8,25.4,E,8,15.2,E,8,53,E,8,990,E,8,286,E,8,1.9,E,8,-9990,0,0,-9990,0,0,2.683,E,8,0.095,E,8,0.20,E,8,0,-9990,0,0
07/10/2005,20:00,232,1320,126,3,10,288,3,20,76,3,10,13130,3,10,12154,3,20,10998,3,10,-9990,0,0,6,E,8,5,E,8,24.8,E,8,14.8,E,8,54,E,8,990,E,8,264,E,8,1.9,E,8,-9990,0,0,-9990,0,0,2.616,E,8,0.095,E,8,0.20,E,8,0,-9990,0,0
07/10/2005,21:00,42,432,23,3,10,0,3,20,23,3,10,2641,3,10,0,3,20,2641,3,10,-9990,0,0,6,E,8,5,E,8,23.9,E,8,15.0,E,8,57,E,8,990,E,8,194,E,8,2.1,E,8,-9990,0,0,-9990,0,0,2.648,E,8,0.095,E,8,0.20,E,8,0,-9990,0,0
07/10/2005,22:00,0,0,0,3,0,0,3,0,0,3,0,0,3,0,0,3,0,0,3,0,-9990,0,0,6,E,8,5,E,8,22.1,E,8,14.7,E,8,63,E,8,990,E,8,160,E,8,1.1,E,8,-9990,0,0,-9990,0,0,2.603,E,8,0.095,E,8,0.20,E,8,0,-9990,0,0
07/10/2005,23:00,0,0,0,3,0,0,3,0,0,3,0,0,3,0,0,3,0,0,3,0,-9990,0,0,6,E,8,5,E,8,20.3,E,8,14.4,E,8,69,E,8,991,E,8,28,E,8,1.6,E,8,-9990,0,0,-9990,0,0,2.535,E,8,0.095,E,8,0.20,E,8,0,-9990,0,0
07/10/2005,24:00,0,0,0,3,0,0,3,0,0,3,0,0,3,0,0,3,0,0,3,0,-9990,0,0,6,E,8,5,E,8,18.4,E,8,13.2,E,8,71,E,8,991,E,8,4,E,8,2.1,E,8,-9990,0,0,-9990,0,0,2.335,E,8,0.095,E,8,0.20,E,8,0,-9990,0,0
07/11/2005,01:00,0,0,0,3,0,0,3,0,0,3,0,0,3,0,0,3,0,0,3,0,-9990,0,0,6,E,8,5,E,8,17.1,E,8,13.1,E,8,77,E,8,991,E,8,14,E,8,1.4,E,8,-9990,0,0,-9990,0,0,2.326,E,8,0.100,E,8,0.20,E,8,0,-9990,0,0
07/11/2005,02:00,0,0,0,3,0,0,3,0,0,3,0,0,3,0,0,3,0,0,3,0,-9990,0,0,6,E,8,6,E,8,15.7,E,8,13.3,E,8,86,E,8,991,E,8,28,E,8,1.2,E,8,-9990,0,0,-9990,0,0,2.358,E,8,0.100,E,8,0.20,E,8,0,-9990,0,0
07/11/2005,03:00,0,0,0,3,0,0,3,0,0,3,0,0,3,0,0,3,0,0,3,0,-9990,0,0,6,E,8,6,E,8,15.0,E,8,12.2,E,8,83,E,8,991,E,8,220,E,8,1.4,E,8,-9990,0,0,-9990,0,0,2.172,E,8,0.100,E,8,0.20,E,8,0,-9990,0,0
07/11/2005,04:00,0,0,0,3,0,0,3,0,0,3,0,0,3,0,0,3,0,0,3,0,-9990,0,0,6,E,8,6,E,8,14.2,E,8,12.1,E,8,87,E,8,992,E,8,145,E,8,2.1,E,8,-9990,0,0,-9990,0,0,2.166,E,8,0.100,E,8,0.20,E,8,0,-9990,0,0
07/11/2005,05:00,0,0,0,3,0,0,3,0,0,3,0,0,3,0,0,3,0,0,3,0,-9990,0,0,6,E,8,6,E,8,13.6,E,8,10.9,E,8,83,E,8,992,E,8,158,E,8,0.4,E,8,-9990,0,0,-9990,0,0,1.983,E,8,0.100,E,8,0.20,E,8,0,-9990,0,0
07/11/2005,06:00,88,618,19,3,10,0,3,20,19,3,10,2139,3,10,0,3,20,2139,3,10,-9990,0,0,6,E,8,5,E,8,13.9,E,8,10.0,E,8,77,E,8,992,E,8,151,E,8,1.9,E,8,-9990,0,0,-9990,0,0,1.865,E,8,0.100,E,8,0.20,E,8,0,-9990,0,0
07/11/2005,07:00,295,1321,166,3,10,358,3,20,86,3,10,17404,3,10,22612,3,20,12360,3,10,-9990,0,0,5,E,8,4,E,8,15.5,E,8,10.1,E,8,70,E,8,992,E,8,253,E,8,1.4,E,8,-9990,0,0,-9990,0,0,1.887,E,8,0.100,E,8,0.20,E,8,0,-9990,0,0
07/11/2005,08:00,509,1321,325,3,10,671,3,20,67,3,10,34927,3,10,64013,3,20,10262,3,10,-9990,0,0,0,E,8,0,E,8,17.3,E,8,10.6,E,8,65,E,8,992,E,8,231,E,8,1.9,E,8,-9990,0,0,-9990,0,0,1.944,E,8,0.100,E,8,0.20,E,8,0,-9990,0,0
07/11/2005,09:00,714,1321,487,3,10,736,3,20,89,3,10,52842,3,10,73666,3,20,13035,3,10,-9990,0,0,0,E,8,0,E,8,19.0,E,8,10.9,E,8,59,E,8,993,E,8,227,E,8,1.4,E,8,-9990,0,0,-9990,0,0,1.997,E,8,0.100,E,8,0.20,E,8,0,-9990,0,0
07/11/2005,10:00,895,1321,641,3,10,779,3,20,113,3,10,69704,3,10,79799,3,20,15629,3,10,-9990,0,0,0,E,8,0,E,8,20.8,E,8,9.3,E,8,48,E,8,993,E,8,200,E,8,0.3,E,8,-9990,0,0,-9990,0,0,1.781,E,8,0.100,E,8,0.20,E,8,0,-9990,0,0
07/11/2005,11:00,1040,1321,771,3,10,812,3,20,131,3,10,84136,3,10,84795,3,20,17332,3,10,-9990,0,0,0,E,8,0,E,8,22.4,E,8,9.2,E,8,43,E,8,993,E,8,79,E,8,1.4,E,8,-9990,0,0,-9990,0,0,1.763,E,8,0.100,E,8,0.20,E,8,0,-9990,0,0
07/11/2005,12:00,1140,1321,855,3,10,811,3,20,155,3,10,92864,3,10,84711,3,20,19727,3,10,-9990,0,0,0,E,8,0,E,8,23.9,E,8,9.1,E,8,39,E,8,993,E,8,77,E,8,0.5,E,8,-9990,0,0,-9990,0,0,1.760,E,8,0.100,E,8,0.20,E,8,0,-9990,0,0
07/11/2005,13:00,1187,1321,896,3,10,813,3,20,165,3,10,97220,3,10,85181,3,20,20629,3,10,-9990,0,0,0,E,8,0,E,8,25.0,E,8,9.0,E,8,36,E,8,993,E,8,87,E,8,0.4,E,8,-9990,0,0,-9990,0,0,1.738,E,8,0.100,E,8,0.20,E,8,0,-9990,0,0
07/11/2005,14:00,1179,1321,883,3,10,797,3,20,172,3,10,95337,3,10,82724,3,20,21487,3,10,-9990,0,0,0,E,8,0,E,8,25.8,E,8,9.2,E,8,35,E,8,993,E,8,65,E,8,1.4,E,8,-9990,0,0,-9990,0,0,1.765,E,8,0.100,E,8,0.20,E,8,0,-9990,0,0
07/11/2005,15:00,1115,1321,832,3,10,806,3,20,151,3,10,90193,3,10,83808,3,20,19416,3,10,-9990,0,0,0,E,8,0,E,8,26.4,E,8,8.4,E,8,32,E,8,993,E,8,25,E,8,3.3,E,8,-9990,0,0,-9990,0,0,1.673,E,8,0.100,E,8,0.20,E,8,0,-9990,0,0
07/11/2005,16:00,1001,1321,735,3,10,805,3,20,125,3,10,79934,3,10,83369,3,20,16755,3,10,-9990,0,0,0,E,8,0,E,8,26.5,E,8,7.4,E,8,30,E,8,993,E,8,120,E,8,1.2,E,8,-9990,0,0,-9990,0,0,1.557,E,8,0.100,E,8,0.20,E,8,0,-9990,0,0
07/11/2005,17:00,843,1321,605,3,10,798,3,20,95,3,10,66154,3,10,82542,3,20,13447,3,10,-9990,0,0,0,E,8,0,E,8,26.4,E,8,7.8,E,8,31,E,8,993,E,8,78,E,8,0.7,E,8,-9990,0,0,-9990,0,0,1.603,E,8,0.100,E,8,0.20,E,8,0,-9990,0,0
07/11/2005,18:00,653,1321,447,3,10,758,3,20,72,3,10,48659,3,10,76681,3,20,10715,3,10,-9990,0,0,0,E,8,0,E,8,25.8,E,8,6.9,E,8,30,E,8,993,E,8,22,E,8,0.6,E,8,-9990,0,0,-9990,0,0,1.502,E,8,0.100,E,8,0.20,E,8,0,-9990,0,0
07/11/2005,19:00,444,1321,280,3,10,659,3,20,58,3,10,29757,3,10,61618,3,20,9025,3,10,-9990,0,0,0,E,8,0,E,8,24.7,E,8,7.2,E,8,33,E,8,993,E,8,1,E,8,0.2,E,8,-9990,0,0,-9990,0,0,1.535,E,8,0.100,E,8,0.20,E,8,0,-9990,0,0
07/11/2005,20:00,230,1321,124,3,10,281,3,20,75,3,10,12760,3,10,13397,3,20,10427,3,10,-9990,0,0,6,E,8,5,E,8,23.4,E,8,7.3,E,8,36,E,8,992,E,8,69,E,8,0.3,E,8,-9990,0,0,-9990,0,0,1.546,E,8,0.100,E,8,0.20,E,8,0,-9990,0,0
07/11/2005,21:00,41,426,6,3,10,0,3,20,6,3,10,786,3,10,8,3,20,785,3,10,-9990,0,0,6,E,8,5,E,8,21.9,E,8,7.6,E,8,40,E,8,992,E,8,19,E,8,0.5,E,8,-9990,0,0,-9990,0,0,1.582,E,8,0.100,E,8,0.20,E,8,0,-9990,0,0
07/11/2005,22:00,0,0,0,3,0,0,3,0,0,3,0,0,3,0,0,3,0,0,3,0,-9990,0,0,6,E,8,5,E,8,20.3,E,8,9.8,E,8,51,E,8,992,E,8,41,E,8,0.8,E,8,-9990,0,0,-9990,0,0,1.848,E,8,0.100,E,8,0.20,E,8,0,-9990,0,0
07/11/2005,23:00,0,0,0,3,0,0,3,0,0,3,0,0,3,0,0,3,0,0,3,0,-9990,0,0,6,E,8,5,E,8,18.8,E,8,10.6,E,8,59,E,8,992,E,8,69,E,8,0.9,E,8,-9990,0,0,-9990,0,0,1.942,E,8,0.100,E,8,0.20,E,8,0,-9990,0,0
07/11/2005,24:00,0,0,0,3,0,0,3,0,0,3,0,0,3,0,0,3,0,0,3,0,-9990,0,0,6,E,8,5,E,8,17.3,E,8,10.7,E,8,65,E,8,992,E,8,57,E,8,1.6,E,8,-9990,0,0,-9990,0,0,1.959,E,8,0.100,E,8,0.20,E,8,0,-9990,0,0
07/12/2005,01:00,0,0,0,3,0,0,3,0,0,3,0,0,3,0,0,3,0,0,3,0,-9990,0,0,6,E,8,5,E,8,16.6,E,8,10.9,E,8,69,E,8,992,E,8,9,E,8,0.8,E,8,-9990,0,0,-9990,0,0,1.994,E,8,0.101,E,8,0.20,E,8,0,-9990,0,0
07/12/2005,02:00,0,0,0,3,0,0,3,0,0,3,0,0,3,0,0,3,0,0,3,0,-9990,0,0,6,E,8,5,E,8,15.8,E,8,10.8,E,8,72,E,8,992,E,8,6,E,8,3.8,E,8,-9990,0,0,-9990,0,0,1.973,E,8,0.101,E,8,0.20,E,8,0,-9990,0,0
07/12/2005,03:00,0,0,0,3,0,0,3,0,0,3,0,0,3,0,0,3,0,0,3,0,-9990,0,0,6,E,8,5,E,8,15.3,E,8,11.5,E,8,78,E,8,991,E,8,27,E,8,4.7,E,8,-9990,0,0,-9990,0,0,2.079,E,8,0.101,E,8,0.20,E,8,0,-9990,0,0
07/12/2005,04:00,0,0,0,3,0,0,3,0,0,3,0,0,3,0,0,3,0,0,3,0,-9990,0,0,6,E,8,6,E,8,14.8,E,8,11.6,E,8,81,E,8,991,E,8,42,E,8,3.0,E,8,-9990,0,0,-9990,0,0,2.095,E,8,0.101,E,8,0.20,E,8,0,-9990,0,0
07/12/2005,05:00,0,0,0,3,0,0,3,0,0,3,0,0,3,0,0,3,0,0,3,0,-9990,0,0,6,E,8,6,E,8,14.5,E,8,11.4,E,8,81,E,8,991,E,8,73,E,8,0.7,E,8,-9990,0,0,-9990,0,0,2.055,E,8,0.101,E,8,0.20,E,8,0,-9990,0,0
07/12/2005,06:00,86,609,21,3,10,0,3,20,21,3,10,2353,3,10,0,3,20,2353,3,10,-9990,0,0,6,E,8,6,E,8,14.9,E,8,11.5,E,8,80,E,8,991,E,8,207,E,8,0.2,E,8,-9990,0,0,-9990,0,0,2.076,E,8,0.101,E,8,0.20,E,8,0,-9990,0,0
07/12/2005,07:00,292,1321,175,3,10,379,3,20,91,3,10,18317,3,10,23542,3,20,13113,3,10,-9990,0,0,5,E,8,4,E,8,16.6,E,8,11.6,E,8,72,E,8,991,E,8,227,E,8,0.2,E,8,-9990,0,0,-9990,0,0,2.088,E,8,0.101,E,8,0.20,E,8,0,-9990,0,0
07/12/2005,08:00,506,1321,362,3,10,820,3,20,47,3,10,39544,3,10,84121,3,20,7288,3,10,-9990,0,0,0,E,8,0,E,8,18.6,E,8,11.1,E,8,62,E,8,991,E,8,230,E,8,0.5,E,8,-9990,0,0,-9990,0,0,2.011,E,8,0.101,E,8,0.20,E,8,0,-9990,0,0
07/12/2005,09:00,711,1321,569,3,10,924,3,20,72,3,10,61646,3,10,94955,3,20,10496,3,10,-9990,0,0,0,E,8,0,E,8,20.7,E,8,11.0,E,8,54,E,8,991,E,8,268,E,8,0.7,E,8,-9990,0,0,-9990,0,0,2.009,E,8,0.101,E,8,0.20,E,8,0,-9990,0,0
07/12/2005,10:00,893,1321,745,3,10,965,3,20,93,3,10,79992,3,10,99118,3,20,12974,3,10,-9990,0,0,0,E,8,0,E,8,22.8,E,8,10.0,E,8,44,E,8,990,E,8,157,E,8,1.7,E,8,-9990,0,0,-9990,0,0,1.867,E,8,0.101,E,8,0.20,E,8,0,-9990,0,0
07/12/2005,11:00,1039,1321,862,3,10,791,3,20,240,3,10,92443,3,10,78406,3,20,30777,3,10,-9990,0,0,3,E,8,2,E,8,24.6,E,8,9.8,E,8,39,E,8,990,E,8,235,E,8,1.9,E,8,-9990,0,0,-9990,0,0,1.846,E,8,0.101,E,8,0.20,E,8,0,-9990,0,0
07/12/2005,12:00,1139,1321,521,3,10,145,3,20,396,3,10,58088,3,10,14498,3,20,45588,3,10,-9990,0,0,9,E,8,8,E,8,24.7,E,8,9.6,E,8,38,E,8,990,E,8,214,E,8,2.7,E,8,-9990,0,0,-9990,0,0,1.817,E,8,0.101,E,8,0.20,E,8,0,-9990,0,0
07/12/2005,13:00,1186,1321,531,3,10,114,3,20,429,3,10,59101,3,10,11327,3,20,48928,3,10,-9990,0,0,10,E,8,9,E,8,24.8,E,8,8.4,E,8,35,E,8,990,E,8,253,E,8,1.2,E,8,-9990,0,0,-9990,0,0,1.675,E,8,0.101,E,8,0.20,E,8,0,-9990,0,0
07/12/2005,14:00,1178,1321,567,3,10,154,3,20,430,3,10,62960,3,10,15678,3,20,48978,3,10,-9990,0,0,9,E,8,8,E,8,25.0,E,8,8.0,E,8,34,E,8,990,E,8,236,E,8,0.4,E,8,-9990,0,0,-9990,0,0,1.626,E,8,0.101,E,8,0.20,E,8,0,-9990,0,0
07/12/2005,15:00,1114,1321,508,3,10,130,3,20,399,3,10,56363,3,10,12844,3,20,45527,3,10,-9990,0,0,9,E,8,8,E,8,24.9,E,8,7.5,E,8,33,E,8,990,E,8,251,E,8,1.2,E,8,-9990,0,0,-9990,0,0,1.567,E,8,0.101,E,8,0.20,E,8,0,-9990,0,0
07/12/2005,16:00,1000,1321,411,3,10,82,3,20,350,3,10,45821,3,10,8045,3,20,39731,3,10,-9990,0,0,10,E,8,9,E,8,24.6,E,8,6.7,E,8,32,E,8,991,E,8,254,E,8,0.5,E,8,-9990,0,0,-9990,0,0,1.484,E,8,0.101,E,8,0.20,E,8,0,-9990,0,0
07/12/2005,17:00,842,1321,335,3,10,71,3,20,289,3,10,37225,3,10,6782,3,20,32901,3,10,-9990,0,0,10,E,8,9,E,8,24.0,E,8,7.0,E,8,33,E,8,991,E,8,284,E,8,0.9,E,8,-9990,0,0,-9990,0,0,1.511,E,8,0.101,E,8,0.20,E,8,0,-9990,0,0
07/12/2005,18:00,652,1321,258,3,10,69,3,20,224,3,10,28627,3,10,6475,3,20,25430,3,10,-9990,0,0,10,E,8,9,E,8,23.2,E,8,6.3,E,8,34,E,8,991,E,8,267,E,8,1.6,E,8,-9990,0,0,-9990,0,0,1.446,E,8,0.101,E,8,0.20,E,8,0,-9990,0,0
07/12/2005,19:00,443,1321,163,3,10,68,3,20,140,3,10,18018,3,10,6206,3,20,15937,3,10,-9990,0,0,10,E,8,9,E,8,22.3,E,8,5.8,E,8,34,E,8,991,E,8,218,E,8,1.4,E,8,-9990,0,0,-9990,0,0,1.389,E,8,0.101,E,8,0.20,E,8,0,-9990,0,0
07/12/2005,20:00,228,1321,88,3,10,151,3,20,62,3,10,9424,3,10,8821,3,20,7898,3,10,-9990,0,0,8,E,8,6,E,8,21.3,E,8,5.7,E,8,36,E,8,992,E,8,299,E,8,3.3,E,8,-9990,0,0,-9990,0,0,1.381,E,8,0.101,E,8,0.20,E,8,0,-9990,0,0
07/12/2005,21:00,39,419,7,3,10,0,3,20,7,3,10,890,3,10,7,3,20,890,3,10,-9990,0,0,8,E,8,6,E,8,20.2,E,8,5.6,E,8,38,E,8,992,E,8,291,E,8,3.3,E,8,-9990,0,0,-9990,0,0,1.373,E,8,0.101,E,8,0.20,E,8,0,-9990,0,0
07/12/2005,22:00,0,0,0,3,0,0,3,0,0,3,0,0,3,0,0,3,0,0,3,0,-9990,0,0,8,E,8,6,E,8,18.6,E,8,5.7,E,8,43,E,8,992,E,8,315,E,8,3.0,E,8,-9990,0,0,-9990,0,0,1.384,E,8,0.101,E,8,0.20,E,8,0,-9990,0,0
07/12/2005,23:00,0,0,0,3,0,0,3,0,0,3,0,0,3,0,0,3,0,0,3,0,-9990,0,0,8,E,8,6,E,8,17.1,E,8,5.4,E,8,46,E,8,992,E,8,233,E,8,0.5,E,8,-9990,0,0,-9990,0,0,1.358,E,8,0.101,E,8,0.20,E,8,0,-9990,0,0
07/12/2005,24:00,0,0,0,3,0,0,3,0,0,3,0,0,3,0,0,3,0,0,3,0,-9990,0,0,8,E,8,6,E,8,15.6,E,8,5.2,E,8,50,E,8,992,E,8,217,E,8,0.7,E,8,-9990,0,0,-9990,0,0,1.334,E,8,0.101,E,8,0.20,E,8,0,-9990,0,0
07/13/2005,01:00,0,0,0,3,0,0,3,0,0,3,0,0,3,0,0,3,0,0,3,0,-9990,0,0,8,E,8,6,E,8,14.6,E,8,5.6,E,8,55,E,8,993,E,8,277,E,8,0.4,E,8,-9990,0,0,-9990,0,0,1.370,E,8,0.093,E,8,0.20,E,8,0,-9990,0,0
07/13/2005,02:00,0,0,0,3,0,0,3,0,0,3,0,0,3,0,0,3,0,0,3,0,-9990,0,0,6,E,8,5,E,8,13.4,E,8,6.1,E,8,61,E,8,993,E,8,205,E,8,1.1,E,8,-9990,0,0,-9990,0,0,1.421,E,8,0.093,E,8,0.20,E,8,0,-9990,0,0
07/13/2005,03:00,0,0,0,3,0,0,3,0,0,3,0,0,3,0,0,3,0,0,3,0,-9990,0,0,6,E,8,5,E,8,12.8,E,8,5.7,E,8,62,E,8,993,E,8,159,E,8,0.2,E,8,-9990,0,0,-9990,0,0,1.383,E,8,0.093,E,8,0.20,E,8,0,-9990,0,0
07/13/2005,04:00,0,0,0,3,0,0,3,0,0,3,0,0,3,0,0,3,0,0,3,0,-9990,0,0,6,E,8,5,E,8,12.2,E,8,6.3,E,8,67,E,8,993,E,8,212,E,8,0.2,E,8,-9990,0,0,-9990,0,0,1.446,E,8,0.093,E,8,0.20,E,8,0,-9990,0,0
07/13/2005,05:00,0,0,0,3,0,0,3,0,0,3,0,0,3,0,0,3,0,0,3,0,-9990,0,0,6,E,8,5,E,8,11.7,E,8,6.0,E,8,68,E,8,993,E,8,25,E,8,0.7,E,8,-9990,0,0,-9990,0,0,1.416,E,8,0.093,E,8,0.20,E,8,0,-9990,0,0
07/13/2005,06:00,83,599,20,3,10,0,3,20,20,3,10,2305,3,10,0,3,20,2305,3,10,-9990,0,0,6,E,8,5,E,8,12.1,E,8,6.1,E,8,66,E,8,994,E,8,17,E,8,1.2,E,8,-9990,0,0,-9990,0,0,1.418,E,8,0.093,E,8,0.20,E,8,0,-9990,0,0
07/13/2005,07:00,289,1321,189,3,10,404,3,20,100,3,10,19457,3,10,25703,3,20,13829,3,10,-9990,0,0,6,E,8,5,E,8,14.1,E,8,6.3,E,8,60,E,8,994,E,8,197,E,8,3.3,E,8,-9990,0,0,-9990,0,0,1.446,E,8,0.093,E,8,0.20,E,8,0,-9990,0,0
07/13/2005,08:00,504,1321,375,3,10,833,3,20,57,3,10,40402,3,10,83068,3,20,8709,3,10,-9990,0,0,0,E,8,0,E,8,16.1,E,8,6.6,E,8,53,E,8,994,E,8,259,E,8,4.5,E,8,-9990,0,0,-9990,0,0,1.475,E,8,0.093,E,8,0.20,E,8,0,-9990,0,0
07/13/2005,09:00,709,1321,563,3,10,921,3,20,68,3,10,60563,3,10,94194,3,20,9987,3,10,-9990,0,0,0,E,8,0,E,8,18.3,E,8,7.3,E,8,49,E,8,994,E,8,77,E,8,8.1,E,8,-9990,0,0,-9990,0,0,1.550,E,8,0.093,E,8,0.20,E,8,0,-9990,0,0
07/13/2005,10:00,891,1321,734,3,10,962,3,20,85,3,10,78336,3,10,98440,3,20,11929,3,10,-9990,0,0,0,E,8,0,E,8,20.4,E,8,5.7,E,8,38,E,8,994,E,8,118,E,8,7.4,E,8,-9990,0,0,-9990,0,0,1.386,E,8,0.093,E,8,0.20,E,8,0,-9990,0,0
07/13/2005,11:00,1037,1321,871,3,10,985,3,20,98,3,10,92565,3,10,100896,3,20,13349,3,10,-9990,0,0,0,E,8,0,E,8,22.3,E,8,5.8,E,8,34,E,8,995,E,8,162,E,8,4.7,E,8,-9990,0,0,-9990,0,0,1.388,E,8,0.093,E,8,0.20,E,8,0,-9990,0,0
07/13/2005,12:00,1137,1321,962,3,10,995,3,20,106,3,10,101960,3,10,102142,3,20,14017,3,10,-9990,0,0,0,E,8,0,E,8,23.9,E,8,5.9,E,8,31,E,8,995,E,8,115,E,8,2.1,E,8,-9990,0,0,-9990,0,0,1.400,E,8,0.093,E,8,0.20,E,8,0,-9990,0,0
07/13/2005,13:00,1185,1321,1002,3,10,999,3,20,106,3,10,106165,3,10,102850,3,20,13906,3,10,-9990,0,0,0,E,8,0,E,8,25.2,E,8,6.0,E,8,29,E,8,995,E,8,35,E,8,2.5,E,8,-9990,0,0,-9990,0,0,1.408,E,8,0.093,E,8,0.20,E,8,0,-9990,0,0
07/13/2005,14:00,1176,1321,986,3,10,993,3,20,102,3,10,104592,3,10,102351,3,20,13420,3,10,-9990,0,0,0,E,8,0,E,8,26.2,E,8,6.0,E,8,27,E,8,995,E,8,76,E,8,0.4,E,8,-9990,0,0,-9990,0,0,1.413,E,8,0.093,E,8,0.20,E,8,0,-9990,0,0
07/13/2005,15:00,1113,1321,922,3,10,981,3,20,96,3,10,98047,3,10,101118,3,20,12839,3,10,-9990,0,0,0,E,8,0,E,8,26.8,E,8,6.0,E,8,27,E,8,995,E,8,157,E,8,0.4,E,8,-9990,0,0,-9990,0,0,1.416,E,8,0.093,E,8,0.20,E,8,0,-9990,0,0
07/13/2005,16:00,998,1321,808,3,10,963,3,20,80,3,10,86450,3,10,99635,3,20,11130,3,10,-9990,0,0,0,E,8,0,E,8,27.0,E,8,6.1,E,8,26,E,8,995,E,8,50,E,8,0.6,E,8,-9990,0,0,-9990,0,0,1.417,E,8,0.093,E,8,0.20,E,8,0,-9990,0,0
07/13/2005,17:00,841,1321,654,3,10,929,3,20,63,3,10,70446,3,10,96348,3,20,9111,3,10,-9990,0,0,0,E,8,0,E,8,26.8,E,8,6.0,E,8,27,E,8,994,E,8,88,E,8,0.6,E,8,-9990,0,0,-9990,0,0,1.416,E,8,0.093,E,8,0.20,E,8,0,-9990,0,0
07/13/2005,18:00,651,1321,476,3,10,866,3,20,50,3,10,51613,3,10,89570,3,20,7483,3,10,-9990,0,0,0,E,8,0,E,8,26.0,E,8,6.6,E,8,29,E,8,994,E,8,162,E,8,1.9,E,8,-9990,0,0,-9990,0,0,1.468,E,8,0.093,E,8,0.20,E,8,0,-9990,0,0
07/13/2005,19:00,441,1321,292,3,10,725,3,20,50,3,10,31572,3,10,71047,3,20,7839,3,10,-9990,0,0,0,E,8,0,E,8,24.8,E,8,7.6,E,8,33,E,8,994,E,8,253,E,8,0.9,E,8,-9990,0,0,-9990,0,0,1.578,E,8,0.093,E,8,0.20,E,8,0,-9990,0,0
07/13/2005,20:00,226,1321,123,3,10,284,3,20,75,3,10,12705,3,10,13383,3,20,10410,3,10,-9990,0,0,6,E,8,5,E,8,23.2,E,8,8.0,E,8,38,E,8,994,E,8,210,E,8,1.2,E,8,-9990,0,0,-9990,0,0,1.628,E,8,0.093,E,8,0.20,E,8,0,-9990,0,0
07/13/2005,21:00,38,412,2,3,10,0,3,20,2,3,10,330,3,10,9,3,20,329,3,10,-9990,0,0,6,E,8,5,E,8,21.5,E,8,9.7,E,8,47,E,8,994,E,8,43,E,8,0.7,E,8,-9990,0,0,-9990,0,0,1.826,E,8,0.093,E,8,0.20,E,8,0,-9990,0,0
07/13/2005,22:00,0,0,0,3,0,0,3,0,0,3,0,0,3,0,0,3,0,0,3,0,-9990,0,0,6,E,8,5,E,8,19.7,E,8,10.8,E,8,56,E,8,993,E,8,35,E,8,1.2,E,8,-9990,0,0,-9990,0,0,1.976,E,8,0.093,E,8,0.20,E,8,0,-9990,0,0
07/13/2005,23:00,0,0,0,3,0,0,3,0,0,3,0,0,3,0,0,3,0,0,3,0,-9990,0,0,6,E,8,5,E,8,17.9,E,8,10.6,E,8,62,E,8,993,E,8,158,E,8,1.7,E,8,-9990,0,0,-9990,0,0,1.954,E,8,0.093,E,8,0.20,E,8,0,-9990,0,0
07/13/2005,24:00,0,0,0,3,0,0,3,0,0,3,0,0,3,0,0,3,0,0,3,0,-9990,0,0,6,E,8,5,E,8,16.1,E,8,10.5,E,8,69,E,8,993,E,8,66,E,8,1.2,E,8,-9990,0,0,-9990,0,0,1.934,E,8,0.093,E,8,0.20,E,8,0,-9990,0,0
07/14/2005,01:00,0,0,0,3,0,0,3,0,0,3,0,0,3,0,0,3,0,0,3,0,-9990,0,0,6,E,8,5,E,8,15.0,E,8,9.4,E,8,69,E,8,993,E,8,158,E,8,0.2,E,8,-9990,0,0,-9990,0,0,1.798,E,8,0.104,E,8,0.20,E,8,0,-9990,0,0
07/14/2005,02:00,0,0,0,3,0,0,3,0,0,3,0,0,3,0,0,3,0,0,3,0,-9990,0,0,6,E,8,5,E,8,13.7,E,8,9.0,E,8,74,E,8,993,E,8,31,E,8,0.5,E,8,-9990,0,0,-9990,0,0,1.748,E,8,0.104,E,8,0.20,E,8,0,-9990,0,0
07/14/2005,03:00,0,0,0,3,0,0,3,0,0,3,0,0,3,0,0,3,0,0,3,0,-9990,0,0,6,E,8,5,E,8,12.9,E,8,9.2,E,8,78,E,8,992,E,8,43,E,8,1.1,E,8,-9990,0,0,-9990,0,0,1.763,E,8,0.104,E,8,0.20,E,8,0,-9990,0,0
07/14/2005,04:00,0,0,0,3,0,0,3,0,0,3,0,0,3,0,0,3,0,0,3,0,-9990,0,0,6,E,8,6,E,8,12.2,E,8,9.8,E,8,86,E,8,992,E,8,46,E,8,0.7,E,8,-9990,0,0,-9990,0,0,1.844,E,8,0.104,E,8,0.20,E,8,0,-9990,0,0
07/14/2005,05:00,0,0,0,3,0,0,3,0,0,3,0,0,3,0,0,3,0,0,3,0,-9990,0,0,6,E,8,6,E,8,11.6,E,8,8.9,E,8,84,E,8,992,E,8,38,E,8,1.4,E,8,-9990,0,0,-9990,0,0,1.732,E,8,0.104,E,8,0.20,E,8,0,-9990,0,0
07/14/2005,06:00,80,589,21,3,10,0,3,20,21,3,10,2360,3,10,0,3,20,2360,3,10,-9990,0,0,6,E,8,6,E,8,11.8,E,8,8.8,E,8,82,E,8,992,E,8,353,E,8,1.4,E,8,-9990,0,0,-9990,0,0,1.720,E,8,0.104,E,8,0.20,E,8,0,-9990,0,0
07/14/2005,07:00,286,1321,192,3,10,405,3,20,105,3,10,19783,3,10,24392,3,20,14494,3,10,-9990,0,0,6,E,8,5,E,8,13.2,E,8,9.2,E,8,77,E,8,992,E,8,352,E,8,3.6,E,8,-9990,0,0,-9990,0,0,1.761,E,8,0.104,E,8,0.20,E,8,0,-9990,0,0
07/14/2005,08:00,501,1321,387,3,10,836,3,20,70,3,10,41366,3,10,80812,3,20,10692,3,10,-9990,0,0,0,E,8,0,E,8,14.7,E,8,10.1,E,8,74,E,8,991,E,8,79,E,8,6.7,E,8,-9990,0,0,-9990,0,0,1.886,E,8,0.104,E,8,0.20,E,8,0,-9990,0,0
07/14/2005,09:00,707,1321,588,3,10,926,3,20,92,3,10,63471,3,10,93523,3,20,13421,3,10,-9990,0,0,0,E,8,0,E,8,16.3,E,8,9.8,E,8,65,E,8,991,E,8,54,E,8,8.8,E,8,-9990,0,0,-9990,0,0,1.836,E,8,0.104,E,8,0.20,E,8,0,-9990,0,0
07/14/2005,10:00,889,1321,763,3,10,966,3,20,113,3,10,81143,3,10,97381,3,20,15606,3,10,-9990,0,0,0,E,8,0,E,8,17.9,E,8,8.6,E,8,55,E,8,991,E,8,51,E,8,8.1,E,8,-9990,0,0,-9990,0,0,1.695,E,8,0.104,E,8,0.20,E,8,0,-9990,0,0
07/14/2005,11:00,1035,1321,905,3,10,837,3,20,249,3,10,96501,3,10,83052,3,20,31413,3,10,-9990,0,0,3,E,8,2,E,8,19.3,E,8,8.2,E,8,48,E,8,991,E,8,80,E,8,8.8,E,8,-9990,0,0,-9990,0,0,1.643,E,8,0.104,E,8,0.20,E,8,0,-9990,0,0
07/14/2005,12:00,1136,1321,602,3,10,239,3,20,397,3,10,66268,3,10,24234,3,20,45433,3,10,-9990,0,0,9,E,8,8,E,8,19.4,E,8,8.0,E,8,48,E,8,991,E,8,75,E,8,4.2,E,8,-9990,0,0,-9990,0,0,1.626,E,8,0.104,E,8,0.20,E,8,0,-9990,0,0
07/14/2005,13:00,1183,1321,628,3,10,226,3,20,426,3,10,69879,3,10,23713,3,20,48635,3,10,-9990,0,0,9,E,8,8,E,8,19.5,E,8,8.4,E,8,48,E,8,990,E,8,221,E,8,1.7,E,8,-9990,0,0,-9990,0,0,1.667,E,8,0.104,E,8,0.20,E,8,0,-9990,0,0
07/14/2005,14:00,1175,1321,567,3,10,155,3,20,429,3,10,62932,3,10,15844,3,20,48836,3,10,-9990,0,0,9,E,8,8,E,8,19.4,E,8,7.9,E,8,47,E,8,991,E,8,92,E,8,1.7,E,8,-9990,0,0,-9990,0,0,1.610,E,8,0.104,E,8,0.20,E,8,0,-9990,0,0
07/14/2005,15:00,1112,1321,530,3,10,138,3,20,414,3,10,58662,3,10,13713,3,20,47120,3,10,-9990,0,0,9,E,8,8,E,8,19.2,E,8,7.3,E,8,46,E,8,991,E,8,74,E,8,0.7,E,8,-9990,0,0,-9990,0,0,1.542,E,8,0.104,E,8,0.20,E,8,0,-9990,0,0
07/14/2005,16:00,997,1321,464,3,10,118,3,20,375,3,10,51120,3,10,11017,3,20,42803,3,10,-9990,0,0,10,E,8,9,E,8,18.9,E,8,7.0,E,8,46,E,8,991,E,8,259,E,8,1.6,E,8,-9990,0,0,-9990,0,0,1.513,E,8,0.104,E,8,0.20,E,8,0,-9990,0,0
07/14/2005,17:00,839,1321,382,3,10,123,3,20,303,3,10,41983,3,10,11078,3,20,34944,3,10,-9990,0,0,10,E,8,9,E,8,18.3,E,8,7.1,E,8,48,E,8,991,E,8,263,E,8,1.6,E,8,-9990,0,0,-9990,0,0,1.527,E,8,0.104,E,8,0.20,E,8,0,-9990,0,0
07/14/2005,18:00,649,1321,273,3,10,96,3,20,226,3,10,30324,3,10,9402,3,20,25703,3,10,-9990,0,0,10,E,8,9,E,8,17.5,E,8,6.7,E,8,49,E,8,991,E,8,245,E,8,2.5,E,8,-9990,0,0,-9990,0,0,1.485,E,8,0.104,E,8,0.20,E,8,0,-9990,0,0
07/14/2005,19:00,439,1321,142,3,10,23,3,20,134,3,10,15806,3,10,2416,3,20,15002,3,10,-9990,0,0,10,E,8,9,E,8,16.5,E,8,6.2,E,8,50,E,8,991,E,8,150,E,8,0.8,E,8,-9990,0,0,-9990,0,0,1.431,E,8,0.104,E,8,0.20,E,8,0,-9990,0,0
07/14/2005,20:00,225,1321,62,3,10,81,3,20,48,3,10,6905,3,10,6079,3,20,5872,3,10,-9990,0,0,9,E,8,8,E,8,15.5,E,8,5.8,E,8,52,E,8,991,E,8,82,E,8,0.1,E,8,-9990,0,0,-9990,0,0,1.388,E,8,0.104,E,8,0.20,E,8,0,-9990,0,0
07/14/2005,21:00,37,404,2,3,10,0,3,20,2,3,10,220,3,10,8,3,20,219,3,10,-9990,0,0,9,E,8,8,E,8,14.4,E,8,5.4,E,8,55,E,8,991,E,8,357,E,8,0.9,E,8,-9990,0,0,-9990,0,0,1.354,E,8,0.104,E,8,0.20,E,8,0,-9990,0,0
07/14/2005,22:00,0,0,0,3,0,0,3,0,0,3,0,0,3,0,0,3,0,0,3,0,-9990,0,0,9,E,8,8,E,8,13.2,E,8,5.2,E,8,58,E,8,991,E,8,344,E,8,0.6,E,8,-9990,0,0,-9990,0,0,1.335,E,8,0.104,E,8,0.20,E,8,0,-9990,0,0
07/14/2005,23:00,0,0,0,3,0,0,3,0,0,3,0,0,3,0,0,3,0,0,3,0,-9990,0,0,8,E,8,6,E,8,12.0,E,8,4.7,E,8,61,E,8,991,E,8,54,E,8,1.4,E,8,-9990,0,0,-9990,0,0,1.285,E,8,0.104,E,8,0.20,E,8,0,-9990,0,0
07/14/2005,24:00,0,0,0,3,0,0,3,0,0,3,0,0,3,0,0,3,0,0,3,0,-9990,0,0,8,E,8,6,E,8,10.8,E,8,4.8,E,8,66,E,8,991,E,8,82,E,8,0.4,E,8,-9990,0,0,-9990,0,0,1.296,E,8,0.104,E,8,0.20,E,8,0,-9990,0,0
07/15/2005,01:00,0,0,0,3,0,0,3,0,0,3,0,0,3,0,0,3,0,0,3,0,-9990,0,0,8,E,8,6,E,8,10.8,E,8,5.9,E,8,72,E,8,991,E,8,72,E,8,0.2,E,8,-9990,0,0,-9990,0,0,1.398,E,8,0.102,E,8,0.20,E,8,0,-9990,0,0
07/15/2005,02:00,0,0,0,3,0,0,3,0,0,3,0,0,3,0,0,3,0,0,3,0,-9990,0,0,8,E,8,6,E,8,10.5,E,8,5.7,E,8,72,E,8,991,E,8,79,E,8,0.1,E,8,-9990,0,0,-9990,0,0,1.383,E,8,0.102,E,8,0.20,E,8,0,-9990,0,0
07/15/2005,03:00,0,0,0,3,0,0,3,0,0,3,0,0,3,0,0,3,0,0,3,0,-9990,0,0,8,E,8,6,E,8,10.3,E,8,5.9,E,8,74,E,8,991,E,8,54,E,8,0.0,E,8,-9990,0,0,-9990,0,0,1.404,E,8,0.102,E,8,0.20,E,8,0,-9990,0,0
07/15/2005,04:00,0,0,0,3,0,0,3,0,0,3,0,0,3,0,0,3,0,0,3,0,-9990,0,0,6,E,8,5,E,8,10.1,E,8,5.1,E,8,71,E,8,991,E,8,33,E,8,0.0,E,8,-9990,0,0,-9990,0,0,1.326,E,8,0.102,E,8,0.20,E,8,0,-9990,0,0
07/15/2005,05:00,0,0,0,3,0,0,3,0,0,3,0,0,3,0,0,3,0,0,3,0,-9990,0,0,6,E,8,5,E,8,9.9,E,8,4.3,E,8,68,E,8,991,E,8,35,E,8,0.0,E,8,-9990,0,0,-9990,0,0,1.254,E,8,0.102,E,8,0.20,E,8,0,-9990,0,0
07/15/2005,06:00,78,579,15,3,10,0,3,20,15,3,10,1723,3,10,0,3,20,1723,3,10,-9990,0,0,6,E,8,5,E,8,10.0,E,8,4.3,E,8,68,E,8,991,E,8,36,E,8,0.1,E,8,-9990,0,0,-9990,0,0,1.256,E,8,0.102,E,8,0.20,E,8,0,-9990,0,0
07/15/2005,07:00,284,1321,140,3,10,298,3,20,76,3,10,14812,3,10,18319,3,20,10879,3,10,-9990,0,0,6,E,8,5,E,8,11.1,E,8,4.5,E,8,64,E,8,991,E,8,109,E,8,0.0,E,8,-9990,0,0,-9990,0,0,1.272,E,8,0.102,E,8,0.20,E,8,0,-9990,0,0
07/15/2005,08:00,499,1321,278,3,10,427,3,20,117,3,10,29941,3,10,34483,3,20,16922,3,10,-9990,0,0,5,E,8,4,E,8,12.2,E,8,4.7,E,8,60,E,8,991,E,8,69,E,8,0.2,E,8,-9990,0,0,-9990,0,0,1.288,E,8,0.102,E,8,0.20,E,8,0,-9990,0,0
07/15/2005,09:00,704,1321,422,3,10,456,3,20,179,3,10,45425,3,10,37355,3,20,25503,3,10,-9990,0,0,5,E,8,4,E,8,13.4,E,8,4.9,E,8,56,E,8,991,E,8,35,E,8,0.4,E,8,-9990,0,0,-9990,0,0,1.304,E,8,0.102,E,8,0.20,E,8,0,-9990,0,0
07/15/2005,10:00,887,1321,567,3,10,539,3,20,205,3,10,62078,3,10,48340,3,20,29625,3,10,-9990,0,0,5,E,8,4,E,8,14.6,E,8,5.0,E,8,52,E,8,991,E,8,62,E,8,0.6,E,8,-9990,0,0,-9990,0,0,1.318,E,8,0.102,E,8,0.20,E,8,0,-9990,0,0
07/15/2005,11:00,1033,1321,669,3,10,557,3,20,234,3,10,71433,3,10,53443,3,20,29628,3,10,-9990,0,0,4,E,8,3,E,8,15.7,E,8,5.2,E,8,49,E,8,991,E,8,51,E,8,0.3,E,8,-9990,0,0,-9990,0,0,1.331,E,8,0.102,E,8,0.20,E,8,0,-9990,0,0
07/15/2005,12:00,1134,1321,746,3,10,543,3,20,280,3,10,82076,3,10,48998,3,20,40015,3,10,-9990,0,0,5,E,8,4,E,8,16.7,E,8,5.3,E,8,47,E,8,991,E,8,199,E,8,0.2,E,8,-9990,0,0,-9990,0,0,1.341,E,8,0.102,E,8,0.20,E,8,0,-9990,0,0
07/15/2005,13:00,1182,1321,771,3,10,515,3,20,310,3,10,84520,3,10,45431,3,20,43874,3,10,-9990,0,0,5,E,8,4,E,8,17.4,E,8,5.3,E,8,45,E,8,992,E,8,269,E,8,0.3,E,8,-9990,0,0,-9990,0,0,1.348,E,8,0.102,E,8,0.20,E,8,0,-9990,0,0
07/15/2005,14:00,1174,1321,755,3,10,475,3,20,333,3,10,81989,3,10,39995,3,20,46449,3,10,-9990,0,0,6,E,8,5,E,8,17.9,E,8,5.4,E,8,44,E,8,991,E,8,286,E,8,0.1,E,8,-9990,0,0,-9990,0,0,1.353,E,8,0.102,E,8,0.20,E,8,0,-9990,0,0
07/15/2005,15:00,1110,1321,741,3,10,545,3,20,283,3,10,81133,3,10,48683,3,20,40211,3,10,-9990,0,0,5,E,8,4,E,8,18.2,E,8,5.4,E,8,43,E,8,991,E,8,279,E,8,1.1,E,8,-9990,0,0,-9990,0,0,1.356,E,8,0.102,E,8,0.20,E,8,0,-9990,0,0
07/15/2005,16:00,996,1321,674,3,10,598,3,20,223,3,10,71751,3,10,57224,3,20,28614,3,10,-9990,0,0,4,E,8,3,E,8,18.3,E,8,5.4,E,8,43,E,8,991,E,8,254,E,8,0.9,E,8,-9990,0,0,-9990,0,0,1.357,E,8,0.102,E,8,0.20,E,8,0,-9990,0,0
07/15/2005,17:00,838,1321,554,3,10,628,3,20,156,3,10,59440,3,10,59800,3,20,21507,3,10,-9990,0,0,3,E,8,2,E,8,18.2,E,8,5.4,E,8,43,E,8,991,E,8,250,E,8,0.4,E,8,-9990,0,0,-9990,0,0,1.355,E,8,0.102,E,8,0.20,E,8,0,-9990,0,0
07/15/2005,18:00,648,1321,412,3,10,621,3,20,108,3,10,44235,3,10,57982,3,20,15812,3,10,-9990,0,0,0,E,8,0,E,8,17.7,E,8,5.4,E,8,44,E,8,991,E,8,247,E,8,0.4,E,8,-9990,0,0,-9990,0,0,1.350,E,8,0.102,E,8,0.20,E,8,0,-9990,0,0
07/15/2005,19:00,438,1321,259,3,10,564,3,20,72,3,10,27579,3,10,49848,3,20,11065,3,10,-9990,0,0,0,E,8,0,E,8,16.8,E,8,5.3,E,8,46,E,8,991,E,8,261,E,8,0.5,E,8,-9990,0,0,-9990,0,0,1.342,E,8,0.102,E,8,0.20,E,8,0,-9990,0,0
07/15/2005,20:00,222,1321,117,3,10,262,3,20,72,3,10,12023,3,10,11810,3,20,10034,3,10,-9990,0,0,6,E,8,5,E,8,15.8,E,8,5.2,E,8,49,E,8,990,E,8,211,E,8,0.7,E,8,-9990,0,0,-9990,0,0,1.331,E,8,0.102,E,8,0.20,E,8,0,-9990,0,0
07/15/2005,21:00,35,396,6,3,10,0,3,20,6,3,10,778,3,10,9,3,20,778,3,10,-9990,0,0,6,E,8,5,E,8,14.6,E,8,5.0,E,8,53,E,8,990,E,8,257,E,8,0.9,E,8,-9990,0,0,-9990,0,0,1.318,E,8,0.102,E,8,0.20,E,8,0,-9990,0,0
07/15/2005,22:00,0,0,0,3,0,0,3,0,0,3,0,0,3,0,0,3,0,0,3,0,-9990,0,0,8,E,8,6,E,8,13.4,E,8,6.3,E,8,62,E,8,990,E,8,303,E,8,0.8,E,8,-9990,0,0,-9990,0,0,1.442,E,8,0.102,E,8,0.20,E,8,0,-9990,0,0
07/15/2005,23:00,0,0,0,3,0,0,3,0,0,3,0,0,3,0,0,3,0,0,3,0,-9990,0,0,8,E,8,6,E,8,12.3,E,8,6.2,E,8,66,E,8,990,E,8,217,E,8,0.9,E,8,-9990,0,0,-9990,0,0,1.429,E,8,0.102,E,8,0.20,E,8,0,-9990,0,0
07/15/2005,24:00,0,0,0,3,0,0,3,0,0,3,0,0,3,0,0,3,0,0,3,0,-9990,0,0,8,E,8,6,E,8,11.1,E,8,5.5,E,8,68,E,8,990,E,8,223,E,8,1.7,E,8,-9990,0,0,-9990,0,0,1.367,E,8,0.102,E,8,0.20,E,8,0,-9990,0,0
07/16/2005,01:00,0,0,0,3,0,0,3,0,0,3,0,0,3,0,0,3,0,0,3,0,-9990,0,0,8,E,8,6,E,8,11.1,E,8,4.5,E,8,64,E,8,990,E,8,242,E,8,2.5,E,8,-9990,0,0,-9990,0,0,1.273,E,8,0.101,E,8,0.20,E,8,0,-9990,0,0
07/16/2005,02:00,0,0,0,3,0,0,3,0,0,3,0,0,3,0,0,3,0,0,3,0,-9990,0,0,8,E,8,6,E,8,11.0,E,8,4.6,E,8,64,E,8,989,E,8,193,E,8,1.1,E,8,-9990,0,0,-9990,0,0,1.280,E,8,0.101,E,8,0.20,E,8,0,-9990,0,0
07/16/2005,03:00,0,0,0,3,0,0,3,0,0,3,0,0,3,0,0,3,0,0,3,0,-9990,0,0,8,E,8,6,E,8,11.0,E,8,4.5,E,8,64,E,8,989,E,8,232,E,8,2.1,E,8,-9990,0,0,-9990,0,0,1.271,E,8,0.101,E,8,0.20,E,8,0,-9990,0,0
07/16/2005,04:00,0,0,0,3,0,0,3,0,0,3,0,0,3,0,0,3,0,0,3,0,-9990,0,0,8,E,8,6,E,8,10.9,E,8,4.5,E,8,64,E,8,989,E,8,203,E,8,0.5,E,8,-9990,0,0,-9990,0,0,1.270,E,8,0.101,E,8,0.20,E,8,0,-9990,0,0
07/16/2005,05:00,0,0,0,3,0,0,3,0,0,3,0,0,3,0,0,3,0,0,3,0,-9990,0,0,8,E,8,6,E,8,10.9,E,8,4.6,E,8,65,E,8,989,E,8,226,E,8,1.4,E,8,-9990,0,0,-9990,0,0,1.284,E,8,0.101,E,8,0.20,E,8,0,-9990,0,0
07/16/2005,06:00,75,568,3,3,10,0,3,20,3,3,10,397,3,10,6,3,20,396,3,10,-9990,0,0,8,E,8,6,E,8,11.0,E,8,4.8,E,8,66,E,8,989,E,8,263,E,8,2.7,E,8,-9990,0,0,-9990,0,0,1.298,E,8,0.101,E,8,0.20,E,8,0,-9990,0,0
07/16/2005,07:00,281,1321,114,3,10,178,3,20,76,3,10,12253,3,10,12305,3,20,9639,3,10,-9990,0,0,8,E,8,6,E,8,12.5,E,8,5.4,E,8,62,E,8,989,E,8,66,E,8,4.2,E,8,-9990,0,0,-9990,0,0,1.354,E,8,0.101,E,8,0.20,E,8,0,-9990,0,0
07/16/2005,08:00,496,1321,208,3,10,135,3,20,158,3,10,22926,3,10,11528,3,20,18597,3,10,-9990,0,0,9,E,8,8,E,8,13.8,E,8,6.6,E,8,62,E,8,988,E,8,95,E,8,3.0,E,8,-9990,0,0,-9990,0,0,1.477,E,8,0.101,E,8,0.20,E,8,0,-9990,0,0
07/16/2005,09:00,702,1321,230,3,10,29,3,20,215,3,10,25622,3,10,1938,3,20,24592,3,10,-9990,0,0,10,E,8,9,E,8,14.7,E,8,8.1,E,8,65,E,8,988,E,8,107,E,8,3.8,E,8,-9990,0,0,-9990,0,0,1.638,E,8,0.101,E,8,0.20,E,8,0,-9990,0,0
07/16/2005,10:00,885,1321,257,3,10,18,3,20,245,3,10,29844,3,10,1802,3,20,28637,3,10,-9990,0,0,10,E,8,9,E,8,15.3,E,8,6.5,E,8,56,E,8,988,E,8,85,E,8,3.0,E,8,-9990,0,0,-9990,0,0,1.466,E,8,0.101,E,8,0.20,E,8,0,-9990,0,0
07/16/2005,11:00,1031,1321,429,3,10,99,3,20,352,3,10,47874,3,10,9919,3,20,40130,3,10,-9990,0,0,10,E,8,9,E,8,16.5,E,8,6.9,E,8,53,E,8,988,E,8,69,E,8,3.0,E,8,-9990,0,0,-9990,0,0,1.505,E,8,0.101,E,8,0.20,E,8,0,-9990,0,0
07/16/2005,12:00,1132,1321,382,3,10,29,3,20,358,3,10,42712,3,10,2166,3,20,40856,3,10,-9990,0,0,10,E,8,9,E,8,17.2,E,8,7.4,E,8,53,E,8,988,E,8,201,E,8,8.1,E,8,-9990,0,0,-9990,0,0,1.558,E,8,0.101,E,8,0.20,E,8,0,-9990,0,0
07/16/2005,13:00,1180,1321,488,3,10,85,3,20,412,3,10,54470,3,10,8514,3,20,46862,3,10,-9990,0,0,10,E,8,9,E,8,18.0,E,8,7.5,E,8,50,E,8,987,E,8,228,E,8,3.8,E,8,-9990,0,0,-9990,0,0,1.563,E,8,0.101,E,8,0.20,E,8,0,-9990,0,0
07/16/2005,14:00,1172,1321,577,3,10,174,3,20,423,3,10,64141,3,10,18020,3,20,48150,3,10,-9990,0,0,9,E,8,8,E,8,19.0,E,8,7.3,E,8,46,E,8,987,E,8,245,E,8,4.7,E,8,-9990,0,0,-9990,0,0,1.542,E,8,0.101,E,8,0.20,E,8,0,-9990,0,0
07/16/2005,15:00,1109,1321,558,3,10,193,3,20,396,3,10,61900,3,10,19867,3,20,45223,3,10,-9990,0,0,9,E,8,8,E,8,19.7,E,8,7.2,E,8,44,E,8,987,E,8,158,E,8,4.5,E,8,-9990,0,0,-9990,0,0,1.534,E,8,0.101,E,8,0.20,E,8,0,-9990,0,0
07/16/2005,16:00,994,1321,514,3,10,203,3,20,361,3,10,56773,3,10,20411,3,20,41410,3,10,-9990,0,0,9,E,8,8,E,8,20.1,E,8,7.8,E,8,45,E,8,987,E,8,127,E,8,0.9,E,8,-9990,0,0,-9990,0,0,1.601,E,8,0.101,E,8,0.20,E,8,0,-9990,0,0
07/16/2005,17:00,836,1321,447,3,10,282,3,20,269,3,10,48618,3,10,26530,3,20,31823,3,10,-9990,0,0,8,E,8,6,E,8,20.3,E,8,7.3,E,8,43,E,8,987,E,8,197,E,8,2.3,E,8,-9990,0,0,-9990,0,0,1.541,E,8,0.101,E,8,0.20,E,8,0,-9990,0,0
07/16/2005,18:00,646,1321,306,3,10,153,3,20,232,3,10,33565,3,10,13440,3,20,26994,3,10,-9990,0,0,9,E,8,8,E,8,20.2,E,8,8.4,E,8,47,E,8,987,E,8,214,E,8,2.1,E,8,-9990,0,0,-9990,0,0,1.668,E,8,0.101,E,8,0.20,E,8,0,-9990,0,0
07/16/2005,19:00,436,1321,162,3,10,88,3,20,133,3,10,17846,3,10,6041,3,20,15854,3,10,-9990,0,0,10,E,8,9,E,8,19.5,E,8,9.0,E,8,50,E,8,987,E,8,123,E,8,1.2,E,8,-9990,0,0,-9990,0,0,1.738,E,8,0.101,E,8,0.20,E,8,0,-9990,0,0
07/16/2005,20:00,220,1321,58,3,10,11,3,20,56,3,10,6434,3,10,1153,3,20,6242,3,10,-9990,0,0,10,E,8,9,E,8,18.6,E,8,9.6,E,8,56,E,8,987,E,8,86,E,8,1.2,E,8,-9990,0,0,-9990,0,0,1.817,E,8,0.101,E,8,0.20,E,8,0,-9990,0,0
07/16/2005,21:00,34,388,4,3,10,0,3,20,4,3,10,516,3,10,11,3,20,515,3,10,-9990,0,0,10,E,8,9,E,8,17.7,E,8,9.9,E,8,60,E,8,987,E,8,30,E,8,0.8,E,8,-9990,0,0,-9990,0,0,1.856,E,8,0.101,E,8,0.20,E,8,0,-9990,0,0
07/16/2005,22:00,0,0,0,3,0,0,3,0,0,3,0,0,3,0,0,3,0,0,3,0,-9990,0,0,10,E,8,9,E,8,17.2,E,8,10.4,E,8,65,E,8,987,E,8,84,E,8,0.1,E,8,-9990,0,0,-9990,0,0,1.926,E,8,0.101,E,8,0.20,E,8,0,-9990,0,0
07/16/2005,23:00,0,0,0,3,0,0,3,0,0,3,0,0,3,0,0,3,0,0,3,0,-9990,0,0,10,E,8,9,E,8,16.6,E,8,10.7,E,8,68,E,8,987,E,8,36,E,8,0.2,E,8,-9990,0,0,-9990,0,0,1.963,E,8,0.101,E,8,0.20,E,8,0,-9990,0,0
07/16/2005,24:00,0,0,0,3,0,0,3,0,0,3,0,0,3,0,0,3,0,0,3,0,-9990,0,0,10,E,8,9,E,8,16.1,E,8,11.9,E,8,76,E,8,987,E,8,271,E,8,0.4,E,8,-9990,0,0,-9990,0,0,2.131,E,8,0.101,E,8,0.20,E,8,0,-9990,0,0
07/17/2005,01:00,0,0,0,3,0,0,3,0,0,3,0,0,3,0,0,3,0,0,3,0,-9990,0,0,10,E,8,9,E,8,15.6,E,8,11.6,E,8,77,E,8,987,E,8,280,E,8,1.1,E,8,-9990,0,0,-9990,0,0,2.091,E,8,0.104,E,8,0.20,E,8,0,-9990,0,0
07/17/2005,02:00,0,0,0,3,0,0,3,0,0,3,0,0,3,0,0,3,0,0,3,0,-9990,0,0,10,E,8,9,E,8,15.2,E,8,11.7,E,8,80,E,8,987,E,8,108,E,8,0.6,E,8,-9990,0,0,-9990,0,0,2.109,E,8,0.104,E,8,0.20,E,8,0,-9990,0,0
07/17/2005,03:00,0,0,0,3,0,0,3,0,0,3,0,0,3,0,0,3,0,0,3,0,-9990,0,0,10,E,8,9,E,8,14.9,E,8,12.4,E,8,85,E,8,986,E,8,20,E,8,0.2,E,8,-9990,0,0,-9990,0,0,2.210,E,8,0.104,E,8,0.20,E,8,0,-9990,0,0
07/17/2005,04:00,0,0,0,3,0,0,3,0,0,3,0,0,3,0,0,3,0,0,3,0,-9990,0,0,10,E,8,9,E,8,14.4,E,8,12.7,E,8,90,E,8,986,E,8,57,E,8,0.2,E,8,-9990,0,0,-9990,0,0,2.258,E,8,0.104,E,8,0.20,E,8,1,-9990,0,0
07/17/2005,05:00,0,0,0,3,0,0,3,0,0,3,0,0,3,0,0,3,0,0,3,0,-9990,0,0,10,E,8,9,E,8,13.7,E,8,12.8,E,8,94,E,8,986,E,8,49,E,8,0.1,E,8,-9990,0,0,-9990,0,0,2.278,E,8,0.104,E,8,0.20,E,8,4,-9990,0,0
07/17/2005,06:00,72,558,7,3,10,0,3,20,7,3,10,884,3,10,3,3,20,883,3,10,-9990,0,0,10,E,8,9,E,8,14.5,E,8,13.3,E,8,92,E,8,986,E,8,353,E,8,0.0,E,8,-9990,0,0,-9990,0,0,2.360,E,8,0.104,E,8,0.20,E,8,0,-9990,0,0
07/17/2005,07:00,278,1321,77,3,10,23,3,20,72,3,10,8633,3,10,1078,3,20,8406,3,10,-9990,0,0,10,E,8,9,E,8,15.4,E,8,13.2,E,8,87,E,8,986,E,8,359,E,8,0.0,E,8,-9990,0,0,-9990,0,0,2.343,E,8,0.104,E,8,0.20,E,8,0,-9990,0,0
07/17/2005,08:00,493,1321,147,3,10,14,3,20,142,3,10,16537,3,10,1439,3,20,16000,3,10,-9990,0,0,10,E,8,9,E,8,16.0,E,8,14.0,E,8,88,E,8,986,E,8,25,E,8,0.0,E,8,-9990,0,0,-9990,0,0,2.474,E,8,0.104,E,8,0.20,E,8,1,-9990,0,0
07/17/2005,09:00,700,1321,232,3,10,27,3,20,218,3,10,26301,3,10,2828,3,20,24804,3,10,-9990,0,0,10,E,8,9,E,8,17.0,E,8,13.9,E,8,82,E,8,986,E,8,333,E,8,0.8,E,8,-9990,0,0,-9990,0,0,2.452,E,8,0.104,E,8,0.20,E,8,0,-9990,0,0
07/17/2005,10:00,882,1321,313,3,10,30,3,20,293,3,10,35106,3,10,2091,3,20,33709,3,10,-9990,0,0,10,E,8,9,E,8,18.0,E,8,14.6,E,8,81,E,8,986,E,8,40,E,8,0.6,E,8,-9990,0,0,-9990,0,0,2.579,E,8,0.104,E,8,0.20,E,8,0,-9990,0,0
07/17/2005,11:00,1029,1321,399,3,10,44,3,20,365,3,10,44881,3,10,3649,3,20,42038,3,10,-9990,0,0,10,E,8,9,E,8,18.9,E,8,15.5,E,8,81,E,8,986,E,8,69,E,8,0.8,E,8,-9990,0,0,-9990,0,0,2.747,E,8,0.104,E,8,0.20,E,8,0,-9990,0,0
07/17/2005,12:00,1130,1321,430,3,10,46,3,20,391,3,10,48239,3,10,4044,3,20,44779,3,10,-9990,0,0,10,E,8,9,E,8,19.6,E,8,12.4,E,8,63,E,8,986,E,8,30,E,8,0.6,E,8,-9990,0,0,-9990,0,0,2.209,E,8,0.104,E,8,0.20,E,8,0,-9990,0,0
07/17/2005,13:00,1179,1321,448,3,10,45,3,20,408,3,10,50229,3,10,3917,3,20,46734,3,10,-9990,0,0,10,E,8,9,E,8,20.3,E,8,11.1,E,8,56,E,8,986,E,8,94,E,8,1.4,E,8,-9990,0,0,-9990,0,0,2.017,E,8,0.104,E,8,0.20,E,8,0,-9990,0,0
07/17/2005,14:00,1171,1321,449,3,10,38,3,20,416,3,10,50321,3,10,3172,3,20,47510,3,10,-9990,0,0,10,E,8,9,E,8,20.7,E,8,10.8,E,8,53,E,8,986,E,8,139,E,8,1.4,E,8,-9990,0,0,-9990,0,0,1.972,E,8,0.104,E,8,0.20,E,8,0,-9990,0,0
07/17/2005,15:00,1107,1321,370,3,10,24,3,20,349,3,10,43022,3,10,2514,3,20,40915,3,10,-9990,0,0,10,E,8,9,E,8,20.9,E,8,11.0,E,8,53,E,8,986,E,8,274,E,8,3.0,E,8,-9990,0,0,-9990,0,0,1.998,E,8,0.104,E,8,0.20,E,8,0,-9990,0,0
07/17/2005,16:00,993,1321,289,3,10,13,3,20,280,3,10,33703,3,10,1249,3,20,32765,3,10,-9990,0,0,10,E,8,9,E,8,20.9,E,8,10.4,E,8,51,E,8,987,E,8,270,E,8,2.1,E,8,-9990,0,0,-9990,0,0,1.925,E,8,0.104,E,8,0.20,E,8,0,-9990,0,0
07/17/2005,17:00,835,1321,242,3,10,13,3,20,234,3,10,27870,3,10,1223,3,20,27097,3,10,-9990,0,0,10,E,8,9,E,8,20.7,E,8,10.7,E,8,53,E,8,987,E,8,163,E,8,1.1,E,8,-9990,0,0,-9990,0,0,1.963,E,8,0.104,E,8,0.20,E,8,0,-9990,0,0
07/17/2005,18:00,644,1321,159,3,10,3,3,20,158,3,10,18259,3,10,140,3,20,18191,3,10,-9990,0,0,10,E,8,9,E,8,20.2,E,8,11.0,E,8,55,E,8,987,E,8,188,E,8,1.2,E,8,-9990,0,0,-9990,0,0,2.007,E,8,0.104,E,8,0.20,E,8,0,-9990,0,0
07/17/2005,19:00,434,1321,94,3,10,0,3,20,94,3,10,10794,3,10,0,3,20,10794,3,10,-9990,0,0,10,E,8,9,E,8,19.7,E,8,10.6,E,8,56,E,8,988,E,8,259,E,8,0.0,E,8,-9990,0,0,-9990,0,0,1.945,E,8,0.104,E,8,0.20,E,8,0,-9990,0,0
07/17/2005,20:00,218,1321,38,3,10,0,3,20,38,3,10,4347,3,10,0,3,20,4347,3,10,-9990,0,0,10,E,8,9,E,8,19.0,E,8,10.4,E,8,58,E,8,988,E,8,249,E,8,0.0,E,8,-9990,0,0,-9990,0,0,1.928,E,8,0.104,E,8,0.20,E,8,0,-9990,0,0
07/17/2005,21:00,32,379,1,3,10,0,3,20,1,3,10,205,3,10,8,3,20,204,3,10,-9990,0,0,9,E,8,8,E,8,18.3,E,8,9.3,E,8,55,E,8,989,E,8,259,E,8,0.2,E,8,-9990,0,0,-9990,0,0,1.775,E,8,0.104,E,8,0.20,E,8,0,-9990,0,0
07/17/2005,22:00,0,0,0,3,0,0,3,0,0,3,0,0,3,0,0,3,0,0,3,0,-9990,0,0,9,E,8,8,E,8,17.6,E,8,10.7,E,8,64,E,8,989,E,8,274,E,8,0.1,E,8,-9990,0,0,-9990,0,0,1.960,E,8,0.104,E,8,0.20,E,8,0,-9990,0,0
07/17/2005,23:00,0,0,0,3,0,0,3,0,0,3,0,0,3,0,0,3,0,0,3,0,-9990,0,0,9,E,8,8,E,8,16.9,E,8,10.5,E,8,66,E,8,989,E,8,298,E,8,0.1,E,8,-9990,0,0,-9990,0,0,1.934,E,8,0.104,E,8,0.20,E,8,0,-9990,0,0
07/17/2005,24:00,0,0,0,3,0,0,3,0,0,3,0,0,3,0,0,3,0,0,3,0,-9990,0,0,9,E,8,8,E,8,16.2,E,8,10.0,E,8,67,E,8,990,E,8,277,E,8,0.3,E,8,-9990,0,0,-9990,0,0,1.870,E,8,0.104,E,8,0.20,E,8,0,-9990,0,0
07/18/2005,01:00,0,0,0,3,0,0,3,0,0,3,0,0,3,0,0,3,0,0,3,0,-9990,0,0,8,E,8,6,E,8,15.8,E,8,10.7,E,8,72,E,8,990,E,8,292,E,8,0.3,E,8,-9990,0,0,-9990,0,0,1.961,E,8,0.102,E,8,0.20,E,8,0,-9990,0,0
07/18/2005,02:00,0,0,0,3,0,0,3,0,0,3,0,0,3,0,0,3,0,0,3,0,-9990,0,0,8,E,8,6,E,8,15.2,E,8,10.4,E,8,73,E,8,990,E,8,296,E,8,0.8,E,8,-9990,0,0,-9990,0,0,1.928,E,8,0.102,E,8,0.20,E,8,0,-9990,0,0
07/18/2005,03:00,0,0,0,3,0,0,3,0,0,3,0,0,3,0,0,3,0,0,3,0,-9990,0,0,8,E,8,6,E,8,14.9,E,8,11.2,E,8,78,E,8,991,E,8,283,E,8,2.5,E,8,-9990,0,0,-9990,0,0,2.029,E,8,0.102,E,8,0.20,E,8,0,-9990,0,0
07/18/2005,04:00,0,0,0,3,0,0,3,0,0,3,0,0,3,0,0,3,0,0,3,0,-9990,0,0,8,E,8,6,E,8,14.6,E,8,10.9,E,8,78,E,8,991,E,8,287,E,8,3.0,E,8,-9990,0,0,-9990,0,0,1.996,E,8,0.102,E,8,0.20,E,8,0,-9990,0,0
07/18/2005,05:00,0,0,0,3,0,0,3,0,0,3,0,0,3,0,0,3,0,0,3,0,-9990,0,0,6,E,8,5,E,8,14.4,E,8,10.2,E,8,76,E,8,991,E,8,280,E,8,5.1,E,8,-9990,0,0,-9990,0,0,1.892,E,8,0.102,E,8,0.20,E,8,0,-9990,0,0
07/18/2005,06:00,69,547,14,3,10,0,3,20,14,3,10,1614,3,10,0,3,20,1614,3,10,-9990,0,0,6,E,8,5,E,8,14.7,E,8,9.1,E,8,69,E,8,992,E,8,288,E,8,6.1,E,8,-9990,0,0,-9990,0,0,1.751,E,8,0.102,E,8,0.20,E,8,0,-9990,0,0
07/18/2005,07:00,274,1321,160,3,10,350,3,20,87,3,10,16751,3,10,20607,3,20,12471,3,10,-9990,0,0,6,E,8,5,E,8,16.6,E,8,9.9,E,8,65,E,8,992,E,8,286,E,8,3.0,E,8,-9990,0,0,-9990,0,0,1.852,E,8,0.102,E,8,0.20,E,8,0,-9990,0,0
07/18/2005,08:00,490,1321,331,3,10,763,3,20,48,3,10,36116,3,10,77484,3,20,7356,3,10,-9990,0,0,0,E,8,0,E,8,18.6,E,8,10.6,E,8,59,E,8,993,E,8,301,E,8,2.1,E,8,-9990,0,0,-9990,0,0,1.948,E,8,0.102,E,8,0.20,E,8,0,-9990,0,0
07/18/2005,09:00,697,1321,507,3,10,857,3,20,55,3,10,55381,3,10,89478,3,20,8178,3,10,-9990,0,0,0,E,8,0,E,8,20.8,E,8,11.1,E,8,54,E,8,993,E,8,329,E,8,1.7,E,8,-9990,0,0,-9990,0,0,2.019,E,8,0.102,E,8,0.20,E,8,0,-9990,0,0
07/18/2005,10:00,880,1321,668,3,10,898,3,20,70,3,10,72322,3,10,93554,3,20,10001,3,10,-9990,0,0,0,E,8,0,E,8,22.9,E,8,10.0,E,8,44,E,8,993,E,8,288,E,8,2.3,E,8,-9990,0,0,-9990,0,0,1.864,E,8,0.102,E,8,0.20,E,8,0,-9990,0,0
07/18/2005,11:00,1027,1321,797,3,10,913,3,20,88,3,10,85732,3,10,94807,3,20,12013,3,10,-9990,0,0,0,E,8,0,E,8,24.9,E,8,10.1,E,8,39,E,8,994,E,8,300,E,8,2.5,E,8,-9990,0,0,-9990,0,0,1.886,E,8,0.102,E,8,0.20,E,8,0,-9990,0,0
07/18/2005,12:00,1129,1321,889,3,10,922,3,20,102,3,10,95261,3,10,95681,3,20,13531,3,10,-9990,0,0,0,E,8,0,E,8,26.6,E,8,10.7,E,8,37,E,8,994,E,8,298,E,8,2.7,E,8,-9990,0,0,-9990,0,0,1.957,E,8,0.102,E,8,0.20,E,8,0,-9990,0,0
07/18/2005,13:00,1177,1321,935,3,10,930,3,20,107,3,10,99958,3,10,96495,3,20,14000,3,10,-9990,0,0,0,E,8,0,E,8,28.1,E,8,10.6,E,8,34,E,8,994,E,8,264,E,8,4.5,E,8,-9990,0,0,-9990,0,0,1.946,E,8,0.102,E,8,0.20,E,8,0,-9990,0,0
07/18/2005,14:00,1169,1321,928,3,10,930,3,20,105,3,10,99251,3,10,96476,3,20,13879,3,10,-9990,0,0,0,E,8,0,E,8,29.1,E,8,10.4,E,8,31,E,8,994,E,8,215,E,8,5.1,E,8,-9990,0,0,-9990,0,0,1.922,E,8,0.102,E,8,0.20,E,8,0,-9990,0,0
07/18/2005,15:00,1106,1321,875,3,10,931,3,20,96,3,10,93618,3,10,96513,3,20,12845,3,10,-9990,0,0,0,E,8,0,E,8,29.8,E,8,9.5,E,8,28,E,8,994,E,8,233,E,8,4.2,E,8,-9990,0,0,-9990,0,0,1.801,E,8,0.102,E,8,0.20,E,8,0,-9990,0,0
07/18/2005,16:00,991,1321,773,3,10,925,3,20,79,3,10,83285,3,10,96336,3,20,11025,3,10,-9990,0,0,0,E,8,0,E,8,30.2,E,8,9.5,E,8,28,E,8,994,E,8,76,E,8,2.5,E,8,-9990,0,0,-9990,0,0,1.801,E,8,0.102,E,8,0.20,E,8,0,-9990,0,0
07/18/2005,17:00,833,1321,633,3,10,903,3,20,63,3,10,68561,3,10,94240,3,20,9158,3,10,-9990,0,0,0,E,8,0,E,8,30.1,E,8,9.4,E,8,28,E,8,994,E,8,41,E,8,2.5,E,8,-9990,0,0,-9990,0,0,1.795,E,8,0.102,E,8,0.20,E,8,0,-9990,0,0
07/18/2005,18:00,642,1321,465,3,10,855,3,20,50,3,10,50780,3,10,89056,3,20,7514,3,10,-9990,0,0,0,E,8,0,E,8,29.5,E,8,10.1,E,8,30,E,8,994,E,8,18,E,8,3.0,E,8,-9990,0,0,-9990,0,0,1.878,E,8,0.102,E,8,0.20,E,8,0,-9990,0,0
07/18/2005,19:00,431,1321,288,3,10,748,3,20,44,3,10,31536,3,10,75470,3,20,6902,3,10,-9990,0,0,0,E,8,0,E,8,28.4,E,8,11.1,E,8,34,E,8,994,E,8,66,E,8,3.8,E,8,-9990,0,0,-9990,0,0,2.021,E,8,0.102,E,8,0.20,E,8,0,-9990,0,0
07/18/2005,20:00,215,1321,123,3,10,531,3,20,37,3,10,12871,3,10,42308,3,20,5976,3,10,-9990,0,0,0,E,8,0,E,8,26.9,E,8,10.8,E,8,36,E,8,994,E,8,79,E,8,0.6,E,8,-9990,0,0,-9990,0,0,1.975,E,8,0.102,E,8,0.20,E,8,0,-9990,0,0
07/18/2005,21:00,31,370,5,3,10,0,3,20,5,3,10,617,3,10,11,3,20,616,3,10,-9990,0,0,1,E,8,1,E,8,25.3,E,8,10.5,E,8,39,E,8,994,E,8,241,E,8,1.9,E,8,-9990,0,0,-9990,0,0,1.935,E,8,0.102,E,8,0.20,E,8,0,-9990,0,0
07/18/2005,22:00,0,0,0,3,0,0,3,0,0,3,0,0,3,0,0,3,0,0,3,0,-9990,0,0,1,E,8,1,E,8,23.6,E,8,12.5,E,8,50,E,8,994,E,8,178,E,8,2.7,E,8,-9990,0,0,-9990,0,0,2.225,E,8,0.102,E,8,0.20,E,8,0,-9990,0,0
07/18/2005,23:00,0,0,0,3,0,0,3,0,0,3,0,0,3,0,0,3,0,0,3,0,-9990,0,0,1,E,8,1,E,8,21.9,E,8,13.2,E,8,58,E,8,994,E,8,217,E,8,1.4,E,8,-9990,0,0,-9990,0,0,2.344,E,8,0.102,E,8,0.20,E,8,0,-9990,0,0
07/18/2005,24:00,0,0,0,3,0,0,3,0,0,3,0,0,3,0,0,3,0,0,3,0,-9990,0,0,3,E,8,2,E,8,20.2,E,8,13.4,E,8,65,E,8,994,E,8,26,E,8,0.6,E,8,-9990,0,0,-9990,0,0,2.368,E,8,0.102,E,8,0.20,E,8,0,-9990,0,0
07/19/2005,01:00,0,0,0,3,0,0,3,0,0,3,0,0,3,0,0,3,0,0,3,0,-9990,0,0,3,E,8,2,E,8,19.0,E,8,12.2,E,8,65,E,8,994,E,8,96,E,8,0.4,E,8,-9990,0,0,-9990,0,0,2.175,E,8,0.117,E,8,0.20,E,8,0,-9990,0,0
07/19/2005,02:00,0,0,0,3,0,0,3,0,0,3,0,0,3,0,0,3,0,0,3,0,-9990,0,0,4,E,8,3,E,8,17.5,E,8,12.5,E,8,72,E,8,994,E,8,78,E,8,0.2,E,8,-9990,0,0,-9990,0,0,2.223,E,8,0.117,E,8,0.20,E,8,0,-9990,0,0
07/19/2005,03:00,0,0,0,3,0,0,3,0,0,3,0,0,3,0,0,3,0,0,3,0,-9990,0,0,4,E,8,3,E,8,16.8,E,8,11.8,E,8,72,E,8,994,E,8,70,E,8,0.4,E,8,-9990,0,0,-9990,0,0,2.112,E,8,0.117,E,8,0.20,E,8,0,-9990,0,0
07/19/2005,04:00,0,0,0,3,0,0,3,0,0,3,0,0,3,0,0,3,0,0,3,0,-9990,0,0,4,E,8,3,E,8,16.0,E,8,11.6,E,8,75,E,8,994,E,8,165,E,8,0.2,E,8,-9990,0,0,-9990,0,0,2.090,E,8,0.117,E,8,0.20,E,8,0,-9990,0,0
07/19/2005,05:00,0,0,0,3,0,0,3,0,0,3,0,0,3,0,0,3,0,0,3,0,-9990,0,0,5,E,8,4,E,8,15.5,E,8,11.8,E,8,79,E,8,994,E,8,160,E,8,0.2,E,8,-9990,0,0,-9990,0,0,2.117,E,8,0.117,E,8,0.20,E,8,0,-9990,0,0
07/19/2005,06:00,67,535,12,3,10,0,3,20,12,3,10,1468,3,10,0,3,20,1468,3,10,-9990,0,0,5,E,8,5,E,8,15.6,E,8,12.9,E,8,84,E,8,994,E,8,200,E,8,0.1,E,8,-9990,0,0,-9990,0,0,2.288,E,8,0.117,E,8,0.20,E,8,0,-9990,0,0
07/19/2005,07:00,271,1322,151,3,10,325,3,20,85,3,10,16008,3,10,17162,3,20,12485,3,10,-9990,0,0,5,E,8,4,E,8,17.2,E,8,13.5,E,8,79,E,8,994,E,8,274,E,8,0.2,E,8,-9990,0,0,-9990,0,0,2.392,E,8,0.117,E,8,0.20,E,8,0,-9990,0,0
07/19/2005,08:00,488,1322,319,3,10,719,3,20,54,3,10,35273,3,10,72531,3,20,8513,3,10,-9990,0,0,0,E,8,0,E,8,18.9,E,8,13.5,E,8,71,E,8,994,E,8,228,E,8,0.2,E,8,-9990,0,0,-9990,0,0,2.388,E,8,0.117,E,8,0.20,E,8,0,-9990,0,0
07/19/2005,09:00,694,1322,495,3,10,824,3,20,61,3,10,54263,3,10,85974,3,20,9082,3,10,-9990,0,0,0,E,8,0,E,8,20.8,E,8,14.1,E,8,65,E,8,994,E,8,182,E,8,0.9,E,8,-9990,0,0,-9990,0,0,2.488,E,8,0.117,E,8,0.20,E,8,0,-9990,0,0
07/19/2005,10:00,878,1322,654,3,10,868,3,20,78,3,10,70934,3,10,90190,3,20,11019,3,10,-9990,0,0,0,E,8,0,E,8,22.7,E,8,12.0,E,8,51,E,8,994,E,8,244,E,8,1.9,E,8,-9990,0,0,-9990,0,0,2.144,E,8,0.117,E,8,0.20,E,8,0,-9990,0,0
07/19/2005,11:00,1025,1322,780,3,10,877,3,20,100,3,10,84049,3,10,90893,3,20,13524,3,10,-9990,0,0,0,E,8,0,E,8,24.3,E,8,12.4,E,8,47,E,8,994,E,8,285,E,8,2.5,E,8,-9990,0,0,-9990,0,0,2.208,E,8,0.117,E,8,0.20,E,8,0,-9990,0,0
07/19/2005,12:00,1127,1322,872,3,10,890,3,20,114,3,10,93528,3,10,92062,3,20,15028,3,10,-9990,0,0,0,E,8,0,E,8,25.8,E,8,12.3,E,8,43,E,8,994,E,8,263,E,8,2.3,E,8,-9990,0,0,-9990,0,0,2.199,E,8,0.117,E,8,0.20,E,8,0,-9990,0,0
07/19/2005,13:00,1175,1322,916,3,10,894,3,20,120,3,10,97937,3,10,92446,3,20,15716,3,10,-9990,0,0,0,E,8,0,E,8,27.0,E,8,12.0,E,8,39,E,8,994,E,8,199,E,8,1.4,E,8,-9990,0,0,-9990,0,0,2.156,E,8,0.117,E,8,0.20,E,8,0,-9990,0,0
07/19/2005,14:00,1168,1322,909,3,10,894,3,20,119,3,10,97042,3,10,92183,3,20,15593,3,10,-9990,0,0,0,E,8,0,E,8,27.9,E,8,11.2,E,8,35,E,8,994,E,8,238,E,8,0.5,E,8,-9990,0,0,-9990,0,0,2.035,E,8,0.117,E,8,0.20,E,8,0,-9990,0,0
07/19/2005,15:00,1104,1322,849,3,10,880,3,20,113,3,10,90886,3,10,90737,3,20,15070,3,10,-9990,0,0,0,E,8,0,E,8,28.5,E,8,11.6,E,8,35,E,8,994,E,8,262,E,8,0.6,E,8,-9990,0,0,-9990,0,0,2.090,E,8,0.117,E,8,0.20,E,8,0,-9990,0,0
07/19/2005,16:00,989,1322,746,3,10,866,3,20,97,3,10,80179,3,10,89229,3,20,13375,3,10,-9990,0,0,0,E,8,0,E,8,28.7,E,8,11.4,E,8,34,E,8,993,E,8,255,E,8,0.4,E,8,-9990,0,0,-9990,0,0,2.067,E,8,0.117,E,8,0.20,E,8,0,-9990,0,0
07/19/2005,17:00,831,1322,608,3,10,843,3,20,78,3,10,65733,3,10,86847,3,20,11121,3,10,-9990,0,0,0,E,8,0,E,8,28.5,E,8,11.2,E,8,34,E,8,993,E,8,266,E,8,0.8,E,8,-9990,0,0,-9990,0,0,2.029,E,8,0.117,E,8,0.20,E,8,0,-9990,0,0
07/19/2005,18:00,640,1322,444,3,10,792,3,20,61,3,10,48408,3,10,81117,3,20,9132,3,10,-9990,0,0,0,E,8,0,E,8,27.9,E,8,11.7,E,8,36,E,8,993,E,8,260,E,8,1.1,E,8,-9990,0,0,-9990,0,0,2.099,E,8,0.117,E,8,0.20,E,8,0,-9990,0,0
07/19/2005,19:00,429,1322,271,3,10,667,3,20,54,3,10,29256,3,10,63783,3,20,8552,3,10,-9990,0,0,0,E,8,0,E,8,26.8,E,8,12.0,E,8,40,E,8,992,E,8,197,E,8,0.9,E,8,-9990,0,0,-9990,0,0,2.149,E,8,0.117,E,8,0.20,E,8,0,-9990,0,0
07/19/2005,20:00,213,1322,112,3,10,453,3,20,39,3,10,11959,3,10,34772,3,20,6363,3,10,-9990,0,0,1,E,8,1,E,8,25.4,E,8,12.1,E,8,43,E,8,992,E,8,264,E,8,1.6,E,8,-9990,0,0,-9990,0,0,2.160,E,8,0.117,E,8,0.20,E,8,0,-9990,0,0
07/19/2005,21:00,29,360,3,3,10,0,3,20,3,3,10,427,3,10,11,3,20,426,3,10,-9990,0,0,1,E,8,1,E,8,23.9,E,8,12.0,E,8,47,E,8,992,E,8,249,E,8,2.5,E,8,-9990,0,0,-9990,0,0,2.147,E,8,0.117,E,8,0.20,E,8,0,-9990,0,0
07/19/2005,22:00,0,0,0,3,0,0,3,0,0,3,0,0,3,0,0,3,0,0,3,0,-9990,0,0,3,E,8,2,E,8,22.0,E,8,13.2,E,8,57,E,8,992,E,8,284,E,8,3.6,E,8,-9990,0,0,-9990,0,0,2.342,E,8,0.117,E,8,0.20,E,8,0,-9990,0,0
07/19/2005,23:00,0,0,0,3,0,0,3,0,0,3,0,0,3,0,0,3,0,0,3,0,-9990,0,0,4,E,8,3,E,8,20.1,E,8,12.9,E,8,63,E,8,991,E,8,239,E,8,5.1,E,8,-9990,0,0,-9990,0,0,2.287,E,8,0.117,E,8,0.20,E,8,0,-9990,0,0
07/19/2005,24:00,0,0,0,3,0,0,3,0,0,3,0,0,3,0,0,3,0,0,3,0,-9990,0,0,4,E,8,3,E,8,18.1,E,8,12.9,E,8,71,E,8,991,E,8,236,E,8,2.3,E,8,-9990,0,0,-9990,0,0,2.283,E,8,0.117,E,8,0.20,E,8,0,-9990,0,0
07/20/2005,01:00,0,0,0,3,0,0,3,0,0,3,0,0,3,0,0,3,0,0,3,0,-9990,0,0,5,E,8,4,E,8,16.9,E,8,12.5,E,8,75,E,8,991,E,8,222,E,8,1.9,E,8,-9990,0,0,-9990,0,0,2.225,E,8,0.108,E,8,0.20,E,8,0,-9990,0,0
07/20/2005,02:00,0,0,0,3,0,0,3,0,0,3,0,0,3,0,0,3,0,0,3,0,-9990,0,0,6,E,8,6,E,8,15.6,E,8,12.7,E,8,83,E,8,990,E,8,302,E,8,1.6,E,8,-9990,0,0,-9990,0,0,2.255,E,8,0.108,E,8,0.20,E,8,0,-9990,0,0
07/20/2005,03:00,0,0,0,3,0,0,3,0,0,3,0,0,3,0,0,3,0,0,3,0,-9990,0,0,6,E,8,6,E,8,14.8,E,8,12.5,E,8,86,E,8,990,E,8,211,E,8,0.9,E,8,-9990,0,0,-9990,0,0,2.224,E,8,0.108,E,8,0.20,E,8,0,-9990,0,0
07/20/2005,04:00,0,0,0,3,0,0,3,0,0,3,0,0,3,0,0,3,0,0,3,0,-9990,0,0,8,E,8,7,E,8,14.1,E,8,12.1,E,8,88,E,8,990,E,8,289,E,8,1.9,E,8,-9990,0,0,-9990,0,0,2.164,E,8,0.108,E,8,0.20,E,8,0,-9990,0,0
07/20/2005,05:00,0,0,0,3,0,0,3,0,0,3,0,0,3,0,0,3,0,0,3,0,-9990,0,0,9,E,8,8,E,8,13.5,E,8,11.9,E,8,90,E,8,990,E,8,289,E,8,3.3,E,8,-9990,0,0,-9990,0,0,2.137,E,8,0.108,E,8,0.20,E,8,0,-9990,0,0
07/20/2005,06:00,64,524,6,3,10,0,3,20,6,3,10,780,3,10,4,3,20,779,3,10,-9990,0,0,9,E,8,8,E,8,13.5,E,8,12.0,E,8,91,E,8,989,E,8,278,E,8,1.9,E,8,-9990,0,0,-9990,0,0,2.149,E,8,0.108,E,8,0.20,E,8,0,-9990,0,0
07/20/2005,07:00,268,1322,81,3,10,44,3,20,72,3,10,9059,3,10,3388,3,20,8372,3,10,-9990,0,0,10,E,8,9,E,8,14.1,E,8,12.8,E,8,92,E,8,989,E,8,205,E,8,1.4,E,8,-9990,0,0,-9990,0,0,2.274,E,8,0.108,E,8,0.20,E,8,0,-9990,0,0
07/20/2005,08:00,485,1322,142,3,10,17,3,20,135,3,10,16004,3,10,1765,3,20,15356,3,10,-9990,0,0,10,E,8,9,E,8,14.5,E,8,13.8,E,8,95,E,8,989,E,8,78,E,8,1.6,E,8,-9990,0,0,-9990,0,0,2.435,E,8,0.108,E,8,0.20,E,8,1,-9990,0,0
07/20/2005,09:00,692,1322,292,3,10,92,3,20,244,3,10,32623,3,10,8877,3,20,27976,3,10,-9990,0,0,10,E,8,9,E,8,15.6,E,8,14.1,E,8,90,E,8,988,E,8,42,E,8,1.4,E,8,-9990,0,0,-9990,0,0,2.486,E,8,0.108,E,8,0.20,E,8,0,-9990,0,0
07/20/2005,10:00,876,1322,402,3,10,139,3,20,310,3,10,44625,3,10,12346,3,20,36446,3,10,-9990,0,0,9,E,8,8,E,8,16.7,E,8,12.8,E,8,78,E,8,988,E,8,359,E,8,3.0,E,8,-9990,0,0,-9990,0,0,2.277,E,8,0.108,E,8,0.20,E,8,0,-9990,0,0
07/20/2005,11:00,1023,1322,411,3,10,86,3,20,345,3,10,46179,3,10,8455,3,20,39633,3,10,-9990,0,0,10,E,8,9,E,8,17.3,E,8,13.6,E,8,79,E,8,988,E,8,28,E,8,1.2,E,8,-9990,0,0,-9990,0,0,2.403,E,8,0.108,E,8,0.20,E,8,0,-9990,0,0
07/20/2005,12:00,1125,1322,453,3,10,78,3,20,387,3,10,50938,3,10,7587,3,20,44481,3,10,-9990,0,0,10,E,8,9,E,8,17.9,E,8,14.1,E,8,79,E,8,987,E,8,77,E,8,2.1,E,8,-9990,0,0,-9990,0,0,2.494,E,8,0.108,E,8,0.20,E,8,0,-9990,0,0
07/20/2005,13:00,1174,1322,520,3,10,110,3,20,422,3,10,58184,3,10,10061,3,20,49250,3,10,-9990,0,0,10,E,8,9,E,8,18.4,E,8,14.2,E,8,76,E,8,987,E,8,100,E,8,3.0,E,8,-9990,0,0,-9990,0,0,2.508,E,8,0.108,E,8,0.20,E,8,0,-9990,0,0
07/20/2005,14:00,1166,1322,530,3,10,123,3,20,421,3,10,59230,3,10,11479,3,20,49104,3,10,-9990,0,0,10,E,8,9,E,8,18.9,E,8,13.9,E,8,73,E,8,987,E,8,282,E,8,3.6,E,8,-9990,0,0,-9990,0,0,2.454,E,8,0.108,E,8,0.20,E,8,0,-9990,0,0
07/20/2005,15:00,1103,1322,531,3,10,168,3,20,391,3,10,59367,3,10,16125,3,20,45917,3,10,-9990,0,0,9,E,8,8,E,8,19.2,E,8,14.7,E,8,75,E,8,987,E,8,189,E,8,2.7,E,8,-9990,0,0,-9990,0,0,2.594,E,8,0.108,E,8,0.20,E,8,0,-9990,0,0
07/20/2005,16:00,988,1322,370,3,10,49,3,20,334,3,10,41571,3,10,4232,3,20,38409,3,10,-9990,0,0,10,E,8,9,E,8,19.1,E,8,14.1,E,8,73,E,8,987,E,8,91,E,8,1.4,E,8,-9990,0,0,-9990,0,0,2.492,E,8,0.108,E,8,0.20,E,8,0,-9990,0,0
07/20/2005,17:00,829,1322,334,3,10,88,3,20,280,3,10,37419,3,10,8509,3,20,32081,3,10,-9990,0,0,10,E,8,9,E,8,18.9,E,8,13.1,E,8,69,E,8,987,E,8,219,E,8,0.7,E,8,-9990,0,0,-9990,0,0,2.320,E,8,0.108,E,8,0.20,E,8,0,-9990,0,0
07/20/2005,18:00,638,1322,241,3,10,58,3,20,213,3,10,26904,3,10,5059,3,20,24463,3,10,-9990,0,0,10,E,8,9,E,8,18.5,E,8,13.1,E,8,71,E,8,987,E,8,41,E,8,0.7,E,8,-9990,0,0,-9990,0,0,2.328,E,8,0.108,E,8,0.20,E,8,0,-9990,0,0
07/20/2005,19:00,427,1322,150,3,10,56,3,20,132,3,10,16730,3,10,4791,3,20,15185,3,10,-9990,0,0,10,E,8,9,E,8,17.9,E,8,13.7,E,8,77,E,8,987,E,8,356,E,8,1.6,E,8,-9990,0,0,-9990,0,0,2.420,E,8,0.108,E,8,0.20,E,8,0,-9990,0,0
07/20/2005,20:00,210,1322,49,3,10,0,3,20,49,3,10,5533,3,10,0,3,20,5533,3,10,-9990,0,0,10,E,8,9,E,8,17.0,E,8,14.7,E,8,86,E,8,987,E,8,31,E,8,2.1,E,8,-9990,0,0,-9990,0,0,2.598,E,8,0.108,E,8,0.20,E,8,0,-9990,0,0
07/20/2005,21:00,28,350,1,3,10,0,3,20,1,3,10,156,3,10,8,3,20,156,3,10,-9990,0,0,10,E,8,9,E,8,16.2,E,8,14.5,E,8,89,E,8,987,E,8,354,E,8,1.9,E,8,-9990,0,0,-9990,0,0,2.555,E,8,0.108,E,8,0.20,E,8,0,-9990,0,0
07/20/2005,22:00,0,0,0,3,0,0,3,0,0,3,0,0,3,0,0,3,0,0,3,0,-9990,0,0,10,E,8,9,E,8,17.3,E,8,14.7,E,8,84,E,8,986,E,8,8,E,8,0.8,E,8,-9990,0,0,-9990,0,0,2.592,E,8,0.108,E,8,0.20,E,8,0,-9990,0,0
07/20/2005,23:00,0,0,0,3,0,0,3,0,0,3,0,0,3,0,0,3,0,0,3,0,-9990,0,0,10,E,8,9,E,8,18.4,E,8,15.5,E,8,83,E,8,986,E,8,78,E,8,1.2,E,8,-9990,0,0,-9990,0,0,2.746,E,8,0.108,E,8,0.20,E,8,0,-9990,0,0
07/20/2005,24:00,0,0,0,3,0,0,3,0,0,3,0,0,3,0,0,3,0,0,3,0,-9990,0,0,10,E,8,9,E,8,19.5,E,8,15.4,E,8,77,E,8,986,E,8,42,E,8,0.7,E,8,-9990,0,0,-9990,0,0,2.735,E,8,0.108,E,8,0.20,E,8,0,-9990,0,0
07/21/2005,01:00,0,0,0,3,0,0,3,0,0,3,0,0,3,0,0,3,0,0,3,0,-9990,0,0,10,E,8,9,E,8,20.2,E,8,15.3,E,8,73,E,8,986,E,8,89,E,8,0.9,E,8,-9990,0,0,-9990,0,0,2.713,E,8,0.100,E,8,0.20,E,8,0,-9990,0,0
07/21/2005,02:00,0,0,0,3,0,0,3,0,0,3,0,0,3,0,0,3,0,0,3,0,-9990,0,0,10,E,8,9,E,8,21.0,E,8,17.5,E,8,81,E,8,986,E,8,245,E,8,1.1,E,8,-9990,0,0,-9990,0,0,3.164,E,8,0.100,E,8,0.20,E,8,0,-9990,0,0
07/21/2005,03:00,0,0,0,3,0,0,3,0,0,3,0,0,3,0,0,3,0,0,3,0,-9990,0,0,10,E,8,9,E,8,20.5,E,8,17.8,E,8,85,E,8,986,E,8,144,E,8,0.5,E,8,-9990,0,0,-9990,0,0,3.233,E,8,0.100,E,8,0.20,E,8,5,-9990,0,0
07/21/2005,04:00,0,0,0,3,0,0,3,0,0,3,0,0,3,0,0,3,0,0,3,0,-9990,0,0,10,E,8,9,E,8,21.8,E,8,19.1,E,8,85,E,8,986,E,8,199,E,8,0.6,E,8,-9990,0,0,-9990,0,0,3.544,E,8,0.100,E,8,0.20,E,8,0,-9990,0,0
07/21/2005,05:00,0,0,0,3,0,0,3,0,0,3,0,0,3,0,0,3,0,0,3,0,-9990,0,0,10,E,8,9,E,8,22.1,E,8,19.4,E,8,85,E,8,986,E,8,227,E,8,0.1,E,8,-9990,0,0,-9990,0,0,3.615,E,8,0.100,E,8,0.20,E,8,0,-9990,0,0
07/21/2005,06:00,61,512,4,3,10,0,3,20,4,3,10,485,3,10,6,3,20,484,3,10,-9990,0,0,10,E,8,9,E,8,22.3,E,8,19.6,E,8,85,E,8,986,E,8,225,E,8,0.1,E,8,-9990,0,0,-9990,0,0,3.659,E,8,0.100,E,8,0.20,E,8,0,-9990,0,0
07/21/2005,07:00,265,1322,59,3,10,0,3,20,59,3,10,6668,3,10,0,3,20,6668,3,10,-9990,0,0,10,E,8,9,E,8,23.2,E,8,20.5,E,8,85,E,8,986,E,8,275,E,8,0.4,E,8,-9990,0,0,-9990,0,0,3.900,E,8,0.100,E,8,0.20,E,8,0,-9990,0,0
07/21/2005,08:00,482,1322,126,3,10,4,3,20,124,3,10,14190,3,10,342,3,20,14066,3,10,-9990,0,0,10,E,8,9,E,8,24.3,E,8,20.7,E,8,81,E,8,986,E,8,175,E,8,0.2,E,8,-9990,0,0,-9990,0,0,3.961,E,8,0.100,E,8,0.20,E,8,0,-9990,0,0
07/21/2005,09:00,689,1322,191,3,10,10,3,20,186,3,10,21819,3,10,957,3,20,21320,3,10,-9990,0,0,10,E,8,9,E,8,25.4,E,8,20.8,E,8,76,E,8,986,E,8,77,E,8,0.8,E,8,-9990,0,0,-9990,0,0,3.992,E,8,0.100,E,8,0.20,E,8,0,-9990,0,0
07/21/2005,10:00,873,1322,248,3,10,13,3,20,239,3,10,28554,3,10,1273,3,20,27713,3,10,-9990,0,0,10,E,8,9,E,8,26.4,E,8,20.8,E,8,72,E,8,986,E,8,28,E,8,1.2,E,8,-9990,0,0,-9990,0,0,3.992,E,8,0.100,E,8,0.20,E,8,0,-9990,0,0
07/21/2005,11:00,1021,1322,304,3,10,19,3,20,290,3,10,35388,3,10,1961,3,20,33874,3,10,-9990,0,0,10,E,8,9,E,8,27.4,E,8,18.9,E,8,60,E,8,986,E,8,55,E,8,1.1,E,8,-9990,0,0,-9990,0,0,3.494,E,8,0.100,E,8,0.20,E,8,0,-9990,0,0
07/21/2005,12:00,1123,1322,362,3,10,25,3,20,341,3,10,42190,3,10,2574,3,20,40003,3,10,-9990,0,0,10,E,8,9,E,8,28.4,E,8,17.1,E,8,50,E,8,986,E,8,39,E,8,1.1,E,8,-9990,0,0,-9990,0,0,3.078,E,8,0.100,E,8,0.20,E,8,0,-9990,0,0
07/21/2005,13:00,1172,1322,376,3,10,24,3,20,355,3,10,43979,3,10,2489,3,20,41772,3,10,-9990,0,0,10,E,8,9,E,8,29.2,E,8,17.4,E,8,49,E,8,985,E,8,37,E,8,0.6,E,8,-9990,0,0,-9990,0,0,3.139,E,8,0.100,E,8,0.20,E,8,0,-9990,0,0
07/21/2005,14:00,1164,1322,366,3,10,23,3,20,347,3,10,42884,3,10,2332,3,20,40831,3,10,-9990,0,0,10,E,8,9,E,8,29.8,E,8,17.5,E,8,48,E,8,986,E,8,71,E,8,0.5,E,8,-9990,0,0,-9990,0,0,3.163,E,8,0.100,E,8,0.20,E,8,0,-9990,0,0
07/21/2005,15:00,1101,1322,344,3,10,22,3,20,326,3,10,40092,3,10,2317,3,20,38162,3,10,-9990,0,0,10,E,8,9,E,8,30.3,E,8,17.8,E,8,47,E,8,986,E,8,15,E,8,0.2,E,8,-9990,0,0,-9990,0,0,3.227,E,8,0.100,E,8,0.20,E,8,0,-9990,0,0
07/21/2005,16:00,986,1322,277,3,10,13,3,20,268,3,10,32233,3,10,1254,3,20,31298,3,10,-9990,0,0,10,E,8,9,E,8,30.4,E,8,18.0,E,8,48,E,8,986,E,8,37,E,8,0.4,E,8,-9990,0,0,-9990,0,0,3.281,E,8,0.100,E,8,0.20,E,8,0,-9990,0,0
07/21/2005,17:00,827,1322,225,3,10,11,3,20,219,3,10,25968,3,10,1010,3,20,25336,3,10,-9990,0,0,10,E,8,9,E,8,30.4,E,8,17.8,E,8,47,E,8,986,E,8,25,E,8,0.4,E,8,-9990,0,0,-9990,0,0,3.228,E,8,0.100,E,8,0.20,E,8,0,-9990,0,0
07/21/2005,18:00,635,1322,159,3,10,3,3,20,158,3,10,18188,3,10,187,3,20,18099,3,10,-9990,0,0,10,E,8,9,E,8,30.1,E,8,18.2,E,8,49,E,8,986,E,8,340,E,8,0.1,E,8,-9990,0,0,-9990,0,0,3.307,E,8,0.100,E,8,0.20,E,8,0,-9990,0,0
07/21/2005,19:00,424,1322,85,3,10,0,3,20,85,3,10,9748,3,10,0,3,20,9748,3,10,-9990,0,0,10,E,8,9,E,8,29.5,E,8,20.8,E,8,60,E,8,986,E,8,353,E,8,0.2,E,8,-9990,0,0,-9990,0,0,3.992,E,8,0.100,E,8,0.20,E,8,1,-9990,0,0
07/21/2005,20:00,207,1322,37,3,10,0,3,20,37,3,10,4217,3,10,0,3,20,4217,3,10,-9990,0,0,10,E,8,9,E,8,29.0,E,8,18.0,E,8,52,E,8,986,E,8,48,E,8,0.1,E,8,-9990,0,0,-9990,0,0,3.278,E,8,0.100,E,8,0.20,E,8,0,-9990,0,0
07/21/2005,21:00,26,339,1,3,10,0,3,20,1,3,10,158,3,10,8,3,20,157,3,10,-9990,0,0,10,E,8,9,E,8,28.0,E,8,20.8,E,8,65,E,8,986,E,8,356,E,8,0.2,E,8,-9990,0,0,-9990,0,0,3.992,E,8,0.100,E,8,0.20,E,8,2,-9990,0,0
07/21/2005,22:00,0,0,0,3,0,0,3,0,0,3,0,0,3,0,0,3,0,0,3,0,-9990,0,0,10,E,8,9,E,8,27.5,E,8,20.8,E,8,67,E,8,986,E,8,17,E,8,0.5,E,8,-9990,0,0,-9990,0,0,3.992,E,8,0.100,E,8,0.20,E,8,0,-9990,0,0
07/21/2005,23:00,0,0,0,3,0,0,3,0,0,3,0,0,3,0,0,3,0,0,3,0,-9990,0,0,10,E,8,9,E,8,26.7,E,8,20.8,E,8,70,E,8,986,E,8,89,E,8,0.4,E,8,-9990,0,0,-9990,0,0,3.992,E,8,0.100,E,8,0.20,E,8,0,-9990,0,0
07/21/2005,24:00,0,0,0,3,0,0,3,0,0,3,0,0,3,0,0,3,0,0,3,0,-9990,0,0,10,E,8,9,E,8,25.8,E,8,20.8,E,8,74,E,8,986,E,8,39,E,8,0.1,E,8,-9990,0,0,-9990,0,0,3.992,E,8,0.100,E,8,0.20,E,8,1,-9990,0,0
07/22/2005,01:00,0,0,0,3,0,0,3,0,0,3,0,0,3,0,0,3,0,0,3,0,-9990,0,0,10,E,8,9,E,8,24.9,E,8,20.8,E,8,78,E,8,987,E,8,220,E,8,0.2,E,8,-9990,0,0,-9990,0,0,3.992,E,8,0.090,E,8,0.20,E,8,0,-9990,0,0
07/22/2005,02:00,0,0,0,3,0,0,3,0,0,3,0,0,3,0,0,3,0,0,3,0,-9990,0,0,10,E,8,9,E,8,23.7,E,8,20.1,E,8,81,E,8,987,E,8,196,E,8,0.1,E,8,-9990,0,0,-9990,0,0,3.802,E,8,0.090,E,8,0.20,E,8,0,-9990,0,0
07/22/2005,03:00,0,0,0,3,0,0,3,0,0,3,0,0,3,0,0,3,0,0,3,0,-9990,0,0,10,E,8,9,E,8,23.1,E,8,20.4,E,8,85,E,8,987,E,8,126,E,8,0.1,E,8,-9990,0,0,-9990,0,0,3.860,E,8,0.090,E,8,0.20,E,8,0,-9990,0,0
07/22/2005,04:00,0,0,0,3,0,0,3,0,0,3,0,0,3,0,0,3,0,0,3,0,-9990,0,0,10,E,8,9,E,8,22.4,E,8,19.7,E,8,85,E,8,987,E,8,67,E,8,0.6,E,8,-9990,0,0,-9990,0,0,3.696,E,8,0.090,E,8,0.20,E,8,0,-9990,0,0
07/22/2005,05:00,0,0,0,3,0,0,3,0,0,3,0,0,3,0,0,3,0,0,3,0,-9990,0,0,10,E,8,9,E,8,22.0,E,8,19.3,E,8,85,E,8,987,E,8,65,E,8,2.1,E,8,-9990,0,0,-9990,0,0,3.583,E,8,0.090,E,8,0.20,E,8,0,-9990,0,0
07/22/2005,06:00,58,500,4,3,10,0,3,20,4,3,10,540,3,10,6,3,20,540,3,10,-9990,0,0,10,E,8,9,E,8,22.0,E,8,19.6,E,8,86,E,8,987,E,8,46,E,8,0.9,E,8,-9990,0,0,-9990,0,0,3.657,E,8,0.090,E,8,0.20,E,8,0,-9990,0,0
07/22/2005,07:00,261,1322,80,3,10,47,3,20,70,3,10,8978,3,10,3577,3,20,8271,3,10,-9990,0,0,10,E,8,9,E,8,22.7,E,8,19.2,E,8,81,E,8,987,E,8,37,E,8,1.4,E,8,-9990,0,0,-9990,0,0,3.561,E,8,0.090,E,8,0.20,E,8,0,-9990,0,0
07/22/2005,08:00,479,1322,166,3,10,47,3,20,149,3,10,18734,3,10,3631,3,20,17420,3,10,-9990,0,0,10,E,8,9,E,8,23.5,E,8,20.0,E,8,81,E,8,987,E,8,236,E,8,5.5,E,8,-9990,0,0,-9990,0,0,3.759,E,8,0.090,E,8,0.20,E,8,0,-9990,0,0
07/22/2005,09:00,686,1322,276,3,10,71,3,20,239,3,10,30954,3,10,6514,3,20,27572,3,10,-9990,0,0,10,E,8,9,E,8,24.5,E,8,16.9,E,8,63,E,8,987,E,8,265,E,8,5.1,E,8,-9990,0,0,-9990,0,0,3.024,E,8,0.090,E,8,0.20,E,8,0,-9990,0,0
07/22/2005,10:00,871,1322,371,3,10,92,3,20,310,3,10,41670,3,10,9015,3,20,35733,3,10,-9990,0,0,10,E,8,9,E,8,25.4,E,8,15.8,E,8,55,E,8,987,E,8,238,E,8,4.2,E,8,-9990,0,0,-9990,0,0,2.800,E,8,0.090,E,8,0.20,E,8,0,-9990,0,0
07/22/2005,11:00,1019,1322,442,3,10,101,3,20,364,3,10,49705,3,10,10083,3,20,41934,3,10,-9990,0,0,10,E,8,9,E,8,26.2,E,8,16.3,E,8,54,E,8,987,E,8,246,E,8,1.9,E,8,-9990,0,0,-9990,0,0,2.902,E,8,0.090,E,8,0.20,E,8,0,-9990,0,0
07/22/2005,12:00,1121,1322,517,3,10,135,3,20,402,3,10,57985,3,10,12069,3,20,47752,3,10,-9990,0,0,9,E,8,8,E,8,27.1,E,8,17.1,E,8,55,E,8,988,E,8,270,E,8,3.3,E,8,-9990,0,0,-9990,0,0,3.076,E,8,0.090,E,8,0.20,E,8,0,-9990,0,0
07/22/2005,13:00,1170,1322,498,3,10,94,3,20,414,3,10,56102,3,10,9366,3,20,47815,3,10,-9990,0,0,10,E,8,9,E,8,27.6,E,8,16.3,E,8,50,E,8,988,E,8,237,E,8,3.0,E,8,-9990,0,0,-9990,0,0,2.903,E,8,0.090,E,8,0.20,E,8,0,-9990,0,0
07/22/2005,14:00,1162,1322,500,3,10,88,3,20,423,3,10,56271,3,10,8639,3,20,48676,3,10,-9990,0,0,10,E,8,9,E,8,28.0,E,8,15.8,E,8,47,E,8,988,E,8,244,E,8,5.1,E,8,-9990,0,0,-9990,0,0,2.802,E,8,0.090,E,8,0.20,E,8,0,-9990,0,0
07/22/2005,15:00,1099,1322,449,3,10,75,3,20,387,3,10,50854,3,10,7114,3,20,44941,3,10,-9990,0,0,10,E,8,9,E,8,27.9,E,8,19.3,E,8,59,E,8,988,E,8,260,E,8,5.1,E,8,-9990,0,0,-9990,0,0,3.573,E,8,0.090,E,8,0.20,E,8,1,-9990,0,0
07/22/2005,16:00,984,1322,403,3,10,71,3,20,350,3,10,45689,3,10,6588,3,20,40787,3,10,-9990,0,0,10,E,8,9,E,8,28.2,E,8,20.8,E,8,65,E,8,988,E,8,221,E,8,10.1,E,8,-9990,0,0,-9990,0,0,3.992,E,8,0.090,E,8,0.20,E,8,0,-9990,0,0
07/22/2005,17:00,825,1322,313,3,10,59,3,20,276,3,10,35271,3,10,5195,3,20,32029,3,10,-9990,0,0,10,E,8,9,E,8,28.1,E,8,19.0,E,8,58,E,8,989,E,8,160,E,8,7.4,E,8,-9990,0,0,-9990,0,0,3.516,E,8,0.090,E,8,0.20,E,8,0,-9990,0,0
07/22/2005,18:00,633,1322,233,3,10,55,3,20,207,3,10,26070,3,10,4670,3,20,23835,3,10,-9990,0,0,10,E,8,9,E,8,27.7,E,8,15.6,E,8,48,E,8,989,E,8,36,E,8,7.4,E,8,-9990,0,0,-9990,0,0,2.763,E,8,0.090,E,8,0.20,E,8,0,-9990,0,0
07/22/2005,19:00,421,1322,109,3,10,4,3,20,108,3,10,12330,3,10,323,3,20,12227,3,10,-9990,0,0,10,E,8,9,E,8,27.1,E,8,16.6,E,8,53,E,8,989,E,8,229,E,8,8.8,E,8,-9990,0,0,-9990,0,0,2.966,E,8,0.090,E,8,0.20,E,8,0,-9990,0,0
07/22/2005,20:00,204,1322,34,3,10,0,3,20,34,3,10,3987,3,10,0,3,20,3987,3,10,-9990,0,0,10,E,8,9,E,8,26.3,E,8,16.5,E,8,55,E,8,989,E,8,121,E,8,5.5,E,8,-9990,0,0,-9990,0,0,2.945,E,8,0.090,E,8,0.20,E,8,0,-9990,0,0
07/22/2005,21:00,24,328,1,3,10,0,3,20,1,3,10,160,3,10,8,3,20,160,3,10,-9990,0,0,10,E,8,9,E,8,25.5,E,8,16.2,E,8,56,E,8,990,E,8,88,E,8,3.3,E,8,-9990,0,0,-9990,0,0,2.886,E,8,0.090,E,8,0.20,E,8,0,-9990,0,0
07/22/2005,22:00,0,0,0,3,0,0,3,0,0,3,0,0,3,0,0,3,0,0,3,0,-9990,0,0,9,E,8,8,E,8,24.1,E,8,16.6,E,8,63,E,8,990,E,8,71,E,8,8.1,E,8,-9990,0,0,-9990,0,0,2.971,E,8,0.090,E,8,0.20,E,8,0,-9990,0,0
07/22/2005,23:00,0,0,0,3,0,0,3,0,0,3,0,0,3,0,0,3,0,0,3,0,-9990,0,0,9,E,8,8,E,8,22.6,E,8,15.9,E,8,66,E,8,990,E,8,52,E,8,6.1,E,8,-9990,0,0,-9990,0,0,2.818,E,8,0.090,E,8,0.20,E,8,0,-9990,0,0
07/22/2005,24:00,0,0,0,3,0,0,3,0,0,3,0,0,3,0,0,3,0,0,3,0,-9990,0,0,9,E,8,8,E,8,21.2,E,8,15.5,E,8,70,E,8,991,E,8,353,E,8,10.7,E,8,-9990,0,0,-9990,0,0,2.746,E,8,0.090,E,8,0.20,E,8,0,-9990,0,0
07/23/2005,01:00,0,0,0,3,0,0,3,0,0,3,0,0,3,0,0,3,0,0,3,0,-9990,0,0,9,E,8,8,E,8,20.2,E,8,15.9,E,8,77,E,8,991,E,8,22,E,8,12.0,E,8,-9990,0,0,-9990,0,0,2.830,E,8,0.094,E,8,0.20,E,8,0,-9990,0,0
07/23/2005,02:00,0,0,0,3,0,0,3,0,0,3,0,0,3,0,0,3,0,0,3,0,-9990,0,0,8,E,8,6,E,8,19.1,E,8,15.4,E,8,79,E,8,991,E,8,174,E,8,8.8,E,8,-9990,0,0,-9990,0,0,2.720,E,8,0.094,E,8,0.20,E,8,0,-9990,0,0
07/23/2005,03:00,0,0,0,3,0,0,3,0,0,3,0,0,3,0,0,3,0,0,3,0,-9990,0,0,8,E,8,7,E,8,18.5,E,8,15.2,E,8,81,E,8,991,E,8,244,E,8,7.4,E,8,-9990,0,0,-9990,0,0,2.688,E,8,0.094,E,8,0.20,E,8,0,-9990,0,0
07/23/2005,04:00,0,0,0,3,0,0,3,0,0,3,0,0,3,0,0,3,0,0,3,0,-9990,0,0,8,E,8,7,E,8,17.9,E,8,14.7,E,8,81,E,8,992,E,8,229,E,8,8.1,E,8,-9990,0,0,-9990,0,0,2.591,E,8,0.094,E,8,0.20,E,8,0,-9990,0,0
07/23/2005,05:00,0,0,0,3,0,0,3,0,0,3,0,0,3,0,0,3,0,0,3,0,-9990,0,0,8,E,8,7,E,8,17.5,E,8,14.6,E,8,83,E,8,992,E,8,78,E,8,3.8,E,8,-9990,0,0,-9990,0,0,2.580,E,8,0.094,E,8,0.20,E,8,0,-9990,0,0
07/23/2005,06:00,55,488,10,3,10,0,3,20,10,3,10,1159,3,10,0,3,20,1159,3,10,-9990,0,0,6,E,8,6,E,8,17.6,E,8,15.1,E,8,85,E,8,992,E,8,247,E,8,3.3,E,8,-9990,0,0,-9990,0,0,2.661,E,8,0.094,E,8,0.20,E,8,0,-9990,0,0
07/23/2005,07:00,258,1322,148,3,10,331,3,20,83,3,10,15688,3,10,16708,3,20,12428,3,10,-9990,0,0,6,E,8,5,E,8,19.2,E,8,15.1,E,8,77,E,8,992,E,8,118,E,8,1.9,E,8,-9990,0,0,-9990,0,0,2.666,E,8,0.094,E,8,0.20,E,8,0,-9990,0,0
07/23/2005,08:00,476,1322,315,3,10,738,3,20,49,3,10,34792,3,10,75563,3,20,7621,3,10,-9990,0,0,0,E,8,0,E,8,21.1,E,8,15.3,E,8,69,E,8,993,E,8,125,E,8,0.7,E,8,-9990,0,0,-9990,0,0,2.703,E,8,0.094,E,8,0.20,E,8,0,-9990,0,0
07/23/2005,09:00,684,1322,487,3,10,829,3,20,59,3,10,53899,3,10,87319,3,20,8757,3,10,-9990,0,0,0,E,8,0,E,8,23.0,E,8,16.2,E,8,66,E,8,993,E,8,79,E,8,2.1,E,8,-9990,0,0,-9990,0,0,2.889,E,8,0.094,E,8,0.20,E,8,0,-9990,0,0
07/23/2005,10:00,868,1322,643,3,10,858,3,20,79,3,10,70292,3,10,89945,3,20,11236,3,10,-9990,0,0,0,E,8,0,E,8,24.9,E,8,15.2,E,8,55,E,8,993,E,8,36,E,8,2.1,E,8,-9990,0,0,-9990,0,0,2.693,E,8,0.094,E,8,0.20,E,8,0,-9990,0,0
07/23/2005,11:00,1017,1322,770,3,10,870,3,20,101,3,10,83458,3,10,90674,3,20,13743,3,10,-9990,0,0,0,E,8,0,E,8,26.6,E,8,14.8,E,8,48,E,8,993,E,8,29,E,8,4.5,E,8,-9990,0,0,-9990,0,0,2.617,E,8,0.094,E,8,0.20,E,8,0,-9990,0,0
07/23/2005,12:00,1119,1322,861,3,10,880,3,20,116,3,10,92851,3,10,91541,3,20,15391,3,10,-9990,0,0,0,E,8,0,E,8,28.2,E,8,14.4,E,8,43,E,8,994,E,8,76,E,8,3.3,E,8,-9990,0,0,-9990,0,0,2.550,E,8,0.094,E,8,0.20,E,8,0,-9990,0,0
07/23/2005,13:00,1168,1322,895,3,10,860,3,20,136,3,10,96361,3,10,89177,3,20,17595,3,10,-9990,0,0,0,E,8,0,E,8,29.4,E,8,15.4,E,8,43,E,8,994,E,8,54,E,8,4.5,E,8,-9990,0,0,-9990,0,0,2.719,E,8,0.094,E,8,0.20,E,8,0,-9990,0,0
07/23/2005,14:00,1160,1322,880,3,10,835,3,20,147,3,10,97435,3,10,89506,3,20,18888,3,10,-9990,0,0,0,E,8,0,E,8,30.3,E,8,13.9,E,8,37,E,8,994,E,8,109,E,8,3.3,E,8,-9990,0,0,-9990,0,0,2.460,E,8,0.094,E,8,0.20,E,8,0,-9990,0,0
07/23/2005,15:00,1097,1322,823,3,10,828,3,20,137,3,10,91254,3,10,88371,3,20,17950,3,10,-9990,0,0,0,E,8,0,E,8,30.8,E,8,14.5,E,8,37,E,8,993,E,8,30,E,8,3.0,E,8,-9990,0,0,-9990,0,0,2.565,E,8,0.094,E,8,0.20,E,8,0,-9990,0,0
07/23/2005,16:00,982,1322,719,3,10,803,3,20,122,3,10,79408,3,10,84539,3,20,16651,3,10,-9990,0,0,0,E,8,0,E,8,31.0,E,8,14.7,E,8,37,E,8,993,E,8,29,E,8,1.2,E,8,-9990,0,0,-9990,0,0,2.604,E,8,0.094,E,8,0.20,E,8,0,-9990,0,0
07/23/2005,17:00,823,1322,586,3,10,793,3,20,93,3,10,65144,3,10,83206,3,20,13388,3,10,-9990,0,0,0,E,8,0,E,8,30.9,E,8,14.8,E,8,38,E,8,993,E,8,80,E,8,0.7,E,8,-9990,0,0,-9990,0,0,2.619,E,8,0.094,E,8,0.20,E,8,0,-9990,0,0
07/23/2005,18:00,630,1322,424,3,10,735,3,20,74,3,10,46827,3,10,74736,3,20,11197,3,10,-9990,0,0,0,E,8,0,E,8,30.2,E,8,15.5,E,8,41,E,8,993,E,8,100,E,8,1.7,E,8,-9990,0,0,-9990,0,0,2.754,E,8,0.094,E,8,0.20,E,8,0,-9990,0,0
07/23/2005,19:00,418,1322,256,3,10,617,3,20,61,3,10,27476,3,10,56740,3,20,9523,3,10,-9990,0,0,0,E,8,0,E,8,29.1,E,8,14.5,E,8,41,E,8,992,E,8,62,E,8,2.1,E,8,-9990,0,0,-9990,0,0,2.569,E,8,0.094,E,8,0.20,E,8,0,-9990,0,0
07/23/2005,20:00,201,1322,103,3,10,423,3,20,39,3,10,11111,3,10,30936,3,20,6411,3,10,-9990,0,0,1,E,8,1,E,8,27.8,E,8,16.1,E,8,49,E,8,992,E,8,28,E,8,1.2,E,8,-9990,0,0,-9990,0,0,2.863,E,8,0.094,E,8,0.20,E,8,0,-9990,0,0
07/23/2005,21:00,23,316,2,3,10,0,3,20,2,3,10,229,3,10,10,3,20,229,3,10,-9990,0,0,1,E,8,1,E,8,26.3,E,8,16.8,E,8,56,E,8,992,E,8,13,E,8,0.3,E,8,-9990,0,0,-9990,0,0,3.009,E,8,0.094,E,8,0.20,E,8,0,-9990,0,0
07/23/2005,22:00,0,0,0,3,0,0,3,0,0,3,0,0,3,0,0,3,0,0,3,0,-9990,0,0,3,E,8,2,E,8,24.6,E,8,18.5,E,8,69,E,8,992,E,8,297,E,8,0.8,E,8,-9990,0,0,-9990,0,0,3.395,E,8,0.094,E,8,0.20,E,8,0,-9990,0,0
07/23/2005,23:00,0,0,0,3,0,0,3,0,0,3,0,0,3,0,0,3,0,0,3,0,-9990,0,0,3,E,8,2,E,8,23.0,E,8,16.9,E,8,69,E,8,991,E,8,247,E,8,0.4,E,8,-9990,0,0,-9990,0,0,3.035,E,8,0.094,E,8,0.20,E,8,0,-9990,0,0
07/23/2005,24:00,0,0,0,3,0,0,3,0,0,3,0,0,3,0,0,3,0,0,3,0,-9990,0,0,4,E,8,3,E,8,21.3,E,8,16.9,E,8,76,E,8,991,E,8,72,E,8,1.7,E,8,-9990,0,0,-9990,0,0,3.037,E,8,0.094,E,8,0.20,E,8,0,-9990,0,0
07/24/2005,01:00,0,0,0,3,0,0,3,0,0,3,0,0,3,0,0,3,0,0,3,0,-9990,0,0,4,E,8,3,E,8,20.3,E,8,16.6,E,8,79,E,8,991,E,8,31,E,8,3.0,E,8,-9990,0,0,-9990,0,0,2.960,E,8,0.100,E,8,0.20,E,8,0,-9990,0,0
07/24/2005,02:00,0,0,0,3,0,0,3,0,0,3,0,0,3,0,0,3,0,0,3,0,-9990,0,0,5,E,8,5,E,8,19.2,E,8,16.6,E,8,85,E,8,991,E,8,165,E,8,1.4,E,8,-9990,0,0,-9990,0,0,2.968,E,8,0.100,E,8,0.20,E,8,0,-9990,0,0
07/24/2005,03:00,0,0,0,3,0,0,3,0,0,3,0,0,3,0,0,3,0,0,3,0,-9990,0,0,5,E,8,5,E,8,18.5,E,8,16.8,E,8,90,E,8,990,E,8,134,E,8,0.9,E,8,-9990,0,0,-9990,0,0,3.007,E,8,0.100,E,8,0.20,E,8,0,-9990,0,0
07/24/2005,04:00,0,0,0,3,0,0,3,0,0,3,0,0,3,0,0,3,0,0,3,0,-9990,0,0,6,E,8,6,E,8,17.9,E,8,17.1,E,8,95,E,8,990,E,8,73,E,8,1.1,E,8,-9990,0,0,-9990,0,0,3.073,E,8,0.100,E,8,0.20,E,8,0,-9990,0,0
07/24/2005,05:00,0,0,0,3,0,0,3,0,0,3,0,0,3,0,0,3,0,0,3,0,-9990,0,0,8,E,8,7,E,8,17.5,E,8,17.2,E,8,98,E,8,990,E,8,250,E,8,0.4,E,8,-9990,0,0,-9990,0,0,3.089,E,8,0.100,E,8,0.20,E,8,0,-9990,0,0
07/24/2005,06:00,53,475,5,3,10,0,3,20,5,3,10,607,3,10,6,3,20,607,3,10,-9990,0,0,8,E,8,7,E,8,17.5,E,8,17.5,E,8,100,E,8,989,E,8,252,E,8,0.4,E,8,-9990,0,0,-9990,0,0,3.160,E,8,0.100,E,8,0.20,E,8,0,-9990,0,0
07/24/2005,07:00,255,1323,94,3,10,127,3,20,69,3,10,10267,3,10,3136,3,20,9664,3,10,-9990,0,0,9,E,8,8,E,8,18.4,E,8,18.4,E,8,100,E,8,989,E,8,265,E,8,0.2,E,8,-9990,0,0,-9990,0,0,3.358,E,8,0.100,E,8,0.20,E,8,0,-9990,0,0
07/24/2005,08:00,472,1323,198,3,10,111,3,20,159,3,10,22130,3,10,6819,3,20,19694,3,10,-9990,0,0,9,E,8,8,E,8,19.4,E,8,19.0,E,8,98,E,8,989,E,8,261,E,8,1.2,E,8,-9990,0,0,-9990,0,0,3.502,E,8,0.100,E,8,0.20,E,8,0,-9990,0,0
07/24/2005,09:00,681,1323,292,3,10,95,3,20,244,3,10,32952,3,10,9076,3,20,28280,3,10,-9990,0,0,10,E,8,9,E,8,20.3,E,8,19.1,E,8,93,E,8,989,E,8,83,E,8,2.1,E,8,-9990,0,0,-9990,0,0,3.529,E,8,0.100,E,8,0.20,E,8,0,-9990,0,0
07/24/2005,10:00,866,1323,396,3,10,124,3,20,315,3,10,44290,3,10,9534,3,20,38050,3,10,-9990,0,0,10,E,8,9,E,8,21.3,E,8,18.5,E,8,84,E,8,988,E,8,255,E,8,1.7,E,8,-9990,0,0,-9990,0,0,3.377,E,8,0.100,E,8,0.20,E,8,0,-9990,0,0
07/24/2005,11:00,1014,1323,485,3,10,151,3,20,369,3,10,54346,3,10,13107,3,20,44294,3,10,-9990,0,0,9,E,8,8,E,8,22.3,E,8,18.3,E,8,78,E,8,988,E,8,245,E,8,2.5,E,8,-9990,0,0,-9990,0,0,3.346,E,8,0.100,E,8,0.20,E,8,0,-9990,0,0
07/24/2005,12:00,1117,1323,559,3,10,189,3,20,400,3,10,62877,3,10,17878,3,20,47780,3,10,-9990,0,0,9,E,8,8,E,8,23.1,E,8,18.1,E,8,73,E,8,988,E,8,241,E,8,3.8,E,8,-9990,0,0,-9990,0,0,3.302,E,8,0.100,E,8,0.20,E,8,0,-9990,0,0
07/24/2005,13:00,1166,1323,544,3,10,142,3,20,420,3,10,61188,3,10,12934,3,20,49785,3,10,-9990,0,0,9,E,8,8,E,8,23.7,E,8,17.3,E,8,67,E,8,988,E,8,261,E,8,3.6,E,8,-9990,0,0,-9990,0,0,3.122,E,8,0.100,E,8,0.20,E,8,0,-9990,0,0
07/24/2005,14:00,1159,1323,481,3,10,89,3,20,403,3,10,54294,3,10,8735,3,20,46643,3,10,-9990,0,0,10,E,8,9,E,8,24.0,E,8,17.0,E,8,65,E,8,988,E,8,207,E,8,4.7,E,8,-9990,0,0,-9990,0,0,3.043,E,8,0.100,E,8,0.20,E,8,0,-9990,0,0
07/24/2005,15:00,1095,1323,432,3,10,73,3,20,371,3,10,48676,3,10,6980,3,20,42898,3,10,-9990,0,0,10,E,8,9,E,8,24.1,E,8,16.7,E,8,63,E,8,988,E,8,260,E,8,2.5,E,8,-9990,0,0,-9990,0,0,2.985,E,8,0.100,E,8,0.20,E,8,0,-9990,0,0
07/24/2005,16:00,979,1323,356,3,10,31,3,20,333,3,10,40051,3,10,2234,3,20,38396,3,10,-9990,0,0,10,E,8,9,E,8,24.1,E,8,15.5,E,8,59,E,8,988,E,8,241,E,8,1.6,E,8,-9990,0,0,-9990,0,0,2.754,E,8,0.100,E,8,0.20,E,8,0,-9990,0,0
07/24/2005,17:00,820,1323,285,3,10,34,3,20,265,3,10,32010,3,10,2432,3,20,30502,3,10,-9990,0,0,10,E,8,9,E,8,23.8,E,8,14.5,E,8,56,E,8,988,E,8,280,E,8,5.1,E,8,-9990,0,0,-9990,0,0,2.562,E,8,0.100,E,8,0.20,E,8,0,-9990,0,0
07/24/2005,18:00,628,1323,218,3,10,30,3,20,204,3,10,24506,3,10,1829,3,20,23638,3,10,-9990,0,0,10,E,8,9,E,8,23.3,E,8,17.8,E,8,71,E,8,988,E,8,278,E,8,2.3,E,8,-9990,0,0,-9990,0,0,3.224,E,8,0.100,E,8,0.20,E,8,0,-9990,0,0
07/24/2005,19:00,415,1323,120,3,10,12,3,20,117,3,10,13503,3,10,1136,3,20,13146,3,10,-9990,0,0,10,E,8,9,E,8,22.7,E,8,14.4,E,8,59,E,8,988,E,8,241,E,8,2.7,E,8,-9990,0,0,-9990,0,0,2.536,E,8,0.100,E,8,0.20,E,8,0,-9990,0,0
07/24/2005,20:00,198,1323,42,3,10,0,3,20,42,3,10,4795,3,10,0,3,20,4795,3,10,-9990,0,0,10,E,8,9,E,8,21.9,E,8,14.3,E,8,62,E,8,988,E,8,269,E,8,2.1,E,8,-9990,0,0,-9990,0,0,2.519,E,8,0.100,E,8,0.20,E,8,0,-9990,0,0
07/24/2005,21:00,21,304,1,3,10,0,3,20,1,3,10,141,3,10,8,3,20,141,3,10,-9990,0,0,10,E,8,9,E,8,21.1,E,8,13.9,E,8,63,E,8,988,E,8,281,E,8,1.6,E,8,-9990,0,0,-9990,0,0,2.453,E,8,0.100,E,8,0.20,E,8,0,-9990,0,0
07/24/2005,22:00,0,0,0,3,0,0,3,0,0,3,0,0,3,0,0,3,0,0,3,0,-9990,0,0,10,E,8,9,E,8,19.7,E,8,14.5,E,8,72,E,8,988,E,8,250,E,8,1.6,E,8,-9990,0,0,-9990,0,0,2.568,E,8,0.100,E,8,0.20,E,8,0,-9990,0,0
07/24/2005,23:00,0,0,0,3,0,0,3,0,0,3,0,0,3,0,0,3,0,0,3,0,-9990,0,0,10,E,8,9,E,8,18.2,E,8,14.0,E,8,76,E,8,988,E,8,42,E,8,0.9,E,8,-9990,0,0,-9990,0,0,2.466,E,8,0.100,E,8,0.20,E,8,0,-9990,0,0
07/24/2005,24:00,0,0,0,3,0,0,3,0,0,3,0,0,3,0,0,3,0,0,3,0,-9990,0,0,10,E,8,9,E,8,16.8,E,8,13.5,E,8,81,E,8,988,E,8,70,E,8,1.9,E,8,-9990,0,0,-9990,0,0,2.387,E,8,0.100,E,8,0.20,E,8,0,-9990,0,0
07/25/2005,01:00,0,0,0,3,0,0,3,0,0,3,0,0,3,0,0,3,0,0,3,0,-9990,0,0,10,E,8,9,E,8,15.8,E,8,14.1,E,8,90,E,8,988,E,8,65,E,8,3.0,E,8,-9990,0,0,-9990,0,0,2.491,E,8,0.101,E,8,0.20,E,8,0,-9990,0,0
07/25/2005,02:00,0,0,0,3,0,0,3,0,0,3,0,0,3,0,0,3,0,0,3,0,-9990,0,0,10,E,8,9,E,8,14.8,E,8,13.7,E,8,93,E,8,988,E,8,0,E,8,6.7,E,8,-9990,0,0,-9990,0,0,2.420,E,8,0.101,E,8,0.20,E,8,0,-9990,0,0
07/25/2005,03:00,0,0,0,3,0,0,3,0,0,3,0,0,3,0,0,3,0,0,3,0,-9990,0,0,10,E,8,9,E,8,14.3,E,8,13.3,E,8,94,E,8,988,E,8,120,E,8,6.7,E,8,-9990,0,0,-9990,0,0,2.349,E,8,0.101,E,8,0.20,E,8,0,-9990,0,0
07/25/2005,04:00,0,0,0,3,0,0,3,0,0,3,0,0,3,0,0,3,0,0,3,0,-9990,0,0,10,E,8,9,E,8,13.7,E,8,12.6,E,8,93,E,8,988,E,8,354,E,8,3.6,E,8,-9990,0,0,-9990,0,0,2.235,E,8,0.101,E,8,0.20,E,8,0,-9990,0,0
07/25/2005,05:00,0,0,0,3,0,0,3,0,0,3,0,0,3,0,0,3,0,0,3,0,-9990,0,0,10,E,8,9,E,8,13.3,E,8,12.1,E,8,92,E,8,988,E,8,73,E,8,3.6,E,8,-9990,0,0,-9990,0,0,2.158,E,8,0.101,E,8,0.20,E,8,0,-9990,0,0
07/25/2005,06:00,50,463,6,3,10,0,3,20,6,3,10,801,3,10,5,3,20,800,3,10,-9990,0,0,10,E,8,9,E,8,13.4,E,8,11.3,E,8,87,E,8,988,E,8,205,E,8,4.7,E,8,-9990,0,0,-9990,0,0,2.052,E,8,0.101,E,8,0.20,E,8,0,-9990,0,0
07/25/2005,07:00,251,1323,60,3,10,0,3,20,60,3,10,6872,3,10,0,3,20,6872,3,10,-9990,0,0,10,E,8,9,E,8,14.0,E,8,11.8,E,8,87,E,8,988,E,8,70,E,8,4.7,E,8,-9990,0,0,-9990,0,0,2.120,E,8,0.101,E,8,0.20,E,8,0,-9990,0,0
07/25/2005,08:00,469,1323,136,3,10,12,3,20,131,3,10,15373,3,10,1163,3,20,14960,3,10,-9990,0,0,10,E,8,9,E,8,14.8,E,8,12.3,E,8,85,E,8,988,E,8,276,E,8,6.7,E,8,-9990,0,0,-9990,0,0,2.189,E,8,0.101,E,8,0.20,E,8,0,-9990,0,0
07/25/2005,09:00,678,1323,179,3,10,6,3,20,176,3,10,20649,3,10,469,3,20,20409,3,10,-9990,0,0,10,E,8,9,E,8,15.4,E,8,12.1,E,8,81,E,8,988,E,8,82,E,8,2.7,E,8,-9990,0,0,-9990,0,0,2.164,E,8,0.101,E,8,0.20,E,8,0,-9990,0,0
07/25/2005,10:00,863,1323,184,3,10,4,3,20,181,3,10,21799,3,10,329,3,20,21584,3,10,-9990,0,0,10,E,8,9,E,8,15.8,E,8,12.0,E,8,78,E,8,988,E,8,42,E,8,3.0,E,8,-9990,0,0,-9990,0,0,2.151,E,8,0.101,E,8,0.20,E,8,0,-9990,0,0
07/25/2005,11:00,1012,1323,352,3,10,35,3,20,325,3,10,39456,3,10,2732,3,20,37366,3,10,-9990,0,0,10,E,8,9,E,8,16.7,E,8,12.6,E,8,77,E,8,988,E,8,31,E,8,1.1,E,8,-9990,0,0,-9990,0,0,2.247,E,8,0.101,E,8,0.20,E,8,0,-9990,0,0
07/25/2005,12:00,1115,1323,427,3,10,41,3,20,392,3,10,47896,3,10,3472,3,20,44970,3,10,-9990,0,0,10,E,8,9,E,8,17.6,E,8,12.8,E,8,73,E,8,988,E,8,38,E,8,0.9,E,8,-9990,0,0,-9990,0,0,2.267,E,8,0.101,E,8,0.20,E,8,0,-9990,0,0
07/25/2005,13:00,1164,1323,513,3,10,112,3,20,414,3,10,57462,3,10,10437,3,20,48280,3,10,-9990,0,0,10,E,8,9,E,8,18.5,E,8,13.4,E,8,72,E,8,988,E,8,30,E,8,1.4,E,8,-9990,0,0,-9990,0,0,2.373,E,8,0.101,E,8,0.20,E,8,0,-9990,0,0
07/25/2005,14:00,1156,1323,637,3,10,273,3,20,398,3,10,70584,3,10,26808,3,20,47148,3,10,-9990,0,0,8,E,8,6,E,8,19.6,E,8,13.2,E,8,67,E,8,988,E,8,30,E,8,2.5,E,8,-9990,0,0,-9990,0,0,2.338,E,8,0.101,E,8,0.20,E,8,0,-9990,0,0
07/25/2005,15:00,1093,1323,577,3,10,236,3,20,382,3,10,63659,3,10,22172,3,20,45343,3,10,-9990,0,0,9,E,8,8,E,8,20.3,E,8,12.9,E,8,63,E,8,988,E,8,130,E,8,0.8,E,8,-9990,0,0,-9990,0,0,2.294,E,8,0.101,E,8,0.20,E,8,0,-9990,0,0
07/25/2005,16:00,977,1323,542,3,10,301,3,20,320,3,10,59716,3,10,28535,3,20,38636,3,10,-9990,0,0,8,E,8,6,E,8,20.7,E,8,12.8,E,8,61,E,8,988,E,8,37,E,8,0.6,E,8,-9990,0,0,-9990,0,0,2.275,E,8,0.101,E,8,0.20,E,8,0,-9990,0,0
07/25/2005,17:00,818,1323,458,3,10,322,3,20,258,3,10,50114,3,10,29734,3,20,31735,3,10,-9990,0,0,8,E,8,6,E,8,20.9,E,8,12.5,E,8,58,E,8,988,E,8,28,E,8,0.5,E,8,-9990,0,0,-9990,0,0,2.224,E,8,0.101,E,8,0.20,E,8,0,-9990,0,0
07/25/2005,18:00,625,1323,446,3,10,706,3,20,113,3,10,48343,3,10,66728,3,20,16816,3,10,-9990,0,0,0,E,8,0,E,8,21.1,E,8,13.4,E,8,61,E,8,988,E,8,5,E,8,0.5,E,8,-9990,0,0,-9990,0,0,2.366,E,8,0.101,E,8,0.20,E,8,0,-9990,0,0
07/25/2005,19:00,412,1323,296,3,10,778,3,20,54,3,10,32037,3,10,75613,3,20,8466,3,10,-9990,0,0,0,E,8,0,E,8,20.8,E,8,12.1,E,8,57,E,8,989,E,8,352,E,8,1.4,E,8,-9990,0,0,-9990,0,0,2.162,E,8,0.101,E,8,0.20,E,8,0,-9990,0,0
07/25/2005,20:00,194,1323,118,3,10,589,3,20,31,3,10,12558,3,10,50027,3,20,5214,3,10,-9990,0,0,0,E,8,0,E,8,20.1,E,8,12.1,E,8,60,E,8,989,E,8,359,E,8,0.4,E,8,-9990,0,0,-9990,0,0,2.165,E,8,0.101,E,8,0.20,E,8,0,-9990,0,0
07/25/2005,21:00,19,292,5,3,10,0,3,20,5,3,10,604,3,10,14,3,20,604,3,10,-9990,0,0,1,E,8,1,E,8,19.2,E,8,12.2,E,8,64,E,8,989,E,8,333,E,8,0.4,E,8,-9990,0,0,-9990,0,0,2.177,E,8,0.101,E,8,0.20,E,8,0,-9990,0,0
07/25/2005,22:00,0,0,0,3,0,0,3,0,0,3,0,0,3,0,0,3,0,0,3,0,-9990,0,0,1,E,8,1,E,8,17.9,E,8,12.8,E,8,72,E,8,989,E,8,356,E,8,0.1,E,8,-9990,0,0,-9990,0,0,2.267,E,8,0.101,E,8,0.20,E,8,0,-9990,0,0
07/25/2005,23:00,0,0,0,3,0,0,3,0,0,3,0,0,3,0,0,3,0,0,3,0,-9990,0,0,3,E,8,2,E,8,16.6,E,8,13.4,E,8,81,E,8,989,E,8,355,E,8,0.6,E,8,-9990,0,0,-9990,0,0,2.366,E,8,0.101,E,8,0.20,E,8,0,-9990,0,0
07/25/2005,24:00,0,0,0,3,0,0,3,0,0,3,0,0,3,0,0,3,0,0,3,0,-9990,0,0,3,E,8,2,E,8,15.3,E,8,12.4,E,8,83,E,8,989,E,8,356,E,8,0.8,E,8,-9990,0,0,-9990,0,0,2.215,E,8,0.101,E,8,0.20,E,8,0,-9990,0,0
07/26/2005,01:00,0,0,0,3,0,0,3,0,0,3,0,0,3,0,0,3,0,0,3,0,-9990,0,0,4,E,8,3,E,8,14.4,E,8,11.7,E,8,84,E,8,989,E,8,338,E,8,0.2,E,8,-9990,0,0,-9990,0,0,2.109,E,8,0.117,E,8,0.20,E,8,0,-9990,0,0
07/26/2005,02:00,0,0,0,3,0,0,3,0,0,3,0,0,3,0,0,3,0,0,3,0,-9990,0,0,4,E,8,3,E,8,13.2,E,8,11.8,E,8,91,E,8,989,E,8,34,E,8,0.4,E,8,-9990,0,0,-9990,0,0,2.119,E,8,0.117,E,8,0.20,E,8,0,-9990,0,0
07/26/2005,03:00,0,0,0,3,0,0,3,0,0,3,0,0,3,0,0,3,0,0,3,0,-9990,0,0,5,E,8,5,E,8,12.6,E,8,11.6,E,8,94,E,8,989,E,8,22,E,8,0.4,E,8,-9990,0,0,-9990,0,0,2.094,E,8,0.117,E,8,0.20,E,8,0,-9990,0,0
07/26/2005,04:00,0,0,0,3,0,0,3,0,0,3,0,0,3,0,0,3,0,0,3,0,-9990,0,0,5,E,8,5,E,8,11.9,E,8,11.3,E,8,96,E,8,989,E,8,44,E,8,2.1,E,8,-9990,0,0,-9990,0,0,2.051,E,8,0.117,E,8,0.20,E,8,0,-9990,0,0
07/26/2005,05:00,0,0,0,3,0,0,3,0,0,3,0,0,3,0,0,3,0,0,3,0,-9990,0,0,6,E,8,6,E,8,11.4,E,8,10.5,E,8,94,E,8,989,E,8,17,E,8,0.8,E,8,-9990,0,0,-9990,0,0,1.937,E,8,0.117,E,8,0.20,E,8,0,-9990,0,0
07/26/2005,06:00,47,450,6,3,10,0,3,20,6,3,10,728,3,10,6,3,20,727,3,10,-9990,0,0,6,E,8,6,E,8,11.4,E,8,11.1,E,8,98,E,8,989,E,8,12,E,8,1.4,E,8,-9990,0,0,-9990,0,0,2.014,E,8,0.117,E,8,0.20,E,8,0,-9990,0,0
07/26/2005,07:00,247,1323,104,3,10,184,3,20,69,3,10,11309,3,10,11520,3,20,9155,3,10,-9990,0,0,8,E,8,7,E,8,12.1,E,8,10.9,E,8,92,E,8,990,E,8,22,E,8,1.2,E,8,-9990,0,0,-9990,0,0,1.984,E,8,0.117,E,8,0.20,E,8,0,-9990,0,0
07/26/2005,08:00,466,1323,235,3,10,319,3,20,123,3,10,25337,3,10,20503,3,20,18118,3,10,-9990,0,0,6,E,8,6,E,8,13.1,E,8,10.5,E,8,84,E,8,990,E,8,63,E,8,1.1,E,8,-9990,0,0,-9990,0,0,1.931,E,8,0.117,E,8,0.20,E,8,0,-9990,0,0
07/26/2005,09:00,675,1323,373,3,10,357,3,20,191,3,10,40144,3,10,24609,3,20,27590,3,10,-9990,0,0,6,E,8,5,E,8,14.2,E,8,10.2,E,8,77,E,8,990,E,8,340,E,8,1.6,E,8,-9990,0,0,-9990,0,0,1.889,E,8,0.117,E,8,0.20,E,8,0,-9990,0,0
07/26/2005,10:00,860,1323,491,3,10,354,3,20,261,3,10,54074,3,10,34802,3,20,31442,3,10,-9990,0,0,6,E,8,5,E,8,15.2,E,8,9.5,E,8,69,E,8,990,E,8,37,E,8,1.6,E,8,-9990,0,0,-9990,0,0,1.802,E,8,0.117,E,8,0.20,E,8,0,-9990,0,0
07/26/2005,11:00,1010,1323,587,3,10,341,3,20,327,3,10,64812,3,10,34483,3,20,38498,3,10,-9990,0,0,8,E,8,6,E,8,16.1,E,8,9.2,E,8,63,E,8,990,E,8,3,E,8,1.9,E,8,-9990,0,0,-9990,0,0,1.765,E,8,0.117,E,8,0.20,E,8,0,-9990,0,0
07/26/2005,12:00,1112,1323,654,3,10,360,3,20,351,3,10,72712,3,10,37423,3,20,41247,3,10,-9990,0,0,8,E,8,6,E,8,16.9,E,8,9.9,E,8,64,E,8,990,E,8,355,E,8,0.4,E,8,-9990,0,0,-9990,0,0,1.862,E,8,0.117,E,8,0.20,E,8,0,-9990,0,0
07/26/2005,13:00,1162,1323,680,3,10,343,3,20,378,3,10,75578,3,10,35779,3,20,44162,3,10,-9990,0,0,8,E,8,6,E,8,17.5,E,8,10.2,E,8,62,E,8,990,E,8,348,E,8,1.4,E,8,-9990,0,0,-9990,0,0,1.894,E,8,0.117,E,8,0.20,E,8,0,-9990,0,0
07/26/2005,14:00,1154,1323,675,3,10,344,3,20,375,3,10,74997,3,10,35658,3,20,43888,3,10,-9990,0,0,8,E,8,6,E,8,17.9,E,8,10.5,E,8,62,E,8,990,E,8,348,E,8,4.2,E,8,-9990,0,0,-9990,0,0,1.933,E,8,0.117,E,8,0.20,E,8,0,-9990,0,0
07/26/2005,15:00,1091,1323,642,3,10,368,3,20,339,3,10,71335,3,10,37912,3,20,40087,3,10,-9990,0,0,6,E,8,5,E,8,18.2,E,8,10.3,E,8,60,E,8,990,E,8,29,E,8,1.9,E,8,-9990,0,0,-9990,0,0,1.908,E,8,0.117,E,8,0.20,E,8,0,-9990,0,0
07/26/2005,16:00,975,1323,571,3,10,359,3,20,307,3,10,63016,3,10,35829,3,20,36617,3,10,-9990,0,0,6,E,8,5,E,8,18.2,E,8,10.4,E,8,60,E,8,990,E,8,2,E,8,1.6,E,8,-9990,0,0,-9990,0,0,1.922,E,8,0.117,E,8,0.20,E,8,0,-9990,0,0
07/26/2005,17:00,815,1323,466,3,10,370,3,20,238,3,10,51317,3,10,35905,3,20,29198,3,10,-9990,0,0,6,E,8,5,E,8,18.0,E,8,10.8,E,8,63,E,8,990,E,8,24,E,8,1.4,E,8,-9990,0,0,-9990,0,0,1.981,E,8,0.117,E,8,0.20,E,8,0,-9990,0,0
07/26/2005,18:00,622,1323,331,3,10,348,3,20,167,3,10,35584,3,10,23977,3,20,24310,3,10,-9990,0,0,6,E,8,5,E,8,17.5,E,8,10.1,E,8,61,E,8,990,E,8,225,E,8,0.8,E,8,-9990,0,0,-9990,0,0,1.877,E,8,0.117,E,8,0.20,E,8,0,-9990,0,0
07/26/2005,19:00,409,1323,192,3,10,252,3,20,114,3,10,20795,3,10,20220,3,20,14542,3,10,-9990,0,0,6,E,8,5,E,8,16.8,E,8,9.8,E,8,64,E,8,990,E,8,80,E,8,2.3,E,8,-9990,0,0,-9990,0,0,1.846,E,8,0.117,E,8,0.20,E,8,0,-9990,0,0
07/26/2005,20:00,191,1323,72,3,10,143,3,20,51,3,10,7819,3,10,7094,3,20,6796,3,10,-9990,0,0,6,E,8,5,E,8,15.8,E,8,9.2,E,8,65,E,8,990,E,8,170,E,8,3.3,E,8,-9990,0,0,-9990,0,0,1.768,E,8,0.117,E,8,0.20,E,8,0,-9990,0,0
07/26/2005,21:00,18,279,1,3,10,0,3,20,1,3,10,113,3,10,8,3,20,113,3,10,-9990,0,0,6,E,8,5,E,8,14.8,E,8,8.9,E,8,68,E,8,990,E,8,219,E,8,1.6,E,8,-9990,0,0,-9990,0,0,1.730,E,8,0.117,E,8,0.20,E,8,0,-9990,0,0
07/26/2005,22:00,0,0,0,3,0,0,3,0,0,3,0,0,3,0,0,3,0,0,3,0,-9990,0,0,6,E,8,5,E,8,13.6,E,8,9.5,E,8,76,E,8,990,E,8,288,E,8,1.1,E,8,-9990,0,0,-9990,0,0,1.807,E,8,0.117,E,8,0.20,E,8,0,-9990,0,0
07/26/2005,23:00,0,0,0,3,0,0,3,0,0,3,0,0,3,0,0,3,0,0,3,0,-9990,0,0,6,E,8,5,E,8,12.5,E,8,8.8,E,8,78,E,8,991,E,8,241,E,8,1.1,E,8,-9990,0,0,-9990,0,0,1.713,E,8,0.117,E,8,0.20,E,8,0,-9990,0,0
07/26/2005,24:00,0,0,0,3,0,0,3,0,0,3,0,0,3,0,0,3,0,0,3,0,-9990,0,0,6,E,8,6,E,8,11.3,E,8,8.3,E,8,82,E,8,991,E,8,254,E,8,0.2,E,8,-9990,0,0,-9990,0,0,1.661,E,8,0.117,E,8,0.20,E,8,0,-9990,0,0
07/27/2005,01:00,0,0,0,3,0,0,3,0,0,3,0,0,3,0,0,3,0,0,3,0,-9990,0,0,6,E,8,6,E,8,11.2,E,8,8.2,E,8,82,E,8,991,E,8,118,E,8,0.8,E,8,-9990,0,0,-9990,0,0,1.644,E,8,0.116,E,8,0.20,E,8,0,-9990,0,0
07/27/2005,02:00,0,0,0,3,0,0,3,0,0,3,0,0,3,0,0,3,0,0,3,0,-9990,0,0,6,E,8,6,E,8,11.0,E,8,8.0,E,8,81,E,8,991,E,8,264,E,8,2.5,E,8,-9990,0,0,-9990,0,0,1.622,E,8,0.116,E,8,0.20,E,8,0,-9990,0,0
07/27/2005,03:00,0,0,0,3,0,0,3,0,0,3,0,0,3,0,0,3,0,0,3,0,-9990,0,0,6,E,8,6,E,8,10.9,E,8,7.9,E,8,81,E,8,991,E,8,152,E,8,6.1,E,8,-9990,0,0,-9990,0,0,1.611,E,8,0.116,E,8,0.20,E,8,0,-9990,0,0
07/27/2005,04:00,0,0,0,3,0,0,3,0,0,3,0,0,3,0,0,3,0,0,3,0,-9990,0,0,6,E,8,6,E,8,10.8,E,8,7.8,E,8,81,E,8,991,E,8,213,E,8,6.1,E,8,-9990,0,0,-9990,0,0,1.596,E,8,0.116,E,8,0.20,E,8,0,-9990,0,0
07/27/2005,05:00,0,0,0,3,0,0,3,0,0,3,0,0,3,0,0,3,0,0,3,0,-9990,0,0,6,E,8,6,E,8,10.7,E,8,7.7,E,8,82,E,8,991,E,8,233,E,8,3.8,E,8,-9990,0,0,-9990,0,0,1.595,E,8,0.116,E,8,0.20,E,8,0,-9990,0,0
07/27/2005,06:00,45,437,6,3,10,0,3,20,6,3,10,716,3,10,6,3,20,715,3,10,-9990,0,0,6,E,8,6,E,8,10.9,E,8,7.9,E,8,82,E,8,991,E,8,242,E,8,2.7,E,8,-9990,0,0,-9990,0,0,1.616,E,8,0.116,E,8,0.20,E,8,0,-9990,0,0
07/27/2005,07:00,244,1323,110,3,10,239,3,20,66,3,10,11905,3,10,10846,3,20,9907,3,10,-9990,0,0,6,E,8,5,E,8,12.2,E,8,8.6,E,8,79,E,8,991,E,8,268,E,8,3.8,E,8,-9990,0,0,-9990,0,0,1.696,E,8,0.116,E,8,0.20,E,8,0,-9990,0,0
07/27/2005,08:00,463,1323,248,3,10,391,3,20,111,3,10,26951,3,10,29696,3,20,16571,3,10,-9990,0,0,5,E,8,4,E,8,13.9,E,8,9.0,E,8,72,E,8,991,E,8,241,E,8,2.7,E,8,-9990,0,0,-9990,0,0,1.739,E,8,0.116,E,8,0.20,E,8,0,-9990,0,0
07/27/2005,09:00,672,1323,397,3,10,450,3,20,169,3,10,43276,3,10,36130,3,20,24930,3,10,-9990,0,0,5,E,8,4,E,8,15.7,E,8,10.1,E,8,69,E,8,991,E,8,236,E,8,3.3,E,8,-9990,0,0,-9990,0,0,1.885,E,8,0.116,E,8,0.20,E,8,0,-9990,0,0
07/27/2005,10:00,858,1323,528,3,10,478,3,20,219,3,10,57742,3,10,40022,3,20,31801,3,10,-9990,0,0,5,E,8,4,E,8,17.5,E,8,8.8,E,8,56,E,8,991,E,8,123,E,8,3.3,E,8,-9990,0,0,-9990,0,0,1.714,E,8,0.116,E,8,0.20,E,8,0,-9990,0,0
07/27/2005,11:00,1007,1323,664,3,10,564,3,20,234,3,10,71212,3,10,54012,3,20,30103,3,10,-9990,0,0,4,E,8,3,E,8,19.3,E,8,9.1,E,8,52,E,8,991,E,8,153,E,8,3.6,E,8,-9990,0,0,-9990,0,0,1.757,E,8,0.116,E,8,0.20,E,8,0,-9990,0,0
07/27/2005,12:00,1110,1323,740,3,10,573,3,20,259,3,10,79569,3,10,56131,3,20,32481,3,10,-9990,0,0,4,E,8,3,E,8,20.8,E,8,8.7,E,8,46,E,8,991,E,8,83,E,8,3.3,E,8,-9990,0,0,-9990,0,0,1.709,E,8,0.116,E,8,0.20,E,8,0,-9990,0,0
07/27/2005,13:00,1160,1323,749,3,10,487,3,20,323,3,10,82016,3,10,41136,3,20,45971,3,10,-9990,0,0,5,E,8,4,E,8,22.0,E,8,8.4,E,8,41,E,8,991,E,8,71,E,8,5.1,E,8,-9990,0,0,-9990,0,0,1.665,E,8,0.116,E,8,0.20,E,8,0,-9990,0,0
07/27/2005,14:00,1152,1323,726,3,10,455,3,20,330,3,10,79202,3,10,37254,3,20,46768,3,10,-9990,0,0,6,E,8,5,E,8,22.9,E,8,8.3,E,8,39,E,8,991,E,8,31,E,8,4.5,E,8,-9990,0,0,-9990,0,0,1.662,E,8,0.116,E,8,0.20,E,8,0,-9990,0,0
07/27/2005,15:00,1088,1323,658,3,10,406,3,20,324,3,10,71210,3,10,31402,3,20,45386,3,10,-9990,0,0,6,E,8,5,E,8,23.4,E,8,7.4,E,8,36,E,8,991,E,8,41,E,8,5.5,E,8,-9990,0,0,-9990,0,0,1.558,E,8,0.116,E,8,0.20,E,8,0,-9990,0,0
07/27/2005,16:00,972,1323,579,3,10,382,3,20,299,3,10,63935,3,10,39100,3,20,35205,3,10,-9990,0,0,6,E,8,5,E,8,23.5,E,8,7.7,E,8,36,E,8,991,E,8,18,E,8,5.5,E,8,-9990,0,0,-9990,0,0,1.587,E,8,0.116,E,8,0.20,E,8,0,-9990,0,0
07/27/2005,17:00,812,1323,467,3,10,376,3,20,236,3,10,50005,3,10,27362,3,20,33208,3,10,-9990,0,0,6,E,8,5,E,8,23.4,E,8,7.1,E,8,35,E,8,991,E,8,78,E,8,2.1,E,8,-9990,0,0,-9990,0,0,1.527,E,8,0.116,E,8,0.20,E,8,0,-9990,0,0
07/27/2005,18:00,619,1323,352,3,10,435,3,20,148,3,10,38199,3,10,35166,3,20,21746,3,10,-9990,0,0,5,E,8,4,E,8,22.9,E,8,8.3,E,8,39,E,8,991,E,8,251,E,8,1.9,E,8,-9990,0,0,-9990,0,0,1.663,E,8,0.116,E,8,0.20,E,8,0,-9990,0,0
07/27/2005,19:00,406,1323,221,3,10,458,3,20,81,3,10,23501,3,10,36683,3,20,12252,3,10,-9990,0,0,1,E,8,1,E,8,22.0,E,8,8.4,E,8,42,E,8,991,E,8,293,E,8,4.2,E,8,-9990,0,0,-9990,0,0,1.676,E,8,0.116,E,8,0.20,E,8,0,-9990,0,0
07/27/2005,20:00,187,1323,86,3,10,303,3,20,43,3,10,9037,3,10,15949,3,20,6784,3,10,-9990,0,0,3,E,8,2,E,8,20.8,E,8,8.3,E,8,44,E,8,991,E,8,247,E,8,7.4,E,8,-9990,0,0,-9990,0,0,1.655,E,8,0.116,E,8,0.20,E,8,0,-9990,0,0
07/27/2005,21:00,16,266,2,3,10,0,3,20,2,3,10,278,3,10,14,3,20,277,3,10,-9990,0,0,3,E,8,2,E,8,19.5,E,8,8.9,E,8,50,E,8,991,E,8,218,E,8,6.7,E,8,-9990,0,0,-9990,0,0,1.725,E,8,0.116,E,8,0.20,E,8,0,-9990,0,0
07/27/2005,22:00,0,0,0,3,0,0,3,0,0,3,0,0,3,0,0,3,0,0,3,0,-9990,0,0,3,E,8,2,E,8,18.5,E,8,11.0,E,8,62,E,8,991,E,8,57,E,8,3.8,E,8,-9990,0,0,-9990,0,0,2.007,E,8,0.116,E,8,0.20,E,8,0,-9990,0,0
07/27/2005,23:00,0,0,0,3,0,0,3,0,0,3,0,0,3,0,0,3,0,0,3,0,-9990,0,0,4,E,8,3,E,8,17.5,E,8,10.9,E,8,65,E,8,991,E,8,215,E,8,3.8,E,8,-9990,0,0,-9990,0,0,1.994,E,8,0.116,E,8,0.20,E,8,0,-9990,0,0
07/27/2005,24:00,0,0,0,3,0,0,3,0,0,3,0,0,3,0,0,3,0,0,3,0,-9990,0,0,4,E,8,3,E,8,16.5,E,8,10.4,E,8,67,E,8,991,E,8,268,E,8,4.2,E,8,-9990,0,0,-9990,0,0,1.919,E,8,0.116,E,8,0.20,E,8,0,-9990,0,0
07/28/2005,01:00,0,0,0,3,0,0,3,0,0,3,0,0,3,0,0,3,0,0,3,0,-9990,0,0,4,E,8,3,E,8,15.7,E,8,10.7,E,8,72,E,8,991,E,8,203,E,8,1.7,E,8,-9990,0,0,-9990,0,0,1.961,E,8,0.115,E,8,0.20,E,8,0,-9990,0,0
07/28/2005,02:00,0,0,0,3,0,0,3,0,0,3,0,0,3,0,0,3,0,0,3,0,-9990,0,0,5,E,8,4,E,8,14.8,E,8,11.0,E,8,78,E,8,991,E,8,246,E,8,0.7,E,8,-9990,0,0,-9990,0,0,2.005,E,8,0.115,E,8,0.20,E,8,0,-9990,0,0
07/28/2005,03:00,0,0,0,3,0,0,3,0,0,3,0,0,3,0,0,3,0,0,3,0,-9990,0,0,5,E,8,5,E,8,14.4,E,8,11.0,E,8,80,E,8,991,E,8,270,E,8,0.6,E,8,-9990,0,0,-9990,0,0,2.002,E,8,0.115,E,8,0.20,E,8,0,-9990,0,0
07/28/2005,04:00,0,0,0,3,0,0,3,0,0,3,0,0,3,0,0,3,0,0,3,0,-9990,0,0,6,E,8,6,E,8,13.9,E,8,11.0,E,8,83,E,8,991,E,8,322,E,8,0.2,E,8,-9990,0,0,-9990,0,0,1.999,E,8,0.115,E,8,0.20,E,8,0,-9990,0,0
07/28/2005,05:00,0,0,0,3,0,0,3,0,0,3,0,0,3,0,0,3,0,0,3,0,-9990,0,0,6,E,8,6,E,8,13.5,E,8,10.7,E,8,83,E,8,991,E,8,250,E,8,0.6,E,8,-9990,0,0,-9990,0,0,1.963,E,8,0.115,E,8,0.20,E,8,0,-9990,0,0
07/28/2005,06:00,42,424,5,3,10,0,3,20,5,3,10,590,3,10,8,3,20,589,3,10,-9990,0,0,6,E,8,6,E,8,13.5,E,8,10.9,E,8,84,E,8,991,E,8,256,E,8,0.5,E,8,-9990,0,0,-9990,0,0,1.985,E,8,0.115,E,8,0.20,E,8,0,-9990,0,0
07/28/2005,07:00,240,1324,101,3,10,188,3,20,67,3,10,11039,3,10,11573,3,20,8941,3,10,-9990,0,0,8,E,8,7,E,8,14.6,E,8,12.2,E,8,86,E,8,991,E,8,289,E,8,0.5,E,8,-9990,0,0,-9990,0,0,2.182,E,8,0.115,E,8,0.20,E,8,0,-9990,0,0
07/28/2005,08:00,459,1324,234,3,10,334,3,20,118,3,10,25441,3,10,22023,3,20,17801,3,10,-9990,0,0,5,E,8,5,E,8,16.0,E,8,12.6,E,8,80,E,8,991,E,8,282,E,8,0.4,E,8,-9990,0,0,-9990,0,0,2.244,E,8,0.115,E,8,0.20,E,8,0,-9990,0,0
07/28/2005,09:00,669,1324,372,3,10,366,3,20,187,3,10,40171,3,10,25274,3,20,27398,3,10,-9990,0,0,6,E,8,5,E,8,17.5,E,8,12.0,E,8,70,E,8,991,E,8,289,E,8,0.6,E,8,-9990,0,0,-9990,0,0,2.148,E,8,0.115,E,8,0.20,E,8,0,-9990,0,0
07/28/2005,10:00,855,1324,488,3,10,366,3,20,252,3,10,54008,3,10,35511,3,20,31069,3,10,-9990,0,0,6,E,8,5,E,8,18.9,E,8,12.4,E,8,66,E,8,991,E,8,253,E,8,1.1,E,8,-9990,0,0,-9990,0,0,2.210,E,8,0.115,E,8,0.20,E,8,0,-9990,0,0
07/28/2005,11:00,1005,1324,613,3,10,427,3,20,289,3,10,66882,3,10,32774,3,20,42005,3,10,-9990,0,0,6,E,8,5,E,8,20.3,E,8,12.5,E,8,61,E,8,991,E,8,242,E,8,0.9,E,8,-9990,0,0,-9990,0,0,2.231,E,8,0.115,E,8,0.20,E,8,0,-9990,0,0
07/28/2005,12:00,1108,1324,689,3,10,465,3,20,299,3,10,75930,3,10,38132,3,20,44015,3,10,-9990,0,0,5,E,8,4,E,8,21.6,E,8,13.0,E,8,58,E,8,991,E,8,269,E,8,0.7,E,8,-9990,0,0,-9990,0,0,2.304,E,8,0.115,E,8,0.20,E,8,0,-9990,0,0
07/28/2005,13:00,1157,1324,716,3,10,444,3,20,328,3,10,78811,3,10,35090,3,20,48130,3,10,-9990,0,0,6,E,8,5,E,8,22.6,E,8,13.8,E,8,58,E,8,991,E,8,295,E,8,1.1,E,8,-9990,0,0,-9990,0,0,2.438,E,8,0.115,E,8,0.20,E,8,0,-9990,0,0
07/28/2005,14:00,1150,1324,707,3,10,432,3,20,332,3,10,77656,3,10,33500,3,20,48554,3,10,-9990,0,0,6,E,8,5,E,8,23.3,E,8,14.0,E,8,56,E,8,991,E,8,265,E,8,2.3,E,8,-9990,0,0,-9990,0,0,2.474,E,8,0.115,E,8,0.20,E,8,0,-9990,0,0
07/28/2005,15:00,1086,1324,674,3,10,467,3,20,291,3,10,74304,3,10,38092,3,20,43054,3,10,-9990,0,0,5,E,8,4,E,8,23.8,E,8,14.0,E,8,54,E,8,990,E,8,259,E,8,1.6,E,8,-9990,0,0,-9990,0,0,2.475,E,8,0.115,E,8,0.20,E,8,0,-9990,0,0
07/28/2005,16:00,970,1324,575,3,10,386,3,20,292,3,10,62390,3,10,26947,3,20,42646,3,10,-9990,0,0,6,E,8,5,E,8,24.0,E,8,14.5,E,8,55,E,8,990,E,8,299,E,8,2.3,E,8,-9990,0,0,-9990,0,0,2.557,E,8,0.115,E,8,0.20,E,8,0,-9990,0,0
07/28/2005,17:00,810,1324,455,3,10,350,3,20,241,3,10,50221,3,10,32444,3,20,30377,3,10,-9990,0,0,6,E,8,5,E,8,23.8,E,8,14.8,E,8,57,E,8,990,E,8,227,E,8,1.4,E,8,-9990,0,0,-9990,0,0,2.622,E,8,0.115,E,8,0.20,E,8,0,-9990,0,0
07/28/2005,18:00,616,1324,335,3,10,355,3,20,170,3,10,36150,3,10,23362,3,20,25277,3,10,-9990,0,0,6,E,8,5,E,8,23.3,E,8,14.6,E,8,58,E,8,990,E,8,286,E,8,2.7,E,8,-9990,0,0,-9990,0,0,2.581,E,8,0.115,E,8,0.20,E,8,0,-9990,0,0
07/28/2005,19:00,402,1324,198,3,10,300,3,20,107,3,10,21383,3,10,17151,3,20,16170,3,10,-9990,0,0,6,E,8,5,E,8,22.4,E,8,14.7,E,8,62,E,8,990,E,8,299,E,8,1.9,E,8,-9990,0,0,-9990,0,0,2.593,E,8,0.115,E,8,0.20,E,8,0,-9990,0,0
07/28/2005,20:00,183,1324,73,3,10,173,3,20,49,3,10,7905,3,10,2467,3,20,7563,3,10,-9990,0,0,6,E,8,5,E,8,21.3,E,8,14.1,E,8,63,E,8,990,E,8,279,E,8,2.1,E,8,-9990,0,0,-9990,0,0,2.483,E,8,0.115,E,8,0.20,E,8,0,-9990,0,0
07/28/2005,21:00,15,253,1,3,10,0,3,20,1,3,10,96,3,10,8,3,20,96,3,10,-9990,0,0,6,E,8,5,E,8,20.1,E,8,14.7,E,8,71,E,8,990,E,8,302,E,8,1.9,E,8,-9990,0,0,-9990,0,0,2.598,E,8,0.115,E,8,0.20,E,8,0,-9990,0,0
07/28/2005,22:00,0,0,0,3,0,0,3,0,0,3,0,0,3,0,0,3,0,0,3,0,-9990,0,0,8,E,8,6,E,8,19.7,E,8,15.5,E,8,77,E,8,989,E,8,284,E,8,0.4,E,8,-9990,0,0,-9990,0,0,2.754,E,8,0.115,E,8,0.20,E,8,0,-9990,0,0
07/28/2005,23:00,0,0,0,3,0,0,3,0,0,3,0,0,3,0,0,3,0,0,3,0,-9990,0,0,8,E,8,7,E,8,19.3,E,8,16.0,E,8,81,E,8,989,E,8,302,E,8,1.6,E,8,-9990,0,0,-9990,0,0,2.842,E,8,0.115,E,8,0.20,E,8,0,-9990,0,0
07/28/2005,24:00,0,0,0,3,0,0,3,0,0,3,0,0,3,0,0,3,0,0,3,0,-9990,0,0,8,E,8,7,E,8,18.9,E,8,16.1,E,8,83,E,8,989,E,8,318,E,8,0.8,E,8,-9990,0,0,-9990,0,0,2.859,E,8,0.115,E,8,0.20,E,8,0,-9990,0,0
07/29/2005,01:00,0,0,0,3,0,0,3,0,0,3,0,0,3,0,0,3,0,0,3,0,-9990,0,0,8,E,8,7,E,8,19.1,E,8,16.5,E,8,85,E,8,989,E,8,286,E,8,0.2,E,8,-9990,0,0,-9990,0,0,2.954,E,8,0.113,E,8,0.20,E,8,0,-9990,0,0
07/29/2005,02:00,0,0,0,3,0,0,3,0,0,3,0,0,3,0,0,3,0,0,3,0,-9990,0,0,9,E,8,8,E,8,19.3,E,8,16.7,E,8,85,E,8,989,E,8,286,E,8,0.5,E,8,-9990,0,0,-9990,0,0,2.994,E,8,0.113,E,8,0.20,E,8,0,-9990,0,0
07/29/2005,03:00,0,0,0,3,0,0,3,0,0,3,0,0,3,0,0,3,0,0,3,0,-9990,0,0,9,E,8,8,E,8,19.4,E,8,16.6,E,8,84,E,8,989,E,8,286,E,8,0.0,E,8,-9990,0,0,-9990,0,0,2.969,E,8,0.113,E,8,0.20,E,8,0,-9990,0,0
07/29/2005,04:00,0,0,0,3,0,0,3,0,0,3,0,0,3,0,0,3,0,0,3,0,-9990,0,0,9,E,8,8,E,8,19.5,E,8,16.5,E,8,83,E,8,988,E,8,284,E,8,0.1,E,8,-9990,0,0,-9990,0,0,2.955,E,8,0.113,E,8,0.20,E,8,0,-9990,0,0
07/29/2005,05:00,0,0,0,3,0,0,3,0,0,3,0,0,3,0,0,3,0,0,3,0,-9990,0,0,9,E,8,8,E,8,19.6,E,8,16.7,E,8,83,E,8,988,E,8,293,E,8,0.3,E,8,-9990,0,0,-9990,0,0,2.981,E,8,0.113,E,8,0.20,E,8,0,-9990,0,0
07/29/2005,06:00,40,411,2,3,10,0,3,20,2,3,10,217,3,10,7,3,20,217,3,10,-9990,0,0,10,E,8,9,E,8,19.7,E,8,18.9,E,8,95,E,8,988,E,8,255,E,8,0.4,E,8,-9990,0,0,-9990,0,0,3.474,E,8,0.113,E,8,0.20,E,8,0,-9990,0,0
07/29/2005,07:00,236,1324,11,3,10,0,3,20,11,3,10,1442,3,10,5,3,20,1441,3,10,-9990,0,0,10,E,8,9,E,8,19.9,E,8,18.5,E,8,92,E,8,988,E,8,236,E,8,0.3,E,8,-9990,0,0,-9990,0,0,3.388,E,8,0.113,E,8,0.20,E,8,0,-9990,0,0
07/29/2005,08:00,456,1324,90,3,10,0,3,20,90,3,10,10444,3,10,0,3,20,10444,3,10,-9990,0,0,10,E,8,9,E,8,20.6,E,8,19.3,E,8,92,E,8,988,E,8,299,E,8,1.4,E,8,-9990,0,0,-9990,0,0,3.591,E,8,0.113,E,8,0.20,E,8,0,-9990,0,0
07/29/2005,09:00,666,1324,174,3,10,7,3,20,171,3,10,20080,3,10,649,3,20,19754,3,10,-9990,0,0,10,E,8,9,E,8,21.7,E,8,17.5,E,8,77,E,8,988,E,8,275,E,8,1.1,E,8,-9990,0,0,-9990,0,0,3.160,E,8,0.113,E,8,0.20,E,8,0,-9990,0,0
07/29/2005,10:00,852,1324,330,3,10,77,3,20,280,3,10,37149,3,10,7282,3,20,32461,3,10,-9990,0,0,10,E,8,9,E,8,23.2,E,8,16.2,E,8,65,E,8,988,E,8,266,E,8,0.8,E,8,-9990,0,0,-9990,0,0,2.893,E,8,0.113,E,8,0.20,E,8,0,-9990,0,0
07/29/2005,11:00,1002,1324,497,3,10,169,3,20,369,3,10,55512,3,10,15716,3,20,43616,3,10,-9990,0,0,9,E,8,8,E,8,25.0,E,8,15.8,E,8,57,E,8,987,E,8,265,E,8,0.7,E,8,-9990,0,0,-9990,0,0,2.795,E,8,0.113,E,8,0.20,E,8,0,-9990,0,0
07/29/2005,12:00,1105,1324,537,3,10,169,3,20,396,3,10,60272,3,10,16142,3,20,46794,3,10,-9990,0,0,9,E,8,8,E,8,26.4,E,8,16.0,E,8,53,E,8,987,E,8,287,E,8,0.7,E,8,-9990,0,0,-9990,0,0,2.844,E,8,0.113,E,8,0.20,E,8,0,-9990,0,0
07/29/2005,13:00,1155,1324,536,3,10,139,3,20,414,3,10,60075,3,10,13071,3,20,48671,3,10,-9990,0,0,9,E,8,8,E,8,27.5,E,8,15.2,E,8,47,E,8,987,E,8,247,E,8,1.9,E,8,-9990,0,0,-9990,0,0,2.691,E,8,0.113,E,8,0.20,E,8,0,-9990,0,0
07/29/2005,14:00,1148,1324,415,3,10,32,3,20,387,3,10,46642,3,10,2426,3,20,44539,3,10,-9990,0,0,10,E,8,9,E,8,28.0,E,8,14.2,E,8,43,E,8,987,E,8,62,E,8,1.4,E,8,-9990,0,0,-9990,0,0,2.515,E,8,0.113,E,8,0.20,E,8,0,-9990,0,0
07/29/2005,15:00,1084,1324,414,3,10,40,3,20,381,3,10,46466,3,10,3226,3,20,43826,3,10,-9990,0,0,10,E,8,9,E,8,28.4,E,8,14.2,E,8,42,E,8,987,E,8,73,E,8,1.1,E,8,-9990,0,0,-9990,0,0,2.499,E,8,0.113,E,8,0.20,E,8,0,-9990,0,0
07/29/2005,16:00,967,1324,400,3,10,86,3,20,337,3,10,45073,3,10,8275,3,20,39028,3,10,-9990,0,0,10,E,8,9,E,8,28.6,E,8,17.7,E,8,52,E,8,987,E,8,212,E,8,0.7,E,8,-9990,0,0,-9990,0,0,3.209,E,8,0.113,E,8,0.20,E,8,0,-9990,0,0
07/29/2005,17:00,807,1324,326,3,10,88,3,20,272,3,10,36478,3,10,8516,3,20,31289,3,10,-9990,0,0,10,E,8,9,E,8,28.7,E,8,14.2,E,8,41,E,8,987,E,8,218,E,8,4.2,E,8,-9990,0,0,-9990,0,0,2.504,E,8,0.113,E,8,0.20,E,8,0,-9990,0,0
07/29/2005,18:00,613,1324,180,3,10,12,3,20,174,3,10,20424,3,10,1131,3,20,19901,3,10,-9990,0,0,10,E,8,9,E,8,28.3,E,8,14.3,E,8,42,E,8,987,E,8,223,E,8,2.5,E,8,-9990,0,0,-9990,0,0,2.520,E,8,0.113,E,8,0.20,E,8,0,-9990,0,0
07/29/2005,19:00,399,1324,99,3,10,0,3,20,99,3,10,11270,3,10,0,3,20,11270,3,10,-9990,0,0,10,E,8,9,E,8,27.5,E,8,17.7,E,8,55,E,8,987,E,8,270,E,8,1.1,E,8,-9990,0,0,-9990,0,0,3.207,E,8,0.113,E,8,0.20,E,8,1,-9990,0,0
07/29/2005,20:00,179,1324,39,3,10,0,3,20,39,3,10,4485,3,10,0,3,20,4485,3,10,-9990,0,0,10,E,8,9,E,8,26.9,E,8,14.6,E,8,47,E,8,987,E,8,235,E,8,1.7,E,8,-9990,0,0,-9990,0,0,2.569,E,8,0.113,E,8,0.20,E,8,0,-9990,0,0
07/29/2005,21:00,13,239,1,3,10,0,3,20,1,3,10,88,3,10,8,3,20,87,3,10,-9990,0,0,10,E,8,9,E,8,26.2,E,8,14.6,E,8,49,E,8,987,E,8,239,E,8,1.2,E,8,-9990,0,0,-9990,0,0,2.573,E,8,0.113,E,8,0.20,E,8,0,-9990,0,0
07/29/2005,22:00,0,0,0,3,0,0,3,0,0,3,0,0,3,0,0,3,0,0,3,0,-9990,0,0,10,E,8,9,E,8,24.2,E,8,17.7,E,8,67,E,8,987,E,8,217,E,8,1.1,E,8,-9990,0,0,-9990,0,0,3.213,E,8,0.113,E,8,0.20,E,8,2,-9990,0,0
07/29/2005,23:00,0,0,0,3,0,0,3,0,0,3,0,0,3,0,0,3,0,0,3,0,-9990,0,0,9,E,8,8,E,8,23.1,E,8,20.4,E,8,85,E,8,987,E,8,74,E,8,0.6,E,8,-9990,0,0,-9990,0,0,3.863,E,8,0.113,E,8,0.20,E,8,0,-9990,0,0
07/29/2005,24:00,0,0,0,3,0,0,3,0,0,3,0,0,3,0,0,3,0,0,3,0,-9990,0,0,9,E,8,8,E,8,21.5,E,8,18.9,E,8,85,E,8,987,E,8,24,E,8,2.5,E,8,-9990,0,0,-9990,0,0,3.475,E,8,0.113,E,8,0.20,E,8,0,-9990,0,0
07/30/2005,01:00,0,0,0,3,0,0,3,0,0,3,0,0,3,0,0,3,0,0,3,0,-9990,0,0,9,E,8,8,E,8,19.8,E,8,18.4,E,8,92,E,8,987,E,8,212,E,8,2.1,E,8,-9990,0,0,-9990,0,0,3.367,E,8,0.113,E,8,0.20,E,8,0,-9990,0,0
07/30/2005,02:00,0,0,0,3,0,0,3,0,0,3,0,0,3,0,0,3,0,0,3,0,-9990,0,0,9,E,8,8,E,8,17.8,E,8,16.9,E,8,94,E,8,986,E,8,156,E,8,1.7,E,8,-9990,0,0,-9990,0,0,3.018,E,8,0.113,E,8,0.20,E,8,0,-9990,0,0
07/30/2005,03:00,0,0,0,3,0,0,3,0,0,3,0,0,3,0,0,3,0,0,3,0,-9990,0,0,9,E,8,8,E,8,16.8,E,8,16.2,E,8,96,E,8,986,E,8,273,E,8,0.9,E,8,-9990,0,0,-9990,0,0,2.878,E,8,0.113,E,8,0.20,E,8,0,-9990,0,0
07/30/2005,04:00,0,0,0,3,0,0,3,0,0,3,0,0,3,0,0,3,0,0,3,0,-9990,0,0,9,E,8,8,E,8,15.8,E,8,15.5,E,8,98,E,8,986,E,8,201,E,8,0.6,E,8,-9990,0,0,-9990,0,0,2.739,E,8,0.113,E,8,0.20,E,8,0,-9990,0,0
07/30/2005,05:00,0,0,0,3,0,0,3,0,0,3,0,0,3,0,0,3,0,0,3,0,-9990,0,0,9,E,8,8,E,8,15.1,E,8,14.7,E,8,98,E,8,986,E,8,43,E,8,0.7,E,8,-9990,0,0,-9990,0,0,2.604,E,8,0.113,E,8,0.20,E,8,0,-9990,0,0
07/30/2005,06:00,37,397,8,3,10,0,3,20,8,3,10,1029,3,10,1,3,20,1029,3,10,-9990,0,0,8,E,8,7,E,8,15.0,E,8,14.7,E,8,98,E,8,986,E,8,31,E,8,1.4,E,8,-9990,0,0,-9990,0,0,2.598,E,8,0.113,E,8,0.20,E,8,0,-9990,0,0
07/30/2005,07:00,232,1324,87,3,10,142,3,20,62,3,10,9587,3,10,6202,3,20,8499,3,10,-9990,0,0,8,E,8,7,E,8,15.4,E,8,14.8,E,8,96,E,8,986,E,8,75,E,8,0.8,E,8,-9990,0,0,-9990,0,0,2.613,E,8,0.113,E,8,0.20,E,8,0,-9990,0,0
07/30/2005,08:00,452,1324,158,3,10,65,3,20,136,3,10,17753,3,10,5722,3,20,15798,3,10,-9990,0,0,10,E,8,9,E,8,15.6,E,8,15.0,E,8,96,E,8,986,E,8,189,E,8,0.8,E,8,-9990,0,0,-9990,0,0,2.649,E,8,0.113,E,8,0.20,E,8,0,-9990,0,0
07/30/2005,09:00,663,1324,284,3,10,134,3,20,217,3,10,31671,3,10,11286,3,20,26023,3,10,-9990,0,0,9,E,8,8,E,8,16.1,E,8,13.8,E,8,86,E,8,986,E,8,66,E,8,4.7,E,8,-9990,0,0,-9990,0,0,2.431,E,8,0.113,E,8,0.20,E,8,0,-9990,0,0
07/30/2005,10:00,849,1324,719,3,10,762,3,20,230,3,10,76700,3,10,72396,3,20,30263,3,10,-9990,0,0,3,E,8,2,E,8,17.3,E,8,14.0,E,8,81,E,8,986,E,8,21,E,8,2.5,E,8,-9990,0,0,-9990,0,0,2.475,E,8,0.113,E,8,0.20,E,8,0,-9990,0,0
07/30/2005,11:00,1000,1324,741,3,10,804,3,20,134,3,10,81455,3,10,84228,3,20,17878,3,10,-9990,0,0,0,E,8,0,E,8,18.1,E,8,13.9,E,8,77,E,8,986,E,8,172,E,8,1.9,E,8,-9990,0,0,-9990,0,0,2.455,E,8,0.113,E,8,0.20,E,8,0,-9990,0,0
07/30/2005,12:00,1103,1324,825,3,10,687,3,20,253,3,10,89698,3,10,68608,3,20,32553,3,10,-9990,0,0,4,E,8,3,E,8,18.7,E,8,13.6,E,8,72,E,8,986,E,8,113,E,8,1.6,E,8,-9990,0,0,-9990,0,0,2.408,E,8,0.113,E,8,0.20,E,8,0,-9990,0,0
07/30/2005,13:00,1153,1324,470,3,10,145,3,20,344,3,10,53347,3,10,14305,3,20,40896,3,10,-9990,0,0,9,E,8,8,E,8,18.7,E,8,14.7,E,8,77,E,8,986,E,8,87,E,8,1.2,E,8,-9990,0,0,-9990,0,0,2.589,E,8,0.113,E,8,0.20,E,8,0,-9990,0,0
07/30/2005,14:00,1145,1324,167,3,10,4,3,20,163,3,10,20722,3,10,433,3,20,20348,3,10,-9990,0,0,10,E,8,9,E,8,18.1,E,8,14.7,E,8,81,E,8,986,E,8,223,E,8,6.1,E,8,-9990,0,0,-9990,0,0,2.595,E,8,0.113,E,8,0.20,E,8,0,-9990,0,0
07/30/2005,15:00,1081,1324,69,3,10,0,3,20,69,3,10,9073,3,10,0,3,20,9073,3,10,-9990,0,0,10,E,8,9,E,8,17.3,E,8,15.1,E,8,87,E,8,986,E,8,228,E,8,4.5,E,8,-9990,0,0,-9990,0,0,2.661,E,8,0.113,E,8,0.20,E,8,0,-9990,0,0
07/30/2005,16:00,965,1324,61,3,10,0,3,20,61,3,10,7916,3,10,0,3,20,7916,3,10,-9990,0,0,10,E,8,9,E,8,16.7,E,8,15.5,E,8,93,E,8,985,E,8,298,E,8,6.7,E,8,-9990,0,0,-9990,0,0,2.740,E,8,0.113,E,8,0.20,E,8,0,-9990,0,0
07/30/2005,17:00,804,1324,49,3,10,0,3,20,49,3,10,6351,3,10,0,3,20,6351,3,10,-9990,0,0,10,E,8,9,E,8,16.1,E,8,15.8,E,8,98,E,8,985,E,8,274,E,8,6.7,E,8,-9990,0,0,-9990,0,0,2.794,E,8,0.113,E,8,0.20,E,8,0,-9990,0,0
07/30/2005,18:00,609,1324,35,3,10,0,3,20,35,3,10,4531,3,10,0,3,20,4531,3,10,-9990,0,0,10,E,8,9,E,8,15.5,E,8,15.0,E,8,96,E,8,985,E,8,286,E,8,3.0,E,8,-9990,0,0,-9990,0,0,2.644,E,8,0.113,E,8,0.20,E,8,0,-9990,0,0
07/30/2005,19:00,395,1324,21,3,10,0,3,20,21,3,10,2647,3,10,0,3,20,2647,3,10,-9990,0,0,10,E,8,9,E,8,15.1,E,8,15.1,E,8,100,E,8,985,E,8,252,E,8,4.5,E,8,-9990,0,0,-9990,0,0,2.668,E,8,0.113,E,8,0.20,E,8,0,-9990,0,0
07/30/2005,20:00,175,1324,8,3,10,0,3,20,8,3,10,994,3,10,9,3,20,993,3,10,-9990,0,0,10,E,8,9,E,8,14.6,E,8,14.0,E,8,96,E,8,985,E,8,236,E,8,3.6,E,8,-9990,0,0,-9990,0,0,2.479,E,8,0.113,E,8,0.20,E,8,0,-9990,0,0
07/30/2005,21:00,12,224,1,3,10,0,3,20,1,3,10,77,3,10,7,3,20,76,3,10,-9990,0,0,10,E,8,9,E,8,14.2,E,8,13.6,E,8,96,E,8,984,E,8,233,E,8,1.4,E,8,-9990,0,0,-9990,0,0,2.411,E,8,0.113,E,8,0.20,E,8,0,-9990,0,0
07/30/2005,22:00,0,0,0,3,0,0,3,0,0,3,0,0,3,0,0,3,0,0,3,0,-9990,0,0,10,E,8,9,E,8,15.0,E,8,14.4,E,8,96,E,8,984,E,8,220,E,8,0.3,E,8,-9990,0,0,-9990,0,0,2.540,E,8,0.113,E,8,0.20,E,8,1,-9990,0,0
07/30/2005,23:00,0,0,0,3,0,0,3,0,0,3,0,0,3,0,0,3,0,0,3,0,-9990,0,0,10,E,8,9,E,8,15.5,E,8,15.2,E,8,98,E,8,984,E,8,112,E,8,0.2,E,8,-9990,0,0,-9990,0,0,2.686,E,8,0.113,E,8,0.20,E,8,3,-9990,0,0
07/30/2005,24:00,0,0,0,3,0,0,3,0,0,3,0,0,3,0,0,3,0,0,3,0,-9990,0,0,10,E,8,9,E,8,17.0,E,8,16.6,E,8,98,E,8,984,E,8,255,E,8,0.2,E,8,-9990,0,0,-9990,0,0,2.971,E,8,0.113,E,8,0.20,E,8,0,-9990,0,0
07/31/2005,01:00,0,0,0,3,0,0,3,0,0,3,0,0,3,0,0,3,0,0,3,0,-9990,0,0,10,E,8,9,E,8,17.2,E,8,16.1,E,8,93,E,8,984,E,8,221,E,8,0.0,E,8,-9990,0,0,-9990,0,0,2.858,E,8,0.108,E,8,0.20,E,8,2,-9990,0,0
07/31/2005,02:00,0,0,0,3,0,0,3,0,0,3,0,0,3,0,0,3,0,0,3,0,-9990,0,0,10,E,8,9,E,8,17.9,E,8,16.4,E,8,91,E,8,983,E,8,150,E,8,0.3,E,8,-9990,0,0,-9990,0,0,2.915,E,8,0.108,E,8,0.20,E,8,2,-9990,0,0
07/31/2005,03:00,0,0,0,3,0,0,3,0,0,3,0,0,3,0,0,3,0,0,3,0,-9990,0,0,10,E,8,9,E,8,18.5,E,8,15.1,E,8,81,E,8,983,E,8,232,E,8,0.1,E,8,-9990,0,0,-9990,0,0,2.675,E,8,0.108,E,8,0.20,E,8,0,-9990,0,0
07/31/2005,04:00,0,0,0,3,0,0,3,0,0,3,0,0,3,0,0,3,0,0,3,0,-9990,0,0,10,E,8,9,E,8,18.9,E,8,15.5,E,8,81,E,8,983,E,8,292,E,8,0.0,E,8,-9990,0,0,-9990,0,0,2.751,E,8,0.108,E,8,0.20,E,8,0,-9990,0,0
07/31/2005,05:00,0,0,0,3,0,0,3,0,0,3,0,0,3,0,0,3,0,0,3,0,-9990,0,0,10,E,8,9,E,8,19.1,E,8,15.7,E,8,81,E,8,983,E,8,307,E,8,0.1,E,8,-9990,0,0,-9990,0,0,2.789,E,8,0.108,E,8,0.20,E,8,0,-9990,0,0
07/31/2005,06:00,35,384,1,3,10,0,3,20,1,3,10,200,3,10,7,3,20,199,3,10,-9990,0,0,10,E,8,9,E,8,18.4,E,8,15.8,E,8,85,E,8,983,E,8,293,E,8,0.5,E,8,-9990,0,0,-9990,0,0,2.796,E,8,0.108,E,8,0.20,E,8,5,-9990,0,0
07/31/2005,07:00,229,1325,16,3,10,0,3,20,16,3,10,1970,3,10,0,3,20,1970,3,10,-9990,0,0,10,E,8,9,E,8,19.3,E,8,16.7,E,8,85,E,8,983,E,8,299,E,8,0.2,E,8,-9990,0,0,-9990,0,0,2.986,E,8,0.108,E,8,0.20,E,8,1,-9990,0,0
07/31/2005,08:00,449,1325,42,3,10,0,3,20,42,3,10,5168,3,10,0,3,20,5168,3,10,-9990,0,0,10,E,8,9,E,8,19.9,E,8,16.5,E,8,81,E,8,982,E,8,286,E,8,0.4,E,8,-9990,0,0,-9990,0,0,2.940,E,8,0.108,E,8,0.20,E,8,1,-9990,0,0
07/31/2005,09:00,660,1325,75,3,10,0,3,20,75,3,10,9182,3,10,0,3,20,9182,3,10,-9990,0,0,10,E,8,9,E,8,20.5,E,8,17.1,E,8,81,E,8,982,E,8,290,E,8,0.9,E,8,-9990,0,0,-9990,0,0,3.064,E,8,0.108,E,8,0.20,E,8,1,-9990,0,0
07/31/2005,10:00,847,1325,98,3,10,0,3,20,98,3,10,12147,3,10,0,3,20,12147,3,10,-9990,0,0,10,E,8,9,E,8,21.2,E,8,17.7,E,8,81,E,8,982,E,8,303,E,8,1.6,E,8,-9990,0,0,-9990,0,0,3.208,E,8,0.108,E,8,0.20,E,8,0,-9990,0,0
07/31/2005,11:00,997,1325,117,3,10,0,3,20,117,3,10,14631,3,10,0,3,20,14631,3,10,-9990,0,0,10,E,8,9,E,8,21.6,E,8,18.1,E,8,81,E,8,982,E,8,285,E,8,3.6,E,8,-9990,0,0,-9990,0,0,3.302,E,8,0.108,E,8,0.20,E,8,1,-9990,0,0
07/31/2005,12:00,1101,1325,130,3,10,0,3,20,130,3,10,16279,3,10,0,3,20,16279,3,10,-9990,0,0,10,E,8,9,E,8,22.1,E,8,18.6,E,8,81,E,8,982,E,8,277,E,8,5.5,E,8,-9990,0,0,-9990,0,0,3.418,E,8,0.108,E,8,0.20,E,8,0,-9990,0,0
07/31/2005,13:00,1150,1325,131,3,10,0,3,20,131,3,10,16438,3,10,0,3,20,16438,3,10,-9990,0,0,10,E,8,9,E,8,22.3,E,8,19.6,E,8,85,E,8,981,E,8,306,E,8,6.7,E,8,-9990,0,0,-9990,0,0,3.651,E,8,0.108,E,8,0.20,E,8,1,-9990,0,0
07/31/2005,14:00,1143,1325,121,3,10,0,3,20,121,3,10,15359,3,10,0,3,20,15359,3,10,-9990,0,0,10,E,8,9,E,8,22.2,E,8,19.5,E,8,85,E,8,982,E,8,300,E,8,5.5,E,8,-9990,0,0,-9990,0,0,3.635,E,8,0.108,E,8,0.20,E,8,3,-9990,0,0
07/31/2005,15:00,1078,1325,115,3,10,0,3,20,115,3,10,14515,3,10,0,3,20,14515,3,10,-9990,0,0,10,E,8,9,E,8,22.8,E,8,19.3,E,8,81,E,8,983,E,8,288,E,8,8.1,E,8,-9990,0,0,-9990,0,0,3.579,E,8,0.108,E,8,0.20,E,8,1,-9990,0,0
07/31/2005,16:00,962,1325,104,3,10,0,3,20,104,3,10,13022,3,10,0,3,20,13022,3,10,-9990,0,0,10,E,8,9,E,8,21.7,E,8,19.7,E,8,89,E,8,983,E,8,291,E,8,5.1,E,8,-9990,0,0,-9990,0,0,3.696,E,8,0.108,E,8,0.20,E,8,7,-9990,0,0
07/31/2005,17:00,801,1325,81,3,10,0,3,20,81,3,10,10039,3,10,0,3,20,10039,3,10,-9990,0,0,10,E,8,9,E,8,23.1,E,8,19.5,E,8,81,E,8,984,E,8,316,E,8,3.3,E,8,-9990,0,0,-9990,0,0,3.645,E,8,0.108,E,8,0.20,E,8,0,-9990,0,0
07/31/2005,18:00,606,1325,54,3,10,0,3,20,54,3,10,6694,3,10,0,3,20,6694,3,10,-9990,0,0,10,E,8,9,E,8,22.9,E,8,19.4,E,8,81,E,8,984,E,8,288,E,8,3.0,E,8,-9990,0,0,-9990,0,0,3.618,E,8,0.108,E,8,0.20,E,8,0,-9990,0,0
07/31/2005,19:00,391,1325,31,3,10,0,3,20,31,3,10,3788,3,10,0,3,20,3788,3,10,-9990,0,0,10,E,8,9,E,8,22.7,E,8,19.3,E,8,81,E,8,985,E,8,290,E,8,3.3,E,8,-9990,0,0,-9990,0,0,3.570,E,8,0.108,E,8,0.20,E,8,0,-9990,0,0
07/31/2005,20:00,171,1325,10,3,10,0,3,20,10,3,10,1231,3,10,6,3,20,1230,3,10,-9990,0,0,10,E,8,9,E,8,22.5,E,8,19.0,E,8,81,E,8,985,E,8,278,E,8,9.5,E,8,-9990,0,0,-9990,0,0,3.509,E,8,0.108,E,8,0.20,E,8,0,-9990,0,0
07/31/2005,21:00,10,210,0,3,10,0,3,20,0,3,10,74,3,10,8,3,20,74,3,10,-9990,0,0,10,E,8,9,E,8,22.2,E,8,18.8,E,8,81,E,8,986,E,8,296,E,8,3.6,E,8,-9990,0,0,-9990,0,0,3.450,E,8,0.108,E,8,0.20,E,8,0,-9990,0,0
07/31/2005,22:00,0,0,0,3,0,0,3,0,0,3,0,0,3,0,0,3,0,0,3,0,-9990,0,0,10,E,8,9,E,8,21.8,E,8,18.3,E,8,81,E,8,986,E,8,245,E,8,2.7,E,8,-9990,0,0,-9990,0,0,3.351,E,8,0.108,E,8,0.20,E,8,0,-9990,0,0
07/31/2005,23:00,0,0,0,3,0,0,3,0,0,3,0,0,3,0,0,3,0,0,3,0,-9990,0,0,10,E,8,9,E,8,19.7,E,8,17.1,E,8,85,E,8,987,E,8,250,E,8,6.1,E,8,-9990,0,0,-9990,0,0,3.075,E,8,0.108,E,8,0.20,E,8,3,-9990,0,0
07/31/2005,24:00,0,0,0,3,0,0,3,0,0,3,0,0,3,0,0,3,0,0,3,0,-9990,0,0,10,E,8,9,E,8,17.0,E,8,15.2,E,8,89,E,8,987,E,8,267,E,8,2.5,E,8,-9990,0,0,-9990,0,0,2.680,E,8,0.108,E,8,0.20,E,8,14,-9990,0,0
08/01/2005,01:00,0,0,0,3,0,0,3,0,0,3,0,0,3,0,0,3,0,0,3,0,-9990,0,0,0,E,8,0,E,8,17.6,E,8,15.0,E,8,85,E,8,988,E,8,223,E,8,3.4,E,8,-9990,0,0,-9990,0,0,2.659,E,8,0.082,E,8,0.20,E,8,0,-9990,0,0
08/01/2005,02:00,0,0,0,3,0,0,3,0,0,3,0,0,3,0,0,3,0,0,3,0,-9990,0,0,0,E,8,0,E,8,16.1,E,8,13.8,E,8,86,E,8,988,E,8,268,E,8,2.5,E,8,-9990,0,0,-9990,0,0,2.431,E,8,0.082,E,8,0.20,E,8,0,-9990,0,0
08/01/2005,03:00,0,0,0,3,0,0,3,0,0,3,0,0,3,0,0,3,0,0,3,0,-9990,0,0,0,E,8,0,E,8,14.7,E,8,13.3,E,8,91,E,8,989,E,8,248,E,8,1.5,E,8,-9990,0,0,-9990,0,0,2.350,E,8,0.082,E,8,0.20,E,8,0,-9990,0,0
08/01/2005,04:00,0,0,0,3,0,0,3,0,0,3,0,0,3,0,0,3,0,0,3,0,-9990,0,0,0,E,8,0,E,8,13.3,E,8,12.2,E,8,93,E,8,989,E,8,229,E,8,1.5,E,8,-9990,0,0,-9990,0,0,2.181,E,8,0.082,E,8,0.20,E,8,0,-9990,0,0
08/01/2005,05:00,0,0,0,3,0,0,3,0,0,3,0,0,3,0,0,3,0,0,3,0,-9990,0,0,0,E,8,0,E,8,12.3,E,8,11.4,E,8,95,E,8,990,E,8,250,E,8,0.3,E,8,-9990,0,0,-9990,0,0,2.063,E,8,0.082,E,8,0.20,E,8,0,-9990,0,0
08/01/2005,06:00,32,370,4,3,10,0,3,20,4,3,10,546,3,10,10,3,20,545,3,10,-9990,0,0,0,E,8,0,E,8,12.1,E,8,9.7,E,8,85,E,8,990,E,8,302,E,8,1.5,E,8,-9990,0,0,-9990,0,0,1.834,E,8,0.082,E,8,0.20,E,8,0,-9990,0,0
08/01/2005,07:00,225,1325,125,3,10,510,3,20,38,3,10,12910,3,10,39466,3,20,6218,3,10,-9990,0,0,0,E,8,0,E,8,13.3,E,8,10.9,E,8,85,E,8,991,E,8,268,E,8,0.7,E,8,-9990,0,0,-9990,0,0,1.989,E,8,0.082,E,8,0.20,E,8,0,-9990,0,0
08/01/2005,08:00,445,1325,293,3,10,733,3,20,47,3,10,32058,3,10,73632,3,20,7314,3,10,-9990,0,0,0,E,8,0,E,8,14.9,E,8,11.7,E,8,81,E,8,991,E,8,196,E,8,1.0,E,8,-9990,0,0,-9990,0,0,2.101,E,8,0.082,E,8,0.20,E,8,0,-9990,0,0
08/01/2005,09:00,656,1325,473,3,10,849,3,20,52,3,10,51944,3,10,88937,3,20,7884,3,10,-9990,0,0,0,E,8,0,E,8,16.6,E,8,13.3,E,8,81,E,8,992,E,8,90,E,8,0.2,E,8,-9990,0,0,-9990,0,0,2.361,E,8,0.082,E,8,0.20,E,8,0,-9990,0,0
08/01/2005,10:00,844,1325,638,3,10,900,3,20,65,3,10,70157,3,10,95305,3,20,9473,3,10,-9990,0,0,0,E,8,0,E,8,18.3,E,8,15.0,E,8,81,E,8,993,E,8,85,E,8,1.7,E,8,-9990,0,0,-9990,0,0,2.652,E,8,0.082,E,8,0.20,E,8,0,-9990,0,0
08/01/2005,11:00,994,1325,771,3,10,919,3,20,82,3,10,83514,3,10,96170,3,20,11346,3,10,-9990,0,0,0,E,8,0,E,8,19.9,E,8,12.1,E,8,61,E,8,993,E,8,144,E,8,3.8,E,8,-9990,0,0,-9990,0,0,2.158,E,8,0.082,E,8,0.20,E,8,0,-9990,0,0
08/01/2005,12:00,1098,1325,863,3,10,925,3,20,96,3,10,92238,3,10,95626,3,20,12993,3,10,-9990,0,0,0,E,8,0,E,8,21.3,E,8,8.8,E,8,45,E,8,994,E,8,198,E,8,4.6,E,8,-9990,0,0,-9990,0,0,1.716,E,8,0.082,E,8,0.20,E,8,0,-9990,0,0
08/01/2005,13:00,1148,1325,910,3,10,934,3,20,102,3,10,97016,3,10,96400,3,20,13512,3,10,-9990,0,0,0,E,8,0,E,8,22.4,E,8,8.1,E,8,40,E,8,994,E,8,226,E,8,1.0,E,8,-9990,0,0,-9990,0,0,1.641,E,8,0.082,E,8,0.20,E,8,0,-9990,0,0
08/01/2005,14:00,1140,1325,906,3,10,938,3,20,99,3,10,96728,3,10,96993,3,20,13268,3,10,-9990,0,0,0,E,8,0,E,8,23.2,E,8,8.6,E,8,39,E,8,994,E,8,89,E,8,0.8,E,8,-9990,0,0,-9990,0,0,1.699,E,8,0.082,E,8,0.20,E,8,0,-9990,0,0
08/01/2005,15:00,1076,1325,849,3,10,935,3,20,90,3,10,90904,3,10,96858,3,20,12272,3,10,-9990,0,0,0,E,8,0,E,8,23.7,E,8,8.7,E,8,38,E,8,994,E,8,40,E,8,2.3,E,8,-9990,0,0,-9990,0,0,1.701,E,8,0.082,E,8,0.20,E,8,0,-9990,0,0
08/01/2005,16:00,959,1325,742,3,10,919,3,20,77,3,10,79716,3,10,95323,3,20,10741,3,10,-9990,0,0,0,E,8,0,E,8,23.8,E,8,7.8,E,8,36,E,8,994,E,8,39,E,8,3.0,E,8,-9990,0,0,-9990,0,0,1.604,E,8,0.082,E,8,0.20,E,8,0,-9990,0,0
08/01/2005,17:00,797,1325,602,3,10,901,3,20,60,3,10,65096,3,10,93618,3,20,8759,3,10,-9990,0,0,0,E,8,0,E,8,23.5,E,8,7.3,E,8,35,E,8,994,E,8,107,E,8,2.1,E,8,-9990,0,0,-9990,0,0,1.549,E,8,0.082,E,8,0.20,E,8,0,-9990,0,0
08/01/2005,18:00,602,1325,432,3,10,845,3,20,48,3,10,46892,3,10,87083,3,20,7296,3,10,-9990,0,0,0,E,8,0,E,8,22.8,E,8,7.3,E,8,37,E,8,994,E,8,280,E,8,2.1,E,8,-9990,0,0,-9990,0,0,1.551,E,8,0.082,E,8,0.20,E,8,0,-9990,0,0
08/01/2005,19:00,387,1325,251,3,10,710,3,20,44,3,10,27170,3,10,69518,3,20,6846,3,10,-9990,0,0,0,E,8,0,E,8,21.6,E,8,6.9,E,8,39,E,8,994,E,8,235,E,8,0.5,E,8,-9990,0,0,-9990,0,0,1.507,E,8,0.082,E,8,0.20,E,8,0,-9990,0,0
08/01/2005,20:00,167,1325,91,3,10,460,3,20,33,3,10,9477,3,10,34148,3,20,5180,3,10,-9990,0,0,0,E,8,0,E,8,20.1,E,8,7.5,E,8,44,E,8,994,E,8,277,E,8,0.4,E,8,-9990,0,0,-9990,0,0,1.565,E,8,0.082,E,8,0.20,E,8,0,-9990,0,0
08/01/2005,21:00,9,195,1,3,10,0,3,20,1,3,10,107,3,10,9,3,20,107,3,10,-9990,0,0,0,E,8,0,E,8,18.6,E,8,7.5,E,8,48,E,8,994,E,8,254,E,8,1.5,E,8,-9990,0,0,-9990,0,0,1.571,E,8,0.082,E,8,0.20,E,8,0,-9990,0,0
08/01/2005,22:00,0,0,0,3,0,0,3,0,0,3,0,0,3,0,0,3,0,0,3,0,-9990,0,0,0,E,8,0,E,8,16.6,E,8,8.5,E,8,59,E,8,993,E,8,235,E,8,1.7,E,8,-9990,0,0,-9990,0,0,1.684,E,8,0.082,E,8,0.20,E,8,0,-9990,0,0
08/01/2005,23:00,0,0,0,3,0,0,3,0,0,3,0,0,3,0,0,3,0,0,3,0,-9990,0,0,1,E,8,1,E,8,14.6,E,8,9.3,E,8,71,E,8,993,E,8,259,E,8,2.7,E,8,-9990,0,0,-9990,0,0,1.784,E,8,0.082,E,8,0.20,E,8,0,-9990,0,0
08/01/2005,24:00,0,0,0,3,0,0,3,0,0,3,0,0,3,0,0,3,0,0,3,0,-9990,0,0,1,E,8,1,E,8,12.6,E,8,9.1,E,8,79,E,8,993,E,8,268,E,8,0.5,E,8,-9990,0,0,-9990,0,0,1.753,E,8,0.082,E,8,0.20,E,8,0,-9990,0,0
08/02/2005,01:00,0,0,0,3,0,0,3,0,0,3,0,0,3,0,0,3,0,0,3,0,-9990,0,0,1,E,8,1,E,8,12.0,E,8,7.5,E,8,74,E,8,993,E,8,282,E,8,0.4,E,8,-9990,0,0,-9990,0,0,1.570,E,8,0.089,E,8,0.20,E,8,0,-9990,0,0
08/02/2005,02:00,0,0,0,3,0,0,3,0,0,3,0,0,3,0,0,3,0,0,3,0,-9990,0,0,1,E,8,1,E,8,11.2,E,8,7.9,E,8,80,E,8,993,E,8,321,E,8,0.7,E,8,-9990,0,0,-9990,0,0,1.618,E,8,0.089,E,8,0.20,E,8,0,-9990,0,0
08/02/2005,03:00,0,0,0,3,0,0,3,0,0,3,0,0,3,0,0,3,0,0,3,0,-9990,0,0,1,E,8,1,E,8,10.8,E,8,7.9,E,8,83,E,8,993,E,8,306,E,8,1.9,E,8,-9990,0,0,-9990,0,0,1.617,E,8,0.089,E,8,0.20,E,8,0,-9990,0,0
08/02/2005,04:00,0,0,0,3,0,0,3,0,0,3,0,0,3,0,0,3,0,0,3,0,-9990,0,0,1,E,8,1,E,8,10.4,E,8,7.7,E,8,84,E,8,993,E,8,303,E,8,3.0,E,8,-9990,0,0,-9990,0,0,1.591,E,8,0.089,E,8,0.20,E,8,0,-9990,0,0
08/02/2005,05:00,0,0,0,3,0,0,3,0,0,3,0,0,3,0,0,3,0,0,3,0,-9990,0,0,3,E,8,2,E,8,10.1,E,8,8.0,E,8,87,E,8,993,E,8,253,E,8,2.1,E,8,-9990,0,0,-9990,0,0,1.628,E,8,0.089,E,8,0.20,E,8,0,-9990,0,0
08/02/2005,06:00,30,356,3,3,10,0,3,20,3,3,10,428,3,10,10,3,20,427,3,10,-9990,0,0,3,E,8,2,E,8,10.1,E,8,8.1,E,8,88,E,8,993,E,8,303,E,8,2.5,E,8,-9990,0,0,-9990,0,0,1.639,E,8,0.089,E,8,0.20,E,8,0,-9990,0,0
08/02/2005,07:00,221,1325,103,3,10,279,3,20,57,3,10,10876,3,10,15868,3,20,8234,3,10,-9990,0,0,3,E,8,2,E,8,11.4,E,8,8.7,E,8,84,E,8,993,E,8,310,E,8,0.8,E,8,-9990,0,0,-9990,0,0,1.711,E,8,0.089,E,8,0.20,E,8,0,-9990,0,0
08/02/2005,08:00,442,1325,243,3,10,456,3,20,91,3,10,26393,3,10,38345,3,20,13614,3,10,-9990,0,0,3,E,8,2,E,8,13.2,E,8,8.5,E,8,73,E,8,993,E,8,279,E,8,1.7,E,8,-9990,0,0,-9990,0,0,1.686,E,8,0.089,E,8,0.20,E,8,0,-9990,0,0
08/02/2005,09:00,653,1325,401,3,10,556,3,20,127,3,10,42621,3,10,49638,3,20,18158,3,10,-9990,0,0,3,E,8,2,E,8,15.1,E,8,7.4,E,8,60,E,8,993,E,8,277,E,8,3.0,E,8,-9990,0,0,-9990,0,0,1.560,E,8,0.089,E,8,0.20,E,8,0,-9990,0,0
08/02/2005,10:00,841,1325,555,3,10,618,3,20,163,3,10,59587,3,10,58466,3,20,22500,3,10,-9990,0,0,3,E,8,2,E,8,17.2,E,8,8.8,E,8,58,E,8,993,E,8,266,E,8,1.9,E,8,-9990,0,0,-9990,0,0,1.721,E,8,0.089,E,8,0.20,E,8,0,-9990,0,0
08/02/2005,11:00,992,1325,676,3,10,633,3,20,203,3,10,72801,3,10,61409,3,20,26858,3,10,-9990,0,0,3,E,8,2,E,8,19.1,E,8,9.0,E,8,52,E,8,992,E,8,254,E,8,4.6,E,8,-9990,0,0,-9990,0,0,1.741,E,8,0.089,E,8,0.20,E,8,0,-9990,0,0
08/02/2005,12:00,1095,1325,762,3,10,634,3,20,238,3,10,82106,3,10,62343,3,20,30579,3,10,-9990,0,0,4,E,8,3,E,8,20.8,E,8,9.7,E,8,49,E,8,992,E,8,306,E,8,5.0,E,8,-9990,0,0,-9990,0,0,1.831,E,8,0.089,E,8,0.20,E,8,0,-9990,0,0
08/02/2005,13:00,1145,1325,806,3,10,639,3,20,253,3,10,86908,3,10,63480,3,20,32057,3,10,-9990,0,0,4,E,8,3,E,8,22.2,E,8,9.9,E,8,46,E,8,992,E,8,171,E,8,6.9,E,8,-9990,0,0,-9990,0,0,1.854,E,8,0.089,E,8,0.20,E,8,0,-9990,0,0
08/02/2005,14:00,1138,1325,813,3,10,684,3,20,226,3,10,88393,3,10,68811,3,20,29336,3,10,-9990,0,0,3,E,8,2,E,8,23.3,E,8,9.9,E,8,43,E,8,992,E,8,155,E,8,9.2,E,8,-9990,0,0,-9990,0,0,1.860,E,8,0.089,E,8,0.20,E,8,0,-9990,0,0
08/02/2005,15:00,1073,1325,768,3,10,715,3,20,189,3,10,84055,3,10,72208,3,20,25602,3,10,-9990,0,0,1,E,8,1,E,8,24.0,E,8,10.6,E,8,43,E,8,992,E,8,222,E,8,7.8,E,8,-9990,0,0,-9990,0,0,1.947,E,8,0.089,E,8,0.20,E,8,0,-9990,0,0
08/02/2005,16:00,956,1325,664,3,10,689,3,20,167,3,10,72396,3,10,68128,3,20,23269,3,10,-9990,0,0,0,E,8,0,E,8,24.3,E,8,10.9,E,8,43,E,8,992,E,8,255,E,8,13.9,E,8,-9990,0,0,-9990,0,0,1.994,E,8,0.089,E,8,0.20,E,8,0,-9990,0,0
08/02/2005,17:00,794,1325,541,3,10,708,3,20,117,3,10,59259,3,10,70008,3,20,17318,3,10,-9990,0,0,0,E,8,0,E,8,24.3,E,8,10.7,E,8,42,E,8,991,E,8,207,E,8,7.8,E,8,-9990,0,0,-9990,0,0,1.960,E,8,0.089,E,8,0.20,E,8,0,-9990,0,0
08/02/2005,18:00,599,1325,389,3,10,679,3,20,82,3,10,41543,3,10,64721,3,20,12303,3,10,-9990,0,0,0,E,8,0,E,8,23.7,E,8,10.7,E,8,44,E,8,991,E,8,267,E,8,4.3,E,8,-9990,0,0,-9990,0,0,1.963,E,8,0.089,E,8,0.20,E,8,0,-9990,0,0
08/02/2005,19:00,383,1325,232,3,10,599,3,20,59,3,10,24921,3,10,53848,3,20,9347,3,10,-9990,0,0,0,E,8,0,E,8,22.6,E,8,9.8,E,8,44,E,8,991,E,8,281,E,8,3.0,E,8,-9990,0,0,-9990,0,0,1.838,E,8,0.089,E,8,0.20,E,8,0,-9990,0,0
08/02/2005,20:00,162,1325,84,3,10,377,3,20,38,3,10,8781,3,10,23145,3,20,5947,3,10,-9990,0,0,1,E,8,1,E,8,21.2,E,8,10.7,E,8,51,E,8,991,E,8,259,E,8,1.7,E,8,-9990,0,0,-9990,0,0,1.965,E,8,0.089,E,8,0.20,E,8,0,-9990,0,0
08/02/2005,21:00,7,179,1,3,10,0,3,20,1,3,10,137,3,10,11,3,20,137,3,10,-9990,0,0,1,E,8,1,E,8,19.7,E,8,10.7,E,8,56,E,8,990,E,8,210,E,8,0.5,E,8,-9990,0,0,-9990,0,0,1.967,E,8,0.089,E,8,0.20,E,8,0,-9990,0,0
08/02/2005,22:00,0,0,0,3,0,0,3,0,0,3,0,0,3,0,0,3,0,0,3,0,-9990,0,0,3,E,8,2,E,8,18.3,E,8,11.7,E,8,65,E,8,990,E,8,285,E,8,1.7,E,8,-9990,0,0,-9990,0,0,2.111,E,8,0.089,E,8,0.20,E,8,0,-9990,0,0
08/02/2005,23:00,0,0,0,3,0,0,3,0,0,3,0,0,3,0,0,3,0,0,3,0,-9990,0,0,3,E,8,2,E,8,17.0,E,8,11.2,E,8,69,E,8,990,E,8,273,E,8,1.3,E,8,-9990,0,0,-9990,0,0,2.034,E,8,0.089,E,8,0.20,E,8,0,-9990,0,0
08/02/2005,24:00,0,0,0,3,0,0,3,0,0,3,0,0,3,0,0,3,0,0,3,0,-9990,0,0,4,E,8,3,E,8,15.7,E,8,11.5,E,8,76,E,8,990,E,8,273,E,8,1.5,E,8,-9990,0,0,-9990,0,0,2.075,E,8,0.089,E,8,0.20,E,8,0,-9990,0,0
08/03/2005,01:00,0,0,0,3,0,0,3,0,0,3,0,0,3,0,0,3,0,0,3,0,-9990,0,0,5,E,8,4,E,8,14.7,E,8,11.0,E,8,78,E,8,989,E,8,278,E,8,4.3,E,8,-9990,0,0,-9990,0,0,2.001,E,8,0.082,E,8,0.20,E,8,0,-9990,0,0
08/03/2005,02:00,0,0,0,3,0,0,3,0,0,3,0,0,3,0,0,3,0,0,3,0,-9990,0,0,5,E,8,5,E,8,13.8,E,8,10.9,E,8,83,E,8,989,E,8,306,E,8,3.8,E,8,-9990,0,0,-9990,0,0,1.995,E,8,0.082,E,8,0.20,E,8,0,-9990,0,0
08/03/2005,03:00,0,0,0,3,0,0,3,0,0,3,0,0,3,0,0,3,0,0,3,0,-9990,0,0,6,E,8,6,E,8,13.3,E,8,10.8,E,8,85,E,8,989,E,8,321,E,8,5.7,E,8,-9990,0,0,-9990,0,0,1.982,E,8,0.082,E,8,0.20,E,8,0,-9990,0,0
08/03/2005,04:00,0,0,0,3,0,0,3,0,0,3,0,0,3,0,0,3,0,0,3,0,-9990,0,0,6,E,8,6,E,8,12.8,E,8,10.8,E,8,88,E,8,989,E,8,303,E,8,1.7,E,8,-9990,0,0,-9990,0,0,1.977,E,8,0.082,E,8,0.20,E,8,0,-9990,0,0
08/03/2005,05:00,0,0,0,3,0,0,3,0,0,3,0,0,3,0,0,3,0,0,3,0,-9990,0,0,8,E,8,7,E,8,12.4,E,8,11.0,E,8,91,E,8,988,E,8,307,E,8,0.7,E,8,-9990,0,0,-9990,0,0,1.997,E,8,0.082,E,8,0.20,E,8,0,-9990,0,0
08/03/2005,06:00,28,342,1,3,10,0,3,20,1,3,10,150,3,10,7,3,20,149,3,10,-9990,0,0,9,E,8,8,E,8,12.4,E,8,11.2,E,8,92,E,8,988,E,8,301,E,8,0.8,E,8,-9990,0,0,-9990,0,0,2.030,E,8,0.082,E,8,0.20,E,8,0,-9990,0,0
08/03/2005,07:00,217,1326,57,3,10,4,3,20,57,3,10,6338,3,10,272,3,20,6293,3,10,-9990,0,0,9,E,8,8,E,8,13.0,E,8,11.6,E,8,92,E,8,988,E,8,294,E,8,0.4,E,8,-9990,0,0,-9990,0,0,2.095,E,8,0.082,E,8,0.20,E,8,0,-9990,0,0
08/03/2005,08:00,438,1326,149,3,10,58,3,20,130,3,10,16651,3,10,5082,3,20,14971,3,10,-9990,0,0,10,E,8,9,E,8,13.8,E,8,12.7,E,8,93,E,8,988,E,8,324,E,8,0.1,E,8,-9990,0,0,-9990,0,0,2.263,E,8,0.082,E,8,0.20,E,8,0,-9990,0,0
08/03/2005,09:00,650,1326,341,3,10,265,3,20,211,3,10,36701,3,10,22099,3,20,25868,3,10,-9990,0,0,8,E,8,6,E,8,15.4,E,8,10.7,E,8,74,E,8,987,E,8,330,E,8,0.0,E,8,-9990,0,0,-9990,0,0,1.964,E,8,0.082,E,8,0.20,E,8,0,-9990,0,0
08/03/2005,10:00,838,1326,318,3,10,72,3,20,273,3,10,35627,3,10,6796,3,20,31333,3,10,-9990,0,0,10,E,8,9,E,8,16.0,E,8,13.5,E,8,85,E,8,987,E,8,274,E,8,0.2,E,8,-9990,0,0,-9990,0,0,2.381,E,8,0.082,E,8,0.20,E,8,1,-9990,0,0
08/03/2005,11:00,989,1326,430,3,10,101,3,20,354,3,10,48146,3,10,10146,3,20,40579,3,10,-9990,0,0,10,E,8,9,E,8,17.1,E,8,13.9,E,8,81,E,8,987,E,8,282,E,8,0.4,E,8,-9990,0,0,-9990,0,0,2.448,E,8,0.082,E,8,0.20,E,8,0,-9990,0,0
08/03/2005,12:00,1093,1326,445,3,10,86,3,20,374,3,10,49780,3,10,8553,3,20,42730,3,10,-9990,0,0,10,E,8,9,E,8,17.9,E,8,10.8,E,8,63,E,8,987,E,8,271,E,8,0.5,E,8,-9990,0,0,-9990,0,0,1.975,E,8,0.082,E,8,0.20,E,8,0,-9990,0,0
08/03/2005,13:00,1143,1326,553,3,10,167,3,20,409,3,10,61497,3,10,16814,3,20,47005,3,10,-9990,0,0,9,E,8,8,E,8,18.7,E,8,9.7,E,8,56,E,8,986,E,8,254,E,8,0.4,E,8,-9990,0,0,-9990,0,0,1.826,E,8,0.082,E,8,0.20,E,8,0,-9990,0,0
08/03/2005,14:00,1135,1326,432,3,10,46,3,20,393,3,10,48350,3,10,4043,3,20,44889,3,10,-9990,0,0,10,E,8,9,E,8,19.0,E,8,10.4,E,8,57,E,8,986,E,8,272,E,8,0.2,E,8,-9990,0,0,-9990,0,0,1.921,E,8,0.082,E,8,0.20,E,8,0,-9990,0,0
08/03/2005,15:00,1070,1326,493,3,10,159,3,20,365,3,10,55012,3,10,15486,3,20,42513,3,10,-9990,0,0,9,E,8,8,E,8,19.4,E,8,11.6,E,8,61,E,8,986,E,8,256,E,8,0.6,E,8,-9990,0,0,-9990,0,0,2.097,E,8,0.082,E,8,0.20,E,8,0,-9990,0,0
08/03/2005,16:00,953,1326,177,3,10,7,3,20,172,3,10,21269,3,10,677,3,20,20782,3,10,-9990,0,0,10,E,8,9,E,8,18.8,E,8,11.6,E,8,63,E,8,986,E,8,266,E,8,0.5,E,8,-9990,0,0,-9990,0,0,2.084,E,8,0.082,E,8,0.20,E,8,0,-9990,0,0
08/03/2005,17:00,791,1326,69,3,10,0,3,20,69,3,10,8686,3,10,0,3,20,8686,3,10,-9990,0,0,10,E,8,9,E,8,18.0,E,8,10.7,E,8,63,E,8,986,E,8,224,E,8,0.6,E,8,-9990,0,0,-9990,0,0,1.968,E,8,0.082,E,8,0.20,E,8,0,-9990,0,0
08/03/2005,18:00,595,1326,182,3,10,31,3,20,168,3,10,20279,3,10,2136,3,20,19321,3,10,-9990,0,0,10,E,8,9,E,8,17.6,E,8,10.7,E,8,64,E,8,986,E,8,278,E,8,2.3,E,8,-9990,0,0,-9990,0,0,1.958,E,8,0.082,E,8,0.20,E,8,0,-9990,0,0
08/03/2005,19:00,379,1326,177,3,10,228,3,20,112,3,10,18974,3,10,16520,3,20,14250,3,10,-9990,0,0,8,E,8,6,E,8,17.2,E,8,10.5,E,8,65,E,8,986,E,8,274,E,8,3.4,E,8,-9990,0,0,-9990,0,0,1.935,E,8,0.082,E,8,0.20,E,8,0,-9990,0,0
08/03/2005,20:00,158,1326,93,3,10,316,3,20,55,3,10,9529,3,10,14853,3,20,7762,3,10,-9990,0,0,8,E,8,6,E,8,16.7,E,8,10.3,E,8,66,E,8,986,E,8,315,E,8,5.4,E,8,-9990,0,0,-9990,0,0,1.910,E,8,0.082,E,8,0.20,E,8,0,-9990,0,0
08/03/2005,21:00,6,163,2,3,10,0,3,20,2,3,10,228,3,10,15,3,20,228,3,10,-9990,0,0,8,E,8,6,E,8,16.0,E,8,9.8,E,8,67,E,8,986,E,8,308,E,8,2.7,E,8,-9990,0,0,-9990,0,0,1.844,E,8,0.082,E,8,0.20,E,8,0,-9990,0,0
08/03/2005,22:00,0,0,0,3,0,0,3,0,0,3,0,0,3,0,0,3,0,0,3,0,-9990,0,0,8,E,8,6,E,8,15.1,E,8,10.5,E,8,74,E,8,986,E,8,308,E,8,4.6,E,8,-9990,0,0,-9990,0,0,1.941,E,8,0.082,E,8,0.20,E,8,0,-9990,0,0
08/03/2005,23:00,0,0,0,3,0,0,3,0,0,3,0,0,3,0,0,3,0,0,3,0,-9990,0,0,9,E,8,8,E,8,14.3,E,8,9.7,E,8,74,E,8,986,E,8,334,E,8,2.7,E,8,-9990,0,0,-9990,0,0,1.833,E,8,0.082,E,8,0.20,E,8,0,-9990,0,0
08/03/2005,24:00,0,0,0,3,0,0,3,0,0,3,0,0,3,0,0,3,0,0,3,0,-9990,0,0,9,E,8,8,E,8,13.5,E,8,9.2,E,8,75,E,8,986,E,8,299,E,8,1.7,E,8,-9990,0,0,-9990,0,0,1.770,E,8,0.082,E,8,0.20,E,8,0,-9990,0,0
08/04/2005,01:00,0,0,0,3,0,0,3,0,0,3,0,0,3,0,0,3,0,0,3,0,-9990,0,0,9,E,8,8,E,8,13.0,E,8,10.3,E,8,84,E,8,985,E,8,300,E,8,1.9,E,8,-9990,0,0,-9990,0,0,1.905,E,8,0.084,E,8,0.20,E,8,0,-9990,0,0
08/04/2005,02:00,0,0,0,3,0,0,3,0,0,3,0,0,3,0,0,3,0,0,3,0,-9990,0,0,9,E,8,8,E,8,12.4,E,8,9.2,E,8,81,E,8,985,E,8,296,E,8,0.9,E,8,-9990,0,0,-9990,0,0,1.769,E,8,0.084,E,8,0.20,E,8,0,-9990,0,0
08/04/2005,03:00,0,0,0,3,0,0,3,0,0,3,0,0,3,0,0,3,0,0,3,0,-9990,0,0,9,E,8,8,E,8,12.1,E,8,8.7,E,8,80,E,8,985,E,8,311,E,8,0.8,E,8,-9990,0,0,-9990,0,0,1.710,E,8,0.084,E,8,0.20,E,8,0,-9990,0,0
08/04/2005,04:00,0,0,0,3,0,0,3,0,0,3,0,0,3,0,0,3,0,0,3,0,-9990,0,0,9,E,8,8,E,8,11.8,E,8,8.3,E,8,79,E,8,985,E,8,324,E,8,1.7,E,8,-9990,0,0,-9990,0,0,1.664,E,8,0.084,E,8,0.20,E,8,0,-9990,0,0
08/04/2005,05:00,0,0,0,3,0,0,3,0,0,3,0,0,3,0,0,3,0,0,3,0,-9990,0,0,10,E,8,9,E,8,10.9,E,8,9.6,E,8,91,E,8,985,E,8,314,E,8,0.3,E,8,-9990,0,0,-9990,0,0,1.814,E,8,0.084,E,8,0.20,E,8,3,-9990,0,0
08/04/2005,06:00,25,328,1,3,10,0,3,20,1,3,10,150,3,10,7,3,20,149,3,10,-9990,0,0,10,E,8,9,E,8,11.5,E,8,8.4,E,8,81,E,8,985,E,8,302,E,8,0.3,E,8,-9990,0,0,-9990,0,0,1.668,E,8,0.084,E,8,0.20,E,8,0,-9990,0,0
08/04/2005,07:00,213,1326,49,3,10,0,3,20,49,3,10,5518,3,10,0,3,20,5518,3,10,-9990,0,0,10,E,8,9,E,8,12.1,E,8,9.7,E,8,85,E,8,985,E,8,317,E,8,0.7,E,8,-9990,0,0,-9990,0,0,1.832,E,8,0.084,E,8,0.20,E,8,0,-9990,0,0
08/04/2005,08:00,434,1326,117,3,10,5,3,20,115,3,10,13155,3,10,423,3,20,13017,3,10,-9990,0,0,10,E,8,9,E,8,12.9,E,8,9.8,E,8,81,E,8,985,E,8,327,E,8,0.8,E,8,-9990,0,0,-9990,0,0,1.836,E,8,0.084,E,8,0.20,E,8,0,-9990,0,0
08/04/2005,09:00,647,1326,205,3,10,19,3,20,196,3,10,23107,3,10,1867,3,20,22197,3,10,-9990,0,0,10,E,8,9,E,8,13.8,E,8,10.7,E,8,81,E,8,985,E,8,298,E,8,1.7,E,8,-9990,0,0,-9990,0,0,1.959,E,8,0.084,E,8,0.20,E,8,0,-9990,0,0
08/04/2005,10:00,835,1326,265,3,10,19,3,20,253,3,10,30337,3,10,1969,3,20,29097,3,10,-9990,0,0,10,E,8,9,E,8,14.7,E,8,11.5,E,8,81,E,8,985,E,8,295,E,8,0.9,E,8,-9990,0,0,-9990,0,0,2.079,E,8,0.084,E,8,0.20,E,8,0,-9990,0,0
08/04/2005,11:00,986,1326,295,3,10,14,3,20,284,3,10,34257,3,10,1398,3,20,33217,3,10,-9990,0,0,10,E,8,9,E,8,15.4,E,8,8.5,E,8,63,E,8,985,E,8,338,E,8,1.1,E,8,-9990,0,0,-9990,0,0,1.679,E,8,0.084,E,8,0.20,E,8,0,-9990,0,0
08/04/2005,12:00,1090,1326,342,3,10,23,3,20,323,3,10,39911,3,10,2380,3,20,37955,3,10,-9990,0,0,10,E,8,9,E,8,16.0,E,8,11.8,E,8,76,E,8,985,E,8,335,E,8,1.5,E,8,-9990,0,0,-9990,0,0,2.120,E,8,0.084,E,8,0.20,E,8,0,-9990,0,0
08/04/2005,13:00,1140,1326,341,3,10,16,3,20,327,3,10,39951,3,10,1551,3,20,38618,3,10,-9990,0,0,10,E,8,9,E,8,16.5,E,8,13.3,E,8,81,E,8,985,E,8,343,E,8,1.1,E,8,-9990,0,0,-9990,0,0,2.353,E,8,0.084,E,8,0.20,E,8,0,-9990,0,0
08/04/2005,14:00,1132,1326,353,3,10,22,3,20,334,3,10,41268,3,10,2292,3,20,39312,3,10,-9990,0,0,10,E,8,9,E,8,16.7,E,8,14.2,E,8,85,E,8,985,E,8,280,E,8,0.9,E,8,-9990,0,0,-9990,0,0,2.513,E,8,0.084,E,8,0.20,E,8,1,-9990,0,0
08/04/2005,15:00,1067,1326,333,3,10,23,3,20,315,3,10,38804,3,10,2343,3,20,36918,3,10,-9990,0,0,10,E,8,9,E,8,17.2,E,8,11.2,E,8,68,E,8,985,E,8,284,E,8,0.3,E,8,-9990,0,0,-9990,0,0,2.030,E,8,0.084,E,8,0.20,E,8,0,-9990,0,0
08/04/2005,16:00,949,1326,270,3,10,13,3,20,261,3,10,31485,3,10,1332,3,20,30531,3,10,-9990,0,0,10,E,8,9,E,8,17.3,E,8,7.9,E,8,54,E,8,985,E,8,285,E,8,0.3,E,8,-9990,0,0,-9990,0,0,1.607,E,8,0.084,E,8,0.20,E,8,0,-9990,0,0
08/04/2005,17:00,787,1326,223,3,10,13,3,20,215,3,10,25678,3,10,1263,3,20,24928,3,10,-9990,0,0,10,E,8,9,E,8,17.2,E,8,6.0,E,8,48,E,8,985,E,8,255,E,8,0.2,E,8,-9990,0,0,-9990,0,0,1.414,E,8,0.084,E,8,0.20,E,8,0,-9990,0,0
08/04/2005,18:00,591,1326,158,3,10,7,3,20,154,3,10,17966,3,10,617,3,20,17691,3,10,-9990,0,0,10,E,8,9,E,8,16.9,E,8,6.3,E,8,50,E,8,985,E,8,281,E,8,0.3,E,8,-9990,0,0,-9990,0,0,1.441,E,8,0.084,E,8,0.20,E,8,0,-9990,0,0
08/04/2005,19:00,375,1326,97,3,10,3,3,20,97,3,10,10940,3,10,147,3,20,10899,3,10,-9990,0,0,10,E,8,9,E,8,16.4,E,8,6.6,E,8,52,E,8,985,E,8,212,E,8,1.3,E,8,-9990,0,0,-9990,0,0,1.467,E,8,0.084,E,8,0.20,E,8,0,-9990,0,0
08/04/2005,20:00,153,1326,34,3,10,0,3,20,34,3,10,3879,3,10,0,3,20,3879,3,10,-9990,0,0,10,E,8,9,E,8,15.6,E,8,9.8,E,8,68,E,8,985,E,8,268,E,8,0.8,E,8,-9990,0,0,-9990,0,0,1.840,E,8,0.084,E,8,0.20,E,8,1,-9990,0,0
08/04/2005,21:00,5,147,0,3,10,0,3,20,0,3,10,38,3,10,6,3,20,38,3,10,-9990,0,0,9,E,8,8,E,8,15.1,E,8,11.9,E,8,81,E,8,986,E,8,286,E,8,0.8,E,8,-9990,0,0,-9990,0,0,2.137,E,8,0.084,E,8,0.20,E,8,0,-9990,0,0
08/04/2005,22:00,0,0,0,3,0,0,3,0,0,3,0,0,3,0,0,3,0,0,3,0,-9990,0,0,9,E,8,8,E,8,14.5,E,8,11.3,E,8,81,E,8,986,E,8,226,E,8,1.3,E,8,-9990,0,0,-9990,0,0,2.048,E,8,0.084,E,8,0.20,E,8,0,-9990,0,0
08/04/2005,23:00,0,0,0,3,0,0,3,0,0,3,0,0,3,0,0,3,0,0,3,0,-9990,0,0,9,E,8,8,E,8,13.9,E,8,10.7,E,8,81,E,8,986,E,8,191,E,8,0.8,E,8,-9990,0,0,-9990,0,0,1.963,E,8,0.084,E,8,0.20,E,8,0,-9990,0,0
08/04/2005,24:00,0,0,0,3,0,0,3,0,0,3,0,0,3,0,0,3,0,0,3,0,-9990,0,0,9,E,8,8,E,8,13.2,E,8,10.1,E,8,81,E,8,986,E,8,223,E,8,0.3,E,8,-9990,0,0,-9990,0,0,1.881,E,8,0.084,E,8,0.20,E,8,0,-9990,0,0
08/05/2005,01:00,0,0,0,3,0,0,3,0,0,3,0,0,3,0,0,3,0,0,3,0,-9990,0,0,8,E,8,7,E,8,12.9,E,8,9.8,E,8,81,E,8,986,E,8,84,E,8,0.0,E,8,-9990,0,0,-9990,0,0,1.839,E,8,0.087,E,8,0.20,E,8,0,-9990,0,0
08/05/2005,02:00,0,0,0,3,0,0,3,0,0,3,0,0,3,0,0,3,0,0,3,0,-9990,0,0,8,E,8,7,E,8,12.6,E,8,9.5,E,8,81,E,8,986,E,8,112,E,8,0.0,E,8,-9990,0,0,-9990,0,0,1.799,E,8,0.087,E,8,0.20,E,8,0,-9990,0,0
08/05/2005,03:00,0,0,0,3,0,0,3,0,0,3,0,0,3,0,0,3,0,0,3,0,-9990,0,0,8,E,8,7,E,8,12.4,E,8,9.3,E,8,81,E,8,986,E,8,198,E,8,0.4,E,8,-9990,0,0,-9990,0,0,1.780,E,8,0.087,E,8,0.20,E,8,0,-9990,0,0
08/05/2005,04:00,0,0,0,3,0,0,3,0,0,3,0,0,3,0,0,3,0,0,3,0,-9990,0,0,8,E,8,7,E,8,12.3,E,8,9.2,E,8,81,E,8,986,E,8,134,E,8,0.2,E,8,-9990,0,0,-9990,0,0,1.761,E,8,0.087,E,8,0.20,E,8,0,-9990,0,0
08/05/2005,05:00,0,0,0,3,0,0,3,0,0,3,0,0,3,0,0,3,0,0,3,0,-9990,0,0,6,E,8,6,E,8,12.2,E,8,9.1,E,8,81,E,8,987,E,8,268,E,8,0.3,E,8,-9990,0,0,-9990,0,0,1.749,E,8,0.087,E,8,0.20,E,8,0,-9990,0,0
08/05/2005,06:00,23,314,1,3,10,0,3,20,1,3,10,130,3,10,7,3,20,129,3,10,-9990,0,0,6,E,8,6,E,8,12.2,E,8,9.7,E,8,85,E,8,987,E,8,264,E,8,1.3,E,8,-9990,0,0,-9990,0,0,1.829,E,8,0.087,E,8,0.20,E,8,0,-9990,0,0
08/05/2005,07:00,208,1326,114,3,10,363,3,20,57,3,10,12002,3,10,23801,3,20,8261,3,10,-9990,0,0,6,E,8,5,E,8,13.9,E,8,9.6,E,8,75,E,8,987,E,8,331,E,8,0.7,E,8,-9990,0,0,-9990,0,0,1.814,E,8,0.087,E,8,0.20,E,8,0,-9990,0,0
08/05/2005,08:00,431,1326,234,3,10,353,3,20,120,3,10,24768,3,10,23237,3,20,17225,3,10,-9990,0,0,6,E,8,5,E,8,15.6,E,8,9.9,E,8,69,E,8,987,E,8,312,E,8,2.3,E,8,-9990,0,0,-9990,0,0,1.857,E,8,0.087,E,8,0.20,E,8,0,-9990,0,0
08/05/2005,09:00,643,1326,180,3,10,17,3,20,172,3,10,20527,3,10,1764,3,20,19671,3,10,-9990,0,0,10,E,8,9,E,8,16.1,E,8,10.6,E,8,70,E,8,987,E,8,308,E,8,1.3,E,8,-9990,0,0,-9990,0,0,1.948,E,8,0.087,E,8,0.20,E,8,0,-9990,0,0
08/05/2005,10:00,832,1326,121,3,10,0,3,20,121,3,10,14678,3,10,0,3,20,14678,3,10,-9990,0,0,10,E,8,9,E,8,16.0,E,8,10.1,E,8,68,E,8,987,E,8,298,E,8,1.9,E,8,-9990,0,0,-9990,0,0,1.883,E,8,0.087,E,8,0.20,E,8,0,-9990,0,0
08/05/2005,11:00,983,1326,62,3,10,0,3,20,62,3,10,8059,3,10,0,3,20,8059,3,10,-9990,0,0,10,E,8,9,E,8,15.7,E,8,8.8,E,8,64,E,8,987,E,8,342,E,8,1.5,E,8,-9990,0,0,-9990,0,0,1.721,E,8,0.087,E,8,0.20,E,8,0,-9990,0,0
08/05/2005,12:00,1087,1326,260,3,10,17,3,20,246,3,10,31085,3,10,1834,3,20,29582,3,10,-9990,0,0,10,E,8,9,E,8,16.3,E,8,8.4,E,8,59,E,8,987,E,8,302,E,8,0.4,E,8,-9990,0,0,-9990,0,0,1.671,E,8,0.087,E,8,0.20,E,8,0,-9990,0,0
08/05/2005,13:00,1137,1326,445,3,10,51,3,20,401,3,10,49655,3,10,4639,3,20,45679,3,10,-9990,0,0,10,E,8,9,E,8,17.4,E,8,8.5,E,8,56,E,8,987,E,8,302,E,8,1.9,E,8,-9990,0,0,-9990,0,0,1.678,E,8,0.087,E,8,0.20,E,8,0,-9990,0,0
08/05/2005,14:00,1129,1326,520,3,10,138,3,20,402,3,10,57771,3,10,13639,3,20,46161,3,10,-9990,0,0,9,E,8,8,E,8,18.6,E,8,9.0,E,8,54,E,8,988,E,8,299,E,8,2.3,E,8,-9990,0,0,-9990,0,0,1.741,E,8,0.087,E,8,0.20,E,8,0,-9990,0,0
08/05/2005,15:00,1064,1326,640,3,10,353,3,20,357,3,10,70311,3,10,35734,3,20,41647,3,10,-9990,0,0,8,E,8,6,E,8,19.8,E,8,9.3,E,8,51,E,8,988,E,8,329,E,8,1.0,E,8,-9990,0,0,-9990,0,0,1.779,E,8,0.087,E,8,0.20,E,8,0,-9990,0,0
08/05/2005,16:00,946,1326,717,3,10,769,3,20,168,3,10,77859,3,10,76634,3,20,23204,3,10,-9990,0,0,0,E,8,0,E,8,21.0,E,8,8.7,E,8,45,E,8,988,E,8,314,E,8,0.1,E,8,-9990,0,0,-9990,0,0,1.704,E,8,0.087,E,8,0.20,E,8,0,-9990,0,0
08/05/2005,17:00,783,1326,655,3,10,793,3,20,187,3,10,69188,3,10,74857,3,20,24981,3,10,-9990,0,0,1,E,8,1,E,8,21.9,E,8,8.5,E,8,42,E,8,988,E,8,311,E,8,0.1,E,8,-9990,0,0,-9990,0,0,1.686,E,8,0.087,E,8,0.20,E,8,0,-9990,0,0
08/05/2005,18:00,587,1326,297,3,10,250,3,20,187,3,10,31972,3,10,20637,3,20,22839,3,10,-9990,0,0,8,E,8,6,E,8,21.8,E,8,8.5,E,8,42,E,8,988,E,8,300,E,8,0.2,E,8,-9990,0,0,-9990,0,0,1.682,E,8,0.087,E,8,0.20,E,8,0,-9990,0,0
08/05/2005,19:00,370,1326,122,3,10,60,3,20,105,3,10,13554,3,10,5284,3,20,12079,3,10,-9990,0,0,10,E,8,9,E,8,21.1,E,8,9.8,E,8,48,E,8,988,E,8,323,E,8,0.3,E,8,-9990,0,0,-9990,0,0,1.837,E,8,0.087,E,8,0.20,E,8,0,-9990,0,0
08/05/2005,20:00,148,1326,21,3,10,0,3,20,21,3,10,2450,3,10,0,3,20,2450,3,10,-9990,0,0,10,E,8,9,E,8,20.1,E,8,13.0,E,8,64,E,8,988,E,8,324,E,8,0.4,E,8,-9990,0,0,-9990,0,0,2.311,E,8,0.087,E,8,0.20,E,8,0,-9990,0,0
08/05/2005,21:00,4,131,0,3,10,0,3,20,0,3,10,31,3,10,6,3,20,31,3,10,-9990,0,0,10,E,8,9,E,8,19.2,E,8,15.9,E,8,81,E,8,988,E,8,311,E,8,3.4,E,8,-9990,0,0,-9990,0,0,2.822,E,8,0.087,E,8,0.20,E,8,0,-9990,0,0
08/05/2005,22:00,0,0,0,3,0,0,3,0,0,3,0,0,3,0,0,3,0,0,3,0,-9990,0,0,10,E,8,9,E,8,18.1,E,8,14.8,E,8,81,E,8,988,E,8,291,E,8,1.5,E,8,-9990,0,0,-9990,0,0,2.622,E,8,0.087,E,8,0.20,E,8,0,-9990,0,0
08/05/2005,23:00,0,0,0,3,0,0,3,0,0,3,0,0,3,0,0,3,0,0,3,0,-9990,0,0,10,E,8,9,E,8,16.9,E,8,13.6,E,8,81,E,8,988,E,8,268,E,8,0.6,E,8,-9990,0,0,-9990,0,0,2.406,E,8,0.087,E,8,0.20,E,8,1,-9990,0,0
08/05/2005,24:00,0,0,0,3,0,0,3,0,0,3,0,0,3,0,0,3,0,0,3,0,-9990,0,0,9,E,8,8,E,8,16.0,E,8,13.5,E,8,85,E,8,988,E,8,351,E,8,1.1,E,8,-9990,0,0,-9990,0,0,2.386,E,8,0.087,E,8,0.20,E,8,0,-9990,0,0
08/06/2005,01:00,0,0,0,3,0,0,3,0,0,3,0,0,3,0,0,3,0,0,3,0,-9990,0,0,9,E,8,8,E,8,14.9,E,8,12.4,E,8,85,E,8,988,E,8,314,E,8,1.1,E,8,-9990,0,0,-9990,0,0,2.209,E,8,0.089,E,8,0.20,E,8,0,-9990,0,0
08/06/2005,02:00,0,0,0,3,0,0,3,0,0,3,0,0,3,0,0,3,0,0,3,0,-9990,0,0,9,E,8,8,E,8,13.6,E,8,11.6,E,8,87,E,8,988,E,8,316,E,8,1.3,E,8,-9990,0,0,-9990,0,0,2.085,E,8,0.089,E,8,0.20,E,8,0,-9990,0,0
08/06/2005,03:00,0,0,0,3,0,0,3,0,0,3,0,0,3,0,0,3,0,0,3,0,-9990,0,0,9,E,8,8,E,8,13.0,E,8,10.6,E,8,86,E,8,988,E,8,299,E,8,0.6,E,8,-9990,0,0,-9990,0,0,1.954,E,8,0.089,E,8,0.20,E,8,0,-9990,0,0
08/06/2005,04:00,0,0,0,3,0,0,3,0,0,3,0,0,3,0,0,3,0,0,3,0,-9990,0,0,9,E,8,8,E,8,12.3,E,8,9.9,E,8,85,E,8,988,E,8,264,E,8,0.7,E,8,-9990,0,0,-9990,0,0,1.854,E,8,0.089,E,8,0.20,E,8,0,-9990,0,0
08/06/2005,05:00,0,0,0,3,0,0,3,0,0,3,0,0,3,0,0,3,0,0,3,0,-9990,0,0,9,E,8,8,E,8,11.8,E,8,10.0,E,8,88,E,8,988,E,8,261,E,8,1.5,E,8,-9990,0,0,-9990,0,0,1.862,E,8,0.089,E,8,0.20,E,8,0,-9990,0,0
08/06/2005,06:00,21,300,1,3,10,0,3,20,1,3,10,120,3,10,7,3,20,119,3,10,-9990,0,0,9,E,8,8,E,8,11.7,E,8,9.7,E,8,87,E,8,988,E,8,262,E,8,0.6,E,8,-9990,0,0,-9990,0,0,1.828,E,8,0.089,E,8,0.20,E,8,0,-9990,0,0
08/06/2005,07:00,204,1327,67,3,10,52,3,20,59,3,10,7423,3,10,1390,3,20,7209,3,10,-9990,0,0,9,E,8,8,E,8,12.5,E,8,10.2,E,8,86,E,8,989,E,8,223,E,8,1.0,E,8,-9990,0,0,-9990,0,0,1.890,E,8,0.089,E,8,0.20,E,8,0,-9990,0,0
08/06/2005,08:00,427,1327,189,3,10,150,3,20,141,3,10,20757,3,10,12301,3,20,16799,3,10,-9990,0,0,9,E,8,8,E,8,13.7,E,8,10.6,E,8,81,E,8,989,E,8,56,E,8,0.9,E,8,-9990,0,0,-9990,0,0,1.942,E,8,0.089,E,8,0.20,E,8,0,-9990,0,0
08/06/2005,09:00,640,1327,327,3,10,300,3,20,183,3,10,35614,3,10,27119,3,20,22538,3,10,-9990,0,0,6,E,8,5,E,8,15.2,E,8,8.7,E,8,65,E,8,989,E,8,82,E,8,0.3,E,8,-9990,0,0,-9990,0,0,1.711,E,8,0.089,E,8,0.20,E,8,0,-9990,0,0
08/06/2005,10:00,828,1327,462,3,10,336,3,20,252,3,10,50459,3,10,32440,3,20,30205,3,10,-9990,0,0,6,E,8,5,E,8,16.7,E,8,7.9,E,8,56,E,8,989,E,8,346,E,8,0.1,E,8,-9990,0,0,-9990,0,0,1.617,E,8,0.089,E,8,0.20,E,8,0,-9990,0,0
08/06/2005,11:00,980,1327,555,3,10,325,3,20,315,3,10,60870,3,10,32447,3,20,36903,3,10,-9990,0,0,8,E,8,6,E,8,18.1,E,8,7.9,E,8,51,E,8,989,E,8,59,E,8,0.6,E,8,-9990,0,0,-9990,0,0,1.607,E,8,0.089,E,8,0.20,E,8,0,-9990,0,0
08/06/2005,12:00,1084,1327,563,3,10,223,3,20,380,3,10,62535,3,10,23113,3,20,43646,3,10,-9990,0,0,9,E,8,8,E,8,19.1,E,8,8.1,E,8,49,E,8,989,E,8,66,E,8,0.1,E,8,-9990,0,0,-9990,0,0,1.641,E,8,0.089,E,8,0.20,E,8,0,-9990,0,0
08/06/2005,13:00,1134,1327,596,3,10,227,3,20,402,3,10,66330,3,10,23648,3,20,46116,3,10,-9990,0,0,9,E,8,8,E,8,19.9,E,8,8.4,E,8,47,E,8,989,E,8,134,E,8,0.1,E,8,-9990,0,0,-9990,0,0,1.675,E,8,0.089,E,8,0.20,E,8,0,-9990,0,0
08/06/2005,14:00,1126,1327,559,3,10,183,3,20,405,3,10,62150,3,10,18688,3,20,46289,3,10,-9990,0,0,9,E,8,8,E,8,20.4,E,8,8.2,E,8,45,E,8,989,E,8,217,E,8,0.0,E,8,-9990,0,0,-9990,0,0,1.647,E,8,0.089,E,8,0.20,E,8,0,-9990,0,0
08/06/2005,15:00,1061,1327,513,3,10,172,3,20,375,3,10,56929,3,10,17205,3,20,43174,3,10,-9990,0,0,9,E,8,8,E,8,20.7,E,8,8.8,E,8,46,E,8,989,E,8,270,E,8,0.1,E,8,-9990,0,0,-9990,0,0,1.722,E,8,0.089,E,8,0.20,E,8,0,-9990,0,0
08/06/2005,16:00,943,1327,482,3,10,205,3,20,336,3,10,53367,3,10,20407,3,20,38870,3,10,-9990,0,0,9,E,8,8,E,8,20.8,E,8,8.9,E,8,46,E,8,989,E,8,290,E,8,0.1,E,8,-9990,0,0,-9990,0,0,1.728,E,8,0.089,E,8,0.20,E,8,0,-9990,0,0
08/06/2005,17:00,780,1327,393,3,10,195,3,20,278,3,10,43263,3,10,18542,3,20,32368,3,10,-9990,0,0,9,E,8,8,E,8,20.7,E,8,9.0,E,8,47,E,8,989,E,8,287,E,8,0.2,E,8,-9990,0,0,-9990,0,0,1.740,E,8,0.089,E,8,0.20,E,8,0,-9990,0,0
08/06/2005,18:00,583,1327,267,3,10,136,3,20,207,3,10,29295,3,10,11320,3,20,24323,3,10,-9990,0,0,9,E,8,8,E,8,20.2,E,8,9.0,E,8,48,E,8,989,E,8,296,E,8,0.2,E,8,-9990,0,0,-9990,0,0,1.740,E,8,0.089,E,8,0.20,E,8,0,-9990,0,0
08/06/2005,19:00,366,1327,150,3,10,105,3,20,121,3,10,16469,3,10,7348,3,20,14443,3,10,-9990,0,0,9,E,8,8,E,8,19.4,E,8,9.0,E,8,51,E,8,990,E,8,358,E,8,0.0,E,8,-9990,0,0,-9990,0,0,1.744,E,8,0.089,E,8,0.20,E,8,0,-9990,0,0
08/06/2005,20:00,143,1327,47,3,10,68,3,20,40,3,10,5258,3,10,3322,3,20,4900,3,10,-9990,0,0,9,E,8,8,E,8,18.3,E,8,8.7,E,8,53,E,8,990,E,8,283,E,8,0.1,E,8,-9990,0,0,-9990,0,0,1.702,E,8,0.089,E,8,0.20,E,8,0,-9990,0,0
08/06/2005,21:00,3,114,0,3,10,0,3,20,0,3,10,26,3,10,6,3,20,26,3,10,-9990,0,0,8,E,8,6,E,8,17.3,E,8,8.9,E,8,58,E,8,990,E,8,275,E,8,0.2,E,8,-9990,0,0,-9990,0,0,1.724,E,8,0.089,E,8,0.20,E,8,0,-9990,0,0
08/06/2005,22:00,0,0,0,3,0,0,3,0,0,3,0,0,3,0,0,3,0,0,3,0,-9990,0,0,8,E,8,6,E,8,15.9,E,8,9.2,E,8,64,E,8,990,E,8,294,E,8,0.1,E,8,-9990,0,0,-9990,0,0,1.768,E,8,0.089,E,8,0.20,E,8,0,-9990,0,0
08/06/2005,23:00,0,0,0,3,0,0,3,0,0,3,0,0,3,0,0,3,0,0,3,0,-9990,0,0,6,E,8,5,E,8,14.5,E,8,10.0,E,8,74,E,8,990,E,8,290,E,8,1.3,E,8,-9990,0,0,-9990,0,0,1.862,E,8,0.089,E,8,0.20,E,8,0,-9990,0,0
08/06/2005,24:00,0,0,0,3,0,0,3,0,0,3,0,0,3,0,0,3,0,0,3,0,-9990,0,0,6,E,8,6,E,8,13.2,E,8,9.9,E,8,80,E,8,990,E,8,277,E,8,2.7,E,8,-9990,0,0,-9990,0,0,1.850,E,8,0.089,E,8,0.20,E,8,0,-9990,0,0
08/07/2005,01:00,0,0,0,3,0,0,3,0,0,3,0,0,3,0,0,3,0,0,3,0,-9990,0,0,5,E,8,5,E,8,12.4,E,8,9.9,E,8,85,E,8,990,E,8,259,E,8,2.5,E,8,-9990,0,0,-9990,0,0,1.852,E,8,0.098,E,8,0.20,E,8,0,-9990,0,0
08/07/2005,02:00,0,0,0,3,0,0,3,0,0,3,0,0,3,0,0,3,0,0,3,0,-9990,0,0,4,E,8,3,E,8,11.4,E,8,9.2,E,8,86,E,8,990,E,8,299,E,8,2.5,E,8,-9990,0,0,-9990,0,0,1.773,E,8,0.098,E,8,0.20,E,8,0,-9990,0,0
08/07/2005,03:00,0,0,0,3,0,0,3,0,0,3,0,0,3,0,0,3,0,0,3,0,-9990,0,0,4,E,8,3,E,8,10.9,E,8,9.8,E,8,93,E,8,990,E,8,265,E,8,0.6,E,8,-9990,0,0,-9990,0,0,1.843,E,8,0.098,E,8,0.20,E,8,0,-9990,0,0
08/07/2005,04:00,0,0,0,3,0,0,3,0,0,3,0,0,3,0,0,3,0,0,3,0,-9990,0,0,3,E,8,2,E,8,10.3,E,8,9.3,E,8,93,E,8,991,E,8,220,E,8,1.3,E,8,-9990,0,0,-9990,0,0,1.782,E,8,0.098,E,8,0.20,E,8,0,-9990,0,0
08/07/2005,05:00,0,0,0,3,0,0,3,0,0,3,0,0,3,0,0,3,0,0,3,0,-9990,0,0,3,E,8,2,E,8,9.9,E,8,9.8,E,8,99,E,8,991,E,8,269,E,8,3.4,E,8,-9990,0,0,-9990,0,0,1.841,E,8,0.098,E,8,0.20,E,8,0,-9990,0,0
08/07/2005,06:00,19,285,2,3,10,0,3,20,2,3,10,215,3,10,10,3,20,214,3,10,-9990,0,0,1,E,8,1,E,8,9.8,E,8,9.8,E,8,100,E,8,991,E,8,264,E,8,0.9,E,8,-9990,0,0,-9990,0,0,1.843,E,8,0.098,E,8,0.20,E,8,0,-9990,0,0
08/07/2005,07:00,200,1327,86,3,10,269,3,20,45,3,10,9314,3,10,15909,3,20,6915,3,10,-9990,0,0,1,E,8,1,E,8,10.7,E,8,10.7,E,8,100,E,8,991,E,8,138,E,8,3.4,E,8,-9990,0,0,-9990,0,0,1.960,E,8,0.098,E,8,0.20,E,8,0,-9990,0,0
08/07/2005,08:00,423,1327,244,3,10,543,3,20,71,3,10,26266,3,10,47528,3,20,11117,3,10,-9990,0,0,0,E,8,0,E,8,12.2,E,8,11.6,E,8,96,E,8,991,E,8,63,E,8,4.1,E,8,-9990,0,0,-9990,0,0,2.091,E,8,0.098,E,8,0.20,E,8,0,-9990,0,0
08/07/2005,09:00,636,1327,409,3,10,639,3,20,102,3,10,44465,3,10,60404,3,20,15508,3,10,-9990,0,0,0,E,8,0,E,8,13.8,E,8,12.3,E,8,91,E,8,991,E,8,82,E,8,1.9,E,8,-9990,0,0,-9990,0,0,2.201,E,8,0.098,E,8,0.20,E,8,0,-9990,0,0
08/07/2005,10:00,825,1327,538,3,10,617,3,20,154,3,10,58186,3,10,58637,3,20,21728,3,10,-9990,0,0,0,E,8,0,E,8,15.4,E,8,11.1,E,8,75,E,8,991,E,8,78,E,8,2.3,E,8,-9990,0,0,-9990,0,0,2.015,E,8,0.098,E,8,0.20,E,8,0,-9990,0,0
08/07/2005,11:00,977,1327,643,3,10,561,3,20,230,3,10,70948,3,10,50142,3,20,34034,3,10,-9990,0,0,4,E,8,3,E,8,16.8,E,8,10.9,E,8,68,E,8,991,E,8,357,E,8,4.6,E,8,-9990,0,0,-9990,0,0,1.987,E,8,0.098,E,8,0.20,E,8,0,-9990,0,0
08/07/2005,12:00,1082,1327,710,3,10,563,3,20,251,3,10,76336,3,10,54499,3,20,31928,3,10,-9990,0,0,4,E,8,3,E,8,18.0,E,8,10.8,E,8,63,E,8,991,E,8,21,E,8,1.3,E,8,-9990,0,0,-9990,0,0,1.978,E,8,0.098,E,8,0.20,E,8,0,-9990,0,0
08/07/2005,13:00,1131,1327,764,3,10,588,3,20,262,3,10,82246,3,10,57804,3,20,32976,3,10,-9990,0,0,4,E,8,3,E,8,19.1,E,8,10.1,E,8,56,E,8,991,E,8,46,E,8,0.6,E,8,-9990,0,0,-9990,0,0,1.885,E,8,0.098,E,8,0.20,E,8,0,-9990,0,0
08/07/2005,14:00,1123,1327,749,3,10,571,3,20,266,3,10,80532,3,10,55774,3,20,33335,3,10,-9990,0,0,4,E,8,3,E,8,19.8,E,8,10.5,E,8,55,E,8,991,E,8,29,E,8,0.7,E,8,-9990,0,0,-9990,0,0,1.931,E,8,0.098,E,8,0.20,E,8,0,-9990,0,0
08/07/2005,15:00,1058,1327,702,3,10,591,3,20,231,3,10,75590,3,10,57458,3,20,29805,3,10,-9990,0,0,4,E,8,3,E,8,20.2,E,8,9.4,E,8,50,E,8,991,E,8,341,E,8,1.9,E,8,-9990,0,0,-9990,0,0,1.791,E,8,0.098,E,8,0.20,E,8,0,-9990,0,0
08/07/2005,16:00,939,1327,603,3,10,535,3,20,225,3,10,66308,3,10,47070,3,20,33004,3,10,-9990,0,0,4,E,8,3,E,8,20.3,E,8,9.8,E,8,51,E,8,991,E,8,16,E,8,0.7,E,8,-9990,0,0,-9990,0,0,1.846,E,8,0.098,E,8,0.20,E,8,0,-9990,0,0
08/07/2005,17:00,776,1327,485,3,10,538,3,20,171,3,10,53423,3,10,47658,3,20,25570,3,10,-9990,0,0,4,E,8,3,E,8,20.1,E,8,10.6,E,8,54,E,8,991,E,8,24,E,8,2.5,E,8,-9990,0,0,-9990,0,0,1.953,E,8,0.098,E,8,0.20,E,8,0,-9990,0,0
08/07/2005,18:00,579,1327,333,3,10,474,3,20,127,3,10,36461,3,10,39869,3,20,19081,3,10,-9990,0,0,3,E,8,2,E,8,19.5,E,8,10.9,E,8,57,E,8,990,E,8,345,E,8,1.5,E,8,-9990,0,0,-9990,0,0,1.985,E,8,0.098,E,8,0.20,E,8,0,-9990,0,0
08/07/2005,19:00,361,1327,193,3,10,455,3,20,69,3,10,20567,3,10,36124,3,20,10737,3,10,-9990,0,0,0,E,8,0,E,8,18.4,E,8,11.9,E,8,66,E,8,990,E,8,336,E,8,1.1,E,8,-9990,0,0,-9990,0,0,2.137,E,8,0.098,E,8,0.20,E,8,0,-9990,0,0
08/07/2005,20:00,138,1327,64,3,10,235,3,20,40,3,10,6859,3,10,8454,3,20,5978,3,10,-9990,0,0,1,E,8,1,E,8,17.2,E,8,12.0,E,8,71,E,8,990,E,8,348,E,8,0.9,E,8,-9990,0,0,-9990,0,0,2.148,E,8,0.098,E,8,0.20,E,8,0,-9990,0,0
08/07/2005,21:00,2,96,0,3,10,0,3,20,0,3,10,26,3,10,7,3,20,26,3,10,-9990,0,0,1,E,8,1,E,8,15.9,E,8,11.4,E,8,75,E,8,990,E,8,341,E,8,1.1,E,8,-9990,0,0,-9990,0,0,2.067,E,8,0.098,E,8,0.20,E,8,0,-9990,0,0
08/07/2005,22:00,0,0,0,3,0,0,3,0,0,3,0,0,3,0,0,3,0,0,3,0,-9990,0,0,3,E,8,2,E,8,14.9,E,8,12.8,E,8,87,E,8,990,E,8,342,E,8,1.0,E,8,-9990,0,0,-9990,0,0,2.266,E,8,0.098,E,8,0.20,E,8,0,-9990,0,0
08/07/2005,23:00,0,0,0,3,0,0,3,0,0,3,0,0,3,0,0,3,0,0,3,0,-9990,0,0,3,E,8,2,E,8,14.0,E,8,12.7,E,8,92,E,8,989,E,8,340,E,8,5.0,E,8,-9990,0,0,-9990,0,0,2.252,E,8,0.098,E,8,0.20,E,8,0,-9990,0,0
08/07/2005,24:00,0,0,0,3,0,0,3,0,0,3,0,0,3,0,0,3,0,0,3,0,-9990,0,0,4,E,8,3,E,8,13.0,E,8,12.6,E,8,98,E,8,989,E,8,348,E,8,5.7,E,8,-9990,0,0,-9990,0,0,2.243,E,8,0.098,E,8,0.20,E,8,0,-9990,0,0
08/08/2005,01:00,0,0,0,3,0,0,3,0,0,3,0,0,3,0,0,3,0,0,3,0,-9990,0,0,5,E,8,5,E,8,12.9,E,8,12.3,E,8,96,E,8,989,E,8,344,E,8,6.5,E,8,-9990,0,0,-9990,0,0,2.199,E,8,0.087,E,8,0.20,E,8,0,-9990,0,0
08/08/2005,02:00,0,0,0,3,0,0,3,0,0,3,0,0,3,0,0,3,0,0,3,0,-9990,0,0,5,E,8,5,E,8,12.8,E,8,12.2,E,8,96,E,8,989,E,8,344,E,8,3.4,E,8,-9990,0,0,-9990,0,0,2.183,E,8,0.087,E,8,0.20,E,8,0,-9990,0,0
08/08/2005,03:00,0,0,0,3,0,0,3,0,0,3,0,0,3,0,0,3,0,0,3,0,-9990,0,0,6,E,8,6,E,8,12.7,E,8,12.6,E,8,99,E,8,988,E,8,336,E,8,1.7,E,8,-9990,0,0,-9990,0,0,2.245,E,8,0.087,E,8,0.20,E,8,0,-9990,0,0
08/08/2005,04:00,0,0,0,3,0,0,3,0,0,3,0,0,3,0,0,3,0,0,3,0,-9990,0,0,6,E,8,6,E,8,12.7,E,8,12.7,E,8,100,E,8,988,E,8,20,E,8,2.3,E,8,-9990,0,0,-9990,0,0,2.254,E,8,0.087,E,8,0.20,E,8,0,-9990,0,0
08/08/2005,05:00,0,0,0,3,0,0,3,0,0,3,0,0,3,0,0,3,0,0,3,0,-9990,0,0,8,E,8,7,E,8,12.6,E,8,12.6,E,8,100,E,8,988,E,8,347,E,8,0.5,E,8,-9990,0,0,-9990,0,0,2.247,E,8,0.087,E,8,0.20,E,8,0,-9990,0,0
08/08/2005,06:00,17,271,3,3,10,0,3,20,3,3,10,341,3,10,13,3,20,340,3,10,-9990,0,0,9,E,8,8,E,8,12.7,E,8,12.7,E,8,100,E,8,988,E,8,11,E,8,0.6,E,8,-9990,0,0,-9990,0,0,2.258,E,8,0.087,E,8,0.20,E,8,0,-9990,0,0
08/08/2005,07:00,196,1328,43,3,10,0,3,20,43,3,10,4895,3,10,0,3,20,4895,3,10,-9990,0,0,9,E,8,8,E,8,13.3,E,8,13.3,E,8,100,E,8,988,E,8,69,E,8,0.9,E,8,-9990,0,0,-9990,0,0,2.361,E,8,0.087,E,8,0.20,E,8,0,-9990,0,0
08/08/2005,08:00,419,1328,149,3,10,73,3,20,126,3,10,16605,3,10,6652,3,20,14505,3,10,-9990,0,0,10,E,8,9,E,8,14.6,E,8,14.1,E,8,96,E,8,987,E,8,15,E,8,0.3,E,8,-9990,0,0,-9990,0,0,2.483,E,8,0.087,E,8,0.20,E,8,0,-9990,0,0
08/08/2005,09:00,633,1328,203,3,10,20,3,20,193,3,10,22831,3,10,1967,3,20,21893,3,10,-9990,0,0,10,E,8,9,E,8,15.7,E,8,15.6,E,8,99,E,8,987,E,8,348,E,8,3.8,E,8,-9990,0,0,-9990,0,0,2.768,E,8,0.087,E,8,0.20,E,8,0,-9990,0,0
08/08/2005,10:00,822,1328,238,3,10,13,3,20,230,3,10,27328,3,10,1286,3,20,26531,3,10,-9990,0,0,10,E,8,9,E,8,16.3,E,8,15.6,E,8,96,E,8,987,E,8,100,E,8,5.0,E,8,-9990,0,0,-9990,0,0,2.773,E,8,0.087,E,8,0.20,E,8,2,-9990,0,0
08/08/2005,11:00,974,1328,216,3,10,8,3,20,210,3,10,25602,3,10,782,3,20,25029,3,10,-9990,0,0,10,E,8,9,E,8,17.1,E,8,14.2,E,8,83,E,8,987,E,8,260,E,8,5.0,E,8,-9990,0,0,-9990,0,0,2.503,E,8,0.087,E,8,0.20,E,8,0,-9990,0,0
08/08/2005,12:00,1079,1328,414,3,10,49,3,20,374,3,10,46477,3,10,4363,3,20,42933,3,10,-9990,0,0,10,E,8,9,E,8,18.3,E,8,13.3,E,8,73,E,8,987,E,8,259,E,8,1.5,E,8,-9990,0,0,-9990,0,0,2.350,E,8,0.087,E,8,0.20,E,8,0,-9990,0,0
08/08/2005,13:00,1128,1328,397,3,10,28,3,20,373,3,10,44588,3,10,1977,3,20,42907,3,10,-9990,0,0,10,E,8,9,E,8,19.1,E,8,13.2,E,8,68,E,8,986,E,8,251,E,8,3.0,E,8,-9990,0,0,-9990,0,0,2.331,E,8,0.087,E,8,0.20,E,8,0,-9990,0,0
08/08/2005,14:00,1120,1328,393,3,10,28,3,20,369,3,10,44079,3,10,1945,3,20,42437,3,10,-9990,0,0,10,E,8,9,E,8,19.8,E,8,13.0,E,8,65,E,8,986,E,8,279,E,8,6.5,E,8,-9990,0,0,-9990,0,0,2.302,E,8,0.087,E,8,0.20,E,8,0,-9990,0,0
08/08/2005,15:00,1054,1328,316,3,10,19,3,20,300,3,10,36793,3,10,1967,3,20,35231,3,10,-9990,0,0,10,E,8,9,E,8,19.9,E,8,16.2,E,8,79,E,8,986,E,8,281,E,8,4.6,E,8,-9990,0,0,-9990,0,0,2.890,E,8,0.087,E,8,0.20,E,8,0,-9990,0,0
08/08/2005,16:00,935,1328,399,3,10,107,3,20,323,3,10,44663,3,10,10728,3,20,37104,3,10,-9990,0,0,10,E,8,9,E,8,20.5,E,8,13.1,E,8,62,E,8,986,E,8,265,E,8,6.1,E,8,-9990,0,0,-9990,0,0,2.320,E,8,0.087,E,8,0.20,E,8,0,-9990,0,0
08/08/2005,17:00,772,1328,425,3,10,318,3,20,240,3,10,46461,3,10,28907,3,20,29659,3,10,-9990,0,0,8,E,8,6,E,8,20.9,E,8,12.4,E,8,58,E,8,986,E,8,277,E,8,5.7,E,8,-9990,0,0,-9990,0,0,2.207,E,8,0.087,E,8,0.20,E,8,0,-9990,0,0
08/08/2005,18:00,574,1328,342,3,10,464,3,20,141,3,10,37014,3,10,37195,3,20,20929,3,10,-9990,0,0,4,E,8,3,E,8,21.1,E,8,11.6,E,8,55,E,8,986,E,8,243,E,8,5.7,E,8,-9990,0,0,-9990,0,0,2.096,E,8,0.087,E,8,0.20,E,8,0,-9990,0,0
08/08/2005,19:00,356,1328,160,3,10,201,3,20,106,3,10,17162,3,10,13457,3,20,13550,3,10,-9990,0,0,8,E,8,6,E,8,20.7,E,8,11.2,E,8,55,E,8,986,E,8,309,E,8,3.8,E,8,-9990,0,0,-9990,0,0,2.037,E,8,0.087,E,8,0.20,E,8,0,-9990,0,0
08/08/2005,20:00,133,1328,78,3,10,303,3,20,48,3,10,8162,3,10,12406,3,20,6918,3,10,-9990,0,0,8,E,8,6,E,8,20.0,E,8,11.0,E,8,56,E,8,986,E,8,252,E,8,3.0,E,8,-9990,0,0,-9990,0,0,2.005,E,8,0.087,E,8,0.20,E,8,0,-9990,0,0
08/08/2005,21:00,1,79,0,3,10,0,3,20,0,3,10,65,3,10,17,3,20,65,3,10,-9990,0,0,8,E,8,6,E,8,19.1,E,8,10.6,E,8,58,E,8,986,E,8,302,E,8,3.4,E,8,-9990,0,0,-9990,0,0,1.949,E,8,0.087,E,8,0.20,E,8,0,-9990,0,0
08/08/2005,22:00,0,0,0,3,0,0,3,0,0,3,0,0,3,0,0,3,0,0,3,0,-9990,0,0,8,E,8,6,E,8,18.3,E,8,10.8,E,8,62,E,8,986,E,8,306,E,8,1.9,E,8,-9990,0,0,-9990,0,0,1.978,E,8,0.087,E,8,0.20,E,8,0,-9990,0,0
08/08/2005,23:00,0,0,0,3,0,0,3,0,0,3,0,0,3,0,0,3,0,0,3,0,-9990,0,0,8,E,8,6,E,8,17.5,E,8,10.7,E,8,65,E,8,985,E,8,282,E,8,2.7,E,8,-9990,0,0,-9990,0,0,1.969,E,8,0.087,E,8,0.20,E,8,0,-9990,0,0
08/08/2005,24:00,0,0,0,3,0,0,3,0,0,3,0,0,3,0,0,3,0,0,3,0,-9990,0,0,8,E,8,6,E,8,16.7,E,8,10.9,E,8,69,E,8,985,E,8,249,E,8,2.5,E,8,-9990,0,0,-9990,0,0,1.989,E,8,0.087,E,8,0.20,E,8,0,-9990,0,0
08/09/2005,01:00,0,0,0,3,0,0,3,0,0,3,0,0,3,0,0,3,0,0,3,0,-9990,0,0,9,E,8,8,E,8,15.9,E,8,11.9,E,8,77,E,8,985,E,8,264,E,8,5.0,E,8,-9990,0,0,-9990,0,0,2.127,E,8,0.095,E,8,0.20,E,8,0,-9990,0,0
08/09/2005,02:00,0,0,0,3,0,0,3,0,0,3,0,0,3,0,0,3,0,0,3,0,-9990,0,0,9,E,8,8,E,8,15.1,E,8,11.5,E,8,79,E,8,985,E,8,276,E,8,6.1,E,8,-9990,0,0,-9990,0,0,2.076,E,8,0.095,E,8,0.20,E,8,0,-9990,0,0
08/09/2005,03:00,0,0,0,3,0,0,3,0,0,3,0,0,3,0,0,3,0,0,3,0,-9990,0,0,9,E,8,8,E,8,14.7,E,8,11.2,E,8,79,E,8,985,E,8,287,E,8,6.9,E,8,-9990,0,0,-9990,0,0,2.034,E,8,0.095,E,8,0.20,E,8,0,-9990,0,0
08/09/2005,04:00,0,0,0,3,0,0,3,0,0,3,0,0,3,0,0,3,0,0,3,0,-9990,0,0,9,E,8,8,E,8,14.3,E,8,11.1,E,8,81,E,8,985,E,8,248,E,8,9.2,E,8,-9990,0,0,-9990,0,0,2.013,E,8,0.095,E,8,0.20,E,8,0,-9990,0,0
08/09/2005,05:00,0,0,0,3,0,0,3,0,0,3,0,0,3,0,0,3,0,0,3,0,-9990,0,0,9,E,8,8,E,8,14.1,E,8,10.3,E,8,78,E,8,985,E,8,213,E,8,7.3,E,8,-9990,0,0,-9990,0,0,1.907,E,8,0.095,E,8,0.20,E,8,0,-9990,0,0
08/09/2005,06:00,16,256,1,3,10,0,3,20,1,3,10,94,3,10,7,3,20,93,3,10,-9990,0,0,9,E,8,8,E,8,14.1,E,8,10.1,E,8,77,E,8,985,E,8,237,E,8,2.5,E,8,-9990,0,0,-9990,0,0,1.880,E,8,0.095,E,8,0.20,E,8,0,-9990,0,0
08/09/2005,07:00,192,1328,41,3,10,0,3,20,41,3,10,4695,3,10,0,3,20,4695,3,10,-9990,0,0,9,E,8,8,E,8,14.4,E,8,9.3,E,8,71,E,8,985,E,8,301,E,8,1.9,E,8,-9990,0,0,-9990,0,0,1.779,E,8,0.095,E,8,0.20,E,8,0,-9990,0,0
08/09/2005,08:00,415,1328,162,3,10,114,3,20,127,3,10,17962,3,10,8726,3,20,15233,3,10,-9990,0,0,9,E,8,8,E,8,15.2,E,8,10.3,E,8,72,E,8,985,E,8,282,E,8,3.0,E,8,-9990,0,0,-9990,0,0,1.906,E,8,0.095,E,8,0.20,E,8,0,-9990,0,0
08/09/2005,09:00,629,1328,254,3,10,83,3,20,215,3,10,28347,3,10,7871,3,20,24618,3,10,-9990,0,0,10,E,8,9,E,8,16.0,E,8,12.7,E,8,81,E,8,985,E,8,285,E,8,2.7,E,8,-9990,0,0,-9990,0,0,2.264,E,8,0.095,E,8,0.20,E,8,0,-9990,0,0
08/09/2005,10:00,819,1328,298,3,10,49,3,20,267,3,10,33322,3,10,4229,3,20,30714,3,10,-9990,0,0,10,E,8,9,E,8,16.5,E,8,13.3,E,8,81,E,8,984,E,8,233,E,8,2.1,E,8,-9990,0,0,-9990,0,0,2.347,E,8,0.095,E,8,0.20,E,8,1,-9990,0,0
08/09/2005,11:00,971,1328,571,3,10,325,3,20,333,3,10,62495,3,10,31519,3,20,39452,3,10,-9990,0,0,8,E,8,6,E,8,17.9,E,8,10.5,E,8,62,E,8,984,E,8,182,E,8,1.3,E,8,-9990,0,0,-9990,0,0,1.930,E,8,0.095,E,8,0.20,E,8,0,-9990,0,0
08/09/2005,12:00,1076,1328,479,3,10,127,3,20,377,3,10,53375,3,10,12100,3,20,43576,3,10,-9990,0,0,9,E,8,8,E,8,18.6,E,8,10.2,E,8,58,E,8,984,E,8,217,E,8,2.5,E,8,-9990,0,0,-9990,0,0,1.896,E,8,0.095,E,8,0.20,E,8,0,-9990,0,0
08/09/2005,13:00,1125,1328,486,3,10,117,3,20,387,3,10,54389,3,10,10767,3,20,45267,3,10,-9990,0,0,10,E,8,9,E,8,19.0,E,8,13.6,E,8,71,E,8,984,E,8,240,E,8,4.1,E,8,-9990,0,0,-9990,0,0,2.401,E,8,0.095,E,8,0.20,E,8,0,-9990,0,0
08/09/2005,14:00,1117,1328,117,3,10,0,3,20,117,3,10,14834,3,10,0,3,20,14834,3,10,-9990,0,0,10,E,8,9,E,8,18.5,E,8,11.2,E,8,63,E,8,984,E,8,250,E,8,5.7,E,8,-9990,0,0,-9990,0,0,2.037,E,8,0.095,E,8,0.20,E,8,0,-9990,0,0
08/09/2005,15:00,1051,1328,69,3,10,0,3,20,69,3,10,9017,3,10,0,3,20,9017,3,10,-9990,0,0,10,E,8,9,E,8,17.8,E,8,14.3,E,8,80,E,8,985,E,8,295,E,8,1.9,E,8,-9990,0,0,-9990,0,0,2.531,E,8,0.095,E,8,0.20,E,8,0,-9990,0,0
08/09/2005,16:00,932,1328,60,3,10,0,3,20,60,3,10,7801,3,10,0,3,20,7801,3,10,-9990,0,0,10,E,8,9,E,8,17.3,E,8,14.0,E,8,81,E,8,985,E,8,311,E,8,0.8,E,8,-9990,0,0,-9990,0,0,2.479,E,8,0.095,E,8,0.20,E,8,0,-9990,0,0
08/09/2005,17:00,768,1328,48,3,10,0,3,20,48,3,10,6166,3,10,0,3,20,6166,3,10,-9990,0,0,10,E,8,9,E,8,16.9,E,8,12.0,E,8,73,E,8,985,E,8,272,E,8,1.3,E,8,-9990,0,0,-9990,0,0,2.149,E,8,0.095,E,8,0.20,E,8,0,-9990,0,0
08/09/2005,18:00,570,1328,73,3,10,0,3,20,73,3,10,8739,3,10,0,3,20,8739,3,10,-9990,0,0,10,E,8,9,E,8,15.8,E,8,13.7,E,8,88,E,8,985,E,8,264,E,8,0.3,E,8,-9990,0,0,-9990,0,0,2.421,E,8,0.095,E,8,0.20,E,8,4,-9990,0,0
08/09/2005,19:00,351,1328,53,3,10,0,3,20,53,3,10,6222,3,10,0,3,20,6222,3,10,-9990,0,0,10,E,8,9,E,8,15.9,E,8,13.9,E,8,88,E,8,985,E,8,253,E,8,0.2,E,8,-9990,0,0,-9990,0,0,2.458,E,8,0.095,E,8,0.20,E,8,2,-9990,0,0
08/09/2005,20:00,128,1328,19,3,10,0,3,20,19,3,10,2217,3,10,0,3,20,2217,3,10,-9990,0,0,10,E,8,9,E,8,15.7,E,8,14.2,E,8,91,E,8,985,E,8,255,E,8,0.9,E,8,-9990,0,0,-9990,0,0,2.504,E,8,0.095,E,8,0.20,E,8,1,-9990,0,0
08/09/2005,21:00,1,61,0,3,10,0,3,20,0,3,10,7,3,10,4,3,20,7,3,10,-9990,0,0,9,E,8,8,E,8,15.5,E,8,14.1,E,8,92,E,8,986,E,8,184,E,8,0.6,E,8,-9990,0,0,-9990,0,0,2.493,E,8,0.095,E,8,0.20,E,8,0,-9990,0,0
08/09/2005,22:00,0,0,0,3,0,0,3,0,0,3,0,0,3,0,0,3,0,0,3,0,-9990,0,0,9,E,8,8,E,8,15.1,E,8,14.3,E,8,95,E,8,986,E,8,132,E,8,0.2,E,8,-9990,0,0,-9990,0,0,2.521,E,8,0.095,E,8,0.20,E,8,0,-9990,0,0
08/09/2005,23:00,0,0,0,3,0,0,3,0,0,3,0,0,3,0,0,3,0,0,3,0,-9990,0,0,9,E,8,8,E,8,14.6,E,8,14.1,E,8,96,E,8,986,E,8,70,E,8,0.0,E,8,-9990,0,0,-9990,0,0,2.485,E,8,0.095,E,8,0.20,E,8,0,-9990,0,0
08/09/2005,24:00,0,0,0,3,0,0,3,0,0,3,0,0,3,0,0,3,0,0,3,0,-9990,0,0,9,E,8,8,E,8,14.2,E,8,13.5,E,8,95,E,8,986,E,8,82,E,8,0.1,E,8,-9990,0,0,-9990,0,0,2.380,E,8,0.095,E,8,0.20,E,8,0,-9990,0,0
08/10/2005,01:00,0,0,0,3,0,0,3,0,0,3,0,0,3,0,0,3,0,0,3,0,-9990,0,0,8,E,8,7,E,8,13.9,E,8,12.5,E,8,91,E,8,986,E,8,107,E,8,0.0,E,8,-9990,0,0,-9990,0,0,2.219,E,8,0.089,E,8,0.20,E,8,0,-9990,0,0
08/10/2005,02:00,0,0,0,3,0,0,3,0,0,3,0,0,3,0,0,3,0,0,3,0,-9990,0,0,8,E,8,7,E,8,13.4,E,8,12.3,E,8,93,E,8,986,E,8,2,E,8,0.1,E,8,-9990,0,0,-9990,0,0,2.193,E,8,0.089,E,8,0.20,E,8,0,-9990,0,0
08/10/2005,03:00,0,0,0,3,0,0,3,0,0,3,0,0,3,0,0,3,0,0,3,0,-9990,0,0,8,E,8,7,E,8,13.2,E,8,12.5,E,8,96,E,8,987,E,8,26,E,8,0.2,E,8,-9990,0,0,-9990,0,0,2.229,E,8,0.089,E,8,0.20,E,8,0,-9990,0,0
08/10/2005,04:00,0,0,0,3,0,0,3,0,0,3,0,0,3,0,0,3,0,0,3,0,-9990,0,0,6,E,8,6,E,8,13.0,E,8,12.4,E,8,96,E,8,987,E,8,82,E,8,0.7,E,8,-9990,0,0,-9990,0,0,2.214,E,8,0.089,E,8,0.20,E,8,0,-9990,0,0
08/10/2005,05:00,0,0,0,3,0,0,3,0,0,3,0,0,3,0,0,3,0,0,3,0,-9990,0,0,6,E,8,6,E,8,12.8,E,8,12.1,E,8,96,E,8,987,E,8,3,E,8,2.5,E,8,-9990,0,0,-9990,0,0,2.169,E,8,0.089,E,8,0.20,E,8,0,-9990,0,0
08/10/2005,06:00,14,241,1,3,10,0,3,20,1,3,10,192,3,10,11,3,20,192,3,10,-9990,0,0,6,E,8,6,E,8,12.8,E,8,12.2,E,8,96,E,8,987,E,8,67,E,8,2.7,E,8,-9990,0,0,-9990,0,0,2.184,E,8,0.089,E,8,0.20,E,8,0,-9990,0,0
08/10/2005,07:00,187,1329,60,3,10,77,3,20,50,3,10,6777,3,10,4238,3,20,6180,3,10,-9990,0,0,6,E,8,6,E,8,13.6,E,8,12.5,E,8,93,E,8,987,E,8,98,E,8,1.3,E,8,-9990,0,0,-9990,0,0,2.231,E,8,0.089,E,8,0.20,E,8,0,-9990,0,0
08/10/2005,08:00,411,1329,208,3,10,329,3,20,106,3,10,22336,3,10,21234,3,20,15760,3,10,-9990,0,0,5,E,8,5,E,8,15.4,E,8,12.2,E,8,81,E,8,987,E,8,199,E,8,3.0,E,8,-9990,0,0,-9990,0,0,2.173,E,8,0.089,E,8,0.20,E,8,0,-9990,0,0
08/10/2005,09:00,626,1329,378,3,10,470,3,20,157,3,10,41041,3,10,37625,3,20,23323,3,10,-9990,0,0,5,E,8,4,E,8,17.5,E,8,12.6,E,8,73,E,8,988,E,8,95,E,8,0.9,E,8,-9990,0,0,-9990,0,0,2.236,E,8,0.089,E,8,0.20,E,8,0,-9990,0,0
08/10/2005,10:00,815,1329,379,3,10,178,3,20,270,3,10,42096,3,10,16886,3,20,31731,3,10,-9990,0,0,9,E,8,8,E,8,18.8,E,8,10.9,E,8,60,E,8,988,E,8,133,E,8,3.0,E,8,-9990,0,0,-9990,0,0,1.984,E,8,0.089,E,8,0.20,E,8,0,-9990,0,0
08/10/2005,11:00,968,1329,271,3,10,25,3,20,253,3,10,30383,3,10,1587,3,20,29227,3,10,-9990,0,0,10,E,8,9,E,8,19.1,E,8,11.3,E,8,60,E,8,988,E,8,257,E,8,0.5,E,8,-9990,0,0,-9990,0,0,2.041,E,8,0.089,E,8,0.20,E,8,0,-9990,0,0
08/10/2005,12:00,1072,1329,519,3,10,194,3,20,363,3,10,58070,3,10,19448,3,20,42371,3,10,-9990,0,0,9,E,8,8,E,8,20.3,E,8,11.9,E,8,58,E,8,988,E,8,255,E,8,0.5,E,8,-9990,0,0,-9990,0,0,2.132,E,8,0.089,E,8,0.20,E,8,0,-9990,0,0
08/10/2005,13:00,1122,1329,267,3,10,17,3,20,252,3,10,31878,3,10,1881,3,20,30289,3,10,-9990,0,0,10,E,8,9,E,8,20.3,E,8,15.2,E,8,72,E,8,988,E,8,260,E,8,0.8,E,8,-9990,0,0,-9990,0,0,2.683,E,8,0.089,E,8,0.20,E,8,0,-9990,0,0
08/10/2005,14:00,1114,1329,409,3,10,41,3,20,375,3,10,45915,3,10,3392,3,20,43072,3,10,-9990,0,0,10,E,8,9,E,8,20.8,E,8,12.3,E,8,58,E,8,988,E,8,249,E,8,0.8,E,8,-9990,0,0,-9990,0,0,2.194,E,8,0.089,E,8,0.20,E,8,0,-9990,0,0
08/10/2005,15:00,1047,1329,393,3,10,40,3,20,361,3,10,44032,3,10,3329,3,20,41408,3,10,-9990,0,0,10,E,8,9,E,8,21.1,E,8,12.1,E,8,57,E,8,988,E,8,275,E,8,2.3,E,8,-9990,0,0,-9990,0,0,2.168,E,8,0.089,E,8,0.20,E,8,0,-9990,0,0
08/10/2005,16:00,928,1329,433,3,10,163,3,20,319,3,10,48113,3,10,15488,3,20,37296,3,10,-9990,0,0,9,E,8,8,E,8,21.4,E,8,11.3,E,8,53,E,8,988,E,8,251,E,8,1.5,E,8,-9990,0,0,-9990,0,0,2.052,E,8,0.089,E,8,0.20,E,8,0,-9990,0,0
08/10/2005,17:00,763,1329,548,3,10,662,3,20,167,3,10,58630,3,10,61664,3,20,23197,3,10,-9990,0,0,3,E,8,2,E,8,22.0,E,8,11.6,E,8,52,E,8,988,E,8,226,E,8,2.1,E,8,-9990,0,0,-9990,0,0,2.084,E,8,0.089,E,8,0.20,E,8,0,-9990,0,0
08/10/2005,18:00,565,1329,440,3,10,834,3,20,85,3,10,46895,3,10,80314,3,20,12735,3,10,-9990,0,0,0,E,8,0,E,8,22.2,E,8,11.5,E,8,51,E,8,989,E,8,200,E,8,2.5,E,8,-9990,0,0,-9990,0,0,2.074,E,8,0.089,E,8,0.20,E,8,0,-9990,0,0
08/10/2005,19:00,346,1329,239,3,10,723,3,20,51,3,10,25590,3,10,67180,3,20,8074,3,10,-9990,0,0,0,E,8,0,E,8,21.8,E,8,12.1,E,8,54,E,8,989,E,8,213,E,8,6.1,E,8,-9990,0,0,-9990,0,0,2.170,E,8,0.089,E,8,0.20,E,8,0,-9990,0,0
08/10/2005,20:00,122,1329,70,3,10,446,3,20,29,3,10,7256,3,10,26958,3,20,4773,3,10,-9990,0,0,0,E,8,0,E,8,20.8,E,8,12.1,E,8,57,E,8,989,E,8,257,E,8,5.4,E,8,-9990,0,0,-9990,0,0,2.165,E,8,0.089,E,8,0.20,E,8,0,-9990,0,0
08/10/2005,21:00,0,0,0,3,10,0,3,20,0,3,10,0,3,10,0,3,20,0,3,10,-9990,0,0,0,E,8,0,E,8,19.8,E,8,14.0,E,8,69,E,8,989,E,8,144,E,8,5.0,E,8,-9990,0,0,-9990,0,0,2.470,E,8,0.089,E,8,0.20,E,8,0,-9990,0,0
08/10/2005,22:00,0,0,0,3,0,0,3,0,0,3,0,0,3,0,0,3,0,0,3,0,-9990,0,0,0,E,8,0,E,8,18.9,E,8,14.0,E,8,73,E,8,989,E,8,52,E,8,3.4,E,8,-9990,0,0,-9990,0,0,2.477,E,8,0.089,E,8,0.20,E,8,0,-9990,0,0
08/10/2005,23:00,0,0,0,3,0,0,3,0,0,3,0,0,3,0,0,3,0,0,3,0,-9990,0,0,0,E,8,0,E,8,17.9,E,8,14.5,E,8,80,E,8,989,E,8,194,E,8,2.7,E,8,-9990,0,0,-9990,0,0,2.557,E,8,0.089,E,8,0.20,E,8,0,-9990,0,0
08/10/2005,24:00,0,0,0,3,0,0,3,0,0,3,0,0,3,0,0,3,0,0,3,0,-9990,0,0,0,E,8,0,E,8,17.0,E,8,14.3,E,8,84,E,8,989,E,8,270,E,8,3.0,E,8,-9990,0,0,-9990,0,0,2.529,E,8,0.089,E,8,0.20,E,8,0,-9990,0,0
08/11/2005,01:00,0,0,0,3,0,0,3,0,0,3,0,0,3,0,0,3,0,0,3,0,-9990,0,0,0,E,8,0,E,8,16.4,E,8,14.3,E,8,87,E,8,989,E,8,250,E,8,5.0,E,8,-9990,0,0,-9990,0,0,2.518,E,8,0.096,E,8,0.20,E,8,0,-9990,0,0
08/11/2005,02:00,0,0,0,3,0,0,3,0,0,3,0,0,3,0,0,3,0,0,3,0,-9990,0,0,0,E,8,0,E,8,15.7,E,8,14.1,E,8,90,E,8,989,E,8,255,E,8,3.4,E,8,-9990,0,0,-9990,0,0,2.492,E,8,0.096,E,8,0.20,E,8,0,-9990,0,0
08/11/2005,03:00,0,0,0,3,0,0,3,0,0,3,0,0,3,0,0,3,0,0,3,0,-9990,0,0,0,E,8,0,E,8,15.3,E,8,14.2,E,8,93,E,8,989,E,8,221,E,8,4.6,E,8,-9990,0,0,-9990,0,0,2.499,E,8,0.096,E,8,0.20,E,8,0,-9990,0,0
08/11/2005,04:00,0,0,0,3,0,0,3,0,0,3,0,0,3,0,0,3,0,0,3,0,-9990,0,0,0,E,8,0,E,8,14.9,E,8,14.0,E,8,94,E,8,989,E,8,268,E,8,5.4,E,8,-9990,0,0,-9990,0,0,2.471,E,8,0.096,E,8,0.20,E,8,0,-9990,0,0
08/11/2005,05:00,0,0,0,3,0,0,3,0,0,3,0,0,3,0,0,3,0,0,3,0,-9990,0,0,0,E,8,0,E,8,14.7,E,8,14.0,E,8,96,E,8,989,E,8,283,E,8,9.9,E,8,-9990,0,0,-9990,0,0,2.472,E,8,0.096,E,8,0.20,E,8,0,-9990,0,0
08/11/2005,06:00,12,227,0,3,10,0,3,20,0,3,10,72,3,10,7,3,20,72,3,10,-9990,0,0,0,E,8,0,E,8,14.6,E,8,14.6,E,8,100,E,8,989,E,8,249,E,8,3.4,E,8,-9990,0,0,-9990,0,0,2.572,E,8,0.096,E,8,0.20,E,8,0,-9990,0,0
08/11/2005,07:00,183,1329,97,3,10,445,3,20,36,3,10,10440,3,10,32785,3,20,5926,3,10,-9990,0,0,0,E,8,0,E,8,15.8,E,8,14.8,E,8,93,E,8,989,E,8,309,E,8,3.8,E,8,-9990,0,0,-9990,0,0,2.607,E,8,0.096,E,8,0.20,E,8,0,-9990,0,0
08/11/2005,08:00,407,1329,261,3,10,698,3,20,47,3,10,28838,3,10,69263,3,20,7601,3,10,-9990,0,0,0,E,8,0,E,8,17.7,E,8,15.5,E,8,87,E,8,989,E,8,111,E,8,2.1,E,8,-9990,0,0,-9990,0,0,2.747,E,8,0.096,E,8,0.20,E,8,0,-9990,0,0
08/11/2005,09:00,622,1329,436,3,10,792,3,20,65,3,10,48056,3,10,81813,3,20,9763,3,10,-9990,0,0,0,E,8,0,E,8,19.7,E,8,16.3,E,8,81,E,8,990,E,8,253,E,8,1.5,E,8,-9990,0,0,-9990,0,0,2.906,E,8,0.096,E,8,0.20,E,8,0,-9990,0,0
08/11/2005,10:00,812,1329,648,3,10,897,3,20,100,3,10,70303,3,10,91981,3,20,14099,3,10,-9990,0,0,0,E,8,0,E,8,22.1,E,8,14.9,E,8,64,E,8,990,E,8,251,E,8,1.5,E,8,-9990,0,0,-9990,0,0,2.641,E,8,0.096,E,8,0.20,E,8,0,-9990,0,0
08/11/2005,11:00,965,1329,765,3,10,764,3,20,210,3,10,83034,3,10,75369,3,20,28329,3,10,-9990,0,0,1,E,8,1,E,8,24.2,E,8,14.7,E,8,55,E,8,990,E,8,240,E,8,1.3,E,8,-9990,0,0,-9990,0,0,2.593,E,8,0.096,E,8,0.20,E,8,0,-9990,0,0
08/11/2005,12:00,1069,1329,473,3,10,135,3,20,364,3,10,52948,3,10,12519,3,20,42875,3,10,-9990,0,0,9,E,8,8,E,8,24.5,E,8,14.1,E,8,52,E,8,990,E,8,108,E,8,1.3,E,8,-9990,0,0,-9990,0,0,2.485,E,8,0.096,E,8,0.20,E,8,0,-9990,0,0
08/11/2005,13:00,1119,1329,484,3,10,105,3,20,395,3,10,54093,3,10,9515,3,20,46081,3,10,-9990,0,0,10,E,8,9,E,8,24.8,E,8,13.1,E,8,48,E,8,990,E,8,113,E,8,1.3,E,8,-9990,0,0,-9990,0,0,2.317,E,8,0.096,E,8,0.20,E,8,0,-9990,0,0
08/11/2005,14:00,1110,1329,503,3,10,128,3,20,396,3,10,56193,3,10,11925,3,20,46231,3,10,-9990,0,0,9,E,8,8,E,8,25.0,E,8,13.4,E,8,49,E,8,990,E,8,112,E,8,2.3,E,8,-9990,0,0,-9990,0,0,2.376,E,8,0.096,E,8,0.20,E,8,0,-9990,0,0
08/11/2005,15:00,1044,1329,490,3,10,138,3,20,382,3,10,54649,3,10,12647,3,20,44717,3,10,-9990,0,0,9,E,8,8,E,8,25.2,E,8,14.1,E,8,50,E,8,990,E,8,74,E,8,1.1,E,8,-9990,0,0,-9990,0,0,2.487,E,8,0.096,E,8,0.20,E,8,0,-9990,0,0
08/11/2005,16:00,924,1329,430,3,10,127,3,20,342,3,10,47746,3,10,10961,3,20,40126,3,10,-9990,0,0,9,E,8,8,E,8,25.1,E,8,13.5,E,8,48,E,8,990,E,8,176,E,8,0.8,E,8,-9990,0,0,-9990,0,0,2.386,E,8,0.096,E,8,0.20,E,8,0,-9990,0,0
08/11/2005,17:00,759,1329,357,3,10,126,3,20,285,3,10,39400,3,10,10153,3,20,33601,3,10,-9990,0,0,9,E,8,8,E,8,24.8,E,8,13.3,E,8,49,E,8,990,E,8,196,E,8,3.4,E,8,-9990,0,0,-9990,0,0,2.358,E,8,0.096,E,8,0.20,E,8,0,-9990,0,0
08/11/2005,18:00,560,1329,256,3,10,139,3,20,197,3,10,28268,3,10,11164,3,20,23561,3,10,-9990,0,0,9,E,8,8,E,8,24.1,E,8,12.8,E,8,49,E,8,990,E,8,232,E,8,0.7,E,8,-9990,0,0,-9990,0,0,2.278,E,8,0.096,E,8,0.20,E,8,0,-9990,0,0
08/11/2005,19:00,341,1329,131,3,10,100,3,20,105,3,10,14574,3,10,6523,3,20,12899,3,10,-9990,0,0,9,E,8,8,E,8,23.1,E,8,13.9,E,8,56,E,8,990,E,8,118,E,8,1.7,E,8,-9990,0,0,-9990,0,0,2.450,E,8,0.096,E,8,0.20,E,8,0,-9990,0,0
08/11/2005,20:00,117,1329,33,3,10,27,3,20,31,3,10,3680,3,10,1109,3,20,3583,3,10,-9990,0,0,9,E,8,8,E,8,22.0,E,8,14.7,E,8,63,E,8,990,E,8,39,E,8,2.1,E,8,-9990,0,0,-9990,0,0,2.589,E,8,0.096,E,8,0.20,E,8,0,-9990,0,0
08/11/2005,21:00,0,0,0,3,10,0,3,20,0,3,10,0,3,10,0,3,20,0,3,10,-9990,0,0,8,E,8,6,E,8,20.8,E,8,14.9,E,8,69,E,8,990,E,8,24,E,8,2.3,E,8,-9990,0,0,-9990,0,0,2.632,E,8,0.096,E,8,0.20,E,8,0,-9990,0,0
08/11/2005,22:00,0,0,0,3,0,0,3,0,0,3,0,0,3,0,0,3,0,0,3,0,-9990,0,0,8,E,8,6,E,8,19.8,E,8,15.7,E,8,77,E,8,990,E,8,21,E,8,8.5,E,8,-9990,0,0,-9990,0,0,2.789,E,8,0.096,E,8,0.20,E,8,0,-9990,0,0
08/11/2005,23:00,0,0,0,3,0,0,3,0,0,3,0,0,3,0,0,3,0,0,3,0,-9990,0,0,6,E,8,6,E,8,18.8,E,8,15.4,E,8,81,E,8,989,E,8,40,E,8,9.9,E,8,-9990,0,0,-9990,0,0,2.730,E,8,0.096,E,8,0.20,E,8,0,-9990,0,0
08/11/2005,24:00,0,0,0,3,0,0,3,0,0,3,0,0,3,0,0,3,0,0,3,0,-9990,0,0,5,E,8,5,E,8,17.8,E,8,16.2,E,8,90,E,8,989,E,8,331,E,8,6.1,E,8,-9990,0,0,-9990,0,0,2.881,E,8,0.096,E,8,0.20,E,8,0,-9990,0,0
08/12/2005,01:00,0,0,0,3,0,0,3,0,0,3,0,0,3,0,0,3,0,0,3,0,-9990,0,0,5,E,8,5,E,8,17.3,E,8,15.8,E,8,91,E,8,989,E,8,326,E,8,1.5,E,8,-9990,0,0,-9990,0,0,2.811,E,8,0.100,E,8,0.20,E,8,0,-9990,0,0
08/12/2005,02:00,0,0,0,3,0,0,3,0,0,3,0,0,3,0,0,3,0,0,3,0,-9990,0,0,4,E,8,3,E,8,16.7,E,8,15.6,E,8,93,E,8,989,E,8,345,E,8,1.0,E,8,-9990,0,0,-9990,0,0,2.764,E,8,0.100,E,8,0.20,E,8,0,-9990,0,0
08/12/2005,03:00,0,0,0,3,0,0,3,0,0,3,0,0,3,0,0,3,0,0,3,0,-9990,0,0,4,E,8,3,E,8,16.4,E,8,15.6,E,8,95,E,8,989,E,8,58,E,8,1.0,E,8,-9990,0,0,-9990,0,0,2.758,E,8,0.100,E,8,0.20,E,8,0,-9990,0,0
08/12/2005,04:00,0,0,0,3,0,0,3,0,0,3,0,0,3,0,0,3,0,0,3,0,-9990,0,0,3,E,8,2,E,8,16.1,E,8,15.8,E,8,98,E,8,989,E,8,352,E,8,0.6,E,8,-9990,0,0,-9990,0,0,2.796,E,8,0.100,E,8,0.20,E,8,0,-9990,0,0
08/12/2005,05:00,0,0,0,3,0,0,3,0,0,3,0,0,3,0,0,3,0,0,3,0,-9990,0,0,3,E,8,2,E,8,15.8,E,8,15.4,E,8,97,E,8,989,E,8,57,E,8,2.1,E,8,-9990,0,0,-9990,0,0,2.728,E,8,0.100,E,8,0.20,E,8,0,-9990,0,0
08/12/2005,06:00,11,212,1,3,10,0,3,20,1,3,10,114,3,10,10,3,20,113,3,10,-9990,0,0,1,E,8,1,E,8,15.8,E,8,15.8,E,8,100,E,8,989,E,8,8,E,8,0.9,E,8,-9990,0,0,-9990,0,0,2.798,E,8,0.100,E,8,0.20,E,8,0,-9990,0,0
08/12/2005,07:00,179,1330,99,3,10,441,3,20,40,3,10,10609,3,10,30661,3,20,6489,3,10,-9990,0,0,1,E,8,1,E,8,17.0,E,8,15.9,E,8,93,E,8,989,E,8,14,E,8,1.5,E,8,-9990,0,0,-9990,0,0,2.820,E,8,0.100,E,8,0.20,E,8,0,-9990,0,0
08/12/2005,08:00,404,1330,276,3,10,701,3,20,63,3,10,29619,3,10,64976,3,20,9899,3,10,-9990,0,0,0,E,8,0,E,8,19.0,E,8,16.5,E,8,86,E,8,989,E,8,72,E,8,4.1,E,8,-9990,0,0,-9990,0,0,2.950,E,8,0.100,E,8,0.20,E,8,0,-9990,0,0
08/12/2005,09:00,618,1330,455,3,10,860,3,20,54,3,10,50366,3,10,90638,3,20,8207,3,10,-9990,0,0,0,E,8,0,E,8,21.2,E,8,16.3,E,8,74,E,8,989,E,8,77,E,8,0.9,E,8,-9990,0,0,-9990,0,0,2.898,E,8,0.100,E,8,0.20,E,8,0,-9990,0,0
08/12/2005,10:00,809,1330,616,3,10,914,3,20,60,3,10,67748,3,10,97003,3,20,8744,3,10,-9990,0,0,0,E,8,0,E,8,23.3,E,8,14.5,E,8,58,E,8,989,E,8,54,E,8,2.5,E,8,-9990,0,0,-9990,0,0,2.552,E,8,0.100,E,8,0.20,E,8,0,-9990,0,0
08/12/2005,11:00,961,1330,755,3,10,759,3,20,207,3,10,82027,3,10,74826,3,20,27918,3,10,-9990,0,0,0,E,8,0,E,8,25.3,E,8,14.4,E,8,51,E,8,989,E,8,48,E,8,3.0,E,8,-9990,0,0,-9990,0,0,2.534,E,8,0.100,E,8,0.20,E,8,0,-9990,0,0
08/12/2005,12:00,1066,1330,413,3,10,88,3,20,342,3,10,46448,3,10,8707,3,20,39467,3,10,-9990,0,0,10,E,8,9,E,8,25.4,E,8,14.0,E,8,49,E,8,989,E,8,5,E,8,3.0,E,8,-9990,0,0,-9990,0,0,2.465,E,8,0.100,E,8,0.20,E,8,0,-9990,0,0
08/12/2005,13:00,1116,1330,418,3,10,44,3,20,381,3,10,47018,3,10,3773,3,20,43851,3,10,-9990,0,0,10,E,8,9,E,8,25.5,E,8,14.5,E,8,51,E,8,989,E,8,120,E,8,1.9,E,8,-9990,0,0,-9990,0,0,2.560,E,8,0.100,E,8,0.20,E,8,0,-9990,0,0
08/12/2005,14:00,1107,1330,420,3,10,47,3,20,381,3,10,47297,3,10,4058,3,20,43919,3,10,-9990,0,0,10,E,8,9,E,8,25.6,E,8,15.1,E,8,52,E,8,989,E,8,8,E,8,1.7,E,8,-9990,0,0,-9990,0,0,2.672,E,8,0.100,E,8,0.20,E,8,0,-9990,0,0
08/12/2005,15:00,1040,1330,415,3,10,81,3,20,352,3,10,46707,3,10,7861,3,20,40556,3,10,-9990,0,0,10,E,8,9,E,8,25.6,E,8,15.1,E,8,52,E,8,989,E,8,103,E,8,1.7,E,8,-9990,0,0,-9990,0,0,2.665,E,8,0.100,E,8,0.20,E,8,0,-9990,0,0
08/12/2005,16:00,920,1330,343,3,10,37,3,20,318,3,10,38534,3,10,2800,3,20,36596,3,10,-9990,0,0,10,E,8,9,E,8,25.3,E,8,15.2,E,8,53,E,8,989,E,8,85,E,8,2.3,E,8,-9990,0,0,-9990,0,0,2.689,E,8,0.100,E,8,0.20,E,8,0,-9990,0,0
08/12/2005,17:00,755,1330,296,3,10,61,3,20,261,3,10,33143,3,10,5365,3,20,30098,3,10,-9990,0,0,10,E,8,9,E,8,24.9,E,8,15.1,E,8,54,E,8,989,E,8,59,E,8,2.7,E,8,-9990,0,0,-9990,0,0,2.671,E,8,0.100,E,8,0.20,E,8,0,-9990,0,0
08/12/2005,18:00,556,1330,219,3,10,78,3,20,187,3,10,24539,3,10,7220,3,20,21522,3,10,-9990,0,0,10,E,8,9,E,8,24.3,E,8,14.5,E,8,54,E,8,989,E,8,91,E,8,2.5,E,8,-9990,0,0,-9990,0,0,2.557,E,8,0.100,E,8,0.20,E,8,0,-9990,0,0
08/12/2005,19:00,336,1330,115,3,10,50,3,20,103,3,10,12853,3,10,3925,3,20,11861,3,10,-9990,0,0,9,E,8,8,E,8,23.4,E,8,14.1,E,8,56,E,8,989,E,8,16,E,8,2.1,E,8,-9990,0,0,-9990,0,0,2.483,E,8,0.100,E,8,0.20,E,8,0,-9990,0,0
08/12/2005,20:00,111,1330,29,3,10,15,3,20,28,3,10,3302,3,10,0,3,20,3302,3,10,-9990,0,0,9,E,8,8,E,8,22.4,E,8,14.0,E,8,59,E,8,989,E,8,344,E,8,3.0,E,8,-9990,0,0,-9990,0,0,2.467,E,8,0.100,E,8,0.20,E,8,0,-9990,0,0
08/12/2005,21:00,0,0,0,3,10,0,3,20,0,3,10,0,3,10,0,3,20,0,3,10,-9990,0,0,8,E,8,6,E,8,21.4,E,8,14.3,E,8,64,E,8,989,E,8,14,E,8,4.6,E,8,-9990,0,0,-9990,0,0,2.526,E,8,0.100,E,8,0.20,E,8,0,-9990,0,0
08/12/2005,22:00,0,0,0,3,0,0,3,0,0,3,0,0,3,0,0,3,0,0,3,0,-9990,0,0,8,E,8,6,E,8,19.9,E,8,14.5,E,8,71,E,8,989,E,8,126,E,8,2.5,E,8,-9990,0,0,-9990,0,0,2.559,E,8,0.100,E,8,0.20,E,8,0,-9990,0,0
08/12/2005,23:00,0,0,0,3,0,0,3,0,0,3,0,0,3,0,0,3,0,0,3,0,-9990,0,0,6,E,8,5,E,8,18.5,E,8,14.2,E,8,76,E,8,989,E,8,116,E,8,1.3,E,8,-9990,0,0,-9990,0,0,2.504,E,8,0.100,E,8,0.20,E,8,0,-9990,0,0
08/12/2005,24:00,0,0,0,3,0,0,3,0,0,3,0,0,3,0,0,3,0,0,3,0,-9990,0,0,5,E,8,5,E,8,17.1,E,8,14.5,E,8,84,E,8,989,E,8,192,E,8,2.1,E,8,-9990,0,0,-9990,0,0,2.556,E,8,0.100,E,8,0.20,E,8,0,-9990,0,0
08/13/2005,01:00,0,0,0,3,0,0,3,0,0,3,0,0,3,0,0,3,0,0,3,0,-9990,0,0,5,E,8,5,E,8,16.1,E,8,14.6,E,8,91,E,8,989,E,8,77,E,8,2.5,E,8,-9990,0,0,-9990,0,0,2.582,E,8,0.096,E,8,0.20,E,8,0,-9990,0,0
08/13/2005,02:00,0,0,0,3,0,0,3,0,0,3,0,0,3,0,0,3,0,0,3,0,-9990,0,0,4,E,8,3,E,8,15.0,E,8,15.0,E,8,100,E,8,989,E,8,107,E,8,1.1,E,8,-9990,0,0,-9990,0,0,2.648,E,8,0.096,E,8,0.20,E,8,0,-9990,0,0
08/13/2005,03:00,0,0,0,3,0,0,3,0,0,3,0,0,3,0,0,3,0,0,3,0,-9990,0,0,4,E,8,3,E,8,14.4,E,8,14.4,E,8,100,E,8,989,E,8,98,E,8,1.3,E,8,-9990,0,0,-9990,0,0,2.535,E,8,0.096,E,8,0.20,E,8,0,-9990,0,0
08/13/2005,04:00,0,0,0,3,0,0,3,0,0,3,0,0,3,0,0,3,0,0,3,0,-9990,0,0,3,E,8,2,E,8,13.7,E,8,13.7,E,8,100,E,8,989,E,8,214,E,8,0.3,E,8,-9990,0,0,-9990,0,0,2.426,E,8,0.096,E,8,0.20,E,8,0,-9990,0,0
08/13/2005,05:00,0,0,0,3,0,0,3,0,0,3,0,0,3,0,0,3,0,0,3,0,-9990,0,0,3,E,8,2,E,8,13.3,E,8,13.3,E,8,100,E,8,989,E,8,272,E,8,0.5,E,8,-9990,0,0,-9990,0,0,2.350,E,8,0.096,E,8,0.20,E,8,0,-9990,0,0
08/13/2005,06:00,9,197,1,3,10,0,3,20,1,3,10,78,3,10,8,3,20,78,3,10,-9990,0,0,1,E,8,1,E,8,13.2,E,8,13.2,E,8,100,E,8,989,E,8,234,E,8,0.6,E,8,-9990,0,0,-9990,0,0,2.333,E,8,0.096,E,8,0.20,E,8,0,-9990,0,0
08/13/2005,07:00,174,1330,92,3,10,442,3,20,34,3,10,9948,3,10,32256,3,20,5722,3,10,-9990,0,0,1,E,8,1,E,8,14.2,E,8,14.1,E,8,99,E,8,989,E,8,109,E,8,0.1,E,8,-9990,0,0,-9990,0,0,2.491,E,8,0.096,E,8,0.20,E,8,0,-9990,0,0
08/13/2005,08:00,399,1330,264,3,10,726,3,20,46,3,10,29065,3,10,72868,3,20,7178,3,10,-9990,0,0,0,E,8,0,E,8,15.9,E,8,14.2,E,8,89,E,8,989,E,8,296,E,8,0.3,E,8,-9990,0,0,-9990,0,0,2.500,E,8,0.096,E,8,0.20,E,8,0,-9990,0,0
08/13/2005,09:00,615,1330,462,3,10,884,3,20,54,3,10,50809,3,10,92460,3,20,8074,3,10,-9990,0,0,0,E,8,0,E,8,18.0,E,8,13.6,E,8,76,E,8,990,E,8,227,E,8,0.8,E,8,-9990,0,0,-9990,0,0,2.402,E,8,0.096,E,8,0.20,E,8,0,-9990,0,0
08/13/2005,10:00,805,1330,660,3,10,954,3,20,83,3,10,71484,3,10,98510,3,20,11840,3,10,-9990,0,0,0,E,8,0,E,8,20.1,E,8,12.2,E,8,60,E,8,990,E,8,141,E,8,1.7,E,8,-9990,0,0,-9990,0,0,2.180,E,8,0.096,E,8,0.20,E,8,0,-9990,0,0
08/13/2005,11:00,958,1330,793,3,10,786,3,20,227,3,10,85144,3,10,76921,3,20,29730,3,10,-9990,0,0,1,E,8,1,E,8,22.1,E,8,12.0,E,8,53,E,8,990,E,8,156,E,8,1.5,E,8,-9990,0,0,-9990,0,0,2.150,E,8,0.096,E,8,0.20,E,8,0,-9990,0,0
08/13/2005,12:00,1063,1330,486,3,10,156,3,20,362,3,10,54383,3,10,15250,3,20,42195,3,10,-9990,0,0,9,E,8,8,E,8,22.4,E,8,11.7,E,8,51,E,8,990,E,8,82,E,8,1.3,E,8,-9990,0,0,-9990,0,0,2.099,E,8,0.096,E,8,0.20,E,8,0,-9990,0,0
08/13/2005,13:00,1112,1330,513,3,10,138,3,20,398,3,10,57299,3,10,13378,3,20,46109,3,10,-9990,0,0,9,E,8,8,E,8,22.6,E,8,11.5,E,8,49,E,8,990,E,8,125,E,8,1.1,E,8,-9990,0,0,-9990,0,0,2.074,E,8,0.096,E,8,0.20,E,8,0,-9990,0,0
08/13/2005,14:00,1103,1330,464,3,10,98,3,20,382,3,10,51965,3,10,9852,3,20,43791,3,10,-9990,0,0,10,E,8,9,E,8,22.7,E,8,11.2,E,8,48,E,8,990,E,8,199,E,8,0.3,E,8,-9990,0,0,-9990,0,0,2.033,E,8,0.096,E,8,0.20,E,8,0,-9990,0,0
08/13/2005,15:00,1036,1330,478,3,10,151,3,20,361,3,10,53386,3,10,14540,3,20,42057,3,10,-9990,0,0,9,E,8,8,E,8,22.7,E,8,11.7,E,8,50,E,8,990,E,8,140,E,8,0.3,E,8,-9990,0,0,-9990,0,0,2.108,E,8,0.096,E,8,0.20,E,8,0,-9990,0,0
08/13/2005,16:00,916,1330,380,3,10,90,3,20,318,3,10,42533,3,10,8862,3,20,36430,3,10,-9990,0,0,10,E,8,9,E,8,22.4,E,8,11.7,E,8,51,E,8,990,E,8,215,E,8,0.9,E,8,-9990,0,0,-9990,0,0,2.102,E,8,0.096,E,8,0.20,E,8,0,-9990,0,0
08/13/2005,17:00,750,1330,328,3,10,96,3,20,274,3,10,36685,3,10,9349,3,20,31412,3,10,-9990,0,0,10,E,8,9,E,8,22.0,E,8,13.1,E,8,57,E,8,990,E,8,139,E,8,0.2,E,8,-9990,0,0,-9990,0,0,2.322,E,8,0.096,E,8,0.20,E,8,0,-9990,0,0
08/13/2005,18:00,551,1330,233,3,10,104,3,20,190,3,10,25794,3,10,7301,3,20,22772,3,10,-9990,0,0,9,E,8,8,E,8,21.3,E,8,13.3,E,8,60,E,8,990,E,8,73,E,8,0.5,E,8,-9990,0,0,-9990,0,0,2.348,E,8,0.096,E,8,0.20,E,8,0,-9990,0,0
08/13/2005,19:00,331,1330,122,3,10,115,3,20,94,3,10,13693,3,10,8583,3,20,11559,3,10,-9990,0,0,9,E,8,8,E,8,20.3,E,8,13.3,E,8,64,E,8,990,E,8,113,E,8,0.1,E,8,-9990,0,0,-9990,0,0,2.350,E,8,0.096,E,8,0.20,E,8,0,-9990,0,0
08/13/2005,20:00,107,652,18,3,10,0,3,20,18,3,10,2104,3,10,0,3,20,2104,3,10,-9990,0,0,8,E,8,6,E,8,19.2,E,8,13.4,E,8,69,E,8,990,E,8,57,E,8,0.0,E,8,-9990,0,0,-9990,0,0,2.378,E,8,0.096,E,8,0.20,E,8,0,-9990,0,0
08/13/2005,21:00,0,0,0,3,0,0,3,0,0,3,0,0,3,0,0,3,0,0,3,0,-9990,0,0,8,E,8,7,E,8,18.2,E,8,14.8,E,8,80,E,8,990,E,8,17,E,8,0.0,E,8,-9990,0,0,-9990,0,0,2.608,E,8,0.096,E,8,0.20,E,8,0,-9990,0,0
08/13/2005,22:00,0,0,0,3,0,0,3,0,0,3,0,0,3,0,0,3,0,0,3,0,-9990,0,0,6,E,8,6,E,8,17.3,E,8,14.4,E,8,83,E,8,990,E,8,28,E,8,0.1,E,8,-9990,0,0,-9990,0,0,2.546,E,8,0.096,E,8,0.20,E,8,0,-9990,0,0
08/13/2005,23:00,0,0,0,3,0,0,3,0,0,3,0,0,3,0,0,3,0,0,3,0,-9990,0,0,6,E,8,6,E,8,16.4,E,8,14.2,E,8,87,E,8,990,E,8,350,E,8,0.4,E,8,-9990,0,0,-9990,0,0,2.511,E,8,0.096,E,8,0.20,E,8,0,-9990,0,0
08/13/2005,24:00,0,0,0,3,0,0,3,0,0,3,0,0,3,0,0,3,0,0,3,0,-9990,0,0,6,E,8,6,E,8,15.5,E,8,13.5,E,8,88,E,8,991,E,8,4,E,8,1.3,E,8,-9990,0,0,-9990,0,0,2.381,E,8,0.096,E,8,0.20,E,8,0,-9990,0,0
08/14/2005,01:00,0,0,0,3,0,0,3,0,0,3,0,0,3,0,0,3,0,0,3,0,-9990,0,0,5,E,8,5,E,8,15.2,E,8,13.2,E,8,88,E,8,991,E,8,47,E,8,3.4,E,8,-9990,0,0,-9990,0,0,2.334,E,8,0.099,E,8,0.20,E,8,0,-9990,0,0
08/14/2005,02:00,0,0,0,3,0,0,3,0,0,3,0,0,3,0,0,3,0,0,3,0,-9990,0,0,5,E,8,5,E,8,15.0,E,8,12.6,E,8,86,E,8,991,E,8,18,E,8,7.3,E,8,-9990,0,0,-9990,0,0,2.238,E,8,0.099,E,8,0.20,E,8,0,-9990,0,0
08/14/2005,03:00,0,0,0,3,0,0,3,0,0,3,0,0,3,0,0,3,0,0,3,0,-9990,0,0,4,E,8,3,E,8,14.8,E,8,13.1,E,8,89,E,8,991,E,8,1,E,8,5.4,E,8,-9990,0,0,-9990,0,0,2.314,E,8,0.099,E,8,0.20,E,8,0,-9990,0,0
08/14/2005,04:00,0,0,0,3,0,0,3,0,0,3,0,0,3,0,0,3,0,0,3,0,-9990,0,0,4,E,8,3,E,8,14.7,E,8,12.8,E,8,88,E,8,991,E,8,39,E,8,4.1,E,8,-9990,0,0,-9990,0,0,2.270,E,8,0.099,E,8,0.20,E,8,0,-9990,0,0
08/14/2005,05:00,0,0,0,3,0,0,3,0,0,3,0,0,3,0,0,3,0,0,3,0,-9990,0,0,3,E,8,2,E,8,14.6,E,8,12.6,E,8,88,E,8,991,E,8,90,E,8,5.4,E,8,-9990,0,0,-9990,0,0,2.248,E,8,0.099,E,8,0.20,E,8,0,-9990,0,0
08/14/2005,06:00,8,182,0,3,10,0,3,20,0,3,10,53,3,10,7,3,20,53,3,10,-9990,0,0,3,E,8,2,E,8,14.6,E,8,12.7,E,8,88,E,8,991,E,8,358,E,8,7.8,E,8,-9990,0,0,-9990,0,0,2.256,E,8,0.099,E,8,0.20,E,8,0,-9990,0,0
08/14/2005,07:00,170,1330,75,3,10,270,3,20,40,3,10,8204,3,10,14761,3,20,6321,3,10,-9990,0,0,1,E,8,1,E,8,15.7,E,8,13.2,E,8,85,E,8,991,E,8,14,E,8,4.1,E,8,-9990,0,0,-9990,0,0,2.344,E,8,0.099,E,8,0.20,E,8,0,-9990,0,0
08/14/2005,08:00,395,1330,211,3,10,432,3,20,82,3,10,22549,3,10,33335,3,20,12641,3,10,-9990,0,0,1,E,8,1,E,8,17.3,E,8,14.1,E,8,81,E,8,991,E,8,19,E,8,1.0,E,8,-9990,0,0,-9990,0,0,2.495,E,8,0.099,E,8,0.20,E,8,0,-9990,0,0
08/14/2005,09:00,611,1330,363,3,10,483,3,20,141,3,10,39942,3,10,39724,3,20,21699,3,10,-9990,0,0,4,E,8,3,E,8,19.3,E,8,14.7,E,8,75,E,8,991,E,8,78,E,8,2.3,E,8,-9990,0,0,-9990,0,0,2.593,E,8,0.099,E,8,0.20,E,8,0,-9990,0,0
08/14/2005,10:00,802,1330,499,3,10,521,3,20,185,3,10,55132,3,10,45103,3,20,27952,3,10,-9990,0,0,4,E,8,3,E,8,21.3,E,8,12.9,E,8,59,E,8,991,E,8,30,E,8,1.5,E,8,-9990,0,0,-9990,0,0,2.288,E,8,0.099,E,8,0.20,E,8,0,-9990,0,0
08/14/2005,11:00,955,1330,586,3,10,458,3,20,257,3,10,64157,3,10,36648,3,20,37858,3,10,-9990,0,0,5,E,8,4,E,8,23.0,E,8,12.8,E,8,53,E,8,991,E,8,142,E,8,2.5,E,8,-9990,0,0,-9990,0,0,2.271,E,8,0.099,E,8,0.20,E,8,0,-9990,0,0
08/14/2005,12:00,1060,1330,675,3,10,529,3,20,254,3,10,74966,3,10,46728,3,20,37752,3,10,-9990,0,0,5,E,8,4,E,8,24.6,E,8,11.3,E,8,43,E,8,991,E,8,280,E,8,3.0,E,8,-9990,0,0,-9990,0,0,2.049,E,8,0.099,E,8,0.20,E,8,0,-9990,0,0
08/14/2005,13:00,1109,1330,724,3,10,549,3,20,267,3,10,77902,3,10,53351,3,20,33430,3,10,-9990,0,0,4,E,8,3,E,8,26.0,E,8,10.1,E,8,37,E,8,992,E,8,234,E,8,3.0,E,8,-9990,0,0,-9990,0,0,1.884,E,8,0.099,E,8,0.20,E,8,0,-9990,0,0
08/14/2005,14:00,1100,1330,736,3,10,589,3,20,249,3,10,79496,3,10,57790,3,20,31725,3,10,-9990,0,0,4,E,8,3,E,8,27.1,E,8,10.5,E,8,35,E,8,992,E,8,136,E,8,4.3,E,8,-9990,0,0,-9990,0,0,1.932,E,8,0.099,E,8,0.20,E,8,0,-9990,0,0
08/14/2005,15:00,1032,1330,686,3,10,605,3,20,216,3,10,74372,3,10,59174,3,20,28452,3,10,-9990,0,0,3,E,8,2,E,8,27.8,E,8,10.7,E,8,34,E,8,992,E,8,265,E,8,5.0,E,8,-9990,0,0,-9990,0,0,1.968,E,8,0.099,E,8,0.20,E,8,0,-9990,0,0
08/14/2005,16:00,912,1330,584,3,10,541,3,20,213,3,10,64523,3,10,48180,3,20,31510,3,10,-9990,0,0,4,E,8,3,E,8,28.2,E,8,9.5,E,8,31,E,8,992,E,8,179,E,8,2.1,E,8,-9990,0,0,-9990,0,0,1.801,E,8,0.099,E,8,0.20,E,8,0,-9990,0,0
08/14/2005,17:00,746,1330,451,3,10,490,3,20,176,3,10,49461,3,10,41664,3,20,26115,3,10,-9990,0,0,4,E,8,3,E,8,28.1,E,8,9.7,E,8,32,E,8,992,E,8,227,E,8,1.9,E,8,-9990,0,0,-9990,0,0,1.829,E,8,0.099,E,8,0.20,E,8,0,-9990,0,0
08/14/2005,18:00,546,1330,302,3,10,405,3,20,136,3,10,32745,3,10,30853,3,20,20095,3,10,-9990,0,0,5,E,8,4,E,8,27.4,E,8,9.8,E,8,33,E,8,992,E,8,208,E,8,0.9,E,8,-9990,0,0,-9990,0,0,1.837,E,8,0.099,E,8,0.20,E,8,0,-9990,0,0
08/14/2005,19:00,325,1330,160,3,10,289,3,20,90,3,10,17195,3,10,15968,3,20,13293,3,10,-9990,0,0,5,E,8,4,E,8,26.4,E,8,10.4,E,8,37,E,8,992,E,8,140,E,8,2.5,E,8,-9990,0,0,-9990,0,0,1.919,E,8,0.099,E,8,0.20,E,8,0,-9990,0,0
08/14/2005,20:00,101,634,18,3,10,0,3,20,18,3,10,2145,3,10,0,3,20,2145,3,10,-9990,0,0,5,E,8,4,E,8,25.0,E,8,11.4,E,8,43,E,8,992,E,8,261,E,8,1.1,E,8,-9990,0,0,-9990,0,0,2.062,E,8,0.099,E,8,0.20,E,8,0,-9990,0,0
08/14/2005,21:00,0,0,0,3,0,0,3,0,0,3,0,0,3,0,0,3,0,0,3,0,-9990,0,0,5,E,8,4,E,8,23.5,E,8,14.2,E,8,56,E,8,992,E,8,231,E,8,0.8,E,8,-9990,0,0,-9990,0,0,2.515,E,8,0.099,E,8,0.20,E,8,0,-9990,0,0
08/14/2005,22:00,0,0,0,3,0,0,3,0,0,3,0,0,3,0,0,3,0,0,3,0,-9990,0,0,5,E,8,4,E,8,21.9,E,8,14.4,E,8,62,E,8,992,E,8,139,E,8,0.3,E,8,-9990,0,0,-9990,0,0,2.538,E,8,0.099,E,8,0.20,E,8,0,-9990,0,0
08/14/2005,23:00,0,0,0,3,0,0,3,0,0,3,0,0,3,0,0,3,0,0,3,0,-9990,0,0,5,E,8,4,E,8,20.4,E,8,14.0,E,8,67,E,8,992,E,8,258,E,8,0.2,E,8,-9990,0,0,-9990,0,0,2.474,E,8,0.099,E,8,0.20,E,8,0,-9990,0,0
08/14/2005,24:00,0,0,0,3,0,0,3,0,0,3,0,0,3,0,0,3,0,0,3,0,-9990,0,0,4,E,8,3,E,8,18.8,E,8,13.7,E,8,72,E,8,992,E,8,307,E,8,0.1,E,8,-9990,0,0,-9990,0,0,2.417,E,8,0.099,E,8,0.20,E,8,0,-9990,0,0
08/15/2005,01:00,0,0,0,3,0,0,3,0,0,3,0,0,3,0,0,3,0,0,3,0,-9990,0,0,4,E,8,3,E,8,17.3,E,8,13.3,E,8,77,E,8,992,E,8,254,E,8,0.0,E,8,-9990,0,0,-9990,0,0,2.358,E,8,0.094,E,8,0.20,E,8,0,-9990,0,0
08/15/2005,02:00,0,0,0,3,0,0,3,0,0,3,0,0,3,0,0,3,0,0,3,0,-9990,0,0,4,E,8,3,E,8,15.7,E,8,12.9,E,8,83,E,8,992,E,8,258,E,8,0.3,E,8,-9990,0,0,-9990,0,0,2.293,E,8,0.094,E,8,0.20,E,8,0,-9990,0,0
08/15/2005,03:00,0,0,0,3,0,0,3,0,0,3,0,0,3,0,0,3,0,0,3,0,-9990,0,0,4,E,8,3,E,8,14.9,E,8,13.0,E,8,88,E,8,992,E,8,269,E,8,1.0,E,8,-9990,0,0,-9990,0,0,2.302,E,8,0.094,E,8,0.20,E,8,0,-9990,0,0
08/15/2005,04:00,0,0,0,3,0,0,3,0,0,3,0,0,3,0,0,3,0,0,3,0,-9990,0,0,4,E,8,3,E,8,14.0,E,8,12.0,E,8,88,E,8,992,E,8,225,E,8,1.7,E,8,-9990,0,0,-9990,0,0,2.145,E,8,0.094,E,8,0.20,E,8,0,-9990,0,0
08/15/2005,05:00,0,0,0,3,0,0,3,0,0,3,0,0,3,0,0,3,0,0,3,0,-9990,0,0,3,E,8,2,E,8,13.4,E,8,12.0,E,8,92,E,8,992,E,8,147,E,8,2.5,E,8,-9990,0,0,-9990,0,0,2.155,E,8,0.094,E,8,0.20,E,8,0,-9990,0,0
08/15/2005,06:00,7,167,1,3,10,0,3,20,1,3,10,75,3,10,9,3,20,74,3,10,-9990,0,0,3,E,8,2,E,8,13.3,E,8,11.6,E,8,90,E,8,992,E,8,288,E,8,3.4,E,8,-9990,0,0,-9990,0,0,2.096,E,8,0.094,E,8,0.20,E,8,0,-9990,0,0
08/15/2005,07:00,165,1331,74,3,10,301,3,20,37,3,10,7939,3,10,15414,3,20,6025,3,10,-9990,0,0,3,E,8,2,E,8,14.1,E,8,11.4,E,8,84,E,8,992,E,8,138,E,8,4.1,E,8,-9990,0,0,-9990,0,0,2.057,E,8,0.094,E,8,0.20,E,8,0,-9990,0,0
08/15/2005,08:00,391,1331,218,3,10,447,3,20,86,3,10,23124,3,10,34361,3,20,13021,3,10,-9990,0,0,3,E,8,2,E,8,15.5,E,8,12.1,E,8,80,E,8,992,E,8,85,E,8,1.1,E,8,-9990,0,0,-9990,0,0,2.165,E,8,0.094,E,8,0.20,E,8,0,-9990,0,0
08/15/2005,09:00,607,1331,376,3,10,559,3,20,121,3,10,40389,3,10,49784,3,20,17676,3,10,-9990,0,0,1,E,8,1,E,8,17.1,E,8,12.0,E,8,72,E,8,992,E,8,91,E,8,1.1,E,8,-9990,0,0,-9990,0,0,2.147,E,8,0.094,E,8,0.20,E,8,0,-9990,0,0
08/15/2005,10:00,798,1331,510,3,10,591,3,20,156,3,10,55124,3,10,55442,3,20,21873,3,10,-9990,0,0,3,E,8,2,E,8,18.8,E,8,10.8,E,8,60,E,8,992,E,8,121,E,8,0.4,E,8,-9990,0,0,-9990,0,0,1.970,E,8,0.094,E,8,0.20,E,8,0,-9990,0,0
08/15/2005,11:00,951,1331,647,3,10,647,3,20,185,3,10,70286,3,10,63179,3,20,25125,3,10,-9990,0,0,3,E,8,2,E,8,20.4,E,8,10.5,E,8,53,E,8,992,E,8,76,E,8,1.7,E,8,-9990,0,0,-9990,0,0,1.933,E,8,0.094,E,8,0.20,E,8,0,-9990,0,0
08/15/2005,12:00,1056,1331,723,3,10,620,3,20,231,3,10,78258,3,10,60775,3,20,30029,3,10,-9990,0,0,4,E,8,3,E,8,21.8,E,8,10.8,E,8,50,E,8,992,E,8,86,E,8,1.5,E,8,-9990,0,0,-9990,0,0,1.975,E,8,0.094,E,8,0.20,E,8,0,-9990,0,0
08/15/2005,13:00,1106,1331,756,3,10,627,3,20,235,3,10,81919,3,10,62288,3,20,30179,3,10,-9990,0,0,4,E,8,3,E,8,22.9,E,8,9.2,E,8,42,E,8,992,E,8,80,E,8,1.9,E,8,-9990,0,0,-9990,0,0,1.771,E,8,0.094,E,8,0.20,E,8,0,-9990,0,0
08/15/2005,14:00,1096,1331,759,3,10,627,3,20,242,3,10,81956,3,10,62003,3,20,30893,3,10,-9990,0,0,4,E,8,3,E,8,23.7,E,8,8.9,E,8,39,E,8,992,E,8,107,E,8,2.3,E,8,-9990,0,0,-9990,0,0,1.729,E,8,0.094,E,8,0.20,E,8,0,-9990,0,0
08/15/2005,15:00,1029,1331,715,3,10,664,3,20,202,3,10,77640,3,10,65854,3,20,26751,3,10,-9990,0,0,3,E,8,2,E,8,24.3,E,8,8.6,E,8,37,E,8,992,E,8,120,E,8,3.8,E,8,-9990,0,0,-9990,0,0,1.693,E,8,0.094,E,8,0.20,E,8,0,-9990,0,0
08/15/2005,16:00,907,1331,631,3,10,714,3,20,144,3,10,69291,3,10,71500,3,20,20551,3,10,-9990,0,0,0,E,8,0,E,8,24.5,E,8,8.9,E,8,37,E,8,992,E,8,276,E,8,3.4,E,8,-9990,0,0,-9990,0,0,1.733,E,8,0.094,E,8,0.20,E,8,0,-9990,0,0
08/15/2005,17:00,741,1331,496,3,10,696,3,20,109,3,10,53149,3,10,67904,3,20,15355,3,10,-9990,0,0,0,E,8,0,E,8,24.4,E,8,8.5,E,8,36,E,8,992,E,8,299,E,8,3.8,E,8,-9990,0,0,-9990,0,0,1.687,E,8,0.094,E,8,0.20,E,8,0,-9990,0,0
08/15/2005,18:00,540,1331,341,3,10,645,3,20,79,3,10,37263,3,10,61244,3,20,12400,3,10,-9990,0,0,0,E,8,0,E,8,23.8,E,8,8.9,E,8,39,E,8,992,E,8,107,E,8,5.7,E,8,-9990,0,0,-9990,0,0,1.728,E,8,0.094,E,8,0.20,E,8,0,-9990,0,0
08/15/2005,19:00,320,1331,175,3,10,345,3,20,92,3,10,18720,3,10,21584,3,20,13538,3,10,-9990,0,0,5,E,8,4,E,8,22.7,E,8,9.3,E,8,42,E,8,992,E,8,129,E,8,5.7,E,8,-9990,0,0,-9990,0,0,1.775,E,8,0.094,E,8,0.20,E,8,0,-9990,0,0
08/15/2005,20:00,95,616,22,3,10,0,3,20,22,3,10,2583,3,10,0,3,20,2583,3,10,-9990,0,0,5,E,8,4,E,8,21.3,E,8,9.6,E,8,47,E,8,992,E,8,142,E,8,6.1,E,8,-9990,0,0,-9990,0,0,1.821,E,8,0.094,E,8,0.20,E,8,0,-9990,0,0
08/15/2005,21:00,0,0,0,3,0,0,3,0,0,3,0,0,3,0,0,3,0,0,3,0,-9990,0,0,5,E,8,4,E,8,19.9,E,8,11.6,E,8,59,E,8,992,E,8,258,E,8,4.1,E,8,-9990,0,0,-9990,0,0,2.087,E,8,0.094,E,8,0.20,E,8,0,-9990,0,0
08/15/2005,22:00,0,0,0,3,0,0,3,0,0,3,0,0,3,0,0,3,0,0,3,0,-9990,0,0,5,E,8,4,E,8,18.4,E,8,11.4,E,8,63,E,8,992,E,8,215,E,8,2.7,E,8,-9990,0,0,-9990,0,0,2.056,E,8,0.094,E,8,0.20,E,8,0,-9990,0,0
08/15/2005,23:00,0,0,0,3,0,0,3,0,0,3,0,0,3,0,0,3,0,0,3,0,-9990,0,0,5,E,8,4,E,8,17.0,E,8,10.6,E,8,66,E,8,992,E,8,229,E,8,1.5,E,8,-9990,0,0,-9990,0,0,1.944,E,8,0.094,E,8,0.20,E,8,0,-9990,0,0
08/15/2005,24:00,0,0,0,3,0,0,3,0,0,3,0,0,3,0,0,3,0,0,3,0,-9990,0,0,5,E,8,4,E,8,15.6,E,8,10.0,E,8,70,E,8,992,E,8,135,E,8,0.5,E,8,-9990,0,0,-9990,0,0,1.872,E,8,0.094,E,8,0.20,E,8,0,-9990,0,0
08/16/2005,01:00,0,0,0,3,0,0,3,0,0,3,0,0,3,0,0,3,0,0,3,0,-9990,0,0,5,E,8,4,E,8,14.8,E,8,10.2,E,8,74,E,8,992,E,8,129,E,8,0.4,E,8,-9990,0,0,-9990,0,0,1.895,E,8,0.095,E,8,0.20,E,8,0,-9990,0,0
08/16/2005,02:00,0,0,0,3,0,0,3,0,0,3,0,0,3,0,0,3,0,0,3,0,-9990,0,0,5,E,8,4,E,8,14.0,E,8,8.7,E,8,71,E,8,992,E,8,300,E,8,1.3,E,8,-9990,0,0,-9990,0,0,1.711,E,8,0.095,E,8,0.20,E,8,0,-9990,0,0
08/16/2005,03:00,0,0,0,3,0,0,3,0,0,3,0,0,3,0,0,3,0,0,3,0,-9990,0,0,5,E,8,4,E,8,13.5,E,8,9.1,E,8,74,E,8,992,E,8,252,E,8,2.5,E,8,-9990,0,0,-9990,0,0,1.752,E,8,0.095,E,8,0.20,E,8,0,-9990,0,0
08/16/2005,04:00,0,0,0,3,0,0,3,0,0,3,0,0,3,0,0,3,0,0,3,0,-9990,0,0,5,E,8,5,E,8,13.1,E,8,9.9,E,8,81,E,8,992,E,8,208,E,8,1.5,E,8,-9990,0,0,-9990,0,0,1.852,E,8,0.095,E,8,0.20,E,8,0,-9990,0,0
08/16/2005,05:00,0,0,0,3,0,0,3,0,0,3,0,0,3,0,0,3,0,0,3,0,-9990,0,0,5,E,8,5,E,8,12.7,E,8,9.7,E,8,82,E,8,992,E,8,252,E,8,1.9,E,8,-9990,0,0,-9990,0,0,1.832,E,8,0.095,E,8,0.20,E,8,0,-9990,0,0
08/16/2005,06:00,6,152,0,3,10,0,3,20,0,3,10,57,3,10,8,3,20,57,3,10,-9990,0,0,5,E,8,5,E,8,12.7,E,8,9.8,E,8,82,E,8,992,E,8,300,E,8,1.9,E,8,-9990,0,0,-9990,0,0,1.839,E,8,0.095,E,8,0.20,E,8,0,-9990,0,0
08/16/2005,07:00,161,1331,67,3,10,248,3,20,37,3,10,7363,3,10,13386,3,20,5746,3,10,-9990,0,0,5,E,8,4,E,8,13.5,E,8,9.8,E,8,78,E,8,991,E,8,251,E,8,1.7,E,8,-9990,0,0,-9990,0,0,1.844,E,8,0.095,E,8,0.20,E,8,0,-9990,0,0
08/16/2005,08:00,387,1331,185,3,10,313,3,20,94,3,10,20119,3,10,20519,3,20,14151,3,10,-9990,0,0,5,E,8,4,E,8,14.8,E,8,10.6,E,8,76,E,8,991,E,8,254,E,8,1.1,E,8,-9990,0,0,-9990,0,0,1.944,E,8,0.095,E,8,0.20,E,8,0,-9990,0,0
08/16/2005,09:00,603,1331,311,3,10,310,3,20,171,3,10,34093,3,10,27793,3,20,21497,3,10,-9990,0,0,6,E,8,5,E,8,16.3,E,8,10.7,E,8,69,E,8,991,E,8,269,E,8,0.7,E,8,-9990,0,0,-9990,0,0,1.964,E,8,0.095,E,8,0.20,E,8,0,-9990,0,0
08/16/2005,10:00,795,1331,474,3,10,435,3,20,215,3,10,51391,3,10,33994,3,20,31103,3,10,-9990,0,0,5,E,8,4,E,8,18.1,E,8,9.7,E,8,58,E,8,991,E,8,261,E,8,0.8,E,8,-9990,0,0,-9990,0,0,1.830,E,8,0.095,E,8,0.20,E,8,0,-9990,0,0
08/16/2005,11:00,948,1331,597,3,10,512,3,20,232,3,10,65711,3,10,44485,3,20,34040,3,10,-9990,0,0,5,E,8,4,E,8,19.8,E,8,9.4,E,8,51,E,8,991,E,8,247,E,8,0.2,E,8,-9990,0,0,-9990,0,0,1.793,E,8,0.095,E,8,0.20,E,8,0,-9990,0,0
08/16/2005,12:00,1053,1331,657,3,10,494,3,20,267,3,10,72457,3,10,42458,3,20,38887,3,10,-9990,0,0,5,E,8,4,E,8,21.2,E,8,9.4,E,8,47,E,8,991,E,8,181,E,8,0.2,E,8,-9990,0,0,-9990,0,0,1.789,E,8,0.095,E,8,0.20,E,8,0,-9990,0,0
08/16/2005,13:00,1102,1331,707,3,10,499,3,20,293,3,10,77797,3,10,42444,3,20,42667,3,10,-9990,0,0,5,E,8,4,E,8,22.5,E,8,10.5,E,8,47,E,8,991,E,8,197,E,8,0.8,E,8,-9990,0,0,-9990,0,0,1.939,E,8,0.095,E,8,0.20,E,8,0,-9990,0,0
08/16/2005,14:00,1092,1331,729,3,10,560,3,20,270,3,10,78480,3,10,54397,3,20,33851,3,10,-9990,0,0,5,E,8,4,E,8,23.5,E,8,11.3,E,8,46,E,8,991,E,8,269,E,8,1.0,E,8,-9990,0,0,-9990,0,0,2.043,E,8,0.095,E,8,0.20,E,8,0,-9990,0,0
08/16/2005,15:00,1024,1331,702,3,10,593,3,20,246,3,10,75557,3,10,57111,3,20,31615,3,10,-9990,0,0,4,E,8,3,E,8,24.2,E,8,11.5,E,8,45,E,8,991,E,8,267,E,8,1.9,E,8,-9990,0,0,-9990,0,0,2.074,E,8,0.095,E,8,0.20,E,8,0,-9990,0,0
08/16/2005,16:00,903,1331,566,3,10,518,3,20,215,3,10,62661,3,10,45054,3,20,32110,3,10,-9990,0,0,4,E,8,3,E,8,24.4,E,8,11.8,E,8,45,E,8,991,E,8,278,E,8,1.3,E,8,-9990,0,0,-9990,0,0,2.112,E,8,0.095,E,8,0.20,E,8,0,-9990,0,0
08/16/2005,17:00,736,1331,440,3,10,474,3,20,178,3,10,48343,3,10,39167,3,20,26694,3,10,-9990,0,0,4,E,8,3,E,8,24.3,E,8,12.1,E,8,47,E,8,991,E,8,272,E,8,0.3,E,8,-9990,0,0,-9990,0,0,2.169,E,8,0.095,E,8,0.20,E,8,0,-9990,0,0
08/16/2005,18:00,535,1331,311,3,10,505,3,20,108,3,10,33391,3,10,43181,3,20,16039,3,10,-9990,0,0,1,E,8,1,E,8,23.7,E,8,12.0,E,8,48,E,8,991,E,8,285,E,8,0.9,E,8,-9990,0,0,-9990,0,0,2.154,E,8,0.095,E,8,0.20,E,8,0,-9990,0,0
08/16/2005,19:00,314,1331,163,3,10,345,3,20,82,3,10,17762,3,10,22111,3,20,12551,3,10,-9990,0,0,5,E,8,4,E,8,22.7,E,8,13.2,E,8,55,E,8,991,E,8,247,E,8,0.8,E,8,-9990,0,0,-9990,0,0,2.335,E,8,0.095,E,8,0.20,E,8,0,-9990,0,0
08/16/2005,20:00,90,597,22,3,10,0,3,20,22,3,10,2569,3,10,0,3,20,2569,3,10,-9990,0,0,5,E,8,4,E,8,21.4,E,8,12.8,E,8,58,E,8,991,E,8,54,E,8,1.1,E,8,-9990,0,0,-9990,0,0,2.274,E,8,0.095,E,8,0.20,E,8,0,-9990,0,0
08/16/2005,21:00,0,0,0,3,0,0,3,0,0,3,0,0,3,0,0,3,0,0,3,0,-9990,0,0,5,E,8,4,E,8,20.6,E,8,14.5,E,8,68,E,8,991,E,8,79,E,8,1.0,E,8,-9990,0,0,-9990,0,0,2.553,E,8,0.095,E,8,0.20,E,8,0,-9990,0,0
08/16/2005,22:00,0,0,0,3,0,0,3,0,0,3,0,0,3,0,0,3,0,0,3,0,-9990,0,0,5,E,8,4,E,8,19.8,E,8,13.4,E,8,67,E,8,991,E,8,101,E,8,2.3,E,8,-9990,0,0,-9990,0,0,2.377,E,8,0.095,E,8,0.20,E,8,0,-9990,0,0
08/16/2005,23:00,0,0,0,3,0,0,3,0,0,3,0,0,3,0,0,3,0,0,3,0,-9990,0,0,5,E,8,4,E,8,19.0,E,8,12.8,E,8,67,E,8,991,E,8,96,E,8,1.7,E,8,-9990,0,0,-9990,0,0,2.274,E,8,0.095,E,8,0.20,E,8,0,-9990,0,0
08/16/2005,24:00,0,0,0,3,0,0,3,0,0,3,0,0,3,0,0,3,0,0,3,0,-9990,0,0,5,E,8,4,E,8,18.3,E,8,12.8,E,8,70,E,8,991,E,8,48,E,8,1.5,E,8,-9990,0,0,-9990,0,0,2.272,E,8,0.095,E,8,0.20,E,8,0,-9990,0,0
08/17/2005,01:00,0,0,0,3,0,0,3,0,0,3,0,0,3,0,0,3,0,0,3,0,-9990,0,0,5,E,8,4,E,8,17.9,E,8,12.3,E,8,70,E,8,991,E,8,185,E,8,3.8,E,8,-9990,0,0,-9990,0,0,2.190,E,8,0.091,E,8,0.20,E,8,0,-9990,0,0
08/17/2005,02:00,0,0,0,3,0,0,3,0,0,3,0,0,3,0,0,3,0,0,3,0,-9990,0,0,5,E,8,4,E,8,17.5,E,8,12.4,E,8,72,E,8,991,E,8,261,E,8,3.8,E,8,-9990,0,0,-9990,0,0,2.203,E,8,0.091,E,8,0.20,E,8,0,-9990,0,0
08/17/2005,03:00,0,0,0,3,0,0,3,0,0,3,0,0,3,0,0,3,0,0,3,0,-9990,0,0,5,E,8,4,E,8,17.3,E,8,12.0,E,8,71,E,8,991,E,8,70,E,8,4.3,E,8,-9990,0,0,-9990,0,0,2.144,E,8,0.091,E,8,0.20,E,8,0,-9990,0,0
08/17/2005,04:00,0,0,0,3,0,0,3,0,0,3,0,0,3,0,0,3,0,0,3,0,-9990,0,0,5,E,8,4,E,8,17.1,E,8,12.4,E,8,74,E,8,991,E,8,5,E,8,6.5,E,8,-9990,0,0,-9990,0,0,2.209,E,8,0.091,E,8,0.20,E,8,0,-9990,0,0
08/17/2005,05:00,0,0,0,3,0,0,3,0,0,3,0,0,3,0,0,3,0,0,3,0,-9990,0,0,5,E,8,4,E,8,16.9,E,8,12.6,E,8,76,E,8,991,E,8,57,E,8,7.3,E,8,-9990,0,0,-9990,0,0,2.244,E,8,0.091,E,8,0.20,E,8,0,-9990,0,0
08/17/2005,06:00,5,137,0,3,10,0,3,20,0,3,10,31,3,10,6,3,20,31,3,10,-9990,0,0,5,E,8,4,E,8,16.9,E,8,12.8,E,8,77,E,8,991,E,8,344,E,8,5.0,E,8,-9990,0,0,-9990,0,0,2.274,E,8,0.091,E,8,0.20,E,8,0,-9990,0,0
08/17/2005,07:00,156,1332,62,3,10,198,3,20,39,3,10,6840,3,10,6163,3,20,6117,3,10,-9990,0,0,5,E,8,4,E,8,17.7,E,8,12.9,E,8,73,E,8,991,E,8,43,E,8,2.3,E,8,-9990,0,0,-9990,0,0,2.282,E,8,0.091,E,8,0.20,E,8,0,-9990,0,0
08/17/2005,08:00,383,1332,185,3,10,320,3,20,93,3,10,20192,3,10,20693,3,20,14241,3,10,-9990,0,0,5,E,8,4,E,8,19.2,E,8,13.5,E,8,70,E,8,991,E,8,79,E,8,1.0,E,8,-9990,0,0,-9990,0,0,2.394,E,8,0.091,E,8,0.20,E,8,0,-9990,0,0
08/17/2005,09:00,600,1332,325,3,10,359,3,20,163,3,10,35164,3,10,24118,3,20,24308,3,10,-9990,0,0,6,E,8,5,E,8,20.9,E,8,13.9,E,8,64,E,8,991,E,8,76,E,8,0.9,E,8,-9990,0,0,-9990,0,0,2.450,E,8,0.091,E,8,0.20,E,8,0,-9990,0,0
08/17/2005,10:00,791,1332,457,3,10,393,3,20,223,3,10,49621,3,10,27883,3,20,33062,3,10,-9990,0,0,6,E,8,5,E,8,22.6,E,8,14.3,E,8,59,E,8,991,E,8,4,E,8,1.1,E,8,-9990,0,0,-9990,0,0,2.528,E,8,0.091,E,8,0.20,E,8,0,-9990,0,0
08/17/2005,11:00,944,1332,565,3,10,400,3,20,282,3,10,61414,3,10,28611,3,20,41128,3,10,-9990,0,0,6,E,8,5,E,8,24.3,E,8,13.9,E,8,52,E,8,991,E,8,8,E,8,0.9,E,8,-9990,0,0,-9990,0,0,2.448,E,8,0.091,E,8,0.20,E,8,0,-9990,0,0
08/17/2005,12:00,1049,1332,640,3,10,443,3,20,291,3,10,70286,3,10,34984,3,20,42727,3,10,-9990,0,0,6,E,8,5,E,8,25.8,E,8,13.1,E,8,45,E,8,991,E,8,35,E,8,1.1,E,8,-9990,0,0,-9990,0,0,2.328,E,8,0.091,E,8,0.20,E,8,0,-9990,0,0
08/17/2005,13:00,1098,1332,672,3,10,438,3,20,311,3,10,73745,3,10,34496,3,20,45298,3,10,-9990,0,0,6,E,8,5,E,8,27.0,E,8,12.4,E,8,40,E,8,991,E,8,57,E,8,0.4,E,8,-9990,0,0,-9990,0,0,2.211,E,8,0.091,E,8,0.20,E,8,0,-9990,0,0
08/17/2005,14:00,1089,1332,663,3,10,430,3,20,312,3,10,72663,3,10,33517,3,20,45272,3,10,-9990,0,0,6,E,8,5,E,8,27.9,E,8,12.2,E,8,38,E,8,991,E,8,38,E,8,0.0,E,8,-9990,0,0,-9990,0,0,2.179,E,8,0.091,E,8,0.20,E,8,0,-9990,0,0
08/17/2005,15:00,1020,1332,618,3,10,400,3,20,312,3,10,67188,3,10,28897,3,20,45053,3,10,-9990,0,0,6,E,8,5,E,8,28.5,E,8,12.9,E,8,38,E,8,991,E,8,62,E,8,0.0,E,8,-9990,0,0,-9990,0,0,2.286,E,8,0.091,E,8,0.20,E,8,0,-9990,0,0
08/17/2005,16:00,898,1332,535,3,10,405,3,20,262,3,10,58112,3,10,29708,3,20,38076,3,10,-9990,0,0,6,E,8,5,E,8,28.8,E,8,12.5,E,8,36,E,8,991,E,8,90,E,8,0.0,E,8,-9990,0,0,-9990,0,0,2.219,E,8,0.091,E,8,0.20,E,8,0,-9990,0,0
08/17/2005,17:00,731,1332,417,3,10,384,3,20,206,3,10,45210,3,10,27103,3,20,30336,3,10,-9990,0,0,6,E,8,5,E,8,28.7,E,8,12.7,E,8,37,E,8,991,E,8,97,E,8,0.2,E,8,-9990,0,0,-9990,0,0,2.257,E,8,0.091,E,8,0.20,E,8,0,-9990,0,0
08/17/2005,18:00,530,1332,280,3,10,355,3,20,139,3,10,30464,3,10,24078,3,20,20890,3,10,-9990,0,0,5,E,8,4,E,8,28.1,E,8,13.1,E,8,39,E,8,991,E,8,139,E,8,0.1,E,8,-9990,0,0,-9990,0,0,2.314,E,8,0.091,E,8,0.20,E,8,0,-9990,0,0
08/17/2005,19:00,308,1332,144,3,10,250,3,20,86,3,10,15795,3,10,18537,3,20,11508,3,10,-9990,0,0,6,E,8,5,E,8,27.1,E,8,13.4,E,8,43,E,8,991,E,8,44,E,8,0.0,E,8,-9990,0,0,-9990,0,0,2.369,E,8,0.091,E,8,0.20,E,8,0,-9990,0,0
08/17/2005,20:00,84,579,14,3,10,0,3,20,14,3,10,1663,3,10,0,3,20,1663,3,10,-9990,0,0,6,E,8,5,E,8,25.8,E,8,14.0,E,8,48,E,8,991,E,8,20,E,8,0.1,E,8,-9990,0,0,-9990,0,0,2.472,E,8,0.091,E,8,0.20,E,8,0,-9990,0,0
08/17/2005,21:00,0,0,0,3,0,0,3,0,0,3,0,0,3,0,0,3,0,0,3,0,-9990,0,0,6,E,8,5,E,8,25.0,E,8,15.7,E,8,56,E,8,991,E,8,5,E,8,0.1,E,8,-9990,0,0,-9990,0,0,2.784,E,8,0.091,E,8,0.20,E,8,0,-9990,0,0
08/17/2005,22:00,0,0,0,3,0,0,3,0,0,3,0,0,3,0,0,3,0,0,3,0,-9990,0,0,6,E,8,5,E,8,24.2,E,8,16.4,E,8,62,E,8,992,E,8,53,E,8,0.5,E,8,-9990,0,0,-9990,0,0,2.934,E,8,0.091,E,8,0.20,E,8,0,-9990,0,0
08/17/2005,23:00,0,0,0,3,0,0,3,0,0,3,0,0,3,0,0,3,0,0,3,0,-9990,0,0,6,E,8,5,E,8,23.5,E,8,16.7,E,8,66,E,8,992,E,8,62,E,8,0.2,E,8,-9990,0,0,-9990,0,0,2.988,E,8,0.091,E,8,0.20,E,8,0,-9990,0,0
08/17/2005,24:00,0,0,0,3,0,0,3,0,0,3,0,0,3,0,0,3,0,0,3,0,-9990,0,0,6,E,8,5,E,8,22.7,E,8,15.5,E,8,64,E,8,992,E,8,82,E,8,0.1,E,8,-9990,0,0,-9990,0,0,2.752,E,8,0.091,E,8,0.20,E,8,0,-9990,0,0
08/18/2005,01:00,0,0,0,3,0,0,3,0,0,3,0,0,3,0,0,3,0,0,3,0,-9990,0,0,5,E,8,4,E,8,22.1,E,8,14.9,E,8,64,E,8,992,E,8,59,E,8,0.4,E,8,-9990,0,0,-9990,0,0,2.635,E,8,0.082,E,8,0.20,E,8,0,-9990,0,0
08/18/2005,02:00,0,0,0,3,0,0,3,0,0,3,0,0,3,0,0,3,0,0,3,0,-9990,0,0,5,E,8,4,E,8,21.5,E,8,14.8,E,8,66,E,8,992,E,8,125,E,8,0.7,E,8,-9990,0,0,-9990,0,0,2.618,E,8,0.082,E,8,0.20,E,8,0,-9990,0,0
08/18/2005,03:00,0,0,0,3,0,0,3,0,0,3,0,0,3,0,0,3,0,0,3,0,-9990,0,0,5,E,8,4,E,8,21.2,E,8,15.0,E,8,68,E,8,992,E,8,58,E,8,0.6,E,8,-9990,0,0,-9990,0,0,2.657,E,8,0.082,E,8,0.20,E,8,0,-9990,0,0
08/18/2005,04:00,0,0,0,3,0,0,3,0,0,3,0,0,3,0,0,3,0,0,3,0,-9990,0,0,5,E,8,4,E,8,20.8,E,8,15.4,E,8,71,E,8,992,E,8,2,E,8,0.1,E,8,-9990,0,0,-9990,0,0,2.730,E,8,0.082,E,8,0.20,E,8,0,-9990,0,0
08/18/2005,05:00,0,0,0,3,0,0,3,0,0,3,0,0,3,0,0,3,0,0,3,0,-9990,0,0,5,E,8,4,E,8,20.6,E,8,15.3,E,8,72,E,8,992,E,8,340,E,8,0.5,E,8,-9990,0,0,-9990,0,0,2.707,E,8,0.082,E,8,0.20,E,8,0,-9990,0,0
08/18/2005,06:00,4,122,0,3,10,0,3,20,0,3,10,24,3,10,5,3,20,24,3,10,-9990,0,0,5,E,8,4,E,8,20.5,E,8,16.2,E,8,76,E,8,992,E,8,336,E,8,0.9,E,8,-9990,0,0,-9990,0,0,2.882,E,8,0.082,E,8,0.20,E,8,0,-9990,0,0
08/18/2005,07:00,152,1333,60,3,10,198,3,20,38,3,10,6698,3,10,5000,3,20,6129,3,10,-9990,0,0,5,E,8,4,E,8,21.3,E,8,17.0,E,8,76,E,8,992,E,8,357,E,8,0.7,E,8,-9990,0,0,-9990,0,0,3.042,E,8,0.082,E,8,0.20,E,8,0,-9990,0,0
08/18/2005,08:00,379,1333,188,3,10,358,3,20,86,3,10,20825,3,10,24896,3,20,13746,3,10,-9990,0,0,5,E,8,4,E,8,22.7,E,8,17.2,E,8,71,E,8,992,E,8,1,E,8,1.9,E,8,-9990,0,0,-9990,0,0,3.092,E,8,0.082,E,8,0.20,E,8,0,-9990,0,0
08/18/2005,09:00,596,1333,359,3,10,524,3,20,125,3,10,39092,3,10,45470,3,20,18765,3,10,-9990,0,0,4,E,8,3,E,8,24.6,E,8,18.0,E,8,67,E,8,992,E,8,342,E,8,1.5,E,8,-9990,0,0,-9990,0,0,3.274,E,8,0.082,E,8,0.20,E,8,0,-9990,0,0
08/18/2005,10:00,787,1333,479,3,10,475,3,20,199,3,10,53019,3,10,37580,3,20,30812,3,10,-9990,0,0,5,E,8,4,E,8,26.4,E,8,17.7,E,8,59,E,8,992,E,8,38,E,8,0.8,E,8,-9990,0,0,-9990,0,0,3.195,E,8,0.082,E,8,0.20,E,8,0,-9990,0,0
08/18/2005,11:00,941,1333,634,3,10,619,3,20,197,3,10,69853,3,10,59956,3,20,27518,3,10,-9990,0,0,4,E,8,3,E,8,28.3,E,8,18.3,E,8,55,E,8,992,E,8,10,E,8,0.4,E,8,-9990,0,0,-9990,0,0,3.344,E,8,0.082,E,8,0.20,E,8,0,-9990,0,0
08/18/2005,12:00,1046,1333,712,3,10,650,3,20,203,3,10,79116,3,10,65004,3,20,28104,3,10,-9990,0,0,3,E,8,2,E,8,29.9,E,8,18.2,E,8,49,E,8,992,E,8,65,E,8,0.2,E,8,-9990,0,0,-9990,0,0,3.307,E,8,0.082,E,8,0.20,E,8,0,-9990,0,0
08/18/2005,13:00,1095,1333,753,3,10,614,3,20,248,3,10,82908,3,10,60777,3,20,32976,3,10,-9990,0,0,4,E,8,3,E,8,31.3,E,8,18.2,E,8,46,E,8,992,E,8,75,E,8,0.9,E,8,-9990,0,0,-9990,0,0,3.327,E,8,0.082,E,8,0.20,E,8,0,-9990,0,0
08/18/2005,14:00,1085,1333,725,3,10,567,3,20,264,3,10,79470,3,10,55098,3,20,34622,3,10,-9990,0,0,5,E,8,4,E,8,32.2,E,8,18.3,E,8,44,E,8,992,E,8,102,E,8,1.1,E,8,-9990,0,0,-9990,0,0,3.342,E,8,0.082,E,8,0.20,E,8,0,-9990,0,0
08/18/2005,15:00,1016,1333,688,3,10,615,3,20,219,3,10,75901,3,10,60219,3,20,29983,3,10,-9990,0,0,4,E,8,3,E,8,32.9,E,8,18.6,E,8,43,E,8,992,E,8,15,E,8,2.5,E,8,-9990,0,0,-9990,0,0,3.407,E,8,0.082,E,8,0.20,E,8,0,-9990,0,0
08/18/2005,16:00,894,1333,580,3,10,588,3,20,186,3,10,64094,3,10,56151,3,20,26433,3,10,-9990,0,0,4,E,8,3,E,8,33.2,E,8,19.3,E,8,44,E,8,992,E,8,85,E,8,1.9,E,8,-9990,0,0,-9990,0,0,3.572,E,8,0.082,E,8,0.20,E,8,0,-9990,0,0
08/18/2005,17:00,726,1333,437,3,10,487,3,20,172,3,10,48773,3,10,39433,3,20,27291,3,10,-9990,0,0,5,E,8,4,E,8,33.0,E,8,19.1,E,8,44,E,8,992,E,8,55,E,8,0.4,E,8,-9990,0,0,-9990,0,0,3.540,E,8,0.082,E,8,0.20,E,8,0,-9990,0,0
08/18/2005,18:00,524,1333,303,3,10,502,3,20,105,3,10,33208,3,10,42949,3,20,16315,3,10,-9990,0,0,3,E,8,2,E,8,32.3,E,8,19.3,E,8,46,E,8,992,E,8,3,E,8,1.1,E,8,-9990,0,0,-9990,0,0,3.578,E,8,0.082,E,8,0.20,E,8,0,-9990,0,0
08/18/2005,19:00,302,1333,143,3,10,261,3,20,84,3,10,15692,3,10,10177,3,20,13385,3,10,-9990,0,0,6,E,8,5,E,8,31.2,E,8,19.2,E,8,49,E,8,991,E,8,65,E,8,1.9,E,8,-9990,0,0,-9990,0,0,3.566,E,8,0.082,E,8,0.20,E,8,0,-9990,0,0
08/18/2005,20:00,79,560,14,3,10,0,3,20,14,3,10,1647,3,10,0,3,20,1647,3,10,-9990,0,0,6,E,8,5,E,8,29.8,E,8,19.0,E,8,52,E,8,991,E,8,99,E,8,2.3,E,8,-9990,0,0,-9990,0,0,3.514,E,8,0.082,E,8,0.20,E,8,0,-9990,0,0
08/18/2005,21:00,0,0,0,3,0,0,3,0,0,3,0,0,3,0,0,3,0,0,3,0,-9990,0,0,6,E,8,5,E,8,29.0,E,8,20.6,E,8,60,E,8,991,E,8,99,E,8,1.1,E,8,-9990,0,0,-9990,0,0,3.918,E,8,0.082,E,8,0.20,E,8,0,-9990,0,0
08/18/2005,22:00,0,0,0,3,0,0,3,0,0,3,0,0,3,0,0,3,0,0,3,0,-9990,0,0,6,E,8,5,E,8,28.3,E,8,19.9,E,8,61,E,8,991,E,8,227,E,8,0.9,E,8,-9990,0,0,-9990,0,0,3.733,E,8,0.082,E,8,0.20,E,8,0,-9990,0,0
08/18/2005,23:00,0,0,0,3,0,0,3,0,0,3,0,0,3,0,0,3,0,0,3,0,-9990,0,0,6,E,8,5,E,8,27.5,E,8,20.6,E,8,66,E,8,991,E,8,218,E,8,1.7,E,8,-9990,0,0,-9990,0,0,3.918,E,8,0.082,E,8,0.20,E,8,0,-9990,0,0
08/18/2005,24:00,0,0,0,3,0,0,3,0,0,3,0,0,3,0,0,3,0,0,3,0,-9990,0,0,6,E,8,5,E,8,26.7,E,8,20.3,E,8,68,E,8,991,E,8,189,E,8,1.9,E,8,-9990,0,0,-9990,0,0,3.851,E,8,0.082,E,8,0.20,E,8,0,-9990,0,0
08/19/2005,01:00,0,0,0,3,0,0,3,0,0,3,0,0,3,0,0,3,0,0,3,0,-9990,0,0,6,E,8,5,E,8,26.3,E,8,19.3,E,8,66,E,8,991,E,8,253,E,8,3.4,E,8,-9990,0,0,-9990,0,0,3.589,E,8,0.090,E,8,0.20,E,8,0,-9990,0,0
08/19/2005,02:00,0,0,0,3,0,0,3,0,0,3,0,0,3,0,0,3,0,0,3,0,-9990,0,0,6,E,8,5,E,8,25.8,E,8,19.9,E,8,70,E,8,990,E,8,269,E,8,2.7,E,8,-9990,0,0,-9990,0,0,3.733,E,8,0.090,E,8,0.20,E,8,0,-9990,0,0
08/19/2005,03:00,0,0,0,3,0,0,3,0,0,3,0,0,3,0,0,3,0,0,3,0,-9990,0,0,6,E,8,5,E,8,25.6,E,8,20.3,E,8,73,E,8,990,E,8,274,E,8,1.7,E,8,-9990,0,0,-9990,0,0,3.838,E,8,0.090,E,8,0.20,E,8,0,-9990,0,0
08/19/2005,04:00,0,0,0,3,0,0,3,0,0,3,0,0,3,0,0,3,0,0,3,0,-9990,0,0,6,E,8,5,E,8,25.3,E,8,19.9,E,8,72,E,8,990,E,8,315,E,8,4.3,E,8,-9990,0,0,-9990,0,0,3.744,E,8,0.090,E,8,0.20,E,8,0,-9990,0,0
08/19/2005,05:00,0,0,0,3,0,0,3,0,0,3,0,0,3,0,0,3,0,0,3,0,-9990,0,0,6,E,8,5,E,8,25.2,E,8,19.4,E,8,70,E,8,990,E,8,316,E,8,4.1,E,8,-9990,0,0,-9990,0,0,3.605,E,8,0.090,E,8,0.20,E,8,0,-9990,0,0
08/19/2005,06:00,3,107,0,3,10,0,3,20,0,3,10,19,3,10,5,3,20,19,3,10,-9990,0,0,6,E,8,5,E,8,25.2,E,8,20.2,E,8,74,E,8,990,E,8,304,E,8,1.9,E,8,-9990,0,0,-9990,0,0,3.819,E,8,0.090,E,8,0.20,E,8,0,-9990,0,0
08/19/2005,07:00,147,1333,52,3,10,122,3,20,39,3,10,5849,3,10,1268,3,20,5709,3,10,-9990,0,0,6,E,8,5,E,8,25.9,E,8,20.1,E,8,70,E,8,990,E,8,335,E,8,2.3,E,8,-9990,0,0,-9990,0,0,3.786,E,8,0.090,E,8,0.20,E,8,0,-9990,0,0
08/19/2005,08:00,375,1333,170,3,10,268,3,20,95,3,10,18815,3,10,12124,3,20,15408,3,10,-9990,0,0,6,E,8,5,E,8,27.2,E,8,20.6,E,8,67,E,8,990,E,8,313,E,8,3.0,E,8,-9990,0,0,-9990,0,0,3.918,E,8,0.090,E,8,0.20,E,8,0,-9990,0,0
08/19/2005,09:00,592,1333,238,3,10,86,3,20,200,3,10,26920,3,10,8032,3,20,23354,3,10,-9990,0,0,10,E,8,9,E,8,28.3,E,8,20.2,E,8,62,E,8,990,E,8,333,E,8,2.1,E,8,-9990,0,0,-9990,0,0,3.826,E,8,0.090,E,8,0.20,E,8,0,-9990,0,0
08/19/2005,10:00,784,1333,347,3,10,136,3,20,267,3,10,38955,3,10,10765,3,20,32627,3,10,-9990,0,0,9,E,8,8,E,8,29.5,E,8,18.8,E,8,53,E,8,989,E,8,322,E,8,1.9,E,8,-9990,0,0,-9990,0,0,3.465,E,8,0.090,E,8,0.20,E,8,0,-9990,0,0
08/19/2005,11:00,937,1333,445,3,10,155,3,20,336,3,10,49951,3,10,13243,3,20,40640,3,10,-9990,0,0,9,E,8,8,E,8,30.8,E,8,19.1,E,8,50,E,8,989,E,8,302,E,8,0.2,E,8,-9990,0,0,-9990,0,0,3.533,E,8,0.090,E,8,0.20,E,8,0,-9990,0,0
08/19/2005,12:00,1042,1333,474,3,10,143,3,20,363,3,10,53473,3,10,12466,3,20,43728,3,10,-9990,0,0,9,E,8,8,E,8,31.8,E,8,18.6,E,8,46,E,8,989,E,8,301,E,8,0.3,E,8,-9990,0,0,-9990,0,0,3.420,E,8,0.090,E,8,0.20,E,8,0,-9990,0,0
08/19/2005,13:00,1091,1333,553,3,10,211,3,20,381,3,10,62448,3,10,20304,3,20,45831,3,10,-9990,0,0,9,E,8,8,E,8,32.9,E,8,18.8,E,8,43,E,8,989,E,8,302,E,8,0.6,E,8,-9990,0,0,-9990,0,0,3.451,E,8,0.090,E,8,0.20,E,8,0,-9990,0,0
08/19/2005,14:00,1081,1333,587,3,10,277,3,20,362,3,10,65568,3,10,24652,3,20,45584,3,10,-9990,0,0,8,E,8,6,E,8,33.8,E,8,18.6,E,8,41,E,8,989,E,8,319,E,8,1.5,E,8,-9990,0,0,-9990,0,0,3.404,E,8,0.090,E,8,0.20,E,8,0,-9990,0,0
08/19/2005,15:00,1012,1333,512,3,10,184,3,20,372,3,10,57519,3,10,16857,3,20,44725,3,10,-9990,0,0,9,E,8,8,E,8,34.3,E,8,18.6,E,8,40,E,8,989,E,8,305,E,8,2.3,E,8,-9990,0,0,-9990,0,0,3.411,E,8,0.090,E,8,0.20,E,8,0,-9990,0,0
08/19/2005,16:00,889,1333,391,3,10,117,3,20,313,3,10,43868,3,10,9061,3,20,37825,3,10,-9990,0,0,10,E,8,9,E,8,34.4,E,8,18.3,E,8,39,E,8,989,E,8,322,E,8,1.1,E,8,-9990,0,0,-9990,0,0,3.349,E,8,0.090,E,8,0.20,E,8,0,-9990,0,0
08/19/2005,17:00,721,1333,343,3,10,145,3,20,264,3,10,38243,3,10,11443,3,20,32055,3,10,-9990,0,0,9,E,8,8,E,8,34.4,E,8,18.1,E,8,38,E,8,989,E,8,298,E,8,2.1,E,8,-9990,0,0,-9990,0,0,3.289,E,8,0.090,E,8,0.20,E,8,0,-9990,0,0
08/19/2005,18:00,519,1333,206,3,10,88,3,20,171,3,10,23153,3,10,8201,3,20,19963,3,10,-9990,0,0,10,E,8,9,E,8,33.9,E,8,18.9,E,8,41,E,8,989,E,8,298,E,8,2.3,E,8,-9990,0,0,-9990,0,0,3.482,E,8,0.090,E,8,0.20,E,8,0,-9990,0,0
08/19/2005,19:00,296,1333,98,3,10,74,3,20,82,3,10,11191,3,10,3178,3,20,10485,3,10,-9990,0,0,9,E,8,8,E,8,33.2,E,8,18.8,E,8,43,E,8,989,E,8,310,E,8,0.9,E,8,-9990,0,0,-9990,0,0,3.471,E,8,0.090,E,8,0.20,E,8,0,-9990,0,0
08/19/2005,20:00,74,541,3,3,10,0,3,20,3,3,10,403,3,10,7,3,20,402,3,10,-9990,0,0,10,E,8,9,E,8,32.2,E,8,18.6,E,8,45,E,8,989,E,8,318,E,8,0.4,E,8,-9990,0,0,-9990,0,0,3.407,E,8,0.090,E,8,0.20,E,8,0,-9990,0,0
08/19/2005,21:00,0,0,0,3,0,0,3,0,0,3,0,0,3,0,0,3,0,0,3,0,-9990,0,0,10,E,8,9,E,8,30.7,E,8,20.6,E,8,55,E,8,989,E,8,335,E,8,0.3,E,8,-9990,0,0,-9990,0,0,3.918,E,8,0.090,E,8,0.20,E,8,0,-9990,0,0
08/19/2005,22:00,0,0,0,3,0,0,3,0,0,3,0,0,3,0,0,3,0,0,3,0,-9990,0,0,10,E,8,9,E,8,29.3,E,8,20.6,E,8,60,E,8,989,E,8,269,E,8,0.1,E,8,-9990,0,0,-9990,0,0,3.918,E,8,0.090,E,8,0.20,E,8,0,-9990,0,0
08/19/2005,23:00,0,0,0,3,0,0,3,0,0,3,0,0,3,0,0,3,0,0,3,0,-9990,0,0,10,E,8,9,E,8,27.8,E,8,20.6,E,8,65,E,8,989,E,8,285,E,8,0.1,E,8,-9990,0,0,-9990,0,0,3.918,E,8,0.090,E,8,0.20,E,8,0,-9990,0,0
08/19/2005,24:00,0,0,0,3,0,0,3,0,0,3,0,0,3,0,0,3,0,0,3,0,-9990,0,0,10,E,8,9,E,8,26.4,E,8,20.6,E,8,70,E,8,989,E,8,11,E,8,0.0,E,8,-9990,0,0,-9990,0,0,3.918,E,8,0.090,E,8,0.20,E,8,0,-9990,0,0
08/20/2005,01:00,0,0,0,3,0,0,3,0,0,3,0,0,3,0,0,3,0,0,3,0,-9990,0,0,10,E,8,9,E,8,24.9,E,8,20.6,E,8,77,E,8,989,E,8,44,E,8,0.4,E,8,-9990,0,0,-9990,0,0,3.918,E,8,0.087,E,8,0.20,E,8,1,-9990,0,0
08/20/2005,02:00,0,0,0,3,0,0,3,0,0,3,0,0,3,0,0,3,0,0,3,0,-9990,0,0,10,E,8,9,E,8,23.5,E,8,20.6,E,8,84,E,8,989,E,8,64,E,8,0.6,E,8,-9990,0,0,-9990,0,0,3.918,E,8,0.087,E,8,0.20,E,8,0,-9990,0,0
08/20/2005,03:00,0,0,0,3,0,0,3,0,0,3,0,0,3,0,0,3,0,0,3,0,-9990,0,0,10,E,8,9,E,8,22.7,E,8,19.3,E,8,81,E,8,989,E,8,99,E,8,0.7,E,8,-9990,0,0,-9990,0,0,3.591,E,8,0.087,E,8,0.20,E,8,0,-9990,0,0
08/20/2005,04:00,0,0,0,3,0,0,3,0,0,3,0,0,3,0,0,3,0,0,3,0,-9990,0,0,10,E,8,9,E,8,21.9,E,8,20.4,E,8,91,E,8,989,E,8,236,E,8,0.6,E,8,-9990,0,0,-9990,0,0,3.879,E,8,0.087,E,8,0.20,E,8,0,-9990,0,0
08/20/2005,05:00,0,0,0,3,0,0,3,0,0,3,0,0,3,0,0,3,0,0,3,0,-9990,0,0,10,E,8,9,E,8,21.4,E,8,20.0,E,8,92,E,8,989,E,8,177,E,8,1.0,E,8,-9990,0,0,-9990,0,0,3.749,E,8,0.087,E,8,0.20,E,8,0,-9990,0,0
08/20/2005,06:00,2,91,0,3,10,0,3,20,0,3,10,20,3,10,6,3,20,20,3,10,-9990,0,0,10,E,8,9,E,8,21.3,E,8,19.7,E,8,90,E,8,989,E,8,142,E,8,1.5,E,8,-9990,0,0,-9990,0,0,3.675,E,8,0.087,E,8,0.20,E,8,0,-9990,0,0
08/20/2005,07:00,142,1334,46,3,10,82,3,20,37,3,10,5116,3,10,0,3,20,5116,3,10,-9990,0,0,10,E,8,9,E,8,21.8,E,8,19.6,E,8,87,E,8,989,E,8,46,E,8,2.1,E,8,-9990,0,0,-9990,0,0,3.647,E,8,0.087,E,8,0.20,E,8,0,-9990,0,0
08/20/2005,08:00,370,1334,92,3,10,0,3,20,92,3,10,10434,3,10,0,3,20,10434,3,10,-9990,0,0,10,E,8,9,E,8,22.2,E,8,18.8,E,8,81,E,8,989,E,8,119,E,8,5.0,E,8,-9990,0,0,-9990,0,0,3.458,E,8,0.087,E,8,0.20,E,8,0,-9990,0,0
08/20/2005,09:00,588,1334,178,3,10,21,3,20,169,3,10,20271,3,10,2146,3,20,19325,3,10,-9990,0,0,10,E,8,9,E,8,23.0,E,8,17.4,E,8,71,E,8,989,E,8,256,E,8,2.5,E,8,-9990,0,0,-9990,0,0,3.143,E,8,0.087,E,8,0.20,E,8,0,-9990,0,0
08/20/2005,10:00,780,1334,346,3,10,146,3,20,261,3,10,38769,3,10,12370,3,20,31535,3,10,-9990,0,0,9,E,8,8,E,8,24.2,E,8,16.9,E,8,64,E,8,989,E,8,289,E,8,1.5,E,8,-9990,0,0,-9990,0,0,3.031,E,8,0.087,E,8,0.20,E,8,0,-9990,0,0
08/20/2005,11:00,934,1334,359,3,10,71,3,20,310,3,10,40493,3,10,6584,3,20,35884,3,10,-9990,0,0,10,E,8,9,E,8,25.0,E,8,16.8,E,8,60,E,8,988,E,8,260,E,8,2.1,E,8,-9990,0,0,-9990,0,0,3.009,E,8,0.087,E,8,0.20,E,8,0,-9990,0,0
08/20/2005,12:00,1038,1334,329,3,10,21,3,20,313,3,10,38384,3,10,2142,3,20,36716,3,10,-9990,0,0,10,E,8,9,E,8,25.5,E,8,16.4,E,8,57,E,8,988,E,8,255,E,8,3.0,E,8,-9990,0,0,-9990,0,0,2.926,E,8,0.087,E,8,0.20,E,8,0,-9990,0,0
08/20/2005,13:00,1087,1334,366,3,10,30,3,20,342,3,10,41355,3,10,2024,3,20,39704,3,10,-9990,0,0,10,E,8,9,E,8,25.9,E,8,16.5,E,8,56,E,8,988,E,8,269,E,8,4.3,E,8,-9990,0,0,-9990,0,0,2.940,E,8,0.087,E,8,0.20,E,8,0,-9990,0,0
08/20/2005,14:00,1077,1334,494,3,10,143,3,20,378,3,10,55559,3,10,13026,3,20,45043,3,10,-9990,0,0,9,E,8,8,E,8,26.6,E,8,16.8,E,8,55,E,8,989,E,8,263,E,8,4.1,E,8,-9990,0,0,-9990,0,0,3.003,E,8,0.087,E,8,0.20,E,8,0,-9990,0,0
08/20/2005,15:00,1007,1334,527,3,10,228,3,20,355,3,10,58366,3,10,18930,3,20,44067,3,10,-9990,0,0,9,E,8,8,E,8,27.2,E,8,17.2,E,8,54,E,8,989,E,8,279,E,8,1.9,E,8,-9990,0,0,-9990,0,0,3.090,E,8,0.087,E,8,0.20,E,8,0,-9990,0,0
08/20/2005,16:00,884,1334,523,3,10,396,3,20,260,3,10,57167,3,10,27528,3,20,38916,3,10,-9990,0,0,6,E,8,5,E,8,27.7,E,8,16.2,E,8,50,E,8,989,E,8,289,E,8,1.3,E,8,-9990,0,0,-9990,0,0,2.877,E,8,0.087,E,8,0.20,E,8,0,-9990,0,0
08/20/2005,17:00,716,1334,429,3,10,431,3,20,198,3,10,46989,3,10,31573,3,20,30050,3,10,-9990,0,0,5,E,8,4,E,8,27.9,E,8,16.1,E,8,49,E,8,989,E,8,328,E,8,0.9,E,8,-9990,0,0,-9990,0,0,2.867,E,8,0.087,E,8,0.20,E,8,0,-9990,0,0
08/20/2005,18:00,513,1334,340,3,10,624,3,20,100,3,10,37052,3,10,56301,3,20,15403,3,10,-9990,0,0,0,E,8,0,E,8,27.8,E,8,15.6,E,8,47,E,8,989,E,8,329,E,8,1.5,E,8,-9990,0,0,-9990,0,0,2.769,E,8,0.087,E,8,0.20,E,8,0,-9990,0,0
08/20/2005,19:00,290,1334,190,3,10,465,3,20,89,3,10,20556,3,10,31811,3,20,13641,3,10,-9990,0,0,4,E,8,3,E,8,27.4,E,8,15.7,E,8,49,E,8,989,E,8,330,E,8,0.7,E,8,-9990,0,0,-9990,0,0,2.778,E,8,0.087,E,8,0.20,E,8,0,-9990,0,0
08/20/2005,20:00,69,521,39,3,10,0,3,20,39,3,10,4334,3,10,0,3,20,4334,3,10,-9990,0,0,4,E,8,3,E,8,26.6,E,8,15.0,E,8,49,E,8,989,E,8,322,E,8,0.6,E,8,-9990,0,0,-9990,0,0,2.646,E,8,0.087,E,8,0.20,E,8,0,-9990,0,0
08/20/2005,21:00,0,0,0,3,0,0,3,0,0,3,0,0,3,0,0,3,0,0,3,0,-9990,0,0,4,E,8,3,E,8,24.9,E,8,15.7,E,8,56,E,8,989,E,8,318,E,8,0.6,E,8,-9990,0,0,-9990,0,0,2.778,E,8,0.087,E,8,0.20,E,8,0,-9990,0,0
08/20/2005,22:00,0,0,0,3,0,0,3,0,0,3,0,0,3,0,0,3,0,0,3,0,-9990,0,0,3,E,8,2,E,8,23.2,E,8,15.4,E,8,61,E,8,989,E,8,305,E,8,0.8,E,8,-9990,0,0,-9990,0,0,2.717,E,8,0.087,E,8,0.20,E,8,0,-9990,0,0
08/20/2005,23:00,0,0,0,3,0,0,3,0,0,3,0,0,3,0,0,3,0,0,3,0,-9990,0,0,3,E,8,2,E,8,21.6,E,8,13.8,E,8,61,E,8,989,E,8,309,E,8,1.0,E,8,-9990,0,0,-9990,0,0,2.438,E,8,0.087,E,8,0.20,E,8,0,-9990,0,0
08/20/2005,24:00,0,0,0,3,0,0,3,0,0,3,0,0,3,0,0,3,0,0,3,0,-9990,0,0,3,E,8,2,E,8,19.9,E,8,13.5,E,8,66,E,8,989,E,8,326,E,8,3.8,E,8,-9990,0,0,-9990,0,0,2.381,E,8,0.087,E,8,0.20,E,8,0,-9990,0,0
08/21/2005,01:00,0,0,0,3,0,0,3,0,0,3,0,0,3,0,0,3,0,0,3,0,-9990,0,0,3,E,8,2,E,8,18.7,E,8,14.3,E,8,76,E,8,989,E,8,305,E,8,1.7,E,8,-9990,0,0,-9990,0,0,2.527,E,8,0.093,E,8,0.20,E,8,0,-9990,0,0
08/21/2005,02:00,0,0,0,3,0,0,3,0,0,3,0,0,3,0,0,3,0,0,3,0,-9990,0,0,1,E,8,1,E,8,17.3,E,8,13.7,E,8,79,E,8,989,E,8,307,E,8,0.6,E,8,-9990,0,0,-9990,0,0,2.422,E,8,0.093,E,8,0.20,E,8,0,-9990,0,0
08/21/2005,03:00,0,0,0,3,0,0,3,0,0,3,0,0,3,0,0,3,0,0,3,0,-9990,0,0,1,E,8,1,E,8,16.6,E,8,13.5,E,8,82,E,8,989,E,8,334,E,8,0.8,E,8,-9990,0,0,-9990,0,0,2.393,E,8,0.093,E,8,0.20,E,8,0,-9990,0,0
08/21/2005,04:00,0,0,0,3,0,0,3,0,0,3,0,0,3,0,0,3,0,0,3,0,-9990,0,0,1,E,8,1,E,8,15.9,E,8,12.7,E,8,82,E,8,990,E,8,321,E,8,1.3,E,8,-9990,0,0,-9990,0,0,2.263,E,8,0.093,E,8,0.20,E,8,0,-9990,0,0
08/21/2005,05:00,0,0,0,3,0,0,3,0,0,3,0,0,3,0,0,3,0,0,3,0,-9990,0,0,1,E,8,1,E,8,15.4,E,8,12.9,E,8,85,E,8,990,E,8,301,E,8,0.7,E,8,-9990,0,0,-9990,0,0,2.281,E,8,0.093,E,8,0.20,E,8,0,-9990,0,0
08/21/2005,06:00,1,76,0,3,10,0,3,20,0,3,10,11,3,10,4,3,20,11,3,10,-9990,0,0,0,E,8,0,E,8,15.2,E,8,12.6,E,8,84,E,8,990,E,8,327,E,8,1.1,E,8,-9990,0,0,-9990,0,0,2.236,E,8,0.093,E,8,0.20,E,8,0,-9990,0,0
08/21/2005,07:00,138,1334,72,3,10,418,3,20,29,3,10,7734,3,10,27709,3,20,4872,3,10,-9990,0,0,0,E,8,0,E,8,16.0,E,8,11.8,E,8,76,E,8,990,E,8,312,E,8,1.7,E,8,-9990,0,0,-9990,0,0,2.120,E,8,0.093,E,8,0.20,E,8,0,-9990,0,0
08/21/2005,08:00,366,1334,238,3,10,699,3,20,46,3,10,26112,3,10,68768,3,20,7240,3,10,-9990,0,0,0,E,8,0,E,8,17.5,E,8,12.8,E,8,74,E,8,990,E,8,330,E,8,1.3,E,8,-9990,0,0,-9990,0,0,2.267,E,8,0.093,E,8,0.20,E,8,0,-9990,0,0
08/21/2005,09:00,584,1334,407,3,10,791,3,20,61,3,10,44551,3,10,80938,3,20,9131,3,10,-9990,0,0,0,E,8,0,E,8,19.2,E,8,13.1,E,8,68,E,8,990,E,8,269,E,8,2.7,E,8,-9990,0,0,-9990,0,0,2.327,E,8,0.093,E,8,0.20,E,8,0,-9990,0,0
08/21/2005,10:00,776,1334,634,3,10,900,3,20,111,3,10,68819,3,10,91458,3,20,15614,3,10,-9990,0,0,0,E,8,0,E,8,21.3,E,8,12.0,E,8,55,E,8,990,E,8,340,E,8,1.1,E,8,-9990,0,0,-9990,0,0,2.156,E,8,0.093,E,8,0.20,E,8,0,-9990,0,0
08/21/2005,11:00,930,1334,749,3,10,811,3,20,184,3,10,81625,3,10,80965,3,20,25193,3,10,-9990,0,0,0,E,8,0,E,8,23.1,E,8,11.7,E,8,48,E,8,990,E,8,266,E,8,2.3,E,8,-9990,0,0,-9990,0,0,2.101,E,8,0.093,E,8,0.20,E,8,0,-9990,0,0
08/21/2005,12:00,1035,1334,525,3,10,242,3,20,338,3,10,58255,3,10,23300,3,20,40186,3,10,-9990,0,0,8,E,8,6,E,8,23.6,E,8,11.0,E,8,45,E,8,990,E,8,293,E,8,2.7,E,8,-9990,0,0,-9990,0,0,2.008,E,8,0.093,E,8,0.20,E,8,0,-9990,0,0
08/21/2005,13:00,1083,1334,575,3,10,254,3,20,369,3,10,63744,3,10,25166,3,20,43310,3,10,-9990,0,0,8,E,8,6,E,8,24.1,E,8,10.5,E,8,42,E,8,990,E,8,142,E,8,4.1,E,8,-9990,0,0,-9990,0,0,1.933,E,8,0.093,E,8,0.20,E,8,0,-9990,0,0
08/21/2005,14:00,1072,1334,504,3,10,158,3,20,377,3,10,56327,3,10,15708,3,20,43701,3,10,-9990,0,0,9,E,8,8,E,8,24.3,E,8,10.7,E,8,42,E,8,990,E,8,75,E,8,4.1,E,8,-9990,0,0,-9990,0,0,1.964,E,8,0.093,E,8,0.20,E,8,0,-9990,0,0
08/21/2005,15:00,1003,1334,486,3,10,160,3,20,366,3,10,54170,3,10,15600,3,20,42444,3,10,-9990,0,0,9,E,8,8,E,8,24.4,E,8,10.7,E,8,42,E,8,990,E,8,64,E,8,2.5,E,8,-9990,0,0,-9990,0,0,1.967,E,8,0.093,E,8,0.20,E,8,0,-9990,0,0
08/21/2005,16:00,879,1334,440,3,10,200,3,20,308,3,10,49004,3,10,19699,3,20,36021,3,10,-9990,0,0,9,E,8,8,E,8,24.3,E,8,10.6,E,8,42,E,8,990,E,8,16,E,8,1.1,E,8,-9990,0,0,-9990,0,0,1.952,E,8,0.093,E,8,0.20,E,8,0,-9990,0,0
08/21/2005,17:00,710,1334,330,3,10,128,3,20,262,3,10,36584,3,10,10757,3,20,30859,3,10,-9990,0,0,9,E,8,8,E,8,23.9,E,8,11.0,E,8,44,E,8,989,E,8,19,E,8,0.6,E,8,-9990,0,0,-9990,0,0,1.997,E,8,0.093,E,8,0.20,E,8,0,-9990,0,0
08/21/2005,18:00,507,1334,199,3,10,86,3,20,166,3,10,22207,3,10,8069,3,20,19141,3,10,-9990,0,0,10,E,8,9,E,8,23.1,E,8,11.4,E,8,48,E,8,989,E,8,26,E,8,0.4,E,8,-9990,0,0,-9990,0,0,2.057,E,8,0.093,E,8,0.20,E,8,0,-9990,0,0
08/21/2005,19:00,284,1334,90,3,10,59,3,20,78,3,10,10184,3,10,2719,3,20,9605,3,10,-9990,0,0,10,E,8,9,E,8,22.0,E,8,10.7,E,8,49,E,8,989,E,8,2,E,8,0.0,E,8,-9990,0,0,-9990,0,0,1.967,E,8,0.093,E,8,0.20,E,8,0,-9990,0,0
08/21/2005,20:00,64,502,7,3,10,0,3,20,7,3,10,860,3,10,7,3,20,859,3,10,-9990,0,0,10,E,8,9,E,8,20.9,E,8,10.3,E,8,51,E,8,989,E,8,32,E,8,0.0,E,8,-9990,0,0,-9990,0,0,1.911,E,8,0.093,E,8,0.20,E,8,0,-9990,0,0
08/21/2005,21:00,0,0,0,3,0,0,3,0,0,3,0,0,3,0,0,3,0,0,3,0,-9990,0,0,10,E,8,9,E,8,19.8,E,8,11.6,E,8,59,E,8,988,E,8,48,E,8,1.0,E,8,-9990,0,0,-9990,0,0,2.093,E,8,0.093,E,8,0.20,E,8,0,-9990,0,0
08/21/2005,22:00,0,0,0,3,0,0,3,0,0,3,0,0,3,0,0,3,0,0,3,0,-9990,0,0,10,E,8,9,E,8,18.6,E,8,12.2,E,8,66,E,8,988,E,8,342,E,8,1.9,E,8,-9990,0,0,-9990,0,0,2.173,E,8,0.093,E,8,0.20,E,8,0,-9990,0,0
08/21/2005,23:00,0,0,0,3,0,0,3,0,0,3,0,0,3,0,0,3,0,0,3,0,-9990,0,0,10,E,8,9,E,8,17.5,E,8,12.1,E,8,70,E,8,988,E,8,21,E,8,2.3,E,8,-9990,0,0,-9990,0,0,2.157,E,8,0.093,E,8,0.20,E,8,0,-9990,0,0
08/21/2005,24:00,0,0,0,3,0,0,3,0,0,3,0,0,3,0,0,3,0,0,3,0,-9990,0,0,10,E,8,9,E,8,16.4,E,8,11.3,E,8,72,E,8,988,E,8,352,E,8,0.9,E,8,-9990,0,0,-9990,0,0,2.041,E,8,0.093,E,8,0.20,E,8,0,-9990,0,0
08/22/2005,01:00,0,0,0,3,0,0,3,0,0,3,0,0,3,0,0,3,0,0,3,0,-9990,0,0,10,E,8,9,E,8,15.8,E,8,12.6,E,8,81,E,8,988,E,8,351,E,8,0.7,E,8,-9990,0,0,-9990,0,0,2.237,E,8,0.099,E,8,0.20,E,8,0,-9990,0,0
08/22/2005,02:00,0,0,0,3,0,0,3,0,0,3,0,0,3,0,0,3,0,0,3,0,-9990,0,0,10,E,8,9,E,8,15.4,E,8,12.9,E,8,85,E,8,987,E,8,332,E,8,0.4,E,8,-9990,0,0,-9990,0,0,2.288,E,8,0.099,E,8,0.20,E,8,0,-9990,0,0
08/22/2005,03:00,0,0,0,3,0,0,3,0,0,3,0,0,3,0,0,3,0,0,3,0,-9990,0,0,10,E,8,9,E,8,15.1,E,8,12.8,E,8,86,E,8,987,E,8,347,E,8,1.5,E,8,-9990,0,0,-9990,0,0,2.266,E,8,0.099,E,8,0.20,E,8,0,-9990,0,0
08/22/2005,04:00,0,0,0,3,0,0,3,0,0,3,0,0,3,0,0,3,0,0,3,0,-9990,0,0,10,E,8,9,E,8,14.8,E,8,12.9,E,8,88,E,8,987,E,8,336,E,8,0.2,E,8,-9990,0,0,-9990,0,0,2.294,E,8,0.099,E,8,0.20,E,8,0,-9990,0,0
08/22/2005,05:00,0,0,0,3,0,0,3,0,0,3,0,0,3,0,0,3,0,0,3,0,-9990,0,0,10,E,8,9,E,8,14.6,E,8,12.9,E,8,89,E,8,987,E,8,337,E,8,0.1,E,8,-9990,0,0,-9990,0,0,2.283,E,8,0.099,E,8,0.20,E,8,0,-9990,0,0
08/22/2005,06:00,1,61,0,3,10,0,3,20,0,3,10,8,3,10,4,3,20,8,3,10,-9990,0,0,10,E,8,9,E,8,14.6,E,8,12.8,E,8,89,E,8,986,E,8,330,E,8,0.1,E,8,-9990,0,0,-9990,0,0,2.279,E,8,0.099,E,8,0.20,E,8,0,-9990,0,0
08/22/2005,07:00,133,1335,36,3,10,20,3,20,34,3,10,4019,3,10,255,3,20,3994,3,10,-9990,0,0,10,E,8,9,E,8,15.0,E,8,13.1,E,8,88,E,8,986,E,8,4,E,8,0.3,E,8,-9990,0,0,-9990,0,0,2.317,E,8,0.099,E,8,0.20,E,8,0,-9990,0,0
08/22/2005,08:00,362,1335,120,3,10,49,3,20,107,3,10,13405,3,10,3796,3,20,12376,3,10,-9990,0,0,10,E,8,9,E,8,15.9,E,8,12.8,E,8,82,E,8,986,E,8,44,E,8,0.2,E,8,-9990,0,0,-9990,0,0,2.266,E,8,0.099,E,8,0.20,E,8,0,-9990,0,0
08/22/2005,09:00,580,1335,203,3,10,33,3,20,189,3,10,22696,3,10,2230,3,20,21727,3,10,-9990,0,0,10,E,8,9,E,8,16.8,E,8,12.7,E,8,76,E,8,986,E,8,9,E,8,0.1,E,8,-9990,0,0,-9990,0,0,2.252,E,8,0.099,E,8,0.20,E,8,0,-9990,0,0
08/22/2005,10:00,772,1335,269,3,10,31,3,20,251,3,10,30126,3,10,2134,3,20,28891,3,10,-9990,0,0,10,E,8,9,E,8,17.7,E,8,12.2,E,8,70,E,8,986,E,8,80,E,8,0.2,E,8,-9990,0,0,-9990,0,0,2.187,E,8,0.099,E,8,0.20,E,8,0,-9990,0,0
08/22/2005,11:00,926,1335,292,3,10,18,3,20,279,3,10,33932,3,10,1836,3,20,32658,3,10,-9990,0,0,10,E,8,9,E,8,18.4,E,8,12.5,E,8,68,E,8,985,E,8,36,E,8,0.4,E,8,-9990,0,0,-9990,0,0,2.220,E,8,0.099,E,8,0.20,E,8,0,-9990,0,0
08/22/2005,12:00,1031,1335,336,3,10,22,3,20,319,3,10,39276,3,10,2293,3,20,37505,3,10,-9990,0,0,10,E,8,9,E,8,19.0,E,8,12.4,E,8,66,E,8,985,E,8,68,E,8,0.7,E,8,-9990,0,0,-9990,0,0,2.218,E,8,0.099,E,8,0.20,E,8,0,-9990,0,0
08/22/2005,13:00,1079,1335,321,3,10,16,3,20,308,3,10,37826,3,10,1554,3,20,36570,3,10,-9990,0,0,10,E,8,9,E,8,19.5,E,8,12.1,E,8,62,E,8,985,E,8,69,E,8,0.6,E,8,-9990,0,0,-9990,0,0,2.160,E,8,0.099,E,8,0.20,E,8,0,-9990,0,0
08/22/2005,14:00,1068,1335,308,3,10,17,3,20,295,3,10,36487,3,10,1784,3,20,35059,3,10,-9990,0,0,10,E,8,9,E,8,19.7,E,8,11.7,E,8,60,E,8,985,E,8,4,E,8,1.5,E,8,-9990,0,0,-9990,0,0,2.109,E,8,0.099,E,8,0.20,E,8,0,-9990,0,0
08/22/2005,15:00,998,1335,269,3,10,11,3,20,260,3,10,31812,3,10,1083,3,20,31002,3,10,-9990,0,0,10,E,8,9,E,8,19.9,E,8,11.4,E,8,58,E,8,985,E,8,59,E,8,1.1,E,8,-9990,0,0,-9990,0,0,2.063,E,8,0.099,E,8,0.20,E,8,0,-9990,0,0
08/22/2005,16:00,874,1335,223,3,10,8,3,20,218,3,10,26269,3,10,741,3,20,25784,3,10,-9990,0,0,10,E,8,9,E,8,19.8,E,8,14.7,E,8,72,E,8,986,E,8,9,E,8,1.7,E,8,-9990,0,0,-9990,0,0,2.597,E,8,0.099,E,8,0.20,E,8,0,-9990,0,0
08/22/2005,17:00,705,1335,178,3,10,5,3,20,175,3,10,20693,3,10,396,3,20,20484,3,10,-9990,0,0,10,E,8,9,E,8,19.5,E,8,16.2,E,8,81,E,8,986,E,8,339,E,8,1.1,E,8,-9990,0,0,-9990,0,0,2.876,E,8,0.099,E,8,0.20,E,8,1,-9990,0,0
08/22/2005,18:00,501,1335,113,3,10,0,3,20,113,3,10,13110,3,10,0,3,20,13110,3,10,-9990,0,0,10,E,8,9,E,8,18.8,E,8,16.2,E,8,85,E,8,986,E,8,336,E,8,2.1,E,8,-9990,0,0,-9990,0,0,2.892,E,8,0.099,E,8,0.20,E,8,3,-9990,0,0
08/22/2005,19:00,277,1335,69,3,10,1,3,20,69,3,10,7968,3,10,0,3,20,7968,3,10,-9990,0,0,10,E,8,9,E,8,18.8,E,8,15.5,E,8,81,E,8,987,E,8,352,E,8,6.1,E,8,-9990,0,0,-9990,0,0,2.747,E,8,0.099,E,8,0.20,E,8,0,-9990,0,0
08/22/2005,20:00,59,482,2,3,10,0,3,20,2,3,10,317,3,10,8,3,20,316,3,10,-9990,0,0,9,E,8,8,E,8,18.3,E,8,15.0,E,8,81,E,8,987,E,8,333,E,8,11.2,E,8,-9990,0,0,-9990,0,0,2.643,E,8,0.099,E,8,0.20,E,8,0,-9990,0,0
08/22/2005,21:00,0,0,0,3,0,0,3,0,0,3,0,0,3,0,0,3,0,0,3,0,-9990,0,0,9,E,8,8,E,8,17.3,E,8,14.0,E,8,81,E,8,987,E,8,339,E,8,11.2,E,8,-9990,0,0,-9990,0,0,2.472,E,8,0.099,E,8,0.20,E,8,0,-9990,0,0
08/22/2005,22:00,0,0,0,3,0,0,3,0,0,3,0,0,3,0,0,3,0,0,3,0,-9990,0,0,8,E,8,7,E,8,16.3,E,8,13.0,E,8,81,E,8,988,E,8,31,E,8,5.4,E,8,-9990,0,0,-9990,0,0,2.312,E,8,0.099,E,8,0.20,E,8,0,-9990,0,0
08/22/2005,23:00,0,0,0,3,0,0,3,0,0,3,0,0,3,0,0,3,0,0,3,0,-9990,0,0,8,E,8,7,E,8,15.3,E,8,12.1,E,8,81,E,8,988,E,8,330,E,8,5.0,E,8,-9990,0,0,-9990,0,0,2.167,E,8,0.099,E,8,0.20,E,8,0,-9990,0,0
08/22/2005,24:00,0,0,0,3,0,0,3,0,0,3,0,0,3,0,0,3,0,0,3,0,-9990,0,0,6,E,8,6,E,8,14.3,E,8,12.5,E,8,89,E,8,988,E,8,342,E,8,5.0,E,8,-9990,0,0,-9990,0,0,2.231,E,8,0.099,E,8,0.20,E,8,0,-9990,0,0
08/23/2005,01:00,0,0,0,3,0,0,3,0,0,3,0,0,3,0,0,3,0,0,3,0,-9990,0,0,5,E,8,5,E,8,13.5,E,8,12.8,E,8,96,E,8,989,E,8,28,E,8,3.4,E,8,-9990,0,0,-9990,0,0,2.280,E,8,0.095,E,8,0.20,E,8,0,-9990,0,0
08/23/2005,02:00,0,0,0,3,0,0,3,0,0,3,0,0,3,0,0,3,0,0,3,0,-9990,0,0,5,E,8,5,E,8,12.6,E,8,11.9,E,8,95,E,8,989,E,8,348,E,8,2.1,E,8,-9990,0,0,-9990,0,0,2.134,E,8,0.095,E,8,0.20,E,8,0,-9990,0,0
08/23/2005,03:00,0,0,0,3,0,0,3,0,0,3,0,0,3,0,0,3,0,0,3,0,-9990,0,0,4,E,8,3,E,8,12.1,E,8,10.8,E,8,91,E,8,989,E,8,68,E,8,1.1,E,8,-9990,0,0,-9990,0,0,1.975,E,8,0.095,E,8,0.20,E,8,0,-9990,0,0
08/23/2005,04:00,0,0,0,3,0,0,3,0,0,3,0,0,3,0,0,3,0,0,3,0,-9990,0,0,3,E,8,2,E,8,11.7,E,8,10.7,E,8,94,E,8,990,E,8,53,E,8,0.6,E,8,-9990,0,0,-9990,0,0,1.962,E,8,0.095,E,8,0.20,E,8,0,-9990,0,0
08/23/2005,05:00,0,0,0,3,0,0,3,0,0,3,0,0,3,0,0,3,0,0,3,0,-9990,0,0,3,E,8,2,E,8,11.3,E,8,10.8,E,8,96,E,8,990,E,8,65,E,8,1.5,E,8,-9990,0,0,-9990,0,0,1.975,E,8,0.095,E,8,0.20,E,8,0,-9990,0,0
08/23/2005,06:00,1,46,0,3,10,0,3,20,0,3,10,0,3,10,0,3,20,0,3,10,-9990,0,0,1,E,8,1,E,8,11.3,E,8,11.0,E,8,98,E,8,990,E,8,341,E,8,0.2,E,8,-9990,0,0,-9990,0,0,1.998,E,8,0.095,E,8,0.20,E,8,0,-9990,0,0
08/23/2005,07:00,128,1335,57,3,10,278,3,20,31,3,10,6204,3,10,10945,3,20,5152,3,10,-9990,0,0,1,E,8,1,E,8,12.0,E,8,11.4,E,8,96,E,8,991,E,8,5,E,8,1.7,E,8,-9990,0,0,-9990,0,0,2.064,E,8,0.095,E,8,0.20,E,8,0,-9990,0,0
08/23/2005,08:00,357,1335,197,3,10,495,3,20,64,3,10,21349,3,10,41393,3,20,10268,3,10,-9990,0,0,0,E,8,0,E,8,13.4,E,8,11.8,E,8,90,E,8,991,E,8,339,E,8,3.8,E,8,-9990,0,0,-9990,0,0,2.125,E,8,0.095,E,8,0.20,E,8,0,-9990,0,0
08/23/2005,09:00,576,1335,357,3,10,601,3,20,98,3,10,39042,3,10,55643,3,20,15050,3,10,-9990,0,0,0,E,8,0,E,8,15.2,E,8,12.7,E,8,85,E,8,991,E,8,350,E,8,0.8,E,8,-9990,0,0,-9990,0,0,2.259,E,8,0.095,E,8,0.20,E,8,0,-9990,0,0
08/23/2005,10:00,768,1335,512,3,10,679,3,20,121,3,10,56447,3,10,66808,3,20,18000,3,10,-9990,0,0,0,E,8,0,E,8,17.1,E,8,12.0,E,8,72,E,8,992,E,8,36,E,8,0.3,E,8,-9990,0,0,-9990,0,0,2.148,E,8,0.095,E,8,0.20,E,8,0,-9990,0,0
08/23/2005,11:00,922,1335,642,3,10,715,3,20,148,3,10,71059,3,10,72080,3,20,21272,3,10,-9990,0,0,0,E,8,0,E,8,18.9,E,8,11.9,E,8,64,E,8,992,E,8,15,E,8,0.8,E,8,-9990,0,0,-9990,0,0,2.136,E,8,0.095,E,8,0.20,E,8,0,-9990,0,0
08/23/2005,12:00,1027,1335,735,3,10,741,3,20,165,3,10,79234,3,10,75400,3,20,21244,3,10,-9990,0,0,0,E,8,0,E,8,20.6,E,8,11.8,E,8,57,E,8,992,E,8,339,E,8,0.6,E,8,-9990,0,0,-9990,0,0,2.122,E,8,0.095,E,8,0.20,E,8,0,-9990,0,0
08/23/2005,13:00,1075,1335,776,3,10,744,3,20,177,3,10,83691,3,10,76121,3,20,22396,3,10,-9990,0,0,0,E,8,0,E,8,22.0,E,8,12.5,E,8,55,E,8,993,E,8,356,E,8,2.5,E,8,-9990,0,0,-9990,0,0,2.229,E,8,0.095,E,8,0.20,E,8,0,-9990,0,0
08/23/2005,14:00,1064,1335,768,3,10,748,3,20,172,3,10,82805,3,10,76576,3,20,21797,3,10,-9990,0,0,0,E,8,0,E,8,23.0,E,8,11.6,E,8,49,E,8,992,E,8,2,E,8,1.5,E,8,-9990,0,0,-9990,0,0,2.084,E,8,0.095,E,8,0.20,E,8,0,-9990,0,0
08/23/2005,15:00,994,1335,712,3,10,758,3,20,148,3,10,77273,3,10,77888,3,20,19320,3,10,-9990,0,0,0,E,8,0,E,8,23.6,E,8,10.6,E,8,44,E,8,992,E,8,11,E,8,1.3,E,8,-9990,0,0,-9990,0,0,1.954,E,8,0.095,E,8,0.20,E,8,0,-9990,0,0
08/23/2005,16:00,869,1335,608,3,10,745,3,20,123,3,10,66180,3,10,75978,3,20,16727,3,10,-9990,0,0,0,E,8,0,E,8,23.9,E,8,10.5,E,8,43,E,8,992,E,8,0,E,8,1.1,E,8,-9990,0,0,-9990,0,0,1.940,E,8,0.095,E,8,0.20,E,8,0,-9990,0,0
08/23/2005,17:00,699,1335,470,3,10,720,3,20,93,3,10,51429,3,10,72694,3,20,13370,3,10,-9990,0,0,0,E,8,0,E,8,23.7,E,8,11.3,E,8,45,E,8,992,E,8,347,E,8,1.1,E,8,-9990,0,0,-9990,0,0,2.041,E,8,0.095,E,8,0.20,E,8,0,-9990,0,0
08/23/2005,18:00,495,1335,311,3,10,651,3,20,70,3,10,33883,3,10,62726,3,20,10630,3,10,-9990,0,0,0,E,8,0,E,8,23.0,E,8,11.6,E,8,48,E,8,992,E,8,14,E,8,0.5,E,8,-9990,0,0,-9990,0,0,2.083,E,8,0.095,E,8,0.20,E,8,0,-9990,0,0
08/23/2005,19:00,271,1335,147,3,10,309,3,20,85,3,10,15937,3,10,15648,3,20,12763,3,10,-9990,0,0,5,E,8,4,E,8,21.9,E,8,11.4,E,8,51,E,8,992,E,8,60,E,8,1.1,E,8,-9990,0,0,-9990,0,0,2.067,E,8,0.095,E,8,0.20,E,8,0,-9990,0,0
08/23/2005,20:00,54,461,10,3,10,0,3,20,10,3,10,1251,3,10,3,3,20,1250,3,10,-9990,0,0,6,E,8,5,E,8,20.5,E,8,11.6,E,8,57,E,8,992,E,8,57,E,8,1.5,E,8,-9990,0,0,-9990,0,0,2.089,E,8,0.095,E,8,0.20,E,8,0,-9990,0,0
08/23/2005,21:00,0,0,0,3,0,0,3,0,0,3,0,0,3,0,0,3,0,0,3,0,-9990,0,0,6,E,8,5,E,8,19.4,E,8,13.3,E,8,68,E,8,992,E,8,356,E,8,2.5,E,8,-9990,0,0,-9990,0,0,2.348,E,8,0.095,E,8,0.20,E,8,0,-9990,0,0
08/23/2005,22:00,0,0,0,3,0,0,3,0,0,3,0,0,3,0,0,3,0,0,3,0,-9990,0,0,6,E,8,5,E,8,18.3,E,8,12.5,E,8,69,E,8,992,E,8,348,E,8,1.1,E,8,-9990,0,0,-9990,0,0,2.229,E,8,0.095,E,8,0.20,E,8,0,-9990,0,0
08/23/2005,23:00,0,0,0,3,0,0,3,0,0,3,0,0,3,0,0,3,0,0,3,0,-9990,0,0,8,E,8,6,E,8,17.2,E,8,12.9,E,8,76,E,8,991,E,8,59,E,8,0.9,E,8,-9990,0,0,-9990,0,0,2.286,E,8,0.095,E,8,0.20,E,8,0,-9990,0,0
08/23/2005,24:00,0,0,0,3,0,0,3,0,0,3,0,0,3,0,0,3,0,0,3,0,-9990,0,0,8,E,8,6,E,8,16.2,E,8,12.3,E,8,78,E,8,991,E,8,55,E,8,0.4,E,8,-9990,0,0,-9990,0,0,2.190,E,8,0.095,E,8,0.20,E,8,0,-9990,0,0
08/24/2005,01:00,0,0,0,3,0,0,3,0,0,3,0,0,3,0,0,3,0,0,3,0,-9990,0,0,8,E,8,7,E,8,15.4,E,8,12.5,E,8,83,E,8,991,E,8,108,E,8,0.2,E,8,-9990,0,0,-9990,0,0,2.230,E,8,0.092,E,8,0.20,E,8,0,-9990,0,0
08/24/2005,02:00,0,0,0,3,0,0,3,0,0,3,0,0,3,0,0,3,0,0,3,0,-9990,0,0,8,E,8,7,E,8,14.7,E,8,12.1,E,8,84,E,8,991,E,8,235,E,8,0.3,E,8,-9990,0,0,-9990,0,0,2.160,E,8,0.092,E,8,0.20,E,8,0,-9990,0,0
08/24/2005,03:00,0,0,0,3,0,0,3,0,0,3,0,0,3,0,0,3,0,0,3,0,-9990,0,0,9,E,8,8,E,8,14.3,E,8,12.4,E,8,88,E,8,991,E,8,204,E,8,0.7,E,8,-9990,0,0,-9990,0,0,2.215,E,8,0.092,E,8,0.20,E,8,0,-9990,0,0
08/24/2005,04:00,0,0,0,3,0,0,3,0,0,3,0,0,3,0,0,3,0,0,3,0,-9990,0,0,9,E,8,8,E,8,13.9,E,8,12.2,E,8,89,E,8,991,E,8,74,E,8,1.9,E,8,-9990,0,0,-9990,0,0,2.182,E,8,0.092,E,8,0.20,E,8,0,-9990,0,0
08/24/2005,05:00,0,0,0,3,0,0,3,0,0,3,0,0,3,0,0,3,0,0,3,0,-9990,0,0,9,E,8,8,E,8,13.6,E,8,12.3,E,8,92,E,8,991,E,8,38,E,8,0.3,E,8,-9990,0,0,-9990,0,0,2.192,E,8,0.092,E,8,0.20,E,8,0,-9990,0,0
08/24/2005,06:00,0,0,0,3,10,0,3,20,0,3,10,0,3,10,0,3,20,0,3,10,-9990,0,0,9,E,8,8,E,8,13.6,E,8,13.0,E,8,96,E,8,991,E,8,54,E,8,1.1,E,8,-9990,0,0,-9990,0,0,2.298,E,8,0.092,E,8,0.20,E,8,0,-9990,0,0
08/24/2005,07:00,124,1336,47,3,10,92,3,20,39,3,10,5239,3,10,0,3,20,5239,3,10,-9990,0,0,10,E,8,9,E,8,14.2,E,8,13.0,E,8,93,E,8,991,E,8,337,E,8,0.7,E,8,-9990,0,0,-9990,0,0,2.308,E,8,0.092,E,8,0.20,E,8,0,-9990,0,0
08/24/2005,08:00,353,1336,93,3,10,9,3,20,91,3,10,10663,3,10,889,3,20,10428,3,10,-9990,0,0,10,E,8,9,E,8,14.8,E,8,12.7,E,8,87,E,8,990,E,8,56,E,8,2.5,E,8,-9990,0,0,-9990,0,0,2.260,E,8,0.092,E,8,0.20,E,8,0,-9990,0,0
08/24/2005,09:00,572,1336,156,3,10,7,3,20,153,3,10,17999,3,10,637,3,20,17727,3,10,-9990,0,0,10,E,8,9,E,8,15.5,E,8,12.4,E,8,82,E,8,990,E,8,66,E,8,1.9,E,8,-9990,0,0,-9990,0,0,2.209,E,8,0.092,E,8,0.20,E,8,0,-9990,0,0
08/24/2005,10:00,765,1336,276,3,10,31,3,20,259,3,10,30926,3,10,2110,3,20,29718,3,10,-9990,0,0,10,E,8,9,E,8,16.6,E,8,12.4,E,8,76,E,8,990,E,8,77,E,8,2.1,E,8,-9990,0,0,-9990,0,0,2.206,E,8,0.092,E,8,0.20,E,8,0,-9990,0,0
08/24/2005,11:00,918,1336,381,3,10,90,3,20,319,3,10,42671,3,10,8782,3,20,36633,3,10,-9990,0,0,10,E,8,9,E,8,17.7,E,8,13.2,E,8,75,E,8,990,E,8,51,E,8,0.6,E,8,-9990,0,0,-9990,0,0,2.333,E,8,0.092,E,8,0.20,E,8,0,-9990,0,0
08/24/2005,12:00,1023,1336,460,3,10,124,3,20,364,3,10,51447,3,10,11327,3,20,42773,3,10,-9990,0,0,9,E,8,8,E,8,18.9,E,8,13.4,E,8,70,E,8,990,E,8,70,E,8,0.2,E,8,-9990,0,0,-9990,0,0,2.362,E,8,0.092,E,8,0.20,E,8,0,-9990,0,0
08/24/2005,13:00,1071,1336,666,3,10,446,3,20,308,3,10,73244,3,10,34938,3,20,45230,3,10,-9990,0,0,6,E,8,5,E,8,20.4,E,8,13.4,E,8,64,E,8,990,E,8,67,E,8,0.8,E,8,-9990,0,0,-9990,0,0,2.376,E,8,0.092,E,8,0.20,E,8,0,-9990,0,0
08/24/2005,14:00,1059,1336,753,3,10,665,3,20,226,3,10,82417,3,10,66289,3,20,29846,3,10,-9990,0,0,3,E,8,2,E,8,21.9,E,8,13.5,E,8,59,E,8,990,E,8,136,E,8,0.2,E,8,-9990,0,0,-9990,0,0,2.380,E,8,0.092,E,8,0.20,E,8,0,-9990,0,0
08/24/2005,15:00,989,1336,655,3,10,568,3,20,234,3,10,71046,3,10,54448,3,20,30747,3,10,-9990,0,0,4,E,8,3,E,8,22.8,E,8,13.7,E,8,56,E,8,989,E,8,240,E,8,0.6,E,8,-9990,0,0,-9990,0,0,2.415,E,8,0.092,E,8,0.20,E,8,0,-9990,0,0
08/24/2005,16:00,864,1336,605,3,10,697,3,20,154,3,10,66620,3,10,68940,3,20,22037,3,10,-9990,0,0,0,E,8,0,E,8,23.4,E,8,13.0,E,8,52,E,8,989,E,8,225,E,8,0.9,E,8,-9990,0,0,-9990,0,0,2.313,E,8,0.092,E,8,0.20,E,8,0,-9990,0,0
08/24/2005,17:00,693,1336,452,3,10,655,3,20,112,3,10,50002,3,10,63525,3,20,17028,3,10,-9990,0,0,0,E,8,0,E,8,23.5,E,8,13.6,E,8,54,E,8,989,E,8,267,E,8,1.1,E,8,-9990,0,0,-9990,0,0,2.404,E,8,0.092,E,8,0.20,E,8,0,-9990,0,0
08/24/2005,18:00,489,1336,306,3,10,648,3,20,69,3,10,33530,3,10,62875,3,20,10519,3,10,-9990,0,0,0,E,8,0,E,8,23.2,E,8,13.8,E,8,55,E,8,989,E,8,269,E,8,1.9,E,8,-9990,0,0,-9990,0,0,2.441,E,8,0.092,E,8,0.20,E,8,0,-9990,0,0
08/24/2005,19:00,264,1336,135,3,10,277,3,20,80,3,10,14704,3,10,12025,3,20,12326,3,10,-9990,0,0,6,E,8,5,E,8,22.4,E,8,13.7,E,8,58,E,8,989,E,8,286,E,8,1.3,E,8,-9990,0,0,-9990,0,0,2.423,E,8,0.092,E,8,0.20,E,8,0,-9990,0,0
08/24/2005,20:00,49,441,11,3,10,0,3,20,11,3,10,1407,3,10,0,3,20,1407,3,10,-9990,0,0,6,E,8,5,E,8,21.3,E,8,13.9,E,8,63,E,8,989,E,8,205,E,8,2.1,E,8,-9990,0,0,-9990,0,0,2.460,E,8,0.092,E,8,0.20,E,8,0,-9990,0,0
08/24/2005,21:00,0,0,0,3,0,0,3,0,0,3,0,0,3,0,0,3,0,0,3,0,-9990,0,0,6,E,8,5,E,8,20.9,E,8,14.8,E,8,68,E,8,988,E,8,223,E,8,2.3,E,8,-9990,0,0,-9990,0,0,2.618,E,8,0.092,E,8,0.20,E,8,0,-9990,0,0
08/24/2005,22:00,0,0,0,3,0,0,3,0,0,3,0,0,3,0,0,3,0,0,3,0,-9990,0,0,8,E,8,6,E,8,20.5,E,8,14.4,E,8,68,E,8,988,E,8,195,E,8,1.7,E,8,-9990,0,0,-9990,0,0,2.547,E,8,0.092,E,8,0.20,E,8,0,-9990,0,0
08/24/2005,23:00,0,0,0,3,0,0,3,0,0,3,0,0,3,0,0,3,0,0,3,0,-9990,0,0,8,E,8,6,E,8,20.1,E,8,14.3,E,8,69,E,8,988,E,8,130,E,8,2.7,E,8,-9990,0,0,-9990,0,0,2.521,E,8,0.092,E,8,0.20,E,8,0,-9990,0,0
08/24/2005,24:00,0,0,0,3,0,0,3,0,0,3,0,0,3,0,0,3,0,0,3,0,-9990,0,0,8,E,8,6,E,8,19.7,E,8,15.0,E,8,74,E,8,988,E,8,226,E,8,2.7,E,8,-9990,0,0,-9990,0,0,2.653,E,8,0.092,E,8,0.20,E,8,0,-9990,0,0
08/25/2005,01:00,0,0,0,3,0,0,3,0,0,3,0,0,3,0,0,3,0,0,3,0,-9990,0,0,8,E,8,6,E,8,19.5,E,8,14.3,E,8,72,E,8,988,E,8,146,E,8,2.5,E,8,-9990,0,0,-9990,0,0,2.528,E,8,0.089,E,8,0.20,E,8,0,-9990,0,0
08/25/2005,02:00,0,0,0,3,0,0,3,0,0,3,0,0,3,0,0,3,0,0,3,0,-9990,0,0,9,E,8,8,E,8,19.4,E,8,15.2,E,8,77,E,8,988,E,8,357,E,8,0.1,E,8,-9990,0,0,-9990,0,0,2.693,E,8,0.089,E,8,0.20,E,8,0,-9990,0,0
08/25/2005,03:00,0,0,0,3,0,0,3,0,0,3,0,0,3,0,0,3,0,0,3,0,-9990,0,0,9,E,8,8,E,8,19.3,E,8,14.9,E,8,76,E,8,987,E,8,73,E,8,0.1,E,8,-9990,0,0,-9990,0,0,2.638,E,8,0.089,E,8,0.20,E,8,0,-9990,0,0
08/25/2005,04:00,0,0,0,3,0,0,3,0,0,3,0,0,3,0,0,3,0,0,3,0,-9990,0,0,9,E,8,8,E,8,19.3,E,8,15.2,E,8,77,E,8,987,E,8,34,E,8,0.2,E,8,-9990,0,0,-9990,0,0,2.681,E,8,0.089,E,8,0.20,E,8,0,-9990,0,0
08/25/2005,05:00,0,0,0,3,0,0,3,0,0,3,0,0,3,0,0,3,0,0,3,0,-9990,0,0,9,E,8,8,E,8,19.3,E,8,16.1,E,8,82,E,8,987,E,8,21,E,8,0.2,E,8,-9990,0,0,-9990,0,0,2.862,E,8,0.089,E,8,0.20,E,8,0,-9990,0,0
08/25/2005,06:00,0,0,0,3,10,0,3,20,0,3,10,0,3,10,0,3,20,0,3,10,-9990,0,0,10,E,8,9,E,8,19.2,E,8,17.7,E,8,91,E,8,987,E,8,331,E,8,0.4,E,8,-9990,0,0,-9990,0,0,3.204,E,8,0.089,E,8,0.20,E,8,1,-9990,0,0
08/25/2005,07:00,119,1337,24,3,10,0,3,20,24,3,10,2797,3,10,0,3,20,2797,3,10,-9990,0,0,10,E,8,9,E,8,19.6,E,8,18.1,E,8,91,E,8,987,E,8,2,E,8,0.3,E,8,-9990,0,0,-9990,0,0,3.285,E,8,0.089,E,8,0.20,E,8,0,-9990,0,0
08/25/2005,08:00,349,1337,77,3,10,0,3,20,77,3,10,8935,3,10,0,3,20,8935,3,10,-9990,0,0,10,E,8,9,E,8,20.3,E,8,17.9,E,8,86,E,8,986,E,8,72,E,8,0.1,E,8,-9990,0,0,-9990,0,0,3.238,E,8,0.089,E,8,0.20,E,8,0,-9990,0,0
08/25/2005,09:00,568,1337,162,3,10,10,3,20,158,3,10,18521,3,10,985,3,20,18102,3,10,-9990,0,0,10,E,8,9,E,8,20.8,E,8,18.2,E,8,85,E,8,986,E,8,3,E,8,0.2,E,8,-9990,0,0,-9990,0,0,3.321,E,8,0.089,E,8,0.20,E,8,2,-9990,0,0
08/25/2005,10:00,761,1337,221,3,10,13,3,20,213,3,10,25446,3,10,1318,3,20,24696,3,10,-9990,0,0,10,E,8,9,E,8,22.1,E,8,18.7,E,8,81,E,8,986,E,8,26,E,8,0.0,E,8,-9990,0,0,-9990,0,0,3.424,E,8,0.089,E,8,0.20,E,8,0,-9990,0,0
08/25/2005,11:00,915,1337,287,3,10,20,3,20,273,3,10,33196,3,10,2086,3,20,31768,3,10,-9990,0,0,10,E,8,9,E,8,23.1,E,8,19.6,E,8,81,E,8,986,E,8,47,E,8,0.3,E,8,-9990,0,0,-9990,0,0,3.661,E,8,0.089,E,8,0.20,E,8,0,-9990,0,0
08/25/2005,12:00,1019,1337,331,3,10,23,3,20,314,3,10,38590,3,10,2325,3,20,36818,3,10,-9990,0,0,10,E,8,9,E,8,23.9,E,8,16.5,E,8,63,E,8,986,E,8,77,E,8,0.2,E,8,-9990,0,0,-9990,0,0,2.950,E,8,0.089,E,8,0.20,E,8,0,-9990,0,0
08/25/2005,13:00,1067,1337,370,3,10,28,3,20,348,3,10,41639,3,10,1808,3,20,40196,3,10,-9990,0,0,10,E,8,9,E,8,24.7,E,8,15.1,E,8,55,E,8,986,E,8,106,E,8,0.1,E,8,-9990,0,0,-9990,0,0,2.667,E,8,0.089,E,8,0.20,E,8,0,-9990,0,0
08/25/2005,14:00,1055,1337,377,3,10,39,3,20,346,3,10,42496,3,10,3021,3,20,40111,3,10,-9990,0,0,10,E,8,9,E,8,25.3,E,8,15.7,E,8,55,E,8,986,E,8,78,E,8,0.1,E,8,-9990,0,0,-9990,0,0,2.792,E,8,0.089,E,8,0.20,E,8,0,-9990,0,0
08/25/2005,15:00,984,1337,362,3,10,34,3,20,337,3,10,40767,3,10,2404,3,20,38997,3,10,-9990,0,0,10,E,8,9,E,8,25.8,E,8,15.4,E,8,52,E,8,986,E,8,41,E,8,0.4,E,8,-9990,0,0,-9990,0,0,2.717,E,8,0.089,E,8,0.20,E,8,0,-9990,0,0
08/25/2005,16:00,859,1337,290,3,10,25,3,20,274,3,10,33516,3,10,2657,3,20,31809,3,10,-9990,0,0,10,E,8,9,E,8,26.0,E,8,15.2,E,8,51,E,8,987,E,8,21,E,8,0.5,E,8,-9990,0,0,-9990,0,0,2.695,E,8,0.089,E,8,0.20,E,8,0,-9990,0,0
08/25/2005,17:00,688,1337,215,3,10,17,3,20,206,3,10,24760,3,10,1736,3,20,23867,3,10,-9990,0,0,10,E,8,9,E,8,26.0,E,8,16.0,E,8,54,E,8,987,E,8,26,E,8,0.5,E,8,-9990,0,0,-9990,0,0,2.846,E,8,0.089,E,8,0.20,E,8,0,-9990,0,0
08/25/2005,18:00,483,1337,121,3,10,1,3,20,121,3,10,14036,3,10,15,3,20,14030,3,10,-9990,0,0,10,E,8,9,E,8,25.6,E,8,15.0,E,8,52,E,8,987,E,8,23,E,8,1.1,E,8,-9990,0,0,-9990,0,0,2.648,E,8,0.089,E,8,0.20,E,8,0,-9990,0,0
08/25/2005,19:00,258,1337,55,3,10,0,3,20,55,3,10,6479,3,10,0,3,20,6479,3,10,-9990,0,0,10,E,8,9,E,8,25.1,E,8,15.5,E,8,55,E,8,988,E,8,71,E,8,4.3,E,8,-9990,0,0,-9990,0,0,2.737,E,8,0.089,E,8,0.20,E,8,0,-9990,0,0
08/25/2005,20:00,45,420,2,3,10,0,3,20,2,3,10,266,3,10,8,3,20,265,3,10,-9990,0,0,10,E,8,9,E,8,24.4,E,8,14.8,E,8,55,E,8,988,E,8,339,E,8,1.1,E,8,-9990,0,0,-9990,0,0,2.615,E,8,0.089,E,8,0.20,E,8,0,-9990,0,0
08/25/2005,21:00,0,0,0,3,0,0,3,0,0,3,0,0,3,0,0,3,0,0,3,0,-9990,0,0,9,E,8,8,E,8,23.2,E,8,15.4,E,8,61,E,8,988,E,8,341,E,8,3.0,E,8,-9990,0,0,-9990,0,0,2.718,E,8,0.089,E,8,0.20,E,8,0,-9990,0,0
08/25/2005,22:00,0,0,0,3,0,0,3,0,0,3,0,0,3,0,0,3,0,0,3,0,-9990,0,0,9,E,8,8,E,8,22.0,E,8,14.3,E,8,62,E,8,989,E,8,340,E,8,0.8,E,8,-9990,0,0,-9990,0,0,2.522,E,8,0.089,E,8,0.20,E,8,0,-9990,0,0
08/25/2005,23:00,0,0,0,3,0,0,3,0,0,3,0,0,3,0,0,3,0,0,3,0,-9990,0,0,8,E,8,6,E,8,20.7,E,8,13.7,E,8,64,E,8,989,E,8,346,E,8,1.3,E,8,-9990,0,0,-9990,0,0,2.412,E,8,0.089,E,8,0.20,E,8,0,-9990,0,0
08/25/2005,24:00,0,0,0,3,0,0,3,0,0,3,0,0,3,0,0,3,0,0,3,0,-9990,0,0,8,E,8,6,E,8,19.5,E,8,13.3,E,8,68,E,8,989,E,8,339,E,8,0.5,E,8,-9990,0,0,-9990,0,0,2.356,E,8,0.089,E,8,0.20,E,8,0,-9990,0,0
08/26/2005,01:00,0,0,0,3,0,0,3,0,0,3,0,0,3,0,0,3,0,0,3,0,-9990,0,0,8,E,8,6,E,8,18.2,E,8,13.4,E,8,74,E,8,990,E,8,355,E,8,0.1,E,8,-9990,0,0,-9990,0,0,2.374,E,8,0.088,E,8,0.20,E,8,0,-9990,0,0
08/26/2005,02:00,0,0,0,3,0,0,3,0,0,3,0,0,3,0,0,3,0,0,3,0,-9990,0,0,6,E,8,6,E,8,16.9,E,8,13.7,E,8,82,E,8,990,E,8,53,E,8,1.1,E,8,-9990,0,0,-9990,0,0,2.417,E,8,0.088,E,8,0.20,E,8,0,-9990,0,0
08/26/2005,03:00,0,0,0,3,0,0,3,0,0,3,0,0,3,0,0,3,0,0,3,0,-9990,0,0,6,E,8,6,E,8,15.5,E,8,13.0,E,8,85,E,8,990,E,8,24,E,8,0.7,E,8,-9990,0,0,-9990,0,0,2.300,E,8,0.088,E,8,0.20,E,8,0,-9990,0,0
08/26/2005,04:00,0,0,0,3,0,0,3,0,0,3,0,0,3,0,0,3,0,0,3,0,-9990,0,0,5,E,8,5,E,8,14.7,E,8,13.3,E,8,91,E,8,991,E,8,50,E,8,0.8,E,8,-9990,0,0,-9990,0,0,2.347,E,8,0.088,E,8,0.20,E,8,0,-9990,0,0
08/26/2005,05:00,0,0,0,3,0,0,3,0,0,3,0,0,3,0,0,3,0,0,3,0,-9990,0,0,5,E,8,5,E,8,14.0,E,8,13.6,E,8,97,E,8,991,E,8,61,E,8,1.0,E,8,-9990,0,0,-9990,0,0,2.403,E,8,0.088,E,8,0.20,E,8,0,-9990,0,0
08/26/2005,06:00,0,0,0,3,0,0,3,0,0,3,0,0,3,0,0,3,0,0,3,0,-9990,0,0,5,E,8,5,E,8,13.5,E,8,13.0,E,8,97,E,8,991,E,8,352,E,8,1.0,E,8,-9990,0,0,-9990,0,0,2.305,E,8,0.088,E,8,0.20,E,8,0,-9990,0,0
08/26/2005,07:00,115,668,28,3,10,0,3,20,28,3,10,3321,3,10,0,3,20,3321,3,10,-9990,0,0,4,E,8,3,E,8,14.0,E,8,13.0,E,8,94,E,8,992,E,8,335,E,8,0.9,E,8,-9990,0,0,-9990,0,0,2.308,E,8,0.088,E,8,0.20,E,8,0,-9990,0,0
08/26/2005,08:00,344,1337,207,3,10,451,3,20,90,3,10,22621,3,10,33797,3,20,13919,3,10,-9990,0,0,4,E,8,3,E,8,16.0,E,8,13.6,E,8,86,E,8,992,E,8,55,E,8,1.0,E,8,-9990,0,0,-9990,0,0,2.410,E,8,0.088,E,8,0.20,E,8,0,-9990,0,0
08/26/2005,09:00,563,1337,381,3,10,772,3,20,56,3,10,41940,3,10,79498,3,20,8444,3,10,-9990,0,0,0,E,8,0,E,8,17.9,E,8,14.1,E,8,78,E,8,992,E,8,52,E,8,3.0,E,8,-9990,0,0,-9990,0,0,2.488,E,8,0.088,E,8,0.20,E,8,0,-9990,0,0
08/26/2005,10:00,757,1337,549,3,10,856,3,20,64,3,10,60077,3,10,89663,3,20,9346,3,10,-9990,0,0,0,E,8,0,E,8,19.8,E,8,13.4,E,8,67,E,8,992,E,8,48,E,8,0.9,E,8,-9990,0,0,-9990,0,0,2.369,E,8,0.088,E,8,0.20,E,8,0,-9990,0,0
08/26/2005,11:00,911,1337,680,3,10,878,3,20,83,3,10,74178,3,10,92053,3,20,11491,3,10,-9990,0,0,0,E,8,0,E,8,21.5,E,8,14.6,E,8,65,E,8,993,E,8,0,E,8,0.9,E,8,-9990,0,0,-9990,0,0,2.576,E,8,0.088,E,8,0.20,E,8,0,-9990,0,0
08/26/2005,12:00,1015,1337,766,3,10,876,3,20,101,3,10,82965,3,10,91320,3,20,13646,3,10,-9990,0,0,0,E,8,0,E,8,22.9,E,8,14.4,E,8,59,E,8,993,E,8,71,E,8,1.3,E,8,-9990,0,0,-9990,0,0,2.547,E,8,0.088,E,8,0.20,E,8,0,-9990,0,0
08/26/2005,13:00,1063,1337,807,3,10,877,3,20,110,3,10,87123,3,10,91266,3,20,14590,3,10,-9990,0,0,0,E,8,0,E,8,24.0,E,8,14.3,E,8,55,E,8,993,E,8,18,E,8,2.5,E,8,-9990,0,0,-9990,0,0,2.532,E,8,0.088,E,8,0.20,E,8,0,-9990,0,0
08/26/2005,14:00,1050,1337,797,3,10,880,3,20,106,3,10,86050,3,10,91533,3,20,14146,3,10,-9990,0,0,0,E,8,0,E,8,24.8,E,8,13.7,E,8,50,E,8,994,E,8,16,E,8,2.1,E,8,-9990,0,0,-9990,0,0,2.422,E,8,0.088,E,8,0.20,E,8,0,-9990,0,0
08/26/2005,15:00,979,1337,737,3,10,878,3,20,94,3,10,79791,3,10,91564,3,20,12755,3,10,-9990,0,0,0,E,8,0,E,8,25.2,E,8,13.6,E,8,49,E,8,994,E,8,88,E,8,2.5,E,8,-9990,0,0,-9990,0,0,2.409,E,8,0.088,E,8,0.20,E,8,0,-9990,0,0
08/26/2005,16:00,853,1337,629,3,10,866,3,20,77,3,10,68572,3,10,90588,3,20,10767,3,10,-9990,0,0,0,E,8,0,E,8,25.3,E,8,13.6,E,8,48,E,8,994,E,8,86,E,8,3.0,E,8,-9990,0,0,-9990,0,0,2.397,E,8,0.088,E,8,0.20,E,8,0,-9990,0,0
08/26/2005,17:00,682,1337,485,3,10,835,3,20,59,3,10,53169,3,10,87295,3,20,8657,3,10,-9990,0,0,0,E,8,0,E,8,24.9,E,8,13.3,E,8,48,E,8,994,E,8,202,E,8,0.7,E,8,-9990,0,0,-9990,0,0,2.352,E,8,0.088,E,8,0.20,E,8,0,-9990,0,0
08/26/2005,18:00,476,1337,312,3,10,729,3,20,52,3,10,34222,3,10,73796,3,20,7931,3,10,-9990,0,0,0,E,8,0,E,8,24.0,E,8,13.0,E,8,50,E,8,994,E,8,266,E,8,0.8,E,8,-9990,0,0,-9990,0,0,2.300,E,8,0.088,E,8,0.20,E,8,0,-9990,0,0
08/26/2005,19:00,251,1337,139,3,10,311,3,20,81,3,10,15144,3,10,14901,3,20,12348,3,10,-9990,0,0,6,E,8,5,E,8,22.7,E,8,12.8,E,8,54,E,8,994,E,8,230,E,8,0.8,E,8,-9990,0,0,-9990,0,0,2.269,E,8,0.088,E,8,0.20,E,8,0,-9990,0,0
08/26/2005,20:00,40,400,5,3,10,0,3,20,5,3,10,690,3,10,10,3,20,689,3,10,-9990,0,0,6,E,8,5,E,8,21.1,E,8,13.4,E,8,61,E,8,994,E,8,224,E,8,2.5,E,8,-9990,0,0,-9990,0,0,2.364,E,8,0.088,E,8,0.20,E,8,0,-9990,0,0
08/26/2005,21:00,0,0,0,3,0,0,3,0,0,3,0,0,3,0,0,3,0,0,3,0,-9990,0,0,6,E,8,5,E,8,20.1,E,8,14.2,E,8,69,E,8,994,E,8,258,E,8,3.8,E,8,-9990,0,0,-9990,0,0,2.512,E,8,0.088,E,8,0.20,E,8,0,-9990,0,0
08/26/2005,22:00,0,0,0,3,0,0,3,0,0,3,0,0,3,0,0,3,0,0,3,0,-9990,0,0,5,E,8,4,E,8,19.1,E,8,14.5,E,8,75,E,8,994,E,8,116,E,8,2.5,E,8,-9990,0,0,-9990,0,0,2.556,E,8,0.088,E,8,0.20,E,8,0,-9990,0,0
08/26/2005,23:00,0,0,0,3,0,0,3,0,0,3,0,0,3,0,0,3,0,0,3,0,-9990,0,0,5,E,8,4,E,8,18.0,E,8,14.2,E,8,78,E,8,994,E,8,223,E,8,1.0,E,8,-9990,0,0,-9990,0,0,2.505,E,8,0.088,E,8,0.20,E,8,0,-9990,0,0
08/26/2005,24:00,0,0,0,3,0,0,3,0,0,3,0,0,3,0,0,3,0,0,3,0,-9990,0,0,5,E,8,5,E,8,17.0,E,8,14.4,E,8,85,E,8,994,E,8,244,E,8,1.9,E,8,-9990,0,0,-9990,0,0,2.538,E,8,0.088,E,8,0.20,E,8,0,-9990,0,0
08/27/2005,01:00,0,0,0,3,0,0,3,0,0,3,0,0,3,0,0,3,0,0,3,0,-9990,0,0,5,E,8,5,E,8,16.5,E,8,13.8,E,8,84,E,8,994,E,8,279,E,8,2.1,E,8,-9990,0,0,-9990,0,0,2.444,E,8,0.088,E,8,0.20,E,8,0,-9990,0,0
08/27/2005,02:00,0,0,0,3,0,0,3,0,0,3,0,0,3,0,0,3,0,0,3,0,-9990,0,0,5,E,8,5,E,8,16.0,E,8,14.2,E,8,89,E,8,994,E,8,231,E,8,2.7,E,8,-9990,0,0,-9990,0,0,2.508,E,8,0.088,E,8,0.20,E,8,0,-9990,0,0
08/27/2005,03:00,0,0,0,3,0,0,3,0,0,3,0,0,3,0,0,3,0,0,3,0,-9990,0,0,5,E,8,5,E,8,15.5,E,8,13.6,E,8,88,E,8,994,E,8,295,E,8,4.6,E,8,-9990,0,0,-9990,0,0,2.411,E,8,0.088,E,8,0.20,E,8,0,-9990,0,0
08/27/2005,04:00,0,0,0,3,0,0,3,0,0,3,0,0,3,0,0,3,0,0,3,0,-9990,0,0,5,E,8,5,E,8,15.3,E,8,13.2,E,8,88,E,8,994,E,8,219,E,8,6.9,E,8,-9990,0,0,-9990,0,0,2.345,E,8,0.088,E,8,0.20,E,8,0,-9990,0,0
08/27/2005,05:00,0,0,0,3,0,0,3,0,0,3,0,0,3,0,0,3,0,0,3,0,-9990,0,0,5,E,8,5,E,8,15.0,E,8,13.5,E,8,91,E,8,994,E,8,197,E,8,3.4,E,8,-9990,0,0,-9990,0,0,2.386,E,8,0.088,E,8,0.20,E,8,0,-9990,0,0
08/27/2005,06:00,0,0,0,3,0,0,3,0,0,3,0,0,3,0,0,3,0,0,3,0,-9990,0,0,5,E,8,5,E,8,14.8,E,8,14.3,E,8,97,E,8,994,E,8,50,E,8,4.6,E,8,-9990,0,0,-9990,0,0,2.533,E,8,0.088,E,8,0.20,E,8,0,-9990,0,0
08/27/2005,07:00,110,654,27,3,10,0,3,20,27,3,10,3158,3,10,0,3,20,3158,3,10,-9990,0,0,5,E,8,5,E,8,15.5,E,8,15.5,E,8,100,E,8,994,E,8,32,E,8,4.1,E,8,-9990,0,0,-9990,0,0,2.742,E,8,0.088,E,8,0.20,E,8,0,-9990,0,0
08/27/2005,08:00,340,1338,206,3,10,419,3,20,100,3,10,22435,3,10,27743,3,20,15387,3,10,-9990,0,0,5,E,8,5,E,8,17.7,E,8,16.0,E,8,89,E,8,994,E,8,54,E,8,1.9,E,8,-9990,0,0,-9990,0,0,2.835,E,8,0.088,E,8,0.20,E,8,0,-9990,0,0
08/27/2005,09:00,559,1338,385,3,10,800,3,20,51,3,10,42749,3,10,83878,3,20,7687,3,10,-9990,0,0,0,E,8,0,E,8,20.0,E,8,16.1,E,8,78,E,8,994,E,8,60,E,8,1.9,E,8,-9990,0,0,-9990,0,0,2.860,E,8,0.088,E,8,0.20,E,8,0,-9990,0,0
08/27/2005,10:00,752,1338,556,3,10,885,3,20,58,3,10,61141,3,10,93596,3,20,8493,3,10,-9990,0,0,0,E,8,0,E,8,22.2,E,8,14.2,E,8,60,E,8,994,E,8,46,E,8,0.9,E,8,-9990,0,0,-9990,0,0,2.503,E,8,0.088,E,8,0.20,E,8,0,-9990,0,0
08/27/2005,11:00,907,1338,693,3,10,917,3,20,72,3,10,75776,3,10,97003,3,20,10041,3,10,-9990,0,0,0,E,8,0,E,8,24.2,E,8,14.0,E,8,53,E,8,994,E,8,9,E,8,0.9,E,8,-9990,0,0,-9990,0,0,2.475,E,8,0.088,E,8,0.20,E,8,0,-9990,0,0
08/27/2005,12:00,1011,1338,787,3,10,932,3,20,82,3,10,85843,3,10,98718,3,20,11248,3,10,-9990,0,0,0,E,8,0,E,8,26.0,E,8,14.9,E,8,50,E,8,994,E,8,28,E,8,3.0,E,8,-9990,0,0,-9990,0,0,2.626,E,8,0.088,E,8,0.20,E,8,0,-9990,0,0
08/27/2005,13:00,1058,1338,829,3,10,937,3,20,88,3,10,90038,3,10,98770,3,20,11898,3,10,-9990,0,0,0,E,8,0,E,8,27.4,E,8,14.0,E,8,44,E,8,994,E,8,345,E,8,2.3,E,8,-9990,0,0,-9990,0,0,2.468,E,8,0.088,E,8,0.20,E,8,0,-9990,0,0
08/27/2005,14:00,1046,1338,815,3,10,931,3,20,88,3,10,88478,3,10,98016,3,20,11858,3,10,-9990,0,0,0,E,8,0,E,8,28.4,E,8,13.7,E,8,41,E,8,994,E,8,145,E,8,1.9,E,8,-9990,0,0,-9990,0,0,2.427,E,8,0.088,E,8,0.20,E,8,0,-9990,0,0
08/27/2005,15:00,974,1338,750,3,10,920,3,20,80,3,10,81782,3,10,97267,3,20,10970,3,10,-9990,0,0,0,E,8,0,E,8,28.9,E,8,14.4,E,8,41,E,8,994,E,8,121,E,8,3.4,E,8,-9990,0,0,-9990,0,0,2.540,E,8,0.088,E,8,0.20,E,8,0,-9990,0,0
08/27/2005,16:00,848,1338,638,3,10,901,3,20,67,3,10,70079,3,10,95582,3,20,9508,3,10,-9990,0,0,0,E,8,0,E,8,29.1,E,8,15.1,E,8,43,E,8,994,E,8,219,E,8,3.0,E,8,-9990,0,0,-9990,0,0,2.674,E,8,0.088,E,8,0.20,E,8,0,-9990,0,0
08/27/2005,17:00,676,1338,484,3,10,847,3,20,56,3,10,53397,3,10,89390,3,20,8235,3,10,-9990,0,0,0,E,8,0,E,8,28.7,E,8,15.0,E,8,43,E,8,994,E,8,269,E,8,3.4,E,8,-9990,0,0,-9990,0,0,2.644,E,8,0.088,E,8,0.20,E,8,0,-9990,0,0
08/27/2005,18:00,470,1338,309,3,10,736,3,20,50,3,10,34111,3,10,75236,3,20,7681,3,10,-9990,0,0,0,E,8,0,E,8,27.8,E,8,14.9,E,8,46,E,8,994,E,8,199,E,8,3.4,E,8,-9990,0,0,-9990,0,0,2.638,E,8,0.088,E,8,0.20,E,8,0,-9990,0,0
08/27/2005,19:00,244,1338,136,3,10,307,3,20,79,3,10,14830,3,10,13522,3,20,12363,3,10,-9990,0,0,6,E,8,5,E,8,26.4,E,8,15.1,E,8,50,E,8,994,E,8,76,E,8,3.4,E,8,-9990,0,0,-9990,0,0,2.673,E,8,0.088,E,8,0.20,E,8,0,-9990,0,0
08/27/2005,20:00,36,379,4,3,10,0,3,20,4,3,10,574,3,10,11,3,20,573,3,10,-9990,0,0,6,E,8,5,E,8,24.7,E,8,15.1,E,8,55,E,8,994,E,8,74,E,8,2.3,E,8,-9990,0,0,-9990,0,0,2.671,E,8,0.088,E,8,0.20,E,8,0,-9990,0,0
08/27/2005,21:00,0,0,0,3,0,0,3,0,0,3,0,0,3,0,0,3,0,0,3,0,-9990,0,0,6,E,8,5,E,8,23.5,E,8,16.7,E,8,65,E,8,994,E,8,42,E,8,5.4,E,8,-9990,0,0,-9990,0,0,2.985,E,8,0.088,E,8,0.20,E,8,0,-9990,0,0
08/27/2005,22:00,0,0,0,3,0,0,3,0,0,3,0,0,3,0,0,3,0,0,3,0,-9990,0,0,6,E,8,5,E,8,22.4,E,8,16.5,E,8,70,E,8,994,E,8,68,E,8,3.8,E,8,-9990,0,0,-9990,0,0,2.948,E,8,0.088,E,8,0.20,E,8,0,-9990,0,0
08/27/2005,23:00,0,0,0,3,0,0,3,0,0,3,0,0,3,0,0,3,0,0,3,0,-9990,0,0,5,E,8,4,E,8,21.2,E,8,16.9,E,8,77,E,8,994,E,8,75,E,8,4.6,E,8,-9990,0,0,-9990,0,0,3.031,E,8,0.088,E,8,0.20,E,8,0,-9990,0,0
08/27/2005,24:00,0,0,0,3,0,0,3,0,0,3,0,0,3,0,0,3,0,0,3,0,-9990,0,0,5,E,8,4,E,8,20.0,E,8,16.2,E,8,79,E,8,994,E,8,130,E,8,3.4,E,8,-9990,0,0,-9990,0,0,2.874,E,8,0.088,E,8,0.20,E,8,0,-9990,0,0
08/28/2005,01:00,0,0,0,3,0,0,3,0,0,3,0,0,3,0,0,3,0,0,3,0,-9990,0,0,5,E,8,5,E,8,18.9,E,8,16.1,E,8,84,E,8,994,E,8,227,E,8,3.8,E,8,-9990,0,0,-9990,0,0,2.870,E,8,0.084,E,8,0.20,E,8,0,-9990,0,0
08/28/2005,02:00,0,0,0,3,0,0,3,0,0,3,0,0,3,0,0,3,0,0,3,0,-9990,0,0,5,E,8,5,E,8,17.8,E,8,15.2,E,8,85,E,8,994,E,8,236,E,8,1.9,E,8,-9990,0,0,-9990,0,0,2.689,E,8,0.084,E,8,0.20,E,8,0,-9990,0,0
08/28/2005,03:00,0,0,0,3,0,0,3,0,0,3,0,0,3,0,0,3,0,0,3,0,-9990,0,0,5,E,8,5,E,8,16.7,E,8,14.4,E,8,86,E,8,994,E,8,269,E,8,2.1,E,8,-9990,0,0,-9990,0,0,2.540,E,8,0.084,E,8,0.20,E,8,0,-9990,0,0
08/28/2005,04:00,0,0,0,3,0,0,3,0,0,3,0,0,3,0,0,3,0,0,3,0,-9990,0,0,5,E,8,5,E,8,16.1,E,8,14.2,E,8,88,E,8,994,E,8,260,E,8,3.4,E,8,-9990,0,0,-9990,0,0,2.513,E,8,0.084,E,8,0.20,E,8,0,-9990,0,0
08/28/2005,05:00,0,0,0,3,0,0,3,0,0,3,0,0,3,0,0,3,0,0,3,0,-9990,0,0,5,E,8,5,E,8,15.6,E,8,13.7,E,8,88,E,8,994,E,8,243,E,8,3.0,E,8,-9990,0,0,-9990,0,0,2.413,E,8,0.084,E,8,0.20,E,8,0,-9990,0,0
08/28/2005,06:00,0,0,0,3,0,0,3,0,0,3,0,0,3,0,0,3,0,0,3,0,-9990,0,0,5,E,8,5,E,8,15.1,E,8,14.0,E,8,93,E,8,994,E,8,128,E,8,1.7,E,8,-9990,0,0,-9990,0,0,2.471,E,8,0.084,E,8,0.20,E,8,0,-9990,0,0
08/28/2005,07:00,105,640,25,3,10,0,3,20,25,3,10,2964,3,10,0,3,20,2964,3,10,-9990,0,0,5,E,8,5,E,8,15.6,E,8,14.1,E,8,90,E,8,994,E,8,132,E,8,1.1,E,8,-9990,0,0,-9990,0,0,2.483,E,8,0.084,E,8,0.20,E,8,0,-9990,0,0
08/28/2005,08:00,335,1338,204,3,10,416,3,20,99,3,10,22118,3,10,27605,3,20,15202,3,10,-9990,0,0,5,E,8,5,E,8,17.7,E,8,14.7,E,8,83,E,8,994,E,8,258,E,8,0.3,E,8,-9990,0,0,-9990,0,0,2.602,E,8,0.084,E,8,0.20,E,8,0,-9990,0,0
08/28/2005,09:00,555,1338,384,3,10,805,3,20,50,3,10,42407,3,10,84119,3,20,7527,3,10,-9990,0,0,0,E,8,0,E,8,19.8,E,8,14.8,E,8,73,E,8,994,E,8,61,E,8,0.5,E,8,-9990,0,0,-9990,0,0,2.606,E,8,0.084,E,8,0.20,E,8,0,-9990,0,0
08/28/2005,10:00,748,1338,553,3,10,887,3,20,58,3,10,60966,3,10,94018,3,20,8394,3,10,-9990,0,0,0,E,8,0,E,8,21.8,E,8,14.6,E,8,63,E,8,994,E,8,193,E,8,0.9,E,8,-9990,0,0,-9990,0,0,2.576,E,8,0.084,E,8,0.20,E,8,0,-9990,0,0
08/28/2005,11:00,902,1338,692,3,10,922,3,20,70,3,10,75737,3,10,97676,3,20,9875,3,10,-9990,0,0,0,E,8,0,E,8,23.7,E,8,14.3,E,8,56,E,8,994,E,8,271,E,8,2.3,E,8,-9990,0,0,-9990,0,0,2.531,E,8,0.084,E,8,0.20,E,8,0,-9990,0,0
08/28/2005,12:00,1007,1338,786,3,10,938,3,20,81,3,10,85643,3,10,99208,3,20,11023,3,10,-9990,0,0,0,E,8,0,E,8,25.3,E,8,14.1,E,8,50,E,8,994,E,8,260,E,8,1.5,E,8,-9990,0,0,-9990,0,0,2.497,E,8,0.084,E,8,0.20,E,8,0,-9990,0,0
08/28/2005,13:00,1054,1338,833,3,10,949,3,20,85,3,10,90495,3,10,100315,3,20,11500,3,10,-9990,0,0,0,E,8,0,E,8,26.5,E,8,13.9,E,8,46,E,8,994,E,8,262,E,8,0.3,E,8,-9990,0,0,-9990,0,0,2.459,E,8,0.084,E,8,0.20,E,8,0,-9990,0,0
08/28/2005,14:00,1041,1338,822,3,10,950,3,20,83,3,10,89439,3,10,100488,3,20,11278,3,10,-9990,0,0,0,E,8,0,E,8,27.4,E,8,14.0,E,8,44,E,8,994,E,8,262,E,8,0.4,E,8,-9990,0,0,-9990,0,0,2.480,E,8,0.084,E,8,0.20,E,8,0,-9990,0,0
08/28/2005,15:00,969,1338,759,3,10,945,3,20,75,3,10,82643,3,10,99916,3,20,10320,3,10,-9990,0,0,0,E,8,0,E,8,27.9,E,8,13.4,E,8,41,E,8,994,E,8,256,E,8,0.7,E,8,-9990,0,0,-9990,0,0,2.368,E,8,0.084,E,8,0.20,E,8,0,-9990,0,0
08/28/2005,16:00,842,1338,647,3,10,929,3,20,63,3,10,70836,3,10,98410,3,20,8912,3,10,-9990,0,0,0,E,8,0,E,8,28.1,E,8,13.1,E,8,40,E,8,994,E,8,299,E,8,0.3,E,8,-9990,0,0,-9990,0,0,2.323,E,8,0.084,E,8,0.20,E,8,0,-9990,0,0
08/28/2005,17:00,670,1338,498,3,10,893,3,20,51,3,10,54674,3,10,94294,3,20,7483,3,10,-9990,0,0,0,E,8,0,E,8,27.7,E,8,12.4,E,8,39,E,8,994,E,8,273,E,8,0.3,E,8,-9990,0,0,-9990,0,0,2.216,E,8,0.084,E,8,0.20,E,8,0,-9990,0,0
08/28/2005,18:00,463,1338,319,3,10,789,3,20,45,3,10,34968,3,10,80990,3,20,6923,3,10,-9990,0,0,0,E,8,0,E,8,26.8,E,8,11.5,E,8,39,E,8,994,E,8,262,E,8,0.9,E,8,-9990,0,0,-9990,0,0,2.076,E,8,0.084,E,8,0.20,E,8,0,-9990,0,0
08/28/2005,19:00,237,1338,141,3,10,344,3,20,80,3,10,15338,3,10,17775,3,20,12188,3,10,-9990,0,0,6,E,8,5,E,8,25.4,E,8,12.1,E,8,43,E,8,993,E,8,138,E,8,0.4,E,8,-9990,0,0,-9990,0,0,2.162,E,8,0.084,E,8,0.20,E,8,0,-9990,0,0
08/28/2005,20:00,32,357,5,3,10,0,3,20,5,3,10,704,3,10,11,3,20,703,3,10,-9990,0,0,6,E,8,5,E,8,23.8,E,8,12.6,E,8,49,E,8,993,E,8,347,E,8,1.3,E,8,-9990,0,0,-9990,0,0,2.240,E,8,0.084,E,8,0.20,E,8,0,-9990,0,0
08/28/2005,21:00,0,0,0,3,0,0,3,0,0,3,0,0,3,0,0,3,0,0,3,0,-9990,0,0,5,E,8,4,E,8,22.5,E,8,13.6,E,8,57,E,8,993,E,8,69,E,8,3.4,E,8,-9990,0,0,-9990,0,0,2.399,E,8,0.084,E,8,0.20,E,8,0,-9990,0,0
08/28/2005,22:00,0,0,0,3,0,0,3,0,0,3,0,0,3,0,0,3,0,0,3,0,-9990,0,0,5,E,8,4,E,8,21.1,E,8,12.7,E,8,59,E,8,993,E,8,86,E,8,3.4,E,8,-9990,0,0,-9990,0,0,2.255,E,8,0.084,E,8,0.20,E,8,0,-9990,0,0
08/28/2005,23:00,0,0,0,3,0,0,3,0,0,3,0,0,3,0,0,3,0,0,3,0,-9990,0,0,5,E,8,4,E,8,19.8,E,8,12.6,E,8,63,E,8,993,E,8,50,E,8,0.5,E,8,-9990,0,0,-9990,0,0,2.246,E,8,0.084,E,8,0.20,E,8,0,-9990,0,0
08/28/2005,24:00,0,0,0,3,0,0,3,0,0,3,0,0,3,0,0,3,0,0,3,0,-9990,0,0,5,E,8,4,E,8,18.4,E,8,12.9,E,8,70,E,8,993,E,8,117,E,8,0.7,E,8,-9990,0,0,-9990,0,0,2.284,E,8,0.084,E,8,0.20,E,8,0,-9990,0,0
08/29/2005,01:00,0,0,0,3,0,0,3,0,0,3,0,0,3,0,0,3,0,0,3,0,-9990,0,0,5,E,8,4,E,8,17.5,E,8,12.8,E,8,74,E,8,993,E,8,185,E,8,2.1,E,8,-9990,0,0,-9990,0,0,2.279,E,8,0.094,E,8,0.20,E,8,0,-9990,0,0
08/29/2005,02:00,0,0,0,3,0,0,3,0,0,3,0,0,3,0,0,3,0,0,3,0,-9990,0,0,5,E,8,5,E,8,16.4,E,8,13.7,E,8,84,E,8,993,E,8,133,E,8,1.5,E,8,-9990,0,0,-9990,0,0,2.414,E,8,0.094,E,8,0.20,E,8,0,-9990,0,0
08/29/2005,03:00,0,0,0,3,0,0,3,0,0,3,0,0,3,0,0,3,0,0,3,0,-9990,0,0,5,E,8,5,E,8,15.4,E,8,12.6,E,8,83,E,8,993,E,8,270,E,8,0.6,E,8,-9990,0,0,-9990,0,0,2.234,E,8,0.094,E,8,0.20,E,8,0,-9990,0,0
08/29/2005,04:00,0,0,0,3,0,0,3,0,0,3,0,0,3,0,0,3,0,0,3,0,-9990,0,0,5,E,8,4,E,8,14.8,E,8,11.3,E,8,79,E,8,993,E,8,272,E,8,0.1,E,8,-9990,0,0,-9990,0,0,2.044,E,8,0.094,E,8,0.20,E,8,0,-9990,0,0
08/29/2005,05:00,0,0,0,3,0,0,3,0,0,3,0,0,3,0,0,3,0,0,3,0,-9990,0,0,5,E,8,5,E,8,14.2,E,8,11.2,E,8,82,E,8,992,E,8,297,E,8,0.1,E,8,-9990,0,0,-9990,0,0,2.028,E,8,0.094,E,8,0.20,E,8,0,-9990,0,0
08/29/2005,06:00,0,0,0,3,0,0,3,0,0,3,0,0,3,0,0,3,0,0,3,0,-9990,0,0,5,E,8,5,E,8,13.8,E,8,10.6,E,8,81,E,8,992,E,8,195,E,8,0.9,E,8,-9990,0,0,-9990,0,0,1.954,E,8,0.094,E,8,0.20,E,8,0,-9990,0,0
08/29/2005,07:00,101,625,19,3,10,0,3,20,19,3,10,2337,3,10,0,3,20,2337,3,10,-9990,0,0,5,E,8,4,E,8,14.2,E,8,10.5,E,8,78,E,8,992,E,8,217,E,8,0.7,E,8,-9990,0,0,-9990,0,0,1.934,E,8,0.094,E,8,0.20,E,8,0,-9990,0,0
08/29/2005,08:00,331,1339,169,3,10,324,3,20,89,3,10,18507,3,10,19759,3,20,13625,3,10,-9990,0,0,5,E,8,4,E,8,15.9,E,8,11.9,E,8,77,E,8,992,E,8,253,E,8,0.2,E,8,-9990,0,0,-9990,0,0,2.135,E,8,0.094,E,8,0.20,E,8,0,-9990,0,0
08/29/2005,09:00,551,1339,322,3,10,484,3,20,123,3,10,34583,3,10,40375,3,20,17978,3,10,-9990,0,0,4,E,8,3,E,8,17.6,E,8,12.4,E,8,72,E,8,992,E,8,260,E,8,1.1,E,8,-9990,0,0,-9990,0,0,2.217,E,8,0.094,E,8,0.20,E,8,0,-9990,0,0
08/29/2005,10:00,744,1339,473,3,10,605,3,20,137,3,10,51701,3,10,57290,3,20,19859,3,10,-9990,0,0,0,E,8,0,E,8,19.3,E,8,12.1,E,8,63,E,8,992,E,8,288,E,8,1.9,E,8,-9990,0,0,-9990,0,0,2.168,E,8,0.094,E,8,0.20,E,8,0,-9990,0,0
08/29/2005,11:00,898,1339,568,3,10,540,3,20,205,3,10,61530,3,10,50531,3,20,27629,3,10,-9990,0,0,4,E,8,3,E,8,20.7,E,8,12.9,E,8,61,E,8,992,E,8,260,E,8,2.3,E,8,-9990,0,0,-9990,0,0,2.289,E,8,0.094,E,8,0.20,E,8,0,-9990,0,0
08/29/2005,12:00,1002,1339,636,3,10,514,3,20,251,3,10,70896,3,10,44097,3,20,37884,3,10,-9990,0,0,5,E,8,4,E,8,21.9,E,8,13.5,E,8,59,E,8,992,E,8,340,E,8,4.1,E,8,-9990,0,0,-9990,0,0,2.387,E,8,0.094,E,8,0.20,E,8,0,-9990,0,0
08/29/2005,13:00,1049,1339,701,3,10,586,3,20,242,3,10,76498,3,10,57325,3,20,31571,3,10,-9990,0,0,4,E,8,3,E,8,22.9,E,8,13.7,E,8,56,E,8,992,E,8,335,E,8,2.7,E,8,-9990,0,0,-9990,0,0,2.420,E,8,0.094,E,8,0.20,E,8,0,-9990,0,0
08/29/2005,14:00,1036,1339,722,3,10,659,3,20,212,3,10,79531,3,10,65892,3,20,28541,3,10,-9990,0,0,3,E,8,2,E,8,23.7,E,8,14.2,E,8,55,E,8,991,E,8,311,E,8,3.0,E,8,-9990,0,0,-9990,0,0,2.499,E,8,0.094,E,8,0.20,E,8,0,-9990,0,0
08/29/2005,15:00,964,1339,653,3,10,640,3,20,192,3,10,72057,3,10,63289,3,20,26515,3,10,-9990,0,0,3,E,8,2,E,8,24.2,E,8,15.2,E,8,57,E,8,991,E,8,326,E,8,1.0,E,8,-9990,0,0,-9990,0,0,2.691,E,8,0.094,E,8,0.20,E,8,0,-9990,0,0
08/29/2005,16:00,836,1339,558,3,10,657,3,20,147,3,10,61831,3,10,64790,3,20,21356,3,10,-9990,0,0,0,E,8,0,E,8,24.3,E,8,14.6,E,8,55,E,8,991,E,8,263,E,8,0.6,E,8,-9990,0,0,-9990,0,0,2.570,E,8,0.094,E,8,0.20,E,8,0,-9990,0,0
08/29/2005,17:00,664,1339,414,3,10,593,3,20,120,3,10,45672,3,10,55816,3,20,18007,3,10,-9990,0,0,0,E,8,0,E,8,23.9,E,8,14.9,E,8,57,E,8,990,E,8,261,E,8,1.3,E,8,-9990,0,0,-9990,0,0,2.624,E,8,0.094,E,8,0.20,E,8,0,-9990,0,0
08/29/2005,18:00,457,1339,250,3,10,457,3,20,94,3,10,27382,3,10,37310,3,20,14653,3,10,-9990,0,0,3,E,8,2,E,8,23.1,E,8,15.6,E,8,63,E,8,990,E,8,262,E,8,1.3,E,8,-9990,0,0,-9990,0,0,2.756,E,8,0.094,E,8,0.20,E,8,0,-9990,0,0
08/29/2005,19:00,230,1339,98,3,10,258,3,20,54,3,10,11173,3,10,13131,3,20,8916,3,10,-9990,0,0,3,E,8,2,E,8,21.9,E,8,15.6,E,8,68,E,8,990,E,8,345,E,8,3.4,E,8,-9990,0,0,-9990,0,0,2.767,E,8,0.094,E,8,0.20,E,8,0,-9990,0,0
08/29/2005,20:00,29,336,2,3,10,0,3,20,2,3,10,312,3,10,11,3,20,311,3,10,-9990,0,0,4,E,8,3,E,8,20.5,E,8,16.9,E,8,79,E,8,990,E,8,263,E,8,1.7,E,8,-9990,0,0,-9990,0,0,3.021,E,8,0.094,E,8,0.20,E,8,0,-9990,0,0
08/29/2005,21:00,0,0,0,3,0,0,3,0,0,3,0,0,3,0,0,3,0,0,3,0,-9990,0,0,4,E,8,3,E,8,20.0,E,8,17.5,E,8,85,E,8,989,E,8,254,E,8,0.5,E,8,-9990,0,0,-9990,0,0,3.151,E,8,0.094,E,8,0.20,E,8,0,-9990,0,0
08/29/2005,22:00,0,0,0,3,0,0,3,0,0,3,0,0,3,0,0,3,0,0,3,0,-9990,0,0,5,E,8,5,E,8,19.5,E,8,16.8,E,8,84,E,8,989,E,8,272,E,8,0.5,E,8,-9990,0,0,-9990,0,0,3.000,E,8,0.094,E,8,0.20,E,8,0,-9990,0,0
08/29/2005,23:00,0,0,0,3,0,0,3,0,0,3,0,0,3,0,0,3,0,0,3,0,-9990,0,0,5,E,8,5,E,8,18.9,E,8,17.6,E,8,92,E,8,989,E,8,258,E,8,0.7,E,8,-9990,0,0,-9990,0,0,3.183,E,8,0.094,E,8,0.20,E,8,0,-9990,0,0
08/29/2005,24:00,0,0,0,3,0,0,3,0,0,3,0,0,3,0,0,3,0,0,3,0,-9990,0,0,5,E,8,5,E,8,18.4,E,8,17.7,E,8,96,E,8,988,E,8,274,E,8,0.9,E,8,-9990,0,0,-9990,0,0,3.197,E,8,0.094,E,8,0.20,E,8,0,-9990,0,0
08/30/2005,01:00,0,0,0,3,0,0,3,0,0,3,0,0,3,0,0,3,0,0,3,0,-9990,0,0,6,E,8,6,E,8,18.3,E,8,16.7,E,8,90,E,8,988,E,8,262,E,8,1.0,E,8,-9990,0,0,-9990,0,0,2.976,E,8,0.087,E,8,0.20,E,8,0,-9990,0,0
08/30/2005,02:00,0,0,0,3,0,0,3,0,0,3,0,0,3,0,0,3,0,0,3,0,-9990,0,0,6,E,8,6,E,8,18.2,E,8,16.8,E,8,91,E,8,988,E,8,249,E,8,0.8,E,8,-9990,0,0,-9990,0,0,2.998,E,8,0.087,E,8,0.20,E,8,0,-9990,0,0
08/30/2005,03:00,0,0,0,3,0,0,3,0,0,3,0,0,3,0,0,3,0,0,3,0,-9990,0,0,8,E,8,7,E,8,18.1,E,8,16.8,E,8,92,E,8,987,E,8,205,E,8,1.1,E,8,-9990,0,0,-9990,0,0,3.017,E,8,0.087,E,8,0.20,E,8,0,-9990,0,0
08/30/2005,04:00,0,0,0,3,0,0,3,0,0,3,0,0,3,0,0,3,0,0,3,0,-9990,0,0,8,E,8,7,E,8,18.1,E,8,18.0,E,8,99,E,8,987,E,8,12,E,8,3.0,E,8,-9990,0,0,-9990,0,0,3.261,E,8,0.087,E,8,0.20,E,8,0,-9990,0,0
08/30/2005,05:00,0,0,0,3,0,0,3,0,0,3,0,0,3,0,0,3,0,0,3,0,-9990,0,0,9,E,8,8,E,8,18.0,E,8,17.8,E,8,98,E,8,987,E,8,16,E,8,4.6,E,8,-9990,0,0,-9990,0,0,3.214,E,8,0.087,E,8,0.20,E,8,0,-9990,0,0
08/30/2005,06:00,0,0,0,3,0,0,3,0,0,3,0,0,3,0,0,3,0,0,3,0,-9990,0,0,9,E,8,8,E,8,18.0,E,8,18.0,E,8,100,E,8,986,E,8,9,E,8,3.0,E,8,-9990,0,0,-9990,0,0,3.262,E,8,0.087,E,8,0.20,E,8,0,-9990,0,0
08/30/2005,07:00,96,611,10,3,10,0,3,20,10,3,10,1309,3,10,4,3,20,1308,3,10,-9990,0,0,10,E,8,9,E,8,17.9,E,8,17.6,E,8,98,E,8,986,E,8,31,E,8,2.1,E,8,-9990,0,0,-9990,0,0,3.179,E,8,0.087,E,8,0.20,E,8,1,-9990,0,0
08/30/2005,08:00,326,1340,83,3,10,1,3,20,82,3,10,9486,3,10,25,3,20,9480,3,10,-9990,0,0,10,E,8,9,E,8,19.0,E,8,18.4,E,8,96,E,8,986,E,8,19,E,8,0.9,E,8,-9990,0,0,-9990,0,0,3.364,E,8,0.087,E,8,0.20,E,8,1,-9990,0,0
08/30/2005,09:00,546,1340,154,3,10,9,3,20,150,3,10,17607,3,10,860,3,20,17256,3,10,-9990,0,0,10,E,8,9,E,8,19.0,E,8,18.7,E,8,98,E,8,986,E,8,9,E,8,0.9,E,8,-9990,0,0,-9990,0,0,3.428,E,8,0.087,E,8,0.20,E,8,5,-9990,0,0
08/30/2005,10:00,740,1340,200,3,10,7,3,20,196,3,10,23178,3,10,614,3,20,22839,3,10,-9990,0,0,10,E,8,9,E,8,20.3,E,8,19.9,E,8,98,E,8,985,E,8,120,E,8,0.4,E,8,-9990,0,0,-9990,0,0,3.740,E,8,0.087,E,8,0.20,E,8,2,-9990,0,0
08/30/2005,11:00,894,1340,313,3,10,30,3,20,292,3,10,35483,3,10,1849,3,20,34249,3,10,-9990,0,0,10,E,8,9,E,8,21.6,E,8,20.6,E,8,94,E,8,985,E,8,253,E,8,0.1,E,8,-9990,0,0,-9990,0,0,3.914,E,8,0.087,E,8,0.20,E,8,0,-9990,0,0
08/30/2005,12:00,998,1340,329,3,10,22,3,20,312,3,10,38235,3,10,2279,3,20,36537,3,10,-9990,0,0,10,E,8,9,E,8,22.3,E,8,20.2,E,8,88,E,8,985,E,8,272,E,8,0.2,E,8,-9990,0,0,-9990,0,0,3.827,E,8,0.087,E,8,0.20,E,8,0,-9990,0,0
08/30/2005,13:00,1045,1340,279,3,10,11,3,20,270,3,10,33089,3,10,1115,3,20,32220,3,10,-9990,0,0,10,E,8,9,E,8,22.7,E,8,19.6,E,8,83,E,8,984,E,8,279,E,8,0.4,E,8,-9990,0,0,-9990,0,0,3.670,E,8,0.087,E,8,0.20,E,8,0,-9990,0,0
08/30/2005,14:00,1031,1340,218,3,10,2,3,20,217,3,10,26301,3,10,58,3,20,26257,3,10,-9990,0,0,10,E,8,9,E,8,22.8,E,8,19.3,E,8,81,E,8,984,E,8,268,E,8,0.3,E,8,-9990,0,0,-9990,0,0,3.587,E,8,0.087,E,8,0.20,E,8,0,-9990,0,0
08/30/2005,15:00,958,1340,244,3,10,8,3,20,239,3,10,28921,3,10,691,3,20,28427,3,10,-9990,0,0,10,E,8,9,E,8,22.9,E,8,19.4,E,8,81,E,8,984,E,8,254,E,8,0.6,E,8,-9990,0,0,-9990,0,0,3.616,E,8,0.087,E,8,0.20,E,8,0,-9990,0,0
08/30/2005,16:00,831,1340,221,3,10,9,3,20,215,3,10,25869,3,10,794,3,20,25376,3,10,-9990,0,0,10,E,8,9,E,8,22.9,E,8,20.0,E,8,84,E,8,984,E,8,338,E,8,0.8,E,8,-9990,0,0,-9990,0,0,3.765,E,8,0.087,E,8,0.20,E,8,0,-9990,0,0
08/30/2005,17:00,657,1340,127,3,10,0,3,20,127,3,10,15153,3,10,0,3,20,15153,3,10,-9990,0,0,10,E,8,9,E,8,22.6,E,8,19.5,E,8,83,E,8,984,E,8,280,E,8,1.7,E,8,-9990,0,0,-9990,0,0,3.629,E,8,0.087,E,8,0.20,E,8,0,-9990,0,0
08/30/2005,18:00,450,1340,81,3,10,0,3,20,81,3,10,9622,3,10,0,3,20,9622,3,10,-9990,0,0,10,E,8,9,E,8,22.1,E,8,18.0,E,8,78,E,8,984,E,8,295,E,8,1.5,E,8,-9990,0,0,-9990,0,0,3.281,E,8,0.087,E,8,0.20,E,8,0,-9990,0,0
08/30/2005,19:00,223,1340,10,3,10,0,3,20,10,3,10,1369,3,10,8,3,20,1367,3,10,-9990,0,0,10,E,8,9,E,8,21.5,E,8,18.0,E,8,80,E,8,984,E,8,317,E,8,0.3,E,8,-9990,0,0,-9990,0,0,3.260,E,8,0.087,E,8,0.20,E,8,0,-9990,0,0
08/30/2005,20:00,25,314,1,3,10,0,3,20,1,3,10,156,3,10,8,3,20,156,3,10,-9990,0,0,10,E,8,9,E,8,21.0,E,8,17.3,E,8,80,E,8,984,E,8,313,E,8,0.1,E,8,-9990,0,0,-9990,0,0,3.124,E,8,0.087,E,8,0.20,E,8,0,-9990,0,0
08/30/2005,21:00,0,0,0,3,0,0,3,0,0,3,0,0,3,0,0,3,0,0,3,0,-9990,0,0,10,E,8,9,E,8,21.1,E,8,19.3,E,8,89,E,8,984,E,8,300,E,8,0.2,E,8,-9990,0,0,-9990,0,0,3.570,E,8,0.087,E,8,0.20,E,8,0,-9990,0,0
08/30/2005,22:00,0,0,0,3,0,0,3,0,0,3,0,0,3,0,0,3,0,0,3,0,-9990,0,0,10,E,8,9,E,8,21.1,E,8,18.3,E,8,84,E,8,984,E,8,335,E,8,0.5,E,8,-9990,0,0,-9990,0,0,3.335,E,8,0.087,E,8,0.20,E,8,1,-9990,0,0
08/30/2005,23:00,0,0,0,3,0,0,3,0,0,3,0,0,3,0,0,3,0,0,3,0,-9990,0,0,10,E,8,9,E,8,21.3,E,8,19.0,E,8,87,E,8,984,E,8,330,E,8,0.5,E,8,-9990,0,0,-9990,0,0,3.518,E,8,0.087,E,8,0.20,E,8,1,-9990,0,0
08/30/2005,24:00,0,0,0,3,0,0,3,0,0,3,0,0,3,0,0,3,0,0,3,0,-9990,0,0,10,E,8,9,E,8,21.5,E,8,19.0,E,8,85,E,8,983,E,8,331,E,8,0.3,E,8,-9990,0,0,-9990,0,0,3.501,E,8,0.087,E,8,0.20,E,8,0,-9990,0,0
08/31/2005,01:00,0,0,0,3,0,0,3,0,0,3,0,0,3,0,0,3,0,0,3,0,-9990,0,0,10,E,8,9,E,8,21.4,E,8,19.3,E,8,87,E,8,983,E,8,320,E,8,0.1,E,8,-9990,0,0,-9990,0,0,3.572,E,8,0.090,E,8,0.20,E,8,1,-9990,0,0
08/31/2005,02:00,0,0,0,3,0,0,3,0,0,3,0,0,3,0,0,3,0,0,3,0,-9990,0,0,10,E,8,9,E,8,21.2,E,8,19.6,E,8,91,E,8,983,E,8,330,E,8,0.5,E,8,-9990,0,0,-9990,0,0,3.668,E,8,0.090,E,8,0.20,E,8,3,-9990,0,0
08/31/2005,03:00,0,0,0,3,0,0,3,0,0,3,0,0,3,0,0,3,0,0,3,0,-9990,0,0,10,E,8,9,E,8,21.8,E,8,19.6,E,8,88,E,8,983,E,8,306,E,8,0.3,E,8,-9990,0,0,-9990,0,0,3.670,E,8,0.090,E,8,0.20,E,8,0,-9990,0,0
08/31/2005,04:00,0,0,0,3,0,0,3,0,0,3,0,0,3,0,0,3,0,0,3,0,-9990,0,0,10,E,8,9,E,8,21.8,E,8,19.7,E,8,88,E,8,983,E,8,330,E,8,0.8,E,8,-9990,0,0,-9990,0,0,3.679,E,8,0.090,E,8,0.20,E,8,1,-9990,0,0
08/31/2005,05:00,0,0,0,3,0,0,3,0,0,3,0,0,3,0,0,3,0,0,3,0,-9990,0,0,10,E,8,9,E,8,21.7,E,8,20.5,E,8,93,E,8,983,E,8,340,E,8,1.5,E,8,-9990,0,0,-9990,0,0,3.893,E,8,0.090,E,8,0.20,E,8,1,-9990,0,0
08/31/2005,06:00,0,0,0,3,0,0,3,0,0,3,0,0,3,0,0,3,0,0,3,0,-9990,0,0,10,E,8,9,E,8,22.0,E,8,20.6,E,8,92,E,8,983,E,8,239,E,8,3.0,E,8,-9990,0,0,-9990,0,0,3.918,E,8,0.090,E,8,0.20,E,8,0,-9990,0,0
08/31/2005,07:00,92,597,4,3,10,0,3,20,4,3,10,507,3,10,8,3,20,505,3,10,-9990,0,0,10,E,8,9,E,8,22.1,E,8,20.3,E,8,90,E,8,983,E,8,292,E,8,1.5,E,8,-9990,0,0,-9990,0,0,3.850,E,8,0.090,E,8,0.20,E,8,0,-9990,0,0
08/31/2005,08:00,322,1340,34,3,10,0,3,20,34,3,10,4144,3,10,0,3,20,4144,3,10,-9990,0,0,10,E,8,9,E,8,22.4,E,8,20.2,E,8,87,E,8,983,E,8,264,E,8,3.8,E,8,-9990,0,0,-9990,0,0,3.823,E,8,0.090,E,8,0.20,E,8,1,-9990,0,0
08/31/2005,09:00,542,1340,85,3,10,0,3,20,85,3,10,10150,3,10,0,3,20,10150,3,10,-9990,0,0,10,E,8,9,E,8,23.2,E,8,20.2,E,8,83,E,8,983,E,8,276,E,8,7.8,E,8,-9990,0,0,-9990,0,0,3.823,E,8,0.090,E,8,0.20,E,8,0,-9990,0,0
08/31/2005,10:00,736,1340,121,3,10,0,3,20,121,3,10,14581,3,10,0,3,20,14581,3,10,-9990,0,0,10,E,8,9,E,8,23.7,E,8,20.6,E,8,83,E,8,983,E,8,284,E,8,3.4,E,8,-9990,0,0,-9990,0,0,3.918,E,8,0.090,E,8,0.20,E,8,0,-9990,0,0
08/31/2005,11:00,890,1340,161,3,10,0,3,20,161,3,10,19442,3,10,0,3,20,19442,3,10,-9990,0,0,10,E,8,9,E,8,24.4,E,8,20.6,E,8,79,E,8,983,E,8,330,E,8,6.5,E,8,-9990,0,0,-9990,0,0,3.918,E,8,0.090,E,8,0.20,E,8,0,-9990,0,0
08/31/2005,12:00,994,1340,179,3,10,3,3,20,177,3,10,21792,3,10,234,3,20,21619,3,10,-9990,0,0,10,E,8,9,E,8,24.8,E,8,20.6,E,8,77,E,8,983,E,8,279,E,8,8.5,E,8,-9990,0,0,-9990,0,0,3.918,E,8,0.090,E,8,0.20,E,8,0,-9990,0,0
08/31/2005,13:00,1040,1340,164,3,10,0,3,20,164,3,10,20148,3,10,0,3,20,20148,3,10,-9990,0,0,10,E,8,9,E,8,25.1,E,8,20.6,E,8,76,E,8,982,E,8,264,E,8,8.5,E,8,-9990,0,0,-9990,0,0,3.918,E,8,0.090,E,8,0.20,E,8,0,-9990,0,0
08/31/2005,14:00,1026,1340,165,3,10,2,3,20,163,3,10,20295,3,10,121,3,20,20202,3,10,-9990,0,0,10,E,8,9,E,8,25.3,E,8,19.2,E,8,69,E,8,983,E,8,304,E,8,6.9,E,8,-9990,0,0,-9990,0,0,3.550,E,8,0.090,E,8,0.20,E,8,0,-9990,0,0
08/31/2005,15:00,953,1340,147,3,10,0,3,20,147,3,10,18074,3,10,0,3,20,18074,3,10,-9990,0,0,10,E,8,9,E,8,25.5,E,8,18.9,E,8,67,E,8,983,E,8,200,E,8,4.6,E,8,-9990,0,0,-9990,0,0,3.473,E,8,0.090,E,8,0.20,E,8,0,-9990,0,0
08/31/2005,16:00,825,1340,134,3,10,0,3,20,134,3,10,16275,3,10,0,3,20,16275,3,10,-9990,0,0,10,E,8,9,E,8,25.5,E,8,20.6,E,8,74,E,8,984,E,8,227,E,8,4.1,E,8,-9990,0,0,-9990,0,0,3.918,E,8,0.090,E,8,0.20,E,8,0,-9990,0,0
08/31/2005,17:00,651,1340,102,3,10,0,3,20,102,3,10,12419,3,10,0,3,20,12419,3,10,-9990,0,0,10,E,8,9,E,8,25.5,E,8,18.5,E,8,65,E,8,984,E,8,297,E,8,3.0,E,8,-9990,0,0,-9990,0,0,3.393,E,8,0.090,E,8,0.20,E,8,0,-9990,0,0
08/31/2005,18:00,443,1340,41,3,10,0,3,20,41,3,10,5125,3,10,0,3,20,5125,3,10,-9990,0,0,10,E,8,9,E,8,25.1,E,8,20.6,E,8,76,E,8,985,E,8,258,E,8,7.3,E,8,-9990,0,0,-9990,0,0,3.918,E,8,0.090,E,8,0.20,E,8,0,-9990,0,0
08/31/2005,19:00,216,1340,19,3,10,0,3,20,19,3,10,2391,3,10,0,3,20,2391,3,10,-9990,0,0,10,E,8,9,E,8,24.8,E,8,20.6,E,8,78,E,8,985,E,8,273,E,8,3.0,E,8,-9990,0,0,-9990,0,0,3.918,E,8,0.090,E,8,0.20,E,8,1,-9990,0,0
08/31/2005,20:00,22,292,1,3,10,0,3,20,1,3,10,138,3,10,8,3,20,137,3,10,-9990,0,0,10,E,8,9,E,8,23.0,E,8,20.6,E,8,86,E,8,985,E,8,256,E,8,4.6,E,8,-9990,0,0,-9990,0,0,3.918,E,8,0.090,E,8,0.20,E,8,8,-9990,0,0
08/31/2005,21:00,0,0,0,3,0,0,3,0,0,3,0,0,3,0,0,3,0,0,3,0,-9990,0,0,10,E,8,9,E,8,23.3,E,8,20.6,E,8,85,E,8,986,E,8,334,E,8,6.1,E,8,-9990,0,0,-9990,0,0,3.918,E,8,0.090,E,8,0.20,E,8,4,-9990,0,0
08/31/2005,22:00,0,0,0,3,0,0,3,0,0,3,0,0,3,0,0,3,0,0,3,0,-9990,0,0,10,E,8,9,E,8,23.2,E,8,20.5,E,8,85,E,8,986,E,8,280,E,8,6.5,E,8,-9990,0,0,-9990,0,0,3.896,E,8,0.090,E,8,0.20,E,8,2,-9990,0,0
08/31/2005,23:00,0,0,0,3,0,0,3,0,0,3,0,0,3,0,0,3,0,0,3,0,-9990,0,0,10,E,8,9,E,8,22.0,E,8,18.5,E,8,81,E,8,987,E,8,306,E,8,3.4,E,8,-9990,0,0,-9990,0,0,3.399,E,8,0.090,E,8,0.20,E,8,0,-9990,0,0
08/31/2005,24:00,0,0,0,3,0,0,3,0,0,3,0,0,3,0,0,3,0,0,3,0,-9990,0,0,10,E,8,9,E,8,20.2,E,8,18.0,E,8,87,E,8,987,E,8,320,E,8,2.7,E,8,-9990,0,0,-9990,0,0,3.276,E,8,0.090,E,8,0.20,E,8,1,-9990,0,0
09/01/2005,01:00,0,0,0,3,0,0,3,0,0,3,0,0,3,0,0,3,0,0,3,0,-9990,0,0,5,E,8,4,E,8,18.9,E,8,10.3,E,8,57,E,8,989,E,8,172,E,8,2.2,E,8,-9990,0,0,-9990,0,0,1.913,E,8,0.099,E,8,0.20,E,8,0,-9990,0,0
09/01/2005,02:00,0,0,0,3,0,0,3,0,0,3,0,0,3,0,0,3,0,0,3,0,-9990,0,0,5,E,8,4,E,8,17.4,E,8,13.0,E,8,75,E,8,989,E,8,34,E,8,1.1,E,8,-9990,0,0,-9990,0,0,2.302,E,8,0.099,E,8,0.20,E,8,0,-9990,0,0
09/01/2005,03:00,0,0,0,3,0,0,3,0,0,3,0,0,3,0,0,3,0,0,3,0,-9990,0,0,5,E,8,5,E,8,15.8,E,8,13.8,E,8,88,E,8,989,E,8,55,E,8,0.8,E,8,-9990,0,0,-9990,0,0,2.438,E,8,0.099,E,8,0.20,E,8,0,-9990,0,0
09/01/2005,04:00,0,0,0,3,0,0,3,0,0,3,0,0,3,0,0,3,0,0,3,0,-9990,0,0,5,E,8,5,E,8,14.6,E,8,12.6,E,8,88,E,8,990,E,8,40,E,8,0.4,E,8,-9990,0,0,-9990,0,0,2.238,E,8,0.099,E,8,0.20,E,8,0,-9990,0,0
09/01/2005,05:00,0,0,0,3,0,0,3,0,0,3,0,0,3,0,0,3,0,0,3,0,-9990,0,0,5,E,8,5,E,8,13.3,E,8,11.4,E,8,88,E,8,990,E,8,323,E,8,0.4,E,8,-9990,0,0,-9990,0,0,2.055,E,8,0.099,E,8,0.20,E,8,0,-9990,0,0
09/01/2005,06:00,0,0,0,3,0,0,3,0,0,3,0,0,3,0,0,3,0,0,3,0,-9990,0,0,5,E,8,5,E,8,12.4,E,8,10.5,E,8,88,E,8,991,E,8,324,E,8,0.1,E,8,-9990,0,0,-9990,0,0,1.932,E,8,0.099,E,8,0.20,E,8,0,-9990,0,0
09/01/2005,07:00,88,582,17,3,10,0,3,20,17,3,10,2032,3,10,0,3,20,2032,3,10,-9990,0,0,5,E,8,5,E,8,12.7,E,8,10.8,E,8,88,E,8,991,E,8,46,E,8,0.6,E,8,-9990,0,0,-9990,0,0,1.971,E,8,0.099,E,8,0.20,E,8,0,-9990,0,0
09/01/2005,08:00,317,1341,170,3,10,377,3,20,81,3,10,18060,3,10,25723,3,20,11977,3,10,-9990,0,0,5,E,8,5,E,8,14.8,E,8,12.8,E,8,88,E,8,991,E,8,8,E,8,0.2,E,8,-9990,0,0,-9990,0,0,2.270,E,8,0.099,E,8,0.20,E,8,0,-9990,0,0
09/01/2005,09:00,538,1341,330,3,10,596,3,20,91,3,10,35685,3,10,53992,3,20,14038,3,10,-9990,0,0,0,E,8,0,E,8,16.9,E,8,14.2,E,8,84,E,8,992,E,8,347,E,8,0.2,E,8,-9990,0,0,-9990,0,0,2.511,E,8,0.099,E,8,0.20,E,8,0,-9990,0,0
09/01/2005,10:00,731,1341,483,3,10,677,3,20,113,3,10,53159,3,10,65779,3,20,17275,3,10,-9990,0,0,0,E,8,0,E,8,19.0,E,8,16.3,E,8,84,E,8,992,E,8,331,E,8,0.5,E,8,-9990,0,0,-9990,0,0,2.894,E,8,0.099,E,8,0.20,E,8,0,-9990,0,0
09/01/2005,11:00,886,1341,610,3,10,708,3,20,142,3,10,67028,3,10,70167,3,20,20691,3,10,-9990,0,0,0,E,8,0,E,8,21.0,E,8,13.9,E,8,64,E,8,993,E,8,347,E,8,0.2,E,8,-9990,0,0,-9990,0,0,2.454,E,8,0.099,E,8,0.20,E,8,0,-9990,0,0
09/01/2005,12:00,989,1341,691,3,10,700,3,20,174,3,10,75348,3,10,69460,3,20,24107,3,10,-9990,0,0,3,E,8,2,E,8,22.6,E,8,11.0,E,8,48,E,8,993,E,8,3,E,8,0.4,E,8,-9990,0,0,-9990,0,0,2.003,E,8,0.099,E,8,0.20,E,8,0,-9990,0,0
09/01/2005,13:00,1035,1341,723,3,10,679,3,20,198,3,10,78253,3,10,67043,3,20,26481,3,10,-9990,0,0,3,E,8,2,E,8,23.8,E,8,9.1,E,8,39,E,8,993,E,8,12,E,8,0.5,E,8,-9990,0,0,-9990,0,0,1.751,E,8,0.099,E,8,0.20,E,8,0,-9990,0,0
09/01/2005,14:00,1021,1341,707,3,10,667,3,20,199,3,10,76430,3,10,65472,3,20,26569,3,10,-9990,0,0,3,E,8,2,E,8,24.6,E,8,8.9,E,8,37,E,8,993,E,8,1,E,8,0.7,E,8,-9990,0,0,-9990,0,0,1.733,E,8,0.099,E,8,0.20,E,8,0,-9990,0,0
09/01/2005,15:00,947,1341,655,3,10,691,3,20,166,3,10,71059,3,10,68004,3,20,23016,3,10,-9990,0,0,1,E,8,1,E,8,25.0,E,8,9.0,E,8,36,E,8,993,E,8,13,E,8,0.7,E,8,-9990,0,0,-9990,0,0,1.746,E,8,0.099,E,8,0.20,E,8,0,-9990,0,0
09/01/2005,16:00,819,1341,560,3,10,721,3,20,120,3,10,61328,3,10,71381,3,20,17736,3,10,-9990,0,0,0,E,8,0,E,8,25.1,E,8,9.6,E,8,37,E,8,993,E,8,45,E,8,0.3,E,8,-9990,0,0,-9990,0,0,1.811,E,8,0.099,E,8,0.20,E,8,0,-9990,0,0
09/01/2005,17:00,645,1341,429,3,10,721,3,20,82,3,10,46147,3,10,70565,3,20,12222,3,10,-9990,0,0,0,E,8,0,E,8,24.5,E,8,10.0,E,8,40,E,8,993,E,8,33,E,8,0.1,E,8,-9990,0,0,-9990,0,0,1.868,E,8,0.099,E,8,0.20,E,8,0,-9990,0,0
09/01/2005,18:00,437,1341,265,3,10,612,3,20,66,3,10,28639,3,10,55894,3,20,10444,3,10,-9990,0,0,5,E,8,4,E,8,23.4,E,8,11.2,E,8,46,E,8,992,E,8,32,E,8,0.5,E,8,-9990,0,0,-9990,0,0,2.037,E,8,0.099,E,8,0.20,E,8,0,-9990,0,0
09/01/2005,19:00,209,1341,107,3,10,426,3,20,40,3,10,11240,3,10,31053,3,20,6409,3,10,-9990,0,0,5,E,8,4,E,8,21.8,E,8,11.5,E,8,52,E,8,992,E,8,43,E,8,1.5,E,8,-9990,0,0,-9990,0,0,2.073,E,8,0.099,E,8,0.20,E,8,0,-9990,0,0
09/01/2005,20:00,19,270,2,3,10,0,3,20,2,3,10,261,3,10,10,3,20,260,3,10,-9990,0,0,6,E,8,5,E,8,20.0,E,8,11.7,E,8,59,E,8,992,E,8,60,E,8,3.0,E,8,-9990,0,0,-9990,0,0,2.098,E,8,0.099,E,8,0.20,E,8,0,-9990,0,0
09/01/2005,21:00,0,0,0,3,0,0,3,0,0,3,0,0,3,0,0,3,0,0,3,0,-9990,0,0,6,E,8,5,E,8,18.9,E,8,13.1,E,8,69,E,8,992,E,8,49,E,8,3.0,E,8,-9990,0,0,-9990,0,0,2.317,E,8,0.099,E,8,0.20,E,8,0,-9990,0,0
09/01/2005,22:00,0,0,0,3,0,0,3,0,0,3,0,0,3,0,0,3,0,0,3,0,-9990,0,0,6,E,8,5,E,8,17.7,E,8,12.8,E,8,73,E,8,991,E,8,71,E,8,4.7,E,8,-9990,0,0,-9990,0,0,2.272,E,8,0.099,E,8,0.20,E,8,0,-9990,0,0
09/01/2005,23:00,0,0,0,3,0,0,3,0,0,3,0,0,3,0,0,3,0,0,3,0,-9990,0,0,6,E,8,5,E,8,16.6,E,8,11.8,E,8,73,E,8,991,E,8,37,E,8,2.0,E,8,-9990,0,0,-9990,0,0,2.125,E,8,0.099,E,8,0.20,E,8,0,-9990,0,0
09/01/2005,24:00,0,0,0,3,0,0,3,0,0,3,0,0,3,0,0,3,0,0,3,0,-9990,0,0,8,E,8,6,E,8,15.5,E,8,11.1,E,8,75,E,8,991,E,8,50,E,8,1.3,E,8,-9990,0,0,-9990,0,0,2.021,E,8,0.099,E,8,0.20,E,8,0,-9990,0,0
09/02/2005,01:00,0,0,0,3,0,0,3,0,0,3,0,0,3,0,0,3,0,0,3,0,-9990,0,0,8,E,8,6,E,8,15.3,E,8,10.7,E,8,74,E,8,991,E,8,69,E,8,0.2,E,8,-9990,0,0,-9990,0,0,1.958,E,8,0.105,E,8,0.20,E,8,0,-9990,0,0
09/02/2005,02:00,0,0,0,3,0,0,3,0,0,3,0,0,3,0,0,3,0,0,3,0,-9990,0,0,8,E,8,6,E,8,15.1,E,8,11.0,E,8,76,E,8,990,E,8,89,E,8,0.8,E,8,-9990,0,0,-9990,0,0,2.001,E,8,0.105,E,8,0.20,E,8,0,-9990,0,0
09/02/2005,03:00,0,0,0,3,0,0,3,0,0,3,0,0,3,0,0,3,0,0,3,0,-9990,0,0,9,E,8,8,E,8,15.0,E,8,11.5,E,8,80,E,8,990,E,8,46,E,8,1.6,E,8,-9990,0,0,-9990,0,0,2.073,E,8,0.105,E,8,0.20,E,8,0,-9990,0,0
09/02/2005,04:00,0,0,0,3,0,0,3,0,0,3,0,0,3,0,0,3,0,0,3,0,-9990,0,0,9,E,8,8,E,8,14.9,E,8,11.2,E,8,79,E,8,990,E,8,74,E,8,2.2,E,8,-9990,0,0,-9990,0,0,2.028,E,8,0.105,E,8,0.20,E,8,0,-9990,0,0
09/02/2005,05:00,0,0,0,3,0,0,3,0,0,3,0,0,3,0,0,3,0,0,3,0,-9990,0,0,9,E,8,8,E,8,14.8,E,8,10.8,E,8,77,E,8,990,E,8,56,E,8,2.0,E,8,-9990,0,0,-9990,0,0,1.978,E,8,0.105,E,8,0.20,E,8,0,-9990,0,0
09/02/2005,06:00,0,0,0,3,0,0,3,0,0,3,0,0,3,0,0,3,0,0,3,0,-9990,0,0,9,E,8,8,E,8,14.7,E,8,12.0,E,8,84,E,8,989,E,8,82,E,8,2.2,E,8,-9990,0,0,-9990,0,0,2.154,E,8,0.105,E,8,0.20,E,8,0,-9990,0,0
09/02/2005,07:00,83,568,10,3,10,0,3,20,10,3,10,1229,3,10,5,3,20,1229,3,10,-9990,0,0,10,E,8,9,E,8,15.1,E,8,11.9,E,8,82,E,8,989,E,8,168,E,8,3.0,E,8,-9990,0,0,-9990,0,0,2.141,E,8,0.105,E,8,0.20,E,8,0,-9990,0,0
09/02/2005,08:00,312,1342,98,3,10,53,3,20,86,3,10,10959,3,10,4401,3,20,9934,3,10,-9990,0,0,10,E,8,9,E,8,16.6,E,8,12.8,E,8,78,E,8,989,E,8,221,E,8,1.6,E,8,-9990,0,0,-9990,0,0,2.275,E,8,0.105,E,8,0.20,E,8,0,-9990,0,0
09/02/2005,09:00,533,1342,198,3,10,62,3,20,173,3,10,22064,3,10,5438,3,20,19903,3,10,-9990,0,0,10,E,8,9,E,8,18.3,E,8,13.5,E,8,73,E,8,989,E,8,118,E,8,1.1,E,8,-9990,0,0,-9990,0,0,2.381,E,8,0.105,E,8,0.20,E,8,0,-9990,0,0
09/02/2005,10:00,727,1342,295,3,10,73,3,20,255,3,10,32949,3,10,6850,3,20,29236,3,10,-9990,0,0,10,E,8,9,E,8,20.0,E,8,13.1,E,8,64,E,8,989,E,8,75,E,8,1.0,E,8,-9990,0,0,-9990,0,0,2.314,E,8,0.105,E,8,0.20,E,8,0,-9990,0,0
09/02/2005,11:00,881,1342,340,3,10,72,3,20,293,3,10,38171,3,10,6712,3,20,33763,3,10,-9990,0,0,10,E,8,9,E,8,21.3,E,8,14.6,E,8,65,E,8,988,E,8,33,E,8,2.2,E,8,-9990,0,0,-9990,0,0,2.573,E,8,0.105,E,8,0.20,E,8,0,-9990,0,0
09/02/2005,12:00,985,1342,408,3,10,88,3,20,344,3,10,45780,3,10,8556,3,20,39500,3,10,-9990,0,0,10,E,8,9,E,8,22.6,E,8,14.5,E,8,60,E,8,988,E,8,25,E,8,1.5,E,8,-9990,0,0,-9990,0,0,2.556,E,8,0.105,E,8,0.20,E,8,0,-9990,0,0
09/02/2005,13:00,1031,1342,396,3,10,43,3,20,363,3,10,44382,3,10,3603,3,20,41614,3,10,-9990,0,0,10,E,8,9,E,8,23.4,E,8,13.9,E,8,55,E,8,988,E,8,25,E,8,0.6,E,8,-9990,0,0,-9990,0,0,2.462,E,8,0.105,E,8,0.20,E,8,0,-9990,0,0
09/02/2005,14:00,1016,1342,413,3,10,79,3,20,353,3,10,46306,3,10,7590,3,20,40557,3,10,-9990,0,0,10,E,8,9,E,8,24.2,E,8,13.9,E,8,53,E,8,988,E,8,88,E,8,0.1,E,8,-9990,0,0,-9990,0,0,2.462,E,8,0.105,E,8,0.20,E,8,0,-9990,0,0
09/02/2005,15:00,942,1342,388,3,10,78,3,20,334,3,10,43479,3,10,7449,3,20,38250,3,10,-9990,0,0,10,E,8,9,E,8,24.6,E,8,13.7,E,8,51,E,8,988,E,8,201,E,8,1.0,E,8,-9990,0,0,-9990,0,0,2.417,E,8,0.105,E,8,0.20,E,8,0,-9990,0,0
09/02/2005,16:00,813,1342,328,3,10,92,3,20,273,3,10,36750,3,10,8967,3,20,31317,3,10,-9990,0,0,10,E,8,9,E,8,24.8,E,8,13.5,E,8,50,E,8,988,E,8,217,E,8,1.1,E,8,-9990,0,0,-9990,0,0,2.391,E,8,0.105,E,8,0.20,E,8,0,-9990,0,0
09/02/2005,17:00,638,1342,230,3,10,48,3,20,207,3,10,25708,3,10,3994,3,20,23808,3,10,-9990,0,0,10,E,8,9,E,8,24.5,E,8,13.4,E,8,50,E,8,988,E,8,214,E,8,0.3,E,8,-9990,0,0,-9990,0,0,2.365,E,8,0.105,E,8,0.20,E,8,0,-9990,0,0
09/02/2005,18:00,430,1342,130,3,10,15,3,20,125,3,10,14442,3,10,1529,3,20,13953,3,10,-9990,0,0,10,E,8,9,E,8,23.7,E,8,13.6,E,8,53,E,8,988,E,8,208,E,8,0.7,E,8,-9990,0,0,-9990,0,0,2.406,E,8,0.105,E,8,0.20,E,8,0,-9990,0,0
09/02/2005,19:00,201,1342,48,3,10,0,3,20,48,3,10,5364,3,10,0,3,20,5364,3,10,-9990,0,0,10,E,8,9,E,8,22.7,E,8,13.9,E,8,58,E,8,988,E,8,231,E,8,1.1,E,8,-9990,0,0,-9990,0,0,2.449,E,8,0.105,E,8,0.20,E,8,0,-9990,0,0
09/02/2005,20:00,16,248,1,3,10,0,3,20,1,3,10,99,3,10,7,3,20,99,3,10,-9990,0,0,10,E,8,9,E,8,21.6,E,8,13.6,E,8,60,E,8,988,E,8,283,E,8,2.2,E,8,-9990,0,0,-9990,0,0,2.407,E,8,0.105,E,8,0.20,E,8,0,-9990,0,0
09/02/2005,21:00,0,0,0,3,0,0,3,0,0,3,0,0,3,0,0,3,0,0,3,0,-9990,0,0,10,E,8,9,E,8,20.8,E,8,14.8,E,8,68,E,8,988,E,8,300,E,8,1.5,E,8,-9990,0,0,-9990,0,0,2.610,E,8,0.105,E,8,0.20,E,8,0,-9990,0,0
09/02/2005,22:00,0,0,0,3,0,0,3,0,0,3,0,0,3,0,0,3,0,0,3,0,-9990,0,0,10,E,8,9,E,8,20.0,E,8,14.9,E,8,72,E,8,989,E,8,227,E,8,2.4,E,8,-9990,0,0,-9990,0,0,2.626,E,8,0.105,E,8,0.20,E,8,0,-9990,0,0
09/02/2005,23:00,0,0,0,3,0,0,3,0,0,3,0,0,3,0,0,3,0,0,3,0,-9990,0,0,10,E,8,9,E,8,19.3,E,8,15.2,E,8,77,E,8,989,E,8,193,E,8,0.5,E,8,-9990,0,0,-9990,0,0,2.693,E,8,0.105,E,8,0.20,E,8,0,-9990,0,0
09/02/2005,24:00,0,0,0,3,0,0,3,0,0,3,0,0,3,0,0,3,0,0,3,0,-9990,0,0,10,E,8,9,E,8,18.5,E,8,14.5,E,8,78,E,8,989,E,8,205,E,8,0.2,E,8,-9990,0,0,-9990,0,0,2.567,E,8,0.105,E,8,0.20,E,8,0,-9990,0,0
09/03/2005,01:00,0,0,0,3,0,0,3,0,0,3,0,0,3,0,0,3,0,0,3,0,-9990,0,0,10,E,8,9,E,8,17.7,E,8,14.1,E,8,79,E,8,989,E,8,46,E,8,0.1,E,8,-9990,0,0,-9990,0,0,2.495,E,8,0.108,E,8,0.20,E,8,0,-9990,0,0
09/03/2005,02:00,0,0,0,3,0,0,3,0,0,3,0,0,3,0,0,3,0,0,3,0,-9990,0,0,10,E,8,9,E,8,17.0,E,8,13.2,E,8,79,E,8,989,E,8,339,E,8,0.0,E,8,-9990,0,0,-9990,0,0,2.342,E,8,0.108,E,8,0.20,E,8,0,-9990,0,0
09/03/2005,03:00,0,0,0,3,0,0,3,0,0,3,0,0,3,0,0,3,0,0,3,0,-9990,0,0,10,E,8,9,E,8,16.2,E,8,12.9,E,8,81,E,8,989,E,8,4,E,8,0.1,E,8,-9990,0,0,-9990,0,0,2.283,E,8,0.108,E,8,0.20,E,8,0,-9990,0,0
09/03/2005,04:00,0,0,0,3,0,0,3,0,0,3,0,0,3,0,0,3,0,0,3,0,-9990,0,0,10,E,8,9,E,8,15.8,E,8,12.9,E,8,83,E,8,989,E,8,337,E,8,0.0,E,8,-9990,0,0,-9990,0,0,2.289,E,8,0.108,E,8,0.20,E,8,0,-9990,0,0
09/03/2005,05:00,0,0,0,3,0,0,3,0,0,3,0,0,3,0,0,3,0,0,3,0,-9990,0,0,10,E,8,9,E,8,15.4,E,8,13.3,E,8,87,E,8,989,E,8,6,E,8,0.1,E,8,-9990,0,0,-9990,0,0,2.352,E,8,0.108,E,8,0.20,E,8,0,-9990,0,0
09/03/2005,06:00,0,0,0,3,0,0,3,0,0,3,0,0,3,0,0,3,0,0,3,0,-9990,0,0,10,E,8,9,E,8,15.2,E,8,13.2,E,8,88,E,8,989,E,8,346,E,8,0.1,E,8,-9990,0,0,-9990,0,0,2.333,E,8,0.108,E,8,0.20,E,8,0,-9990,0,0
09/03/2005,07:00,79,554,3,3,10,0,3,20,3,3,10,403,3,10,8,3,20,402,3,10,-9990,0,0,10,E,8,9,E,8,15.2,E,8,13.1,E,8,87,E,8,989,E,8,326,E,8,0.0,E,8,-9990,0,0,-9990,0,0,2.324,E,8,0.108,E,8,0.20,E,8,0,-9990,0,0
09/03/2005,08:00,308,1342,77,3,10,1,3,20,77,3,10,8654,3,10,5,3,20,8653,3,10,-9990,0,0,10,E,8,9,E,8,16.5,E,8,13.4,E,8,82,E,8,989,E,8,46,E,8,0.0,E,8,-9990,0,0,-9990,0,0,2.370,E,8,0.108,E,8,0.20,E,8,0,-9990,0,0
09/03/2005,09:00,529,1342,71,3,10,0,3,20,71,3,10,8455,3,10,0,3,20,8455,3,10,-9990,0,0,10,E,8,9,E,8,16.8,E,8,14.1,E,8,84,E,8,989,E,8,333,E,8,0.0,E,8,-9990,0,0,-9990,0,0,2.481,E,8,0.108,E,8,0.20,E,8,0,-9990,0,0
09/03/2005,10:00,723,1342,179,3,10,5,3,20,176,3,10,20572,3,10,378,3,20,20368,3,10,-9990,0,0,10,E,8,9,E,8,17.9,E,8,13.3,E,8,74,E,8,990,E,8,5,E,8,0.1,E,8,-9990,0,0,-9990,0,0,2.351,E,8,0.108,E,8,0.20,E,8,0,-9990,0,0
09/03/2005,11:00,877,1342,333,3,10,58,3,20,295,3,10,37261,3,10,5138,3,20,33905,3,10,-9990,0,0,10,E,8,9,E,8,19.6,E,8,14.0,E,8,70,E,8,990,E,8,356,E,8,0.1,E,8,-9990,0,0,-9990,0,0,2.469,E,8,0.108,E,8,0.20,E,8,0,-9990,0,0
09/03/2005,12:00,980,1342,335,3,10,34,3,20,310,3,10,37642,3,10,2600,3,20,35744,3,10,-9990,0,0,10,E,8,9,E,8,20.8,E,8,14.3,E,8,66,E,8,990,E,8,350,E,8,0.2,E,8,-9990,0,0,-9990,0,0,2.517,E,8,0.108,E,8,0.20,E,8,0,-9990,0,0
09/03/2005,13:00,1026,1342,472,3,10,137,3,20,367,3,10,52474,3,10,12452,3,20,42958,3,10,-9990,0,0,9,E,8,8,E,8,22.2,E,8,13.5,E,8,58,E,8,990,E,8,348,E,8,0.4,E,8,-9990,0,0,-9990,0,0,2.382,E,8,0.108,E,8,0.20,E,8,0,-9990,0,0
09/03/2005,14:00,1011,1342,531,3,10,233,3,20,355,3,10,59072,3,10,23139,3,20,41647,3,10,-9990,0,0,9,E,8,8,E,8,23.6,E,8,13.4,E,8,53,E,8,990,E,8,356,E,8,0.2,E,8,-9990,0,0,-9990,0,0,2.363,E,8,0.108,E,8,0.20,E,8,0,-9990,0,0
09/03/2005,15:00,936,1342,688,3,10,742,3,20,171,3,10,75158,3,10,73428,3,20,23948,3,10,-9990,0,0,0,E,8,0,E,8,25.2,E,8,13.4,E,8,48,E,8,990,E,8,348,E,8,0.0,E,8,-9990,0,0,-9990,0,0,2.377,E,8,0.108,E,8,0.20,E,8,0,-9990,0,0
09/03/2005,16:00,807,1342,560,3,10,704,3,20,137,3,10,61193,3,10,68631,3,20,19943,3,10,-9990,0,0,0,E,8,0,E,8,26.1,E,8,13.5,E,8,46,E,8,990,E,8,4,E,8,0.1,E,8,-9990,0,0,-9990,0,0,2.388,E,8,0.108,E,8,0.20,E,8,0,-9990,0,0
09/03/2005,17:00,632,1342,471,3,10,745,3,20,121,3,10,50621,3,10,69903,3,20,17729,3,10,-9990,0,0,0,E,8,0,E,8,26.5,E,8,12.7,E,8,42,E,8,990,E,8,349,E,8,0.0,E,8,-9990,0,0,-9990,0,0,2.264,E,8,0.108,E,8,0.20,E,8,0,-9990,0,0
09/03/2005,18:00,423,1342,226,3,10,395,3,20,101,3,10,24357,3,10,29000,3,20,15228,3,10,-9990,0,0,5,E,8,4,E,8,26.0,E,8,12.9,E,8,44,E,8,990,E,8,45,E,8,0.0,E,8,-9990,0,0,-9990,0,0,2.291,E,8,0.108,E,8,0.20,E,8,0,-9990,0,0
09/03/2005,19:00,194,1342,86,3,10,282,3,20,46,3,10,9327,3,10,16075,3,20,7006,3,10,-9990,0,0,5,E,8,4,E,8,24.9,E,8,13.2,E,8,48,E,8,991,E,8,73,E,8,0.0,E,8,-9990,0,0,-9990,0,0,2.331,E,8,0.108,E,8,0.20,E,8,0,-9990,0,0
09/03/2005,20:00,13,226,2,3,10,0,3,20,2,3,10,299,3,10,13,3,20,298,3,10,-9990,0,0,5,E,8,4,E,8,23.6,E,8,12.9,E,8,51,E,8,991,E,8,180,E,8,0.0,E,8,-9990,0,0,-9990,0,0,2.285,E,8,0.108,E,8,0.20,E,8,0,-9990,0,0
09/03/2005,21:00,0,0,0,3,0,0,3,0,0,3,0,0,3,0,0,3,0,0,3,0,-9990,0,0,5,E,8,4,E,8,22.6,E,8,14.2,E,8,59,E,8,991,E,8,235,E,8,0.6,E,8,-9990,0,0,-9990,0,0,2.515,E,8,0.108,E,8,0.20,E,8,0,-9990,0,0
09/03/2005,22:00,0,0,0,3,0,0,3,0,0,3,0,0,3,0,0,3,0,0,3,0,-9990,0,0,5,E,8,4,E,8,21.6,E,8,14.1,E,8,62,E,8,991,E,8,234,E,8,0.1,E,8,-9990,0,0,-9990,0,0,2.487,E,8,0.108,E,8,0.20,E,8,0,-9990,0,0
09/03/2005,23:00,0,0,0,3,0,0,3,0,0,3,0,0,3,0,0,3,0,0,3,0,-9990,0,0,5,E,8,4,E,8,20.6,E,8,14.2,E,8,67,E,8,991,E,8,225,E,8,0.0,E,8,-9990,0,0,-9990,0,0,2.513,E,8,0.108,E,8,0.20,E,8,0,-9990,0,0
09/03/2005,24:00,0,0,0,3,0,0,3,0,0,3,0,0,3,0,0,3,0,0,3,0,-9990,0,0,5,E,8,4,E,8,19.6,E,8,14.4,E,8,72,E,8,991,E,8,200,E,8,0.1,E,8,-9990,0,0,-9990,0,0,2.546,E,8,0.108,E,8,0.20,E,8,0,-9990,0,0
09/04/2005,01:00,0,0,0,3,0,0,3,0,0,3,0,0,3,0,0,3,0,0,3,0,-9990,0,0,5,E,8,4,E,8,18.6,E,8,14.4,E,8,76,E,8,991,E,8,234,E,8,0.4,E,8,-9990,0,0,-9990,0,0,2.537,E,8,0.109,E,8,0.20,E,8,0,-9990,0,0
09/04/2005,02:00,0,0,0,3,0,0,3,0,0,3,0,0,3,0,0,3,0,0,3,0,-9990,0,0,5,E,8,5,E,8,17.6,E,8,15.0,E,8,85,E,8,992,E,8,237,E,8,1.5,E,8,-9990,0,0,-9990,0,0,2.642,E,8,0.109,E,8,0.20,E,8,0,-9990,0,0
09/04/2005,03:00,0,0,0,3,0,0,3,0,0,3,0,0,3,0,0,3,0,0,3,0,-9990,0,0,6,E,8,6,E,8,16.5,E,8,14.9,E,8,90,E,8,992,E,8,255,E,8,1.8,E,8,-9990,0,0,-9990,0,0,2.634,E,8,0.109,E,8,0.20,E,8,0,-9990,0,0
09/04/2005,04:00,0,0,0,3,0,0,3,0,0,3,0,0,3,0,0,3,0,0,3,0,-9990,0,0,6,E,8,6,E,8,16.0,E,8,14.5,E,8,91,E,8,992,E,8,258,E,8,0.3,E,8,-9990,0,0,-9990,0,0,2.565,E,8,0.109,E,8,0.20,E,8,0,-9990,0,0
09/04/2005,05:00,0,0,0,3,0,0,3,0,0,3,0,0,3,0,0,3,0,0,3,0,-9990,0,0,6,E,8,6,E,8,15.4,E,8,14.8,E,8,96,E,8,992,E,8,241,E,8,0.2,E,8,-9990,0,0,-9990,0,0,2.609,E,8,0.109,E,8,0.20,E,8,0,-9990,0,0
09/04/2005,06:00,0,0,0,3,0,0,3,0,0,3,0,0,3,0,0,3,0,0,3,0,-9990,0,0,6,E,8,6,E,8,15.0,E,8,15.0,E,8,100,E,8,992,E,8,260,E,8,0.6,E,8,-9990,0,0,-9990,0,0,2.659,E,8,0.109,E,8,0.20,E,8,0,-9990,0,0
09/04/2005,07:00,75,539,13,3,10,0,3,20,13,3,10,1647,3,10,0,3,20,1647,3,10,-9990,0,0,6,E,8,6,E,8,15.4,E,8,15.4,E,8,100,E,8,992,E,8,179,E,8,0.5,E,8,-9990,0,0,-9990,0,0,2.727,E,8,0.109,E,8,0.20,E,8,0,-9990,0,0
09/04/2005,08:00,303,1343,163,3,10,305,3,20,94,3,10,17160,3,10,13781,3,20,14049,3,10,-9990,0,0,6,E,8,6,E,8,17.7,E,8,17.7,E,8,100,E,8,992,E,8,70,E,8,0.3,E,8,-9990,0,0,-9990,0,0,3.201,E,8,0.109,E,8,0.20,E,8,0,-9990,0,0
09/04/2005,09:00,524,1343,306,3,10,523,3,20,102,3,10,33200,3,10,44897,3,20,15674,3,10,-9990,0,0,3,E,8,2,E,8,19.9,E,8,18.8,E,8,93,E,8,992,E,8,162,E,8,0.6,E,8,-9990,0,0,-9990,0,0,3.468,E,8,0.109,E,8,0.20,E,8,0,-9990,0,0
09/04/2005,10:00,718,1343,448,3,10,544,3,20,157,3,10,49742,3,10,46782,3,20,24717,3,10,-9990,0,0,4,E,8,3,E,8,22.1,E,8,18.0,E,8,78,E,8,993,E,8,204,E,8,0.8,E,8,-9990,0,0,-9990,0,0,3.276,E,8,0.109,E,8,0.20,E,8,0,-9990,0,0
09/04/2005,11:00,872,1343,554,3,10,548,3,20,199,3,10,61803,3,10,47087,3,20,31219,3,10,-9990,0,0,4,E,8,3,E,8,24.1,E,8,18.6,E,8,71,E,8,993,E,8,256,E,8,2.2,E,8,-9990,0,0,-9990,0,0,3.399,E,8,0.109,E,8,0.20,E,8,0,-9990,0,0
09/04/2005,12:00,975,1343,634,3,10,553,3,20,233,3,10,70692,3,10,47518,3,20,36176,3,10,-9990,0,0,5,E,8,4,E,8,25.8,E,8,18.2,E,8,63,E,8,993,E,8,71,E,8,3.5,E,8,-9990,0,0,-9990,0,0,3.317,E,8,0.109,E,8,0.20,E,8,0,-9990,0,0
09/04/2005,13:00,1021,1343,666,3,10,557,3,20,243,3,10,74344,3,10,48254,3,20,37661,3,10,-9990,0,0,5,E,8,4,E,8,27.2,E,8,17.8,E,8,57,E,8,993,E,8,268,E,8,3.9,E,8,-9990,0,0,-9990,0,0,3.225,E,8,0.109,E,8,0.20,E,8,0,-9990,0,0
09/04/2005,14:00,1006,1343,692,3,10,645,3,20,209,3,10,75808,3,10,62904,3,20,28708,3,10,-9990,0,0,4,E,8,3,E,8,28.3,E,8,17.2,E,8,51,E,8,993,E,8,226,E,8,4.3,E,8,-9990,0,0,-9990,0,0,3.091,E,8,0.109,E,8,0.20,E,8,0,-9990,0,0
09/04/2005,15:00,930,1343,621,3,10,617,3,20,194,3,10,67807,3,10,58955,3,20,26963,3,10,-9990,0,0,4,E,8,3,E,8,28.8,E,8,16.9,E,8,48,E,8,993,E,8,289,E,8,3.2,E,8,-9990,0,0,-9990,0,0,3.026,E,8,0.109,E,8,0.20,E,8,0,-9990,0,0
09/04/2005,16:00,801,1343,524,3,10,646,3,20,139,3,10,57799,3,10,62280,3,20,20672,3,10,-9990,0,0,0,E,8,0,E,8,29.0,E,8,17.9,E,8,51,E,8,992,E,8,238,E,8,3.5,E,8,-9990,0,0,-9990,0,0,3.242,E,8,0.109,E,8,0.20,E,8,0,-9990,0,0
09/04/2005,17:00,625,1343,357,3,10,435,3,20,155,3,10,39042,3,10,32643,3,20,23852,3,10,-9990,0,0,5,E,8,4,E,8,28.4,E,8,17.4,E,8,51,E,8,992,E,8,268,E,8,3.5,E,8,-9990,0,0,-9990,0,0,3.141,E,8,0.109,E,8,0.20,E,8,0,-9990,0,0
09/04/2005,18:00,415,1343,225,3,10,458,3,20,83,3,10,24184,3,10,36363,3,20,12935,3,10,-9990,0,0,3,E,8,2,E,8,27.3,E,8,17.0,E,8,53,E,8,992,E,8,283,E,8,3.0,E,8,-9990,0,0,-9990,0,0,3.052,E,8,0.109,E,8,0.20,E,8,0,-9990,0,0
09/04/2005,19:00,186,1343,93,3,10,294,3,20,52,3,10,9984,3,10,13529,3,20,8106,3,10,-9990,0,0,3,E,8,2,E,8,25.9,E,8,17.9,E,8,61,E,8,992,E,8,275,E,8,5.9,E,8,-9990,0,0,-9990,0,0,3.241,E,8,0.109,E,8,0.20,E,8,0,-9990,0,0
09/04/2005,20:00,11,203,1,3,10,0,3,20,1,3,10,131,3,10,10,3,20,130,3,10,-9990,0,0,4,E,8,3,E,8,24.3,E,8,17.1,E,8,64,E,8,991,E,8,327,E,8,3.0,E,8,-9990,0,0,-9990,0,0,3.075,E,8,0.109,E,8,0.20,E,8,0,-9990,0,0
09/04/2005,21:00,0,0,0,3,0,0,3,0,0,3,0,0,3,0,0,3,0,0,3,0,-9990,0,0,4,E,8,3,E,8,23.3,E,8,18.3,E,8,74,E,8,991,E,8,329,E,8,4.7,E,8,-9990,0,0,-9990,0,0,3.343,E,8,0.109,E,8,0.20,E,8,0,-9990,0,0
09/04/2005,22:00,0,0,0,3,0,0,3,0,0,3,0,0,3,0,0,3,0,0,3,0,-9990,0,0,4,E,8,3,E,8,22.3,E,8,17.5,E,8,74,E,8,991,E,8,297,E,8,3.9,E,8,-9990,0,0,-9990,0,0,3.151,E,8,0.109,E,8,0.20,E,8,0,-9990,0,0
09/04/2005,23:00,0,0,0,3,0,0,3,0,0,3,0,0,3,0,0,3,0,0,3,0,-9990,0,0,5,E,8,4,E,8,21.3,E,8,16.7,E,8,75,E,8,991,E,8,300,E,8,3.9,E,8,-9990,0,0,-9990,0,0,2.978,E,8,0.109,E,8,0.20,E,8,0,-9990,0,0
09/04/2005,24:00,0,0,0,3,0,0,3,0,0,3,0,0,3,0,0,3,0,0,3,0,-9990,0,0,5,E,8,4,E,8,20.4,E,8,16.5,E,8,78,E,8,991,E,8,310,E,8,1.1,E,8,-9990,0,0,-9990,0,0,2.942,E,8,0.109,E,8,0.20,E,8,0,-9990,0,0
09/05/2005,01:00,0,0,0,3,0,0,3,0,0,3,0,0,3,0,0,3,0,0,3,0,-9990,0,0,5,E,8,4,E,8,19.7,E,8,15.9,E,8,79,E,8,990,E,8,220,E,8,0.8,E,8,-9990,0,0,-9990,0,0,2.831,E,8,0.109,E,8,0.20,E,8,0,-9990,0,0
09/05/2005,02:00,0,0,0,3,0,0,3,0,0,3,0,0,3,0,0,3,0,0,3,0,-9990,0,0,5,E,8,5,E,8,18.9,E,8,15.8,E,8,82,E,8,990,E,8,228,E,8,0.5,E,8,-9990,0,0,-9990,0,0,2.811,E,8,0.109,E,8,0.20,E,8,0,-9990,0,0
09/05/2005,03:00,0,0,0,3,0,0,3,0,0,3,0,0,3,0,0,3,0,0,3,0,-9990,0,0,6,E,8,6,E,8,18.2,E,8,15.3,E,8,83,E,8,990,E,8,224,E,8,0.2,E,8,-9990,0,0,-9990,0,0,2.698,E,8,0.109,E,8,0.20,E,8,0,-9990,0,0
09/05/2005,04:00,0,0,0,3,0,0,3,0,0,3,0,0,3,0,0,3,0,0,3,0,-9990,0,0,6,E,8,6,E,8,17.8,E,8,15.4,E,8,86,E,8,990,E,8,234,E,8,0.7,E,8,-9990,0,0,-9990,0,0,2.726,E,8,0.109,E,8,0.20,E,8,0,-9990,0,0
09/05/2005,05:00,0,0,0,3,0,0,3,0,0,3,0,0,3,0,0,3,0,0,3,0,-9990,0,0,6,E,8,6,E,8,17.4,E,8,16.1,E,8,92,E,8,989,E,8,241,E,8,2.0,E,8,-9990,0,0,-9990,0,0,2.857,E,8,0.109,E,8,0.20,E,8,0,-9990,0,0
09/05/2005,06:00,0,0,0,3,0,0,3,0,0,3,0,0,3,0,0,3,0,0,3,0,-9990,0,0,8,E,8,7,E,8,17.1,E,8,16.7,E,8,98,E,8,989,E,8,236,E,8,1.1,E,8,-9990,0,0,-9990,0,0,2.987,E,8,0.109,E,8,0.20,E,8,0,-9990,0,0
09/05/2005,07:00,71,525,17,3,10,0,3,20,17,3,10,2070,3,10,0,3,20,2070,3,10,-9990,0,0,8,E,8,7,E,8,17.6,E,8,16.8,E,8,95,E,8,989,E,8,220,E,8,0.6,E,8,-9990,0,0,-9990,0,0,3.002,E,8,0.109,E,8,0.20,E,8,0,-9990,0,0
09/05/2005,08:00,298,1344,134,3,10,184,3,20,94,3,10,14411,3,10,8054,3,20,12622,3,10,-9990,0,0,8,E,8,7,E,8,19.5,E,8,17.8,E,8,89,E,8,989,E,8,230,E,8,1.3,E,8,-9990,0,0,-9990,0,0,3.215,E,8,0.109,E,8,0.20,E,8,0,-9990,0,0
09/05/2005,09:00,520,1344,171,3,10,35,3,20,157,3,10,19213,3,10,2400,3,20,18285,3,10,-9990,0,0,10,E,8,9,E,8,20.5,E,8,18.4,E,8,87,E,8,989,E,8,229,E,8,0.7,E,8,-9990,0,0,-9990,0,0,3.361,E,8,0.109,E,8,0.20,E,8,0,-9990,0,0
09/05/2005,10:00,714,1344,281,3,10,82,3,20,237,3,10,31575,3,10,7713,3,20,27477,3,10,-9990,0,0,10,E,8,9,E,8,22.0,E,8,18.4,E,8,80,E,8,988,E,8,91,E,8,1.5,E,8,-9990,0,0,-9990,0,0,3.361,E,8,0.109,E,8,0.20,E,8,0,-9990,0,0
09/05/2005,11:00,868,1344,233,3,10,20,3,20,220,3,10,27000,3,10,2102,3,20,25642,3,10,-9990,0,0,10,E,8,9,E,8,22.4,E,8,18.7,E,8,80,E,8,988,E,8,129,E,8,0.8,E,8,-9990,0,0,-9990,0,0,3.444,E,8,0.109,E,8,0.20,E,8,0,-9990,0,0
09/05/2005,12:00,971,1344,417,3,10,115,3,20,334,3,10,46684,3,10,9047,3,20,40148,3,10,-9990,0,0,10,E,8,9,E,8,23.8,E,8,18.0,E,8,70,E,8,988,E,8,233,E,8,2.2,E,8,-9990,0,0,-9990,0,0,3.272,E,8,0.109,E,8,0.20,E,8,0,-9990,0,0
09/05/2005,13:00,1016,1344,173,3,10,6,3,20,168,3,10,20956,3,10,639,3,20,20473,3,10,-9990,0,0,10,E,8,9,E,8,23.6,E,8,17.8,E,8,70,E,8,988,E,8,221,E,8,1.8,E,8,-9990,0,0,-9990,0,0,3.226,E,8,0.109,E,8,0.20,E,8,0,-9990,0,0
09/05/2005,14:00,1000,1344,294,3,10,19,3,20,280,3,10,34077,3,10,1898,3,20,32665,3,10,-9990,0,0,10,E,8,9,E,8,23.9,E,8,18.2,E,8,71,E,8,988,E,8,236,E,8,1.1,E,8,-9990,0,0,-9990,0,0,3.328,E,8,0.109,E,8,0.20,E,8,0,-9990,0,0
09/05/2005,15:00,925,1344,180,3,10,6,3,20,175,3,10,21390,3,10,611,3,20,20970,3,10,-9990,0,0,10,E,8,9,E,8,23.6,E,8,18.7,E,8,74,E,8,987,E,8,249,E,8,0.7,E,8,-9990,0,0,-9990,0,0,3.424,E,8,0.109,E,8,0.20,E,8,0,-9990,0,0
09/05/2005,16:00,794,1344,467,3,10,374,3,20,245,3,10,51392,3,10,32840,3,20,31978,3,10,-9990,0,0,6,E,8,5,E,8,24.5,E,8,18.7,E,8,70,E,8,987,E,8,171,E,8,0.7,E,8,-9990,0,0,-9990,0,0,3.443,E,8,0.109,E,8,0.20,E,8,0,-9990,0,0
09/05/2005,17:00,618,1344,366,3,10,512,3,20,131,3,10,40833,3,10,43290,3,20,20916,3,10,-9990,0,0,4,E,8,3,E,8,24.8,E,8,18.6,E,8,69,E,8,987,E,8,79,E,8,0.9,E,8,-9990,0,0,-9990,0,0,3.412,E,8,0.109,E,8,0.20,E,8,0,-9990,0,0
09/05/2005,18:00,408,1344,227,3,10,451,3,20,90,3,10,25028,3,10,35084,3,20,14368,3,10,-9990,0,0,4,E,8,3,E,8,24.6,E,8,18.8,E,8,70,E,8,987,E,8,157,E,8,0.3,E,8,-9990,0,0,-9990,0,0,3.456,E,8,0.109,E,8,0.20,E,8,0,-9990,0,0
09/05/2005,19:00,179,1344,109,3,10,425,3,20,52,3,10,11483,3,10,24670,3,20,8200,3,10,-9990,0,0,4,E,8,3,E,8,23.9,E,8,18.7,E,8,73,E,8,987,E,8,86,E,8,0.4,E,8,-9990,0,0,-9990,0,0,3.444,E,8,0.109,E,8,0.20,E,8,0,-9990,0,0
09/05/2005,20:00,8,181,0,3,10,0,3,20,0,3,10,59,3,10,7,3,20,59,3,10,-9990,0,0,4,E,8,3,E,8,22.8,E,8,18.2,E,8,75,E,8,986,E,8,73,E,8,0.2,E,8,-9990,0,0,-9990,0,0,3.323,E,8,0.109,E,8,0.20,E,8,0,-9990,0,0
09/05/2005,21:00,0,0,0,3,0,0,3,0,0,3,0,0,3,0,0,3,0,0,3,0,-9990,0,0,5,E,8,5,E,8,22.0,E,8,18.6,E,8,81,E,8,986,E,8,82,E,8,0.6,E,8,-9990,0,0,-9990,0,0,3.411,E,8,0.109,E,8,0.20,E,8,0,-9990,0,0
09/05/2005,22:00,0,0,0,3,0,0,3,0,0,3,0,0,3,0,0,3,0,0,3,0,-9990,0,0,5,E,8,5,E,8,21.1,E,8,18.3,E,8,84,E,8,986,E,8,50,E,8,1.6,E,8,-9990,0,0,-9990,0,0,3.339,E,8,0.109,E,8,0.20,E,8,0,-9990,0,0
09/05/2005,23:00,0,0,0,3,0,0,3,0,0,3,0,0,3,0,0,3,0,0,3,0,-9990,0,0,6,E,8,6,E,8,20.3,E,8,18.0,E,8,87,E,8,986,E,8,85,E,8,2.4,E,8,-9990,0,0,-9990,0,0,3.281,E,8,0.109,E,8,0.20,E,8,0,-9990,0,0
09/05/2005,24:00,0,0,0,3,0,0,3,0,0,3,0,0,3,0,0,3,0,0,3,0,-9990,0,0,6,E,8,6,E,8,19.4,E,8,17.5,E,8,89,E,8,986,E,8,27,E,8,2.2,E,8,-9990,0,0,-9990,0,0,3.148,E,8,0.109,E,8,0.20,E,8,0,-9990,0,0
09/06/2005,01:00,0,0,0,3,0,0,3,0,0,3,0,0,3,0,0,3,0,0,3,0,-9990,0,0,6,E,8,6,E,8,18.9,E,8,17.4,E,8,91,E,8,985,E,8,72,E,8,0.7,E,8,-9990,0,0,-9990,0,0,3.146,E,8,0.107,E,8,0.20,E,8,0,-9990,0,0
09/06/2005,02:00,0,0,0,3,0,0,3,0,0,3,0,0,3,0,0,3,0,0,3,0,-9990,0,0,8,E,8,7,E,8,18.4,E,8,17.8,E,8,96,E,8,985,E,8,51,E,8,1.6,E,8,-9990,0,0,-9990,0,0,3.220,E,8,0.107,E,8,0.20,E,8,0,-9990,0,0
09/06/2005,03:00,0,0,0,3,0,0,3,0,0,3,0,0,3,0,0,3,0,0,3,0,-9990,0,0,8,E,8,7,E,8,17.9,E,8,17.6,E,8,98,E,8,985,E,8,63,E,8,0.6,E,8,-9990,0,0,-9990,0,0,3.181,E,8,0.107,E,8,0.20,E,8,0,-9990,0,0
09/06/2005,04:00,0,0,0,3,0,0,3,0,0,3,0,0,3,0,0,3,0,0,3,0,-9990,0,0,8,E,8,7,E,8,17.6,E,8,17.3,E,8,98,E,8,985,E,8,183,E,8,0.4,E,8,-9990,0,0,-9990,0,0,3.122,E,8,0.107,E,8,0.20,E,8,0,-9990,0,0
09/06/2005,05:00,0,0,0,3,0,0,3,0,0,3,0,0,3,0,0,3,0,0,3,0,-9990,0,0,9,E,8,8,E,8,17.3,E,8,16.8,E,8,97,E,8,985,E,8,16,E,8,2.0,E,8,-9990,0,0,-9990,0,0,3.016,E,8,0.107,E,8,0.20,E,8,0,-9990,0,0
09/06/2005,06:00,0,0,0,3,0,0,3,0,0,3,0,0,3,0,0,3,0,0,3,0,-9990,0,0,9,E,8,8,E,8,17.1,E,8,16.6,E,8,97,E,8,984,E,8,48,E,8,0.9,E,8,-9990,0,0,-9990,0,0,2.975,E,8,0.107,E,8,0.20,E,8,0,-9990,0,0
09/06/2005,07:00,67,510,3,3,10,0,3,20,3,3,10,393,3,10,8,3,20,392,3,10,-9990,0,0,10,E,8,9,E,8,16.9,E,8,16.6,E,8,98,E,8,984,E,8,24,E,8,0.6,E,8,-9990,0,0,-9990,0,0,2.964,E,8,0.107,E,8,0.20,E,8,2,-9990,0,0
09/06/2005,08:00,294,1344,39,3,10,0,3,20,39,3,10,4635,3,10,0,3,20,4635,3,10,-9990,0,0,10,E,8,9,E,8,17.5,E,8,17.0,E,8,97,E,8,984,E,8,71,E,8,0.5,E,8,-9990,0,0,-9990,0,0,3.055,E,8,0.107,E,8,0.20,E,8,1,-9990,0,0
09/06/2005,09:00,515,1344,88,3,10,0,3,20,88,3,10,10270,3,10,0,3,20,10270,3,10,-9990,0,0,10,E,8,9,E,8,18.0,E,8,17.7,E,8,98,E,8,984,E,8,143,E,8,0.7,E,8,-9990,0,0,-9990,0,0,3.198,E,8,0.107,E,8,0.20,E,8,1,-9990,0,0
09/06/2005,10:00,709,1344,143,3,10,0,3,20,143,3,10,16737,3,10,0,3,20,16737,3,10,-9990,0,0,10,E,8,9,E,8,18.8,E,8,17.3,E,8,91,E,8,984,E,8,38,E,8,0.4,E,8,-9990,0,0,-9990,0,0,3.125,E,8,0.107,E,8,0.20,E,8,0,-9990,0,0
09/06/2005,11:00,863,1344,173,3,10,1,3,20,172,3,10,20453,3,10,13,3,20,20444,3,10,-9990,0,0,10,E,8,9,E,8,19.4,E,8,16.8,E,8,85,E,8,983,E,8,31,E,8,0.8,E,8,-9990,0,0,-9990,0,0,3.006,E,8,0.107,E,8,0.20,E,8,0,-9990,0,0
09/06/2005,12:00,966,1344,170,3,10,2,3,20,169,3,10,20438,3,10,53,3,20,20400,3,10,-9990,0,0,10,E,8,9,E,8,19.7,E,8,16.9,E,8,84,E,8,983,E,8,22,E,8,1.1,E,8,-9990,0,0,-9990,0,0,3.029,E,8,0.107,E,8,0.20,E,8,0,-9990,0,0
09/06/2005,13:00,1011,1344,173,3,10,2,3,20,172,3,10,20948,3,10,126,3,20,20853,3,10,-9990,0,0,10,E,8,9,E,8,19.9,E,8,17.1,E,8,84,E,8,983,E,8,58,E,8,0.9,E,8,-9990,0,0,-9990,0,0,3.079,E,8,0.107,E,8,0.20,E,8,0,-9990,0,0
09/06/2005,14:00,995,1344,133,3,10,0,3,20,133,3,10,16400,3,10,0,3,20,16400,3,10,-9990,0,0,10,E,8,9,E,8,20.0,E,8,15.1,E,8,74,E,8,983,E,8,233,E,8,1.0,E,8,-9990,0,0,-9990,0,0,2.678,E,8,0.107,E,8,0.20,E,8,0,-9990,0,0
09/06/2005,15:00,919,1344,96,3,10,0,3,20,96,3,10,11978,3,10,0,3,20,11978,3,10,-9990,0,0,10,E,8,9,E,8,19.9,E,8,14.6,E,8,72,E,8,984,E,8,248,E,8,0.7,E,8,-9990,0,0,-9990,0,0,2.585,E,8,0.107,E,8,0.20,E,8,0,-9990,0,0
09/06/2005,16:00,788,1344,85,3,10,0,3,20,85,3,10,10520,3,10,0,3,20,10520,3,10,-9990,0,0,10,E,8,9,E,8,19.7,E,8,16.9,E,8,84,E,8,984,E,8,224,E,8,1.5,E,8,-9990,0,0,-9990,0,0,3.025,E,8,0.107,E,8,0.20,E,8,0,-9990,0,0
09/06/2005,17:00,611,1344,55,3,10,0,3,20,55,3,10,6753,3,10,0,3,20,6753,3,10,-9990,0,0,10,E,8,9,E,8,19.3,E,8,16.5,E,8,84,E,8,985,E,8,220,E,8,1.0,E,8,-9990,0,0,-9990,0,0,2.952,E,8,0.107,E,8,0.20,E,8,1,-9990,0,0
09/06/2005,18:00,401,1344,40,3,10,0,3,20,40,3,10,4911,3,10,0,3,20,4911,3,10,-9990,0,0,10,E,8,9,E,8,19.0,E,8,16.9,E,8,87,E,8,985,E,8,166,E,8,0.8,E,8,-9990,0,0,-9990,0,0,3.020,E,8,0.107,E,8,0.20,E,8,1,-9990,0,0
09/06/2005,19:00,171,1344,16,3,10,0,3,20,16,3,10,1904,3,10,0,3,20,1904,3,10,-9990,0,0,10,E,8,9,E,8,18.8,E,8,16.0,E,8,84,E,8,985,E,8,77,E,8,0.8,E,8,-9990,0,0,-9990,0,0,2.844,E,8,0.107,E,8,0.20,E,8,1,-9990,0,0
09/06/2005,20:00,6,158,0,3,10,0,3,20,0,3,10,51,3,10,7,3,20,50,3,10,-9990,0,0,10,E,8,9,E,8,18.1,E,8,16.0,E,8,88,E,8,986,E,8,55,E,8,1.3,E,8,-9990,0,0,-9990,0,0,2.844,E,8,0.107,E,8,0.20,E,8,2,-9990,0,0
09/06/2005,21:00,0,0,0,3,0,0,3,0,0,3,0,0,3,0,0,3,0,0,3,0,-9990,0,0,9,E,8,8,E,8,17.8,E,8,15.1,E,8,84,E,8,986,E,8,66,E,8,1.6,E,8,-9990,0,0,-9990,0,0,2.664,E,8,0.107,E,8,0.20,E,8,0,-9990,0,0
09/06/2005,22:00,0,0,0,3,0,0,3,0,0,3,0,0,3,0,0,3,0,0,3,0,-9990,0,0,9,E,8,8,E,8,16.6,E,8,14.5,E,8,88,E,8,987,E,8,224,E,8,0.1,E,8,-9990,0,0,-9990,0,0,2.561,E,8,0.107,E,8,0.20,E,8,3,-9990,0,0
09/06/2005,23:00,0,0,0,3,0,0,3,0,0,3,0,0,3,0,0,3,0,0,3,0,-9990,0,0,9,E,8,8,E,8,15.2,E,8,13.7,E,8,91,E,8,987,E,8,47,E,8,0.2,E,8,-9990,0,0,-9990,0,0,2.422,E,8,0.107,E,8,0.20,E,8,7,-9990,0,0
09/06/2005,24:00,0,0,0,3,0,0,3,0,0,3,0,0,3,0,0,3,0,0,3,0,-9990,0,0,9,E,8,8,E,8,15.8,E,8,13.2,E,8,84,E,8,987,E,8,49,E,8,1.1,E,8,-9990,0,0,-9990,0,0,2.332,E,8,0.107,E,8,0.20,E,8,0,-9990,0,0
09/07/2005,01:00,0,0,0,3,0,0,3,0,0,3,0,0,3,0,0,3,0,0,3,0,-9990,0,0,8,E,8,7,E,8,14.5,E,8,12.5,E,8,88,E,8,988,E,8,80,E,8,1.6,E,8,-9990,0,0,-9990,0,0,2.224,E,8,0.100,E,8,0.20,E,8,0,-9990,0,0
09/07/2005,02:00,0,0,0,3,0,0,3,0,0,3,0,0,3,0,0,3,0,0,3,0,-9990,0,0,8,E,8,7,E,8,13.0,E,8,11.0,E,8,88,E,8,988,E,8,30,E,8,3.0,E,8,-9990,0,0,-9990,0,0,2.004,E,8,0.100,E,8,0.20,E,8,0,-9990,0,0
09/07/2005,03:00,0,0,0,3,0,0,3,0,0,3,0,0,3,0,0,3,0,0,3,0,-9990,0,0,8,E,8,7,E,8,11.5,E,8,9.8,E,8,90,E,8,988,E,8,33,E,8,0.9,E,8,-9990,0,0,-9990,0,0,1.843,E,8,0.100,E,8,0.20,E,8,0,-9990,0,0
09/07/2005,04:00,0,0,0,3,0,0,3,0,0,3,0,0,3,0,0,3,0,0,3,0,-9990,0,0,8,E,8,7,E,8,10.6,E,8,9.3,E,8,91,E,8,989,E,8,74,E,8,1.5,E,8,-9990,0,0,-9990,0,0,1.776,E,8,0.100,E,8,0.20,E,8,0,-9990,0,0
09/07/2005,05:00,0,0,0,3,0,0,3,0,0,3,0,0,3,0,0,3,0,0,3,0,-9990,0,0,6,E,8,6,E,8,9.8,E,8,8.1,E,8,89,E,8,989,E,8,73,E,8,2.2,E,8,-9990,0,0,-9990,0,0,1.641,E,8,0.100,E,8,0.20,E,8,0,-9990,0,0
09/07/2005,06:00,0,0,0,3,0,0,3,0,0,3,0,0,3,0,0,3,0,0,3,0,-9990,0,0,6,E,8,6,E,8,9.2,E,8,7.5,E,8,89,E,8,990,E,8,201,E,8,3.9,E,8,-9990,0,0,-9990,0,0,1.568,E,8,0.100,E,8,0.20,E,8,0,-9990,0,0
09/07/2005,07:00,64,496,10,3,10,0,3,20,10,3,10,1266,3,10,6,3,20,1265,3,10,-9990,0,0,6,E,8,6,E,8,9.4,E,8,7.6,E,8,88,E,8,990,E,8,180,E,8,3.9,E,8,-9990,0,0,-9990,0,0,1.577,E,8,0.100,E,8,0.20,E,8,0,-9990,0,0
09/07/2005,08:00,289,1345,145,3,10,318,3,20,76,3,10,15409,3,10,19522,3,20,11216,3,10,-9990,0,0,6,E,8,6,E,8,11.4,E,8,9.4,E,8,88,E,8,990,E,8,59,E,8,1.5,E,8,-9990,0,0,-9990,0,0,1.794,E,8,0.100,E,8,0.20,E,8,0,-9990,0,0
09/07/2005,09:00,511,1345,293,3,10,477,3,20,112,3,10,31997,3,10,39759,3,20,16906,3,10,-9990,0,0,4,E,8,3,E,8,13.5,E,8,10.9,E,8,84,E,8,991,E,8,195,E,8,6.5,E,8,-9990,0,0,-9990,0,0,1.984,E,8,0.100,E,8,0.20,E,8,0,-9990,0,0
09/07/2005,10:00,705,1345,433,3,10,521,3,20,160,3,10,47616,3,10,44570,3,20,24261,3,10,-9990,0,0,4,E,8,3,E,8,15.5,E,8,12.9,E,8,84,E,8,991,E,8,102,E,8,3.0,E,8,-9990,0,0,-9990,0,0,2.283,E,8,0.100,E,8,0.20,E,8,0,-9990,0,0
09/07/2005,11:00,858,1345,551,3,10,572,3,20,186,3,10,59056,3,10,52979,3,20,25242,3,10,-9990,0,0,4,E,8,3,E,8,17.4,E,8,10.5,E,8,64,E,8,992,E,8,194,E,8,2.7,E,8,-9990,0,0,-9990,0,0,1.940,E,8,0.100,E,8,0.20,E,8,0,-9990,0,0
09/07/2005,12:00,961,1345,628,3,10,566,3,20,223,3,10,66913,3,10,53223,3,20,28882,3,10,-9990,0,0,5,E,8,4,E,8,19.1,E,8,7.7,E,8,47,E,8,992,E,8,204,E,8,1.1,E,8,-9990,0,0,-9990,0,0,1.585,E,8,0.100,E,8,0.20,E,8,0,-9990,0,0
09/07/2005,13:00,1006,1345,662,3,10,564,3,20,241,3,10,72879,3,10,50709,3,20,34963,3,10,-9990,0,0,5,E,8,4,E,8,20.4,E,8,7.2,E,8,42,E,8,992,E,8,101,E,8,0.5,E,8,-9990,0,0,-9990,0,0,1.538,E,8,0.100,E,8,0.20,E,8,0,-9990,0,0
09/07/2005,14:00,989,1345,647,3,10,559,3,20,236,3,10,71203,3,10,50181,3,20,34298,3,10,-9990,0,0,5,E,8,4,E,8,21.2,E,8,7.1,E,8,40,E,8,992,E,8,84,E,8,0.6,E,8,-9990,0,0,-9990,0,0,1.530,E,8,0.100,E,8,0.20,E,8,0,-9990,0,0
09/07/2005,15:00,913,1345,588,3,10,561,3,20,208,3,10,62687,3,10,52210,3,20,27258,3,10,-9990,0,0,4,E,8,3,E,8,21.7,E,8,7.1,E,8,39,E,8,992,E,8,14,E,8,1.0,E,8,-9990,0,0,-9990,0,0,1.521,E,8,0.100,E,8,0.20,E,8,0,-9990,0,0
09/07/2005,16:00,781,1345,490,3,10,553,3,20,169,3,10,52197,3,10,50109,3,20,23083,3,10,-9990,0,0,4,E,8,3,E,8,21.7,E,8,7.2,E,8,39,E,8,992,E,8,331,E,8,2.7,E,8,-9990,0,0,-9990,0,0,1.539,E,8,0.100,E,8,0.20,E,8,0,-9990,0,0
09/07/2005,17:00,604,1345,360,3,10,496,3,20,137,3,10,39284,3,10,42244,3,20,20300,3,10,-9990,0,0,4,E,8,3,E,8,21.2,E,8,8.0,E,8,43,E,8,992,E,8,332,E,8,4.3,E,8,-9990,0,0,-9990,0,0,1.629,E,8,0.100,E,8,0.20,E,8,0,-9990,0,0
09/07/2005,18:00,394,1345,213,3,10,461,3,20,78,3,10,22605,3,10,36650,3,20,11878,3,10,-9990,0,0,3,E,8,2,E,8,20.1,E,8,8.2,E,8,46,E,8,992,E,8,332,E,8,5.3,E,8,-9990,0,0,-9990,0,0,1.651,E,8,0.100,E,8,0.20,E,8,0,-9990,0,0
09/07/2005,19:00,164,1345,74,3,10,291,3,20,38,3,10,7752,3,10,13728,3,20,6083,3,10,-9990,0,0,4,E,8,3,E,8,18.6,E,8,8.5,E,8,52,E,8,992,E,8,29,E,8,1.1,E,8,-9990,0,0,-9990,0,0,1.682,E,8,0.100,E,8,0.20,E,8,0,-9990,0,0
09/07/2005,20:00,5,135,0,3,10,0,3,20,0,3,10,37,3,10,6,3,20,37,3,10,-9990,0,0,4,E,8,3,E,8,17.0,E,8,10.2,E,8,64,E,8,992,E,8,67,E,8,3.0,E,8,-9990,0,0,-9990,0,0,1.895,E,8,0.100,E,8,0.20,E,8,0,-9990,0,0
09/07/2005,21:00,0,0,0,3,0,0,3,0,0,3,0,0,3,0,0,3,0,0,3,0,-9990,0,0,4,E,8,3,E,8,16.0,E,8,11.4,E,8,74,E,8,992,E,8,166,E,8,0.8,E,8,-9990,0,0,-9990,0,0,2.066,E,8,0.100,E,8,0.20,E,8,0,-9990,0,0
09/07/2005,22:00,0,0,0,3,0,0,3,0,0,3,0,0,3,0,0,3,0,0,3,0,-9990,0,0,4,E,8,3,E,8,14.9,E,8,10.9,E,8,77,E,8,992,E,8,193,E,8,0.6,E,8,-9990,0,0,-9990,0,0,1.995,E,8,0.100,E,8,0.20,E,8,0,-9990,0,0
09/07/2005,23:00,0,0,0,3,0,0,3,0,0,3,0,0,3,0,0,3,0,0,3,0,-9990,0,0,5,E,8,5,E,8,13.9,E,8,11.2,E,8,84,E,8,991,E,8,245,E,8,1.1,E,8,-9990,0,0,-9990,0,0,2.038,E,8,0.100,E,8,0.20,E,8,0,-9990,0,0
09/07/2005,24:00,0,0,0,3,0,0,3,0,0,3,0,0,3,0,0,3,0,0,3,0,-9990,0,0,5,E,8,5,E,8,12.9,E,8,11.1,E,8,88,E,8,991,E,8,191,E,8,1.8,E,8,-9990,0,0,-9990,0,0,2.015,E,8,0.100,E,8,0.20,E,8,0,-9990,0,0
09/08/2005,01:00,0,0,0,3,0,0,3,0,0,3,0,0,3,0,0,3,0,0,3,0,-9990,0,0,5,E,8,5,E,8,12.5,E,8,11.1,E,8,91,E,8,991,E,8,57,E,8,2.0,E,8,-9990,0,0,-9990,0,0,2.012,E,8,0.108,E,8,0.20,E,8,0,-9990,0,0
09/08/2005,02:00,0,0,0,3,0,0,3,0,0,3,0,0,3,0,0,3,0,0,3,0,-9990,0,0,5,E,8,5,E,8,12.1,E,8,10.7,E,8,91,E,8,991,E,8,80,E,8,1.3,E,8,-9990,0,0,-9990,0,0,1.964,E,8,0.108,E,8,0.20,E,8,0,-9990,0,0
09/08/2005,03:00,0,0,0,3,0,0,3,0,0,3,0,0,3,0,0,3,0,0,3,0,-9990,0,0,6,E,8,6,E,8,11.6,E,8,10.4,E,8,92,E,8,991,E,8,38,E,8,3.5,E,8,-9990,0,0,-9990,0,0,1.925,E,8,0.108,E,8,0.20,E,8,0,-9990,0,0
09/08/2005,04:00,0,0,0,3,0,0,3,0,0,3,0,0,3,0,0,3,0,0,3,0,-9990,0,0,6,E,8,6,E,8,11.4,E,8,10.5,E,8,94,E,8,991,E,8,231,E,8,2.0,E,8,-9990,0,0,-9990,0,0,1.934,E,8,0.108,E,8,0.20,E,8,0,-9990,0,0
09/08/2005,05:00,0,0,0,3,0,0,3,0,0,3,0,0,3,0,0,3,0,0,3,0,-9990,0,0,6,E,8,6,E,8,11.2,E,8,9.7,E,8,91,E,8,991,E,8,75,E,8,5.3,E,8,-9990,0,0,-9990,0,0,1.827,E,8,0.108,E,8,0.20,E,8,0,-9990,0,0
09/08/2005,06:00,0,0,0,3,0,0,3,0,0,3,0,0,3,0,0,3,0,0,3,0,-9990,0,0,6,E,8,6,E,8,11.0,E,8,10.3,E,8,96,E,8,991,E,8,153,E,8,2.7,E,8,-9990,0,0,-9990,0,0,1.909,E,8,0.108,E,8,0.20,E,8,0,-9990,0,0
09/08/2005,07:00,60,481,7,3,10,0,3,20,7,3,10,953,3,10,9,3,20,952,3,10,-9990,0,0,8,E,8,7,E,8,11.2,E,8,10.3,E,8,94,E,8,991,E,8,231,E,8,1.1,E,8,-9990,0,0,-9990,0,0,1.911,E,8,0.108,E,8,0.20,E,8,0,-9990,0,0
09/08/2005,08:00,284,1346,115,3,10,183,3,20,77,3,10,12458,3,10,11536,3,20,10023,3,10,-9990,0,0,8,E,8,7,E,8,13.1,E,8,10.9,E,8,86,E,8,991,E,8,200,E,8,2.2,E,8,-9990,0,0,-9990,0,0,1.990,E,8,0.108,E,8,0.20,E,8,0,-9990,0,0
09/08/2005,09:00,506,1346,234,3,10,158,3,20,175,3,10,25779,3,10,13256,3,20,20796,3,10,-9990,0,0,9,E,8,8,E,8,15.1,E,8,11.4,E,8,78,E,8,990,E,8,214,E,8,3.9,E,8,-9990,0,0,-9990,0,0,2.054,E,8,0.108,E,8,0.20,E,8,0,-9990,0,0
09/08/2005,10:00,700,1346,323,3,10,126,3,20,257,3,10,35488,3,10,10356,3,20,30100,3,10,-9990,0,0,9,E,8,8,E,8,16.9,E,8,10.5,E,8,66,E,8,990,E,8,217,E,8,3.9,E,8,-9990,0,0,-9990,0,0,1.929,E,8,0.108,E,8,0.20,E,8,0,-9990,0,0
09/08/2005,11:00,854,1346,402,3,10,164,3,20,297,3,10,44484,3,10,15458,3,20,34678,3,10,-9990,0,0,9,E,8,8,E,8,18.5,E,8,9.6,E,8,56,E,8,990,E,8,103,E,8,5.3,E,8,-9990,0,0,-9990,0,0,1.820,E,8,0.108,E,8,0.20,E,8,0,-9990,0,0
09/08/2005,12:00,956,1346,417,3,10,108,3,20,339,3,10,46504,3,10,10906,3,20,38755,3,10,-9990,0,0,10,E,8,9,E,8,19.7,E,8,9.9,E,8,53,E,8,990,E,8,58,E,8,10.8,E,8,-9990,0,0,-9990,0,0,1.859,E,8,0.108,E,8,0.20,E,8,0,-9990,0,0
09/08/2005,13:00,1000,1346,470,3,10,145,3,20,363,3,10,52218,3,10,13690,3,20,42041,3,10,-9990,0,0,9,E,8,8,E,8,20.8,E,8,10.3,E,8,51,E,8,990,E,8,99,E,8,4.7,E,8,-9990,0,0,-9990,0,0,1.914,E,8,0.108,E,8,0.20,E,8,0,-9990,0,0
09/08/2005,14:00,984,1346,486,3,10,190,3,20,348,3,10,54064,3,10,18692,3,20,40403,3,10,-9990,0,0,9,E,8,8,E,8,21.6,E,8,10.6,E,8,49,E,8,990,E,8,32,E,8,4.3,E,8,-9990,0,0,-9990,0,0,1.948,E,8,0.108,E,8,0.20,E,8,0,-9990,0,0
09/08/2005,15:00,907,1346,550,3,10,414,3,20,271,3,10,59226,3,10,30602,3,20,38608,3,10,-9990,0,0,6,E,8,5,E,8,22.6,E,8,10.4,E,8,46,E,8,990,E,8,45,E,8,13.8,E,8,-9990,0,0,-9990,0,0,1.915,E,8,0.108,E,8,0.20,E,8,0,-9990,0,0
09/08/2005,16:00,775,1346,446,3,10,410,3,20,209,3,10,48302,3,10,30930,3,20,30490,3,10,-9990,0,0,6,E,8,5,E,8,22.9,E,8,10.6,E,8,46,E,8,990,E,8,358,E,8,7.1,E,8,-9990,0,0,-9990,0,0,1.954,E,8,0.108,E,8,0.20,E,8,0,-9990,0,0
09/08/2005,17:00,597,1346,337,3,10,428,3,20,147,3,10,36646,3,10,33484,3,20,21780,3,10,-9990,0,0,5,E,8,4,E,8,22.9,E,8,10.3,E,8,45,E,8,989,E,8,40,E,8,7.6,E,8,-9990,0,0,-9990,0,0,1.913,E,8,0.108,E,8,0.20,E,8,0,-9990,0,0
09/08/2005,18:00,386,1346,230,3,10,490,3,20,89,3,10,24239,3,10,38159,3,20,13286,3,10,-9990,0,0,3,E,8,2,E,8,22.3,E,8,9.9,E,8,45,E,8,989,E,8,340,E,8,4.3,E,8,-9990,0,0,-9990,0,0,1.853,E,8,0.108,E,8,0.20,E,8,0,-9990,0,0
09/08/2005,19:00,156,1346,91,3,10,390,3,20,46,3,10,9462,3,10,20845,3,20,7049,3,10,-9990,0,0,4,E,8,3,E,8,21.1,E,8,9.9,E,8,49,E,8,989,E,8,45,E,8,3.9,E,8,-9990,0,0,-9990,0,0,1.861,E,8,0.108,E,8,0.20,E,8,0,-9990,0,0
09/08/2005,20:00,3,112,1,3,10,0,3,20,1,3,10,149,3,10,19,3,20,149,3,10,-9990,0,0,4,E,8,3,E,8,19.7,E,8,10.1,E,8,54,E,8,989,E,8,71,E,8,2.0,E,8,-9990,0,0,-9990,0,0,1.885,E,8,0.108,E,8,0.20,E,8,0,-9990,0,0
09/08/2005,21:00,0,0,0,3,0,0,3,0,0,3,0,0,3,0,0,3,0,0,3,0,-9990,0,0,5,E,8,4,E,8,18.7,E,8,10.6,E,8,59,E,8,989,E,8,271,E,8,0.9,E,8,-9990,0,0,-9990,0,0,1.952,E,8,0.108,E,8,0.20,E,8,0,-9990,0,0
09/08/2005,22:00,0,0,0,3,0,0,3,0,0,3,0,0,3,0,0,3,0,0,3,0,-9990,0,0,5,E,8,4,E,8,17.8,E,8,11.1,E,8,65,E,8,988,E,8,218,E,8,3.0,E,8,-9990,0,0,-9990,0,0,2.019,E,8,0.108,E,8,0.20,E,8,0,-9990,0,0
09/08/2005,23:00,0,0,0,3,0,0,3,0,0,3,0,0,3,0,0,3,0,0,3,0,-9990,0,0,5,E,8,4,E,8,16.8,E,8,10.6,E,8,67,E,8,988,E,8,196,E,8,0.5,E,8,-9990,0,0,-9990,0,0,1.947,E,8,0.108,E,8,0.20,E,8,0,-9990,0,0
09/08/2005,24:00,0,0,0,3,0,0,3,0,0,3,0,0,3,0,0,3,0,0,3,0,-9990,0,0,6,E,8,5,E,8,15.8,E,8,10.9,E,8,72,E,8,988,E,8,242,E,8,0.4,E,8,-9990,0,0,-9990,0,0,1.987,E,8,0.108,E,8,0.20,E,8,0,-9990,0,0
09/09/2005,01:00,0,0,0,3,0,0,3,0,0,3,0,0,3,0,0,3,0,0,3,0,-9990,0,0,6,E,8,5,E,8,15.0,E,8,10.8,E,8,76,E,8,988,E,8,229,E,8,0.4,E,8,-9990,0,0,-9990,0,0,1.980,E,8,0.104,E,8,0.20,E,8,0,-9990,0,0
09/09/2005,02:00,0,0,0,3,0,0,3,0,0,3,0,0,3,0,0,3,0,0,3,0,-9990,0,0,8,E,8,7,E,8,14.2,E,8,11.2,E,8,82,E,8,988,E,8,257,E,8,0.4,E,8,-9990,0,0,-9990,0,0,2.026,E,8,0.104,E,8,0.20,E,8,0,-9990,0,0
09/09/2005,03:00,0,0,0,3,0,0,3,0,0,3,0,0,3,0,0,3,0,0,3,0,-9990,0,0,8,E,8,6,E,8,13.3,E,8,9.8,E,8,79,E,8,988,E,8,276,E,8,0.2,E,8,-9990,0,0,-9990,0,0,1.841,E,8,0.104,E,8,0.20,E,8,0,-9990,0,0
09/09/2005,04:00,0,0,0,3,0,0,3,0,0,3,0,0,3,0,0,3,0,0,3,0,-9990,0,0,8,E,8,7,E,8,12.9,E,8,9.9,E,8,82,E,8,987,E,8,294,E,8,1.1,E,8,-9990,0,0,-9990,0,0,1.852,E,8,0.104,E,8,0.20,E,8,0,-9990,0,0
09/09/2005,05:00,0,0,0,3,0,0,3,0,0,3,0,0,3,0,0,3,0,0,3,0,-9990,0,0,9,E,8,8,E,8,12.4,E,8,9.6,E,8,83,E,8,987,E,8,236,E,8,0.5,E,8,-9990,0,0,-9990,0,0,1.821,E,8,0.104,E,8,0.20,E,8,0,-9990,0,0
09/09/2005,06:00,0,0,0,3,0,0,3,0,0,3,0,0,3,0,0,3,0,0,3,0,-9990,0,0,9,E,8,8,E,8,12.1,E,8,8.9,E,8,81,E,8,987,E,8,240,E,8,0.8,E,8,-9990,0,0,-9990,0,0,1.728,E,8,0.104,E,8,0.20,E,8,0,-9990,0,0
09/09/2005,07:00,56,467,2,3,10,0,3,20,2,3,10,312,3,10,8,3,20,311,3,10,-9990,0,0,10,E,8,9,E,8,11.7,E,8,10.5,E,8,92,E,8,987,E,8,121,E,8,0.7,E,8,-9990,0,0,-9990,0,0,1.931,E,8,0.104,E,8,0.20,E,8,2,-9990,0,0
09/09/2005,08:00,279,1346,66,3,10,0,3,20,66,3,10,7477,3,10,0,3,20,7477,3,10,-9990,0,0,10,E,8,9,E,8,12.9,E,8,10.7,E,8,87,E,8,987,E,8,215,E,8,1.1,E,8,-9990,0,0,-9990,0,0,1.958,E,8,0.104,E,8,0.20,E,8,0,-9990,0,0
09/09/2005,09:00,501,1346,154,3,10,18,3,20,147,3,10,17364,3,10,1860,3,20,16672,3,10,-9990,0,0,10,E,8,9,E,8,14.1,E,8,11.5,E,8,84,E,8,986,E,8,235,E,8,2.2,E,8,-9990,0,0,-9990,0,0,2.071,E,8,0.104,E,8,0.20,E,8,0,-9990,0,0
09/09/2005,10:00,695,1346,223,3,10,20,3,20,213,3,10,25361,3,10,1992,3,20,24332,3,10,-9990,0,0,10,E,8,9,E,8,15.1,E,8,12.5,E,8,84,E,8,986,E,8,290,E,8,1.1,E,8,-9990,0,0,-9990,0,0,2.224,E,8,0.104,E,8,0.20,E,8,0,-9990,0,0
09/09/2005,11:00,849,1346,260,3,10,17,3,20,249,3,10,29927,3,10,1652,3,20,28886,3,10,-9990,0,0,10,E,8,9,E,8,16.0,E,8,10.3,E,8,69,E,8,986,E,8,340,E,8,1.5,E,8,-9990,0,0,-9990,0,0,1.913,E,8,0.104,E,8,0.20,E,8,0,-9990,0,0
09/09/2005,12:00,951,1346,301,3,10,21,3,20,286,3,10,34843,3,10,2158,3,20,33319,3,10,-9990,0,0,10,E,8,9,E,8,16.7,E,8,11.2,E,8,70,E,8,986,E,8,327,E,8,3.2,E,8,-9990,0,0,-9990,0,0,2.031,E,8,0.104,E,8,0.20,E,8,0,-9990,0,0
09/09/2005,13:00,995,1346,297,3,10,16,3,20,285,3,10,34676,3,10,1659,3,20,33450,3,10,-9990,0,0,10,E,8,9,E,8,17.2,E,8,11.6,E,8,70,E,8,986,E,8,320,E,8,1.0,E,8,-9990,0,0,-9990,0,0,2.087,E,8,0.104,E,8,0.20,E,8,0,-9990,0,0
09/09/2005,14:00,978,1346,292,3,10,17,3,20,280,3,10,34048,3,10,1664,3,20,32839,3,10,-9990,0,0,10,E,8,9,E,8,17.5,E,8,11.6,E,8,68,E,8,986,E,8,211,E,8,1.8,E,8,-9990,0,0,-9990,0,0,2.090,E,8,0.104,E,8,0.20,E,8,0,-9990,0,0
09/09/2005,15:00,900,1346,277,3,10,17,3,20,266,3,10,32038,3,10,1662,3,20,30927,3,10,-9990,0,0,10,E,8,9,E,8,17.7,E,8,12.2,E,8,70,E,8,986,E,8,336,E,8,2.4,E,8,-9990,0,0,-9990,0,0,2.182,E,8,0.104,E,8,0.20,E,8,0,-9990,0,0
09/09/2005,16:00,768,1346,207,3,10,7,3,20,203,3,10,24001,3,10,626,3,20,23644,3,10,-9990,0,0,10,E,8,9,E,8,17.6,E,8,11.2,E,8,66,E,8,986,E,8,292,E,8,1.5,E,8,-9990,0,0,-9990,0,0,2.034,E,8,0.104,E,8,0.20,E,8,0,-9990,0,0
09/09/2005,17:00,590,1346,172,3,10,12,3,20,167,3,10,19634,3,10,1165,3,20,19123,3,10,-9990,0,0,10,E,8,9,E,8,17.4,E,8,10.7,E,8,65,E,8,986,E,8,284,E,8,1.3,E,8,-9990,0,0,-9990,0,0,1.968,E,8,0.104,E,8,0.20,E,8,0,-9990,0,0
09/09/2005,18:00,379,1346,104,3,10,7,3,20,102,3,10,11817,3,10,666,3,20,11630,3,10,-9990,0,0,10,E,8,9,E,8,16.9,E,8,10.1,E,8,64,E,8,986,E,8,306,E,8,0.7,E,8,-9990,0,0,-9990,0,0,1.884,E,8,0.104,E,8,0.20,E,8,0,-9990,0,0
09/09/2005,19:00,148,1346,36,3,10,3,3,20,36,3,10,4160,3,10,248,3,20,4133,3,10,-9990,0,0,10,E,8,9,E,8,16.2,E,8,10.0,E,8,66,E,8,986,E,8,310,E,8,0.8,E,8,-9990,0,0,-9990,0,0,1.865,E,8,0.104,E,8,0.20,E,8,0,-9990,0,0
09/09/2005,20:00,2,88,0,3,10,0,3,20,0,3,10,19,3,10,6,3,20,19,3,10,-9990,0,0,10,E,8,9,E,8,15.5,E,8,12.6,E,8,83,E,8,986,E,8,242,E,8,0.6,E,8,-9990,0,0,-9990,0,0,2.239,E,8,0.104,E,8,0.20,E,8,0,-9990,0,0
09/09/2005,21:00,0,0,0,3,0,0,3,0,0,3,0,0,3,0,0,3,0,0,3,0,-9990,0,0,10,E,8,9,E,8,14.6,E,8,12.6,E,8,88,E,8,986,E,8,261,E,8,0.5,E,8,-9990,0,0,-9990,0,0,2.245,E,8,0.104,E,8,0.20,E,8,0,-9990,0,0
09/09/2005,22:00,0,0,0,3,0,0,3,0,0,3,0,0,3,0,0,3,0,0,3,0,-9990,0,0,10,E,8,9,E,8,13.8,E,8,11.8,E,8,88,E,8,986,E,8,267,E,8,1.3,E,8,-9990,0,0,-9990,0,0,2.116,E,8,0.104,E,8,0.20,E,8,0,-9990,0,0
09/09/2005,23:00,0,0,0,3,0,0,3,0,0,3,0,0,3,0,0,3,0,0,3,0,-9990,0,0,10,E,8,9,E,8,12.9,E,8,10.9,E,8,88,E,8,986,E,8,67,E,8,2.0,E,8,-9990,0,0,-9990,0,0,1.995,E,8,0.104,E,8,0.20,E,8,0,-9990,0,0
09/09/2005,24:00,0,0,0,3,0,0,3,0,0,3,0,0,3,0,0,3,0,0,3,0,-9990,0,0,10,E,8,9,E,8,12.0,E,8,10.1,E,8,88,E,8,986,E,8,83,E,8,1.8,E,8,-9990,0,0,-9990,0,0,1.880,E,8,0.104,E,8,0.20,E,8,0,-9990,0,0
09/10/2005,01:00,0,0,0,3,0,0,3,0,0,3,0,0,3,0,0,3,0,0,3,0,-9990,0,0,10,E,8,9,E,8,11.5,E,8,9.5,E,8,88,E,8,986,E,8,217,E,8,3.0,E,8,-9990,0,0,-9990,0,0,1.810,E,8,0.095,E,8,0.20,E,8,0,-9990,0,0
09/10/2005,02:00,0,0,0,3,0,0,3,0,0,3,0,0,3,0,0,3,0,0,3,0,-9990,0,0,10,E,8,9,E,8,11.0,E,8,9.4,E,8,90,E,8,986,E,8,241,E,8,2.2,E,8,-9990,0,0,-9990,0,0,1.798,E,8,0.095,E,8,0.20,E,8,0,-9990,0,0
09/10/2005,03:00,0,0,0,3,0,0,3,0,0,3,0,0,3,0,0,3,0,0,3,0,-9990,0,0,10,E,8,9,E,8,10.4,E,8,10.1,E,8,98,E,8,986,E,8,237,E,8,2.4,E,8,-9990,0,0,-9990,0,0,1.876,E,8,0.095,E,8,0.20,E,8,0,-9990,0,0
09/10/2005,04:00,0,0,0,3,0,0,3,0,0,3,0,0,3,0,0,3,0,0,3,0,-9990,0,0,10,E,8,9,E,8,10.2,E,8,9.9,E,8,98,E,8,986,E,8,197,E,8,1.8,E,8,-9990,0,0,-9990,0,0,1.860,E,8,0.095,E,8,0.20,E,8,0,-9990,0,0
09/10/2005,05:00,0,0,0,3,0,0,3,0,0,3,0,0,3,0,0,3,0,0,3,0,-9990,0,0,10,E,8,9,E,8,9.9,E,8,9.7,E,8,98,E,8,986,E,8,210,E,8,1.3,E,8,-9990,0,0,-9990,0,0,1.829,E,8,0.095,E,8,0.20,E,8,0,-9990,0,0
09/10/2005,06:00,0,0,0,3,0,0,3,0,0,3,0,0,3,0,0,3,0,0,3,0,-9990,0,0,10,E,8,9,E,8,9.8,E,8,9.5,E,8,98,E,8,986,E,8,183,E,8,1.1,E,8,-9990,0,0,-9990,0,0,1.810,E,8,0.095,E,8,0.20,E,8,0,-9990,0,0
09/10/2005,07:00,53,452,2,3,10,0,3,20,2,3,10,298,3,10,8,3,20,297,3,10,-9990,0,0,10,E,8,9,E,8,9.9,E,8,9.2,E,8,95,E,8,986,E,8,72,E,8,0.5,E,8,-9990,0,0,-9990,0,0,1.769,E,8,0.095,E,8,0.20,E,8,0,-9990,0,0
09/10/2005,08:00,274,1347,66,3,10,0,3,20,66,3,10,7529,3,10,0,3,20,7529,3,10,-9990,0,0,10,E,8,9,E,8,11.0,E,8,10.0,E,8,94,E,8,986,E,8,217,E,8,0.6,E,8,-9990,0,0,-9990,0,0,1.870,E,8,0.095,E,8,0.20,E,8,0,-9990,0,0
09/10/2005,09:00,496,1347,39,3,10,0,3,20,39,3,10,4863,3,10,0,3,20,4863,3,10,-9990,0,0,10,E,8,9,E,8,11.1,E,8,10.1,E,8,94,E,8,987,E,8,247,E,8,0.5,E,8,-9990,0,0,-9990,0,0,1.878,E,8,0.095,E,8,0.20,E,8,0,-9990,0,0
09/10/2005,10:00,691,1347,41,3,10,0,3,20,41,3,10,5287,3,10,0,3,20,5287,3,10,-9990,0,0,10,E,8,9,E,8,11.2,E,8,9.8,E,8,92,E,8,987,E,8,313,E,8,0.4,E,8,-9990,0,0,-9990,0,0,1.848,E,8,0.095,E,8,0.20,E,8,0,-9990,0,0
09/10/2005,11:00,844,1347,52,3,10,0,3,20,52,3,10,6742,3,10,0,3,20,6742,3,10,-9990,0,0,10,E,8,9,E,8,11.3,E,8,10.2,E,8,93,E,8,987,E,8,292,E,8,0.2,E,8,-9990,0,0,-9990,0,0,1.890,E,8,0.095,E,8,0.20,E,8,0,-9990,0,0
09/10/2005,12:00,946,1347,59,3,10,0,3,20,59,3,10,7737,3,10,0,3,20,7737,3,10,-9990,0,0,10,E,8,9,E,8,11.4,E,8,10.2,E,8,92,E,8,987,E,8,227,E,8,0.1,E,8,-9990,0,0,-9990,0,0,1.890,E,8,0.095,E,8,0.20,E,8,0,-9990,0,0
09/10/2005,13:00,990,1347,212,3,10,15,3,20,201,3,10,25462,3,10,1612,3,20,24277,3,10,-9990,0,0,10,E,8,9,E,8,12.3,E,8,10.3,E,8,88,E,8,987,E,8,228,E,8,0.5,E,8,-9990,0,0,-9990,0,0,1.909,E,8,0.095,E,8,0.20,E,8,0,-9990,0,0
09/10/2005,14:00,972,1347,557,3,10,302,3,20,339,3,10,61077,3,10,29074,3,20,40097,3,10,-9990,0,0,8,E,8,6,E,8,14.3,E,8,10.5,E,8,78,E,8,987,E,8,52,E,8,1.0,E,8,-9990,0,0,-9990,0,0,1.935,E,8,0.095,E,8,0.20,E,8,0,-9990,0,0
09/10/2005,15:00,894,1347,721,3,10,814,3,20,181,3,10,78076,3,10,80306,3,20,24764,3,10,-9990,0,0,1,E,8,1,E,8,16.5,E,8,10.8,E,8,69,E,8,987,E,8,50,E,8,2.4,E,8,-9990,0,0,-9990,0,0,1.979,E,8,0.095,E,8,0.20,E,8,0,-9990,0,0
09/10/2005,16:00,762,1347,636,3,10,798,3,20,185,3,10,67631,3,10,75321,3,20,25043,3,10,-9990,0,0,3,E,8,2,E,8,17.9,E,8,10.1,E,8,60,E,8,987,E,8,75,E,8,1.3,E,8,-9990,0,0,-9990,0,0,1.883,E,8,0.095,E,8,0.20,E,8,0,-9990,0,0
09/10/2005,17:00,583,1347,275,3,10,218,3,20,181,3,10,29903,3,10,17210,3,20,22451,3,10,-9990,0,0,8,E,8,6,E,8,18.1,E,8,9.9,E,8,59,E,8,987,E,8,74,E,8,1.5,E,8,-9990,0,0,-9990,0,0,1.856,E,8,0.095,E,8,0.20,E,8,0,-9990,0,0
09/10/2005,18:00,371,1347,83,3,10,0,3,20,83,3,10,9572,3,10,0,3,20,9572,3,10,-9990,0,0,10,E,8,9,E,8,17.4,E,8,10.6,E,8,64,E,8,987,E,8,162,E,8,2.0,E,8,-9990,0,0,-9990,0,0,1.942,E,8,0.095,E,8,0.20,E,8,0,-9990,0,0
09/10/2005,19:00,140,1347,49,3,10,95,3,20,39,3,10,5338,3,10,918,3,20,5243,3,10,-9990,0,0,10,E,8,9,E,8,16.7,E,8,10.1,E,8,65,E,8,987,E,8,107,E,8,2.7,E,8,-9990,0,0,-9990,0,0,1.881,E,8,0.095,E,8,0.20,E,8,0,-9990,0,0
09/10/2005,20:00,1,65,0,3,10,0,3,20,0,3,10,34,3,10,12,3,20,34,3,10,-9990,0,0,10,E,8,9,E,8,15.9,E,8,9.4,E,8,66,E,8,987,E,8,74,E,8,3.2,E,8,-9990,0,0,-9990,0,0,1.796,E,8,0.095,E,8,0.20,E,8,0,-9990,0,0
09/10/2005,21:00,0,0,0,3,0,0,3,0,0,3,0,0,3,0,0,3,0,0,3,0,-9990,0,0,10,E,8,9,E,8,15.1,E,8,9.7,E,8,70,E,8,987,E,8,183,E,8,1.6,E,8,-9990,0,0,-9990,0,0,1.832,E,8,0.095,E,8,0.20,E,8,0,-9990,0,0
09/10/2005,22:00,0,0,0,3,0,0,3,0,0,3,0,0,3,0,0,3,0,0,3,0,-9990,0,0,10,E,8,9,E,8,14.3,E,8,9.8,E,8,74,E,8,987,E,8,226,E,8,1.5,E,8,-9990,0,0,-9990,0,0,1.841,E,8,0.095,E,8,0.20,E,8,0,-9990,0,0
09/10/2005,23:00,0,0,0,3,0,0,3,0,0,3,0,0,3,0,0,3,0,0,3,0,-9990,0,0,10,E,8,9,E,8,13.5,E,8,9.8,E,8,78,E,8,987,E,8,250,E,8,0.4,E,8,-9990,0,0,-9990,0,0,1.845,E,8,0.095,E,8,0.20,E,8,0,-9990,0,0
09/10/2005,24:00,0,0,0,3,0,0,3,0,0,3,0,0,3,0,0,3,0,0,3,0,-9990,0,0,10,E,8,9,E,8,12.7,E,8,9.9,E,8,83,E,8,987,E,8,235,E,8,0.0,E,8,-9990,0,0,-9990,0,0,1.854,E,8,0.095,E,8,0.20,E,8,0,-9990,0,0
09/11/2005,01:00,0,0,0,3,0,0,3,0,0,3,0,0,3,0,0,3,0,0,3,0,-9990,0,0,10,E,8,9,E,8,11.8,E,8,10.1,E,8,90,E,8,987,E,8,222,E,8,1.1,E,8,-9990,0,0,-9990,0,0,1.885,E,8,0.098,E,8,0.20,E,8,0,-9990,0,0
09/11/2005,02:00,0,0,0,3,0,0,3,0,0,3,0,0,3,0,0,3,0,0,3,0,-9990,0,0,10,E,8,9,E,8,10.7,E,8,9.3,E,8,91,E,8,987,E,8,240,E,8,1.5,E,8,-9990,0,0,-9990,0,0,1.774,E,8,0.098,E,8,0.20,E,8,0,-9990,0,0
09/11/2005,03:00,0,0,0,3,0,0,3,0,0,3,0,0,3,0,0,3,0,0,3,0,-9990,0,0,10,E,8,9,E,8,9.7,E,8,8.9,E,8,95,E,8,987,E,8,244,E,8,1.5,E,8,-9990,0,0,-9990,0,0,1.736,E,8,0.098,E,8,0.20,E,8,0,-9990,0,0
09/11/2005,04:00,0,0,0,3,0,0,3,0,0,3,0,0,3,0,0,3,0,0,3,0,-9990,0,0,10,E,8,9,E,8,9.1,E,8,8.2,E,8,94,E,8,987,E,8,204,E,8,0.1,E,8,-9990,0,0,-9990,0,0,1.645,E,8,0.098,E,8,0.20,E,8,0,-9990,0,0
09/11/2005,05:00,0,0,0,3,0,0,3,0,0,3,0,0,3,0,0,3,0,0,3,0,-9990,0,0,10,E,8,9,E,8,8.6,E,8,7.9,E,8,95,E,8,987,E,8,230,E,8,0.0,E,8,-9990,0,0,-9990,0,0,1.609,E,8,0.098,E,8,0.20,E,8,0,-9990,0,0
09/11/2005,06:00,0,0,0,3,0,0,3,0,0,3,0,0,3,0,0,3,0,0,3,0,-9990,0,0,10,E,8,9,E,8,8.2,E,8,7.3,E,8,94,E,8,987,E,8,168,E,8,0.4,E,8,-9990,0,0,-9990,0,0,1.548,E,8,0.098,E,8,0.20,E,8,0,-9990,0,0
09/11/2005,07:00,50,438,2,3,10,0,3,20,2,3,10,286,3,10,8,3,20,285,3,10,-9990,0,0,10,E,8,9,E,8,8.2,E,8,7.0,E,8,92,E,8,987,E,8,72,E,8,0.9,E,8,-9990,0,0,-9990,0,0,1.517,E,8,0.098,E,8,0.20,E,8,0,-9990,0,0
09/11/2005,08:00,270,1348,64,3,10,0,3,20,64,3,10,7282,3,10,0,3,20,7282,3,10,-9990,0,0,10,E,8,9,E,8,9.0,E,8,7.0,E,8,87,E,8,987,E,8,148,E,8,2.4,E,8,-9990,0,0,-9990,0,0,1.515,E,8,0.098,E,8,0.20,E,8,0,-9990,0,0
09/11/2005,09:00,492,1348,144,3,10,16,3,20,138,3,10,16308,3,10,1599,3,20,15725,3,10,-9990,0,0,10,E,8,9,E,8,10.1,E,8,7.0,E,8,81,E,8,987,E,8,168,E,8,2.2,E,8,-9990,0,0,-9990,0,0,1.515,E,8,0.098,E,8,0.20,E,8,0,-9990,0,0
09/11/2005,10:00,686,1348,217,3,10,22,3,20,206,3,10,24796,3,10,2310,3,20,23621,3,10,-9990,0,0,10,E,8,9,E,8,11.1,E,8,7.3,E,8,77,E,8,987,E,8,197,E,8,1.8,E,8,-9990,0,0,-9990,0,0,1.549,E,8,0.098,E,8,0.20,E,8,0,-9990,0,0
09/11/2005,11:00,839,1348,279,3,10,24,3,20,264,3,10,32085,3,10,2528,3,20,30510,3,10,-9990,0,0,10,E,8,9,E,8,12.0,E,8,6.5,E,8,69,E,8,987,E,8,224,E,8,2.4,E,8,-9990,0,0,-9990,0,0,1.463,E,8,0.098,E,8,0.20,E,8,0,-9990,0,0
09/11/2005,12:00,941,1348,354,3,10,39,3,20,327,3,10,39469,3,10,3145,3,20,37273,3,10,-9990,0,0,10,E,8,9,E,8,13.0,E,8,6.6,E,8,65,E,8,987,E,8,183,E,8,2.7,E,8,-9990,0,0,-9990,0,0,1.473,E,8,0.098,E,8,0.20,E,8,0,-9990,0,0
09/11/2005,13:00,984,1348,382,3,10,59,3,20,339,3,10,42606,3,10,5430,3,20,38641,3,10,-9990,0,0,10,E,8,9,E,8,13.8,E,8,7.5,E,8,66,E,8,987,E,8,225,E,8,4.3,E,8,-9990,0,0,-9990,0,0,1.572,E,8,0.098,E,8,0.20,E,8,0,-9990,0,0
09/11/2005,14:00,966,1348,378,3,10,62,3,20,334,3,10,42189,3,10,5748,3,20,38068,3,10,-9990,0,0,10,E,8,9,E,8,14.4,E,8,7.9,E,8,65,E,8,987,E,8,263,E,8,5.3,E,8,-9990,0,0,-9990,0,0,1.618,E,8,0.098,E,8,0.20,E,8,0,-9990,0,0
09/11/2005,15:00,888,1348,347,3,10,66,3,20,303,3,10,38637,3,10,6099,3,20,34618,3,10,-9990,0,0,10,E,8,9,E,8,14.7,E,8,7.5,E,8,62,E,8,987,E,8,174,E,8,6.5,E,8,-9990,0,0,-9990,0,0,1.573,E,8,0.098,E,8,0.20,E,8,0,-9990,0,0
09/11/2005,16:00,755,1348,285,3,10,53,3,20,256,3,10,31735,3,10,4565,3,20,29178,3,10,-9990,0,0,10,E,8,9,E,8,14.8,E,8,7.7,E,8,63,E,8,987,E,8,22,E,8,7.9,E,8,-9990,0,0,-9990,0,0,1.596,E,8,0.098,E,8,0.20,E,8,0,-9990,0,0
09/11/2005,17:00,576,1348,211,3,10,56,3,20,187,3,10,23451,3,10,4782,3,20,21407,3,10,-9990,0,0,10,E,8,9,E,8,14.6,E,8,7.1,E,8,61,E,8,987,E,8,344,E,8,7.6,E,8,-9990,0,0,-9990,0,0,1.530,E,8,0.098,E,8,0.20,E,8,0,-9990,0,0
09/11/2005,18:00,364,1348,117,3,10,39,3,20,106,3,10,12958,3,10,2848,3,20,12189,3,10,-9990,0,0,10,E,8,9,E,8,14.0,E,8,7.1,E,8,63,E,8,987,E,8,25,E,8,7.9,E,8,-9990,0,0,-9990,0,0,1.524,E,8,0.098,E,8,0.20,E,8,0,-9990,0,0
09/11/2005,19:00,132,1348,37,3,10,24,3,20,35,3,10,4109,3,10,850,3,20,4026,3,10,-9990,0,0,10,E,8,9,E,8,13.1,E,8,6.1,E,8,62,E,8,988,E,8,43,E,8,5.3,E,8,-9990,0,0,-9990,0,0,1.422,E,8,0.098,E,8,0.20,E,8,0,-9990,0,0
09/11/2005,20:00,0,42,0,3,10,0,3,20,0,3,10,4,3,10,3,3,20,4,3,10,-9990,0,0,10,E,8,9,E,8,12.3,E,8,5.9,E,8,65,E,8,988,E,8,139,E,8,2.2,E,8,-9990,0,0,-9990,0,0,1.402,E,8,0.098,E,8,0.20,E,8,0,-9990,0,0
09/11/2005,21:00,0,0,0,3,0,0,3,0,0,3,0,0,3,0,0,3,0,0,3,0,-9990,0,0,9,E,8,8,E,8,11.4,E,8,6.2,E,8,70,E,8,988,E,8,66,E,8,3.5,E,8,-9990,0,0,-9990,0,0,1.437,E,8,0.098,E,8,0.20,E,8,0,-9990,0,0
09/11/2005,22:00,0,0,0,3,0,0,3,0,0,3,0,0,3,0,0,3,0,0,3,0,-9990,0,0,9,E,8,8,E,8,10.6,E,8,5.8,E,8,72,E,8,988,E,8,117,E,8,4.3,E,8,-9990,0,0,-9990,0,0,1.396,E,8,0.098,E,8,0.20,E,8,0,-9990,0,0
09/11/2005,23:00,0,0,0,3,0,0,3,0,0,3,0,0,3,0,0,3,0,0,3,0,-9990,0,0,9,E,8,8,E,8,9.7,E,8,5.5,E,8,75,E,8,988,E,8,98,E,8,3.0,E,8,-9990,0,0,-9990,0,0,1.365,E,8,0.098,E,8,0.20,E,8,0,-9990,0,0
09/11/2005,24:00,0,0,0,3,0,0,3,0,0,3,0,0,3,0,0,3,0,0,3,0,-9990,0,0,9,E,8,8,E,8,8.9,E,8,5.2,E,8,78,E,8,988,E,8,38,E,8,3.2,E,8,-9990,0,0,-9990,0,0,1.339,E,8,0.098,E,8,0.20,E,8,0,-9990,0,0
09/12/2005,01:00,0,0,0,3,0,0,3,0,0,3,0,0,3,0,0,3,0,0,3,0,-9990,0,0,9,E,8,8,E,8,8.3,E,8,5.9,E,8,85,E,8,989,E,8,241,E,8,3.5,E,8,-9990,0,0,-9990,0,0,1.403,E,8,0.088,E,8,0.20,E,8,0,-9990,0,0
09/12/2005,02:00,0,0,0,3,0,0,3,0,0,3,0,0,3,0,0,3,0,0,3,0,-9990,0,0,8,E,8,7,E,8,7.7,E,8,5.5,E,8,85,E,8,989,E,8,45,E,8,2.4,E,8,-9990,0,0,-9990,0,0,1.359,E,8,0.088,E,8,0.20,E,8,0,-9990,0,0
09/12/2005,03:00,0,0,0,3,0,0,3,0,0,3,0,0,3,0,0,3,0,0,3,0,-9990,0,0,8,E,8,7,E,8,7.2,E,8,4.7,E,8,84,E,8,989,E,8,132,E,8,4.3,E,8,-9990,0,0,-9990,0,0,1.286,E,8,0.088,E,8,0.20,E,8,0,-9990,0,0
09/12/2005,04:00,0,0,0,3,0,0,3,0,0,3,0,0,3,0,0,3,0,0,3,0,-9990,0,0,8,E,8,7,E,8,6.8,E,8,4.6,E,8,85,E,8,989,E,8,62,E,8,4.7,E,8,-9990,0,0,-9990,0,0,1.277,E,8,0.088,E,8,0.20,E,8,0,-9990,0,0
09/12/2005,05:00,0,0,0,3,0,0,3,0,0,3,0,0,3,0,0,3,0,0,3,0,-9990,0,0,8,E,8,7,E,8,6.5,E,8,4.5,E,8,87,E,8,989,E,8,224,E,8,4.3,E,8,-9990,0,0,-9990,0,0,1.273,E,8,0.088,E,8,0.20,E,8,0,-9990,0,0
09/12/2005,06:00,0,0,0,3,0,0,3,0,0,3,0,0,3,0,0,3,0,0,3,0,-9990,0,0,8,E,8,7,E,8,6.3,E,8,3.6,E,8,83,E,8,989,E,8,212,E,8,2.2,E,8,-9990,0,0,-9990,0,0,1.197,E,8,0.088,E,8,0.20,E,8,0,-9990,0,0
09/12/2005,07:00,46,423,5,3,10,0,3,20,5,3,10,695,3,10,11,3,20,694,3,10,-9990,0,0,6,E,8,6,E,8,6.4,E,8,3.3,E,8,80,E,8,989,E,8,183,E,8,1.6,E,8,-9990,0,0,-9990,0,0,1.166,E,8,0.088,E,8,0.20,E,8,0,-9990,0,0
09/12/2005,08:00,265,1349,151,3,10,337,3,20,85,3,10,15828,3,10,19705,3,20,11961,3,10,-9990,0,0,6,E,8,5,E,8,8.6,E,8,3.9,E,8,72,E,8,990,E,8,251,E,8,1.0,E,8,-9990,0,0,-9990,0,0,1.219,E,8,0.088,E,8,0.20,E,8,0,-9990,0,0
09/12/2005,09:00,487,1349,251,3,10,321,3,20,135,3,10,27225,3,10,29349,3,20,16630,3,10,-9990,0,0,6,E,8,5,E,8,10.4,E,8,4.0,E,8,65,E,8,990,E,8,287,E,8,0.3,E,8,-9990,0,0,-9990,0,0,1.232,E,8,0.088,E,8,0.20,E,8,0,-9990,0,0
09/12/2005,10:00,681,1349,403,3,10,470,3,20,166,3,10,43742,3,10,39293,3,20,23895,3,10,-9990,0,0,5,E,8,4,E,8,12.4,E,8,3.9,E,8,56,E,8,990,E,8,298,E,8,0.4,E,8,-9990,0,0,-9990,0,0,1.218,E,8,0.088,E,8,0.20,E,8,0,-9990,0,0
09/12/2005,11:00,834,1349,475,3,10,367,3,20,248,3,10,52179,3,10,37061,3,20,29251,3,10,-9990,0,0,6,E,8,5,E,8,14.1,E,8,3.3,E,8,48,E,8,990,E,8,284,E,8,0.2,E,8,-9990,0,0,-9990,0,0,1.166,E,8,0.088,E,8,0.20,E,8,0,-9990,0,0
09/12/2005,12:00,936,1349,505,3,10,280,3,20,311,3,10,55356,3,10,28082,3,20,35869,3,10,-9990,0,0,8,E,8,6,E,8,15.3,E,8,3.6,E,8,45,E,8,990,E,8,248,E,8,0.1,E,8,-9990,0,0,-9990,0,0,1.197,E,8,0.088,E,8,0.20,E,8,0,-9990,0,0
09/12/2005,13:00,979,1349,486,3,10,195,3,20,345,3,10,53961,3,10,19975,3,20,39463,3,10,-9990,0,0,9,E,8,8,E,8,16.1,E,8,4.7,E,8,47,E,8,990,E,8,237,E,8,0.0,E,8,-9990,0,0,-9990,0,0,1.287,E,8,0.088,E,8,0.20,E,8,0,-9990,0,0
09/12/2005,14:00,960,1349,605,3,10,477,3,20,265,3,10,65721,3,10,39441,3,20,37634,3,10,-9990,0,0,6,E,8,5,E,8,17.1,E,8,5.9,E,8,48,E,8,990,E,8,252,E,8,0.0,E,8,-9990,0,0,-9990,0,0,1.405,E,8,0.088,E,8,0.20,E,8,0,-9990,0,0
09/12/2005,15:00,882,1349,531,3,10,410,3,20,263,3,10,57174,3,10,30918,3,20,36960,3,10,-9990,0,0,6,E,8,5,E,8,17.7,E,8,5.9,E,8,46,E,8,990,E,8,43,E,8,0.1,E,8,-9990,0,0,-9990,0,0,1.405,E,8,0.088,E,8,0.20,E,8,0,-9990,0,0
09/12/2005,16:00,748,1349,324,3,10,120,3,20,258,3,10,35907,3,10,10642,3,20,30004,3,10,-9990,0,0,10,E,8,9,E,8,17.3,E,8,6.4,E,8,49,E,8,990,E,8,225,E,8,0.1,E,8,-9990,0,0,-9990,0,0,1.457,E,8,0.088,E,8,0.20,E,8,0,-9990,0,0
09/12/2005,17:00,569,1349,256,3,10,167,3,20,185,3,10,28381,3,10,15398,3,20,21886,3,10,-9990,0,0,9,E,8,8,E,8,16.7,E,8,7.2,E,8,53,E,8,990,E,8,246,E,8,0.9,E,8,-9990,0,0,-9990,0,0,1.536,E,8,0.088,E,8,0.20,E,8,0,-9990,0,0
09/12/2005,18:00,356,1349,173,3,10,315,3,20,90,3,10,18796,3,10,20409,3,20,13407,3,10,-9990,0,0,6,E,8,5,E,8,15.8,E,8,7.5,E,8,58,E,8,989,E,8,236,E,8,0.6,E,8,-9990,0,0,-9990,0,0,1.574,E,8,0.088,E,8,0.20,E,8,0,-9990,0,0
09/12/2005,19:00,124,1349,50,3,10,225,3,20,29,3,10,5339,3,10,5511,3,20,4831,3,10,-9990,0,0,6,E,8,5,E,8,14.5,E,8,7.1,E,8,61,E,8,989,E,8,242,E,8,2.2,E,8,-9990,0,0,-9990,0,0,1.523,E,8,0.088,E,8,0.20,E,8,0,-9990,0,0
09/12/2005,20:00,0,0,0,3,10,0,3,20,0,3,10,0,3,10,0,3,20,0,3,10,-9990,0,0,6,E,8,5,E,8,13.2,E,8,8.6,E,8,74,E,8,989,E,8,248,E,8,0.8,E,8,-9990,0,0,-9990,0,0,1.696,E,8,0.088,E,8,0.20,E,8,0,-9990,0,0
09/12/2005,21:00,0,0,0,3,0,0,3,0,0,3,0,0,3,0,0,3,0,0,3,0,-9990,0,0,8,E,8,6,E,8,12.6,E,8,8.1,E,8,74,E,8,989,E,8,248,E,8,0.8,E,8,-9990,0,0,-9990,0,0,1.633,E,8,0.088,E,8,0.20,E,8,0,-9990,0,0
09/12/2005,22:00,0,0,0,3,0,0,3,0,0,3,0,0,3,0,0,3,0,0,3,0,-9990,0,0,8,E,8,6,E,8,12.0,E,8,7.9,E,8,76,E,8,989,E,8,215,E,8,1.3,E,8,-9990,0,0,-9990,0,0,1.614,E,8,0.088,E,8,0.20,E,8,0,-9990,0,0
09/12/2005,23:00,0,0,0,3,0,0,3,0,0,3,0,0,3,0,0,3,0,0,3,0,-9990,0,0,8,E,8,6,E,8,11.3,E,8,7.4,E,8,77,E,8,988,E,8,221,E,8,1.5,E,8,-9990,0,0,-9990,0,0,1.557,E,8,0.088,E,8,0.20,E,8,0,-9990,0,0
09/12/2005,24:00,0,0,0,3,0,0,3,0,0,3,0,0,3,0,0,3,0,0,3,0,-9990,0,0,8,E,8,6,E,8,10.7,E,8,6.8,E,8,77,E,8,988,E,8,209,E,8,1.1,E,8,-9990,0,0,-9990,0,0,1.497,E,8,0.088,E,8,0.20,E,8,0,-9990,0,0
09/13/2005,01:00,0,0,0,3,0,0,3,0,0,3,0,0,3,0,0,3,0,0,3,0,-9990,0,0,8,E,8,6,E,8,10.3,E,8,6.7,E,8,78,E,8,988,E,8,207,E,8,0.8,E,8,-9990,0,0,-9990,0,0,1.486,E,8,0.089,E,8,0.20,E,8,0,-9990,0,0
09/13/2005,02:00,0,0,0,3,0,0,3,0,0,3,0,0,3,0,0,3,0,0,3,0,-9990,0,0,9,E,8,8,E,8,9.9,E,8,6.6,E,8,80,E,8,988,E,8,240,E,8,2.7,E,8,-9990,0,0,-9990,0,0,1.475,E,8,0.089,E,8,0.20,E,8,0,-9990,0,0
09/13/2005,03:00,0,0,0,3,0,0,3,0,0,3,0,0,3,0,0,3,0,0,3,0,-9990,0,0,9,E,8,8,E,8,9.5,E,8,7.1,E,8,85,E,8,988,E,8,200,E,8,2.0,E,8,-9990,0,0,-9990,0,0,1.524,E,8,0.089,E,8,0.20,E,8,0,-9990,0,0
09/13/2005,04:00,0,0,0,3,0,0,3,0,0,3,0,0,3,0,0,3,0,0,3,0,-9990,0,0,9,E,8,8,E,8,9.3,E,8,6.5,E,8,82,E,8,987,E,8,239,E,8,1.8,E,8,-9990,0,0,-9990,0,0,1.458,E,8,0.089,E,8,0.20,E,8,0,-9990,0,0
09/13/2005,05:00,0,0,0,3,0,0,3,0,0,3,0,0,3,0,0,3,0,0,3,0,-9990,0,0,9,E,8,8,E,8,9.1,E,8,5.9,E,8,80,E,8,987,E,8,235,E,8,1.3,E,8,-9990,0,0,-9990,0,0,1.402,E,8,0.089,E,8,0.20,E,8,0,-9990,0,0
09/13/2005,06:00,0,0,0,3,0,0,3,0,0,3,0,0,3,0,0,3,0,0,3,0,-9990,0,0,10,E,8,9,E,8,8.9,E,8,6.4,E,8,84,E,8,987,E,8,66,E,8,1.0,E,8,-9990,0,0,-9990,0,0,1.453,E,8,0.089,E,8,0.20,E,8,0,-9990,0,0
09/13/2005,07:00,43,408,2,3,10,0,3,20,2,3,10,264,3,10,9,3,20,263,3,10,-9990,0,0,10,E,8,9,E,8,9.0,E,8,6.5,E,8,85,E,8,987,E,8,111,E,8,2.7,E,8,-9990,0,0,-9990,0,0,1.465,E,8,0.089,E,8,0.20,E,8,0,-9990,0,0
09/13/2005,08:00,260,1349,60,3,10,0,3,20,60,3,10,6899,3,10,0,3,20,6899,3,10,-9990,0,0,10,E,8,9,E,8,9.9,E,8,7.2,E,8,83,E,8,987,E,8,227,E,8,2.0,E,8,-9990,0,0,-9990,0,0,1.531,E,8,0.089,E,8,0.20,E,8,0,-9990,0,0
09/13/2005,09:00,482,1349,156,3,10,24,3,20,147,3,10,17550,3,10,2535,3,20,16644,3,10,-9990,0,0,10,E,8,9,E,8,11.2,E,8,7.8,E,8,80,E,8,987,E,8,197,E,8,1.3,E,8,-9990,0,0,-9990,0,0,1.600,E,8,0.089,E,8,0.20,E,8,0,-9990,0,0
09/13/2005,10:00,676,1349,213,3,10,18,3,20,204,3,10,24378,3,10,1853,3,20,23450,3,10,-9990,0,0,10,E,8,9,E,8,12.2,E,8,7.7,E,8,73,E,8,986,E,8,232,E,8,0.5,E,8,-9990,0,0,-9990,0,0,1.585,E,8,0.089,E,8,0.20,E,8,0,-9990,0,0
09/13/2005,11:00,829,1349,291,3,10,31,3,20,272,3,10,32403,3,10,2216,3,20,31041,3,10,-9990,0,0,10,E,8,9,E,8,13.4,E,8,8.2,E,8,71,E,8,986,E,8,214,E,8,0.2,E,8,-9990,0,0,-9990,0,0,1.642,E,8,0.089,E,8,0.20,E,8,0,-9990,0,0
09/13/2005,12:00,931,1349,327,3,10,29,3,20,307,3,10,36515,3,10,2036,3,20,35111,3,10,-9990,0,0,10,E,8,9,E,8,14.3,E,8,8.9,E,8,70,E,8,986,E,8,56,E,8,0.2,E,8,-9990,0,0,-9990,0,0,1.725,E,8,0.089,E,8,0.20,E,8,0,-9990,0,0
09/13/2005,13:00,973,1349,308,3,10,18,3,20,295,3,10,35934,3,10,1867,3,20,34587,3,10,-9990,0,0,10,E,8,9,E,8,14.9,E,8,9.5,E,8,70,E,8,986,E,8,18,E,8,0.7,E,8,-9990,0,0,-9990,0,0,1.799,E,8,0.089,E,8,0.20,E,8,0,-9990,0,0
09/13/2005,14:00,954,1349,297,3,10,20,3,20,283,3,10,34660,3,10,2031,3,20,33223,3,10,-9990,0,0,10,E,8,9,E,8,15.3,E,8,9.9,E,8,70,E,8,986,E,8,59,E,8,1.6,E,8,-9990,0,0,-9990,0,0,1.861,E,8,0.089,E,8,0.20,E,8,0,-9990,0,0
09/13/2005,15:00,875,1349,268,3,10,19,3,20,256,3,10,31164,3,10,1938,3,20,29907,3,10,-9990,0,0,10,E,8,9,E,8,15.5,E,8,9.4,E,8,67,E,8,986,E,8,130,E,8,1.3,E,8,-9990,0,0,-9990,0,0,1.789,E,8,0.089,E,8,0.20,E,8,0,-9990,0,0
09/13/2005,16:00,741,1349,209,3,10,11,3,20,202,3,10,24213,3,10,1113,3,20,23602,3,10,-9990,0,0,10,E,8,9,E,8,15.4,E,8,9.7,E,8,69,E,8,986,E,8,92,E,8,0.5,E,8,-9990,0,0,-9990,0,0,1.833,E,8,0.089,E,8,0.20,E,8,0,-9990,0,0
09/13/2005,17:00,562,1349,150,3,10,7,3,20,147,3,10,17344,3,10,651,3,20,17073,3,10,-9990,0,0,10,E,8,9,E,8,15.0,E,8,9.9,E,8,71,E,8,986,E,8,56,E,8,1.3,E,8,-9990,0,0,-9990,0,0,1.852,E,8,0.089,E,8,0.20,E,8,0,-9990,0,0
09/13/2005,18:00,348,1349,85,3,10,0,3,20,85,3,10,9764,3,10,0,3,20,9764,3,10,-9990,0,0,10,E,8,9,E,8,14.4,E,8,10.2,E,8,76,E,8,986,E,8,125,E,8,0.9,E,8,-9990,0,0,-9990,0,0,1.896,E,8,0.089,E,8,0.20,E,8,0,-9990,0,0
09/13/2005,19:00,116,669,13,3,10,0,3,20,13,3,10,1589,3,10,1,3,20,1589,3,10,-9990,0,0,10,E,8,9,E,8,13.6,E,8,9.6,E,8,77,E,8,986,E,8,157,E,8,1.5,E,8,-9990,0,0,-9990,0,0,1.814,E,8,0.089,E,8,0.20,E,8,0,-9990,0,0
09/13/2005,20:00,0,0,0,3,0,0,3,0,0,3,0,0,3,0,0,3,0,0,3,0,-9990,0,0,10,E,8,9,E,8,13.3,E,8,11.2,E,8,87,E,8,986,E,8,217,E,8,1.6,E,8,-9990,0,0,-9990,0,0,2.025,E,8,0.089,E,8,0.20,E,8,0,-9990,0,0
09/13/2005,21:00,0,0,0,3,0,0,3,0,0,3,0,0,3,0,0,3,0,0,3,0,-9990,0,0,10,E,8,9,E,8,13.2,E,8,11.7,E,8,91,E,8,987,E,8,254,E,8,3.0,E,8,-9990,0,0,-9990,0,0,2.108,E,8,0.089,E,8,0.20,E,8,0,-9990,0,0
09/13/2005,22:00,0,0,0,3,0,0,3,0,0,3,0,0,3,0,0,3,0,0,3,0,-9990,0,0,10,E,8,9,E,8,13.0,E,8,11.9,E,8,93,E,8,987,E,8,257,E,8,2.7,E,8,-9990,0,0,-9990,0,0,2.136,E,8,0.089,E,8,0.20,E,8,0,-9990,0,0
09/13/2005,23:00,0,0,0,3,0,0,3,0,0,3,0,0,3,0,0,3,0,0,3,0,-9990,0,0,10,E,8,9,E,8,12.8,E,8,12.3,E,8,97,E,8,987,E,8,149,E,8,1.8,E,8,-9990,0,0,-9990,0,0,2.200,E,8,0.089,E,8,0.20,E,8,0,-9990,0,0
09/13/2005,24:00,0,0,0,3,0,0,3,0,0,3,0,0,3,0,0,3,0,0,3,0,-9990,0,0,10,E,8,9,E,8,12.3,E,8,12.1,E,8,98,E,8,987,E,8,77,E,8,2.7,E,8,-9990,0,0,-9990,0,0,2.161,E,8,0.089,E,8,0.20,E,8,1,-9990,0,0
09/14/2005,01:00,0,0,0,3,0,0,3,0,0,3,0,0,3,0,0,3,0,0,3,0,-9990,0,0,9,E,8,8,E,8,12.6,E,8,11.9,E,8,96,E,8,987,E,8,3,E,8,1.6,E,8,-9990,0,0,-9990,0,0,2.134,E,8,0.090,E,8,0.20,E,8,0,-9990,0,0
09/14/2005,02:00,0,0,0,3,0,0,3,0,0,3,0,0,3,0,0,3,0,0,3,0,-9990,0,0,9,E,8,8,E,8,12.7,E,8,12.3,E,8,98,E,8,987,E,8,84,E,8,1.3,E,8,-9990,0,0,-9990,0,0,2.200,E,8,0.090,E,8,0.20,E,8,0,-9990,0,0
09/14/2005,03:00,0,0,0,3,0,0,3,0,0,3,0,0,3,0,0,3,0,0,3,0,-9990,0,0,9,E,8,8,E,8,12.8,E,8,12.5,E,8,98,E,8,987,E,8,243,E,8,0.6,E,8,-9990,0,0,-9990,0,0,2.219,E,8,0.090,E,8,0.20,E,8,0,-9990,0,0
09/14/2005,04:00,0,0,0,3,0,0,3,0,0,3,0,0,3,0,0,3,0,0,3,0,-9990,0,0,9,E,8,8,E,8,12.8,E,8,12.3,E,8,96,E,8,987,E,8,215,E,8,0.6,E,8,-9990,0,0,-9990,0,0,2.188,E,8,0.090,E,8,0.20,E,8,0,-9990,0,0
09/14/2005,05:00,0,0,0,3,0,0,3,0,0,3,0,0,3,0,0,3,0,0,3,0,-9990,0,0,9,E,8,8,E,8,12.9,E,8,12.7,E,8,98,E,8,987,E,8,254,E,8,2.0,E,8,-9990,0,0,-9990,0,0,2.255,E,8,0.090,E,8,0.20,E,8,0,-9990,0,0
09/14/2005,06:00,0,0,0,3,0,0,3,0,0,3,0,0,3,0,0,3,0,0,3,0,-9990,0,0,9,E,8,8,E,8,13.0,E,8,12.8,E,8,98,E,8,987,E,8,341,E,8,1.8,E,8,-9990,0,0,-9990,0,0,2.269,E,8,0.090,E,8,0.20,E,8,0,-9990,0,0
09/14/2005,07:00,40,393,6,3,10,0,3,20,6,3,10,747,3,10,12,3,20,745,3,10,-9990,0,0,9,E,8,8,E,8,13.3,E,8,13.1,E,8,98,E,8,987,E,8,311,E,8,1.1,E,8,-9990,0,0,-9990,0,0,2.317,E,8,0.090,E,8,0.20,E,8,0,-9990,0,0
09/14/2005,08:00,255,1350,104,3,10,139,3,20,78,3,10,11263,3,10,4737,3,20,10369,3,10,-9990,0,0,9,E,8,8,E,8,15.2,E,8,14.0,E,8,92,E,8,988,E,8,316,E,8,1.8,E,8,-9990,0,0,-9990,0,0,2.474,E,8,0.090,E,8,0.20,E,8,0,-9990,0,0
09/14/2005,09:00,477,1350,28,3,10,0,3,20,28,3,10,3614,3,10,0,3,20,3614,3,10,-9990,0,0,10,E,8,9,E,8,15.0,E,8,14.3,E,8,96,E,8,988,E,8,318,E,8,2.0,E,8,-9990,0,0,-9990,0,0,2.525,E,8,0.090,E,8,0.20,E,8,0,-9990,0,0
09/14/2005,10:00,671,1350,148,3,10,0,3,20,148,3,10,17313,3,10,0,3,20,17313,3,10,-9990,0,0,10,E,8,9,E,8,16.0,E,8,14.2,E,8,89,E,8,988,E,8,303,E,8,0.6,E,8,-9990,0,0,-9990,0,0,2.513,E,8,0.090,E,8,0.20,E,8,0,-9990,0,0
09/14/2005,11:00,824,1350,54,3,10,0,3,20,54,3,10,7029,3,10,0,3,20,7029,3,10,-9990,0,0,10,E,8,9,E,8,16.0,E,8,13.9,E,8,88,E,8,988,E,8,321,E,8,2.2,E,8,-9990,0,0,-9990,0,0,2.462,E,8,0.090,E,8,0.20,E,8,0,-9990,0,0
09/14/2005,12:00,925,1350,191,3,10,9,3,20,184,3,10,22827,3,10,941,3,20,22182,3,10,-9990,0,0,10,E,8,9,E,8,16.9,E,8,14.6,E,8,86,E,8,988,E,8,317,E,8,2.0,E,8,-9990,0,0,-9990,0,0,2.575,E,8,0.090,E,8,0.20,E,8,0,-9990,0,0
09/14/2005,13:00,968,1350,488,3,10,221,3,20,330,3,10,53996,3,10,18642,3,20,40634,3,10,-9990,0,0,9,E,8,8,E,8,19.1,E,8,15.3,E,8,79,E,8,988,E,8,301,E,8,4.3,E,8,-9990,0,0,-9990,0,0,2.710,E,8,0.090,E,8,0.20,E,8,0,-9990,0,0
09/14/2005,14:00,948,1350,530,3,10,301,3,20,319,3,10,58608,3,10,27729,3,20,39129,3,10,-9990,0,0,8,E,8,6,E,8,20.9,E,8,14.5,E,8,66,E,8,988,E,8,285,E,8,10.1,E,8,-9990,0,0,-9990,0,0,2.552,E,8,0.090,E,8,0.20,E,8,0,-9990,0,0
09/14/2005,15:00,869,1350,325,3,10,88,3,20,268,3,10,36456,3,10,8553,3,20,30953,3,10,-9990,0,0,10,E,8,9,E,8,21.6,E,8,13.9,E,8,62,E,8,989,E,8,316,E,8,9.4,E,8,-9990,0,0,-9990,0,0,2.454,E,8,0.090,E,8,0.20,E,8,0,-9990,0,0
09/14/2005,16:00,734,1350,544,3,10,700,3,20,163,3,10,58801,3,10,65621,3,20,23107,3,10,-9990,0,0,3,E,8,2,E,8,22.9,E,8,14.1,E,8,58,E,8,989,E,8,240,E,8,4.7,E,8,-9990,0,0,-9990,0,0,2.493,E,8,0.090,E,8,0.20,E,8,0,-9990,0,0
09/14/2005,17:00,554,1350,453,3,10,735,3,20,151,3,10,48093,3,10,64987,3,20,21415,3,10,-9990,0,0,4,E,8,3,E,8,23.7,E,8,14.3,E,8,56,E,8,989,E,8,208,E,8,5.9,E,8,-9990,0,0,-9990,0,0,2.527,E,8,0.090,E,8,0.20,E,8,0,-9990,0,0
09/14/2005,18:00,341,1350,179,3,10,288,3,20,106,3,10,19528,3,10,21871,3,20,14010,3,10,-9990,0,0,8,E,8,6,E,8,23.4,E,8,13.8,E,8,55,E,8,989,E,8,205,E,8,3.9,E,8,-9990,0,0,-9990,0,0,2.429,E,8,0.090,E,8,0.20,E,8,0,-9990,0,0
09/14/2005,19:00,108,646,18,3,10,0,3,20,18,3,10,2166,3,10,0,3,20,2166,3,10,-9990,0,0,8,E,8,6,E,8,22.3,E,8,13.2,E,8,56,E,8,990,E,8,226,E,8,3.0,E,8,-9990,0,0,-9990,0,0,2.343,E,8,0.090,E,8,0.20,E,8,0,-9990,0,0
09/14/2005,20:00,0,0,0,3,0,0,3,0,0,3,0,0,3,0,0,3,0,0,3,0,-9990,0,0,8,E,8,6,E,8,21.1,E,8,13.3,E,8,61,E,8,990,E,8,223,E,8,2.0,E,8,-9990,0,0,-9990,0,0,2.361,E,8,0.090,E,8,0.20,E,8,0,-9990,0,0
09/14/2005,21:00,0,0,0,3,0,0,3,0,0,3,0,0,3,0,0,3,0,0,3,0,-9990,0,0,8,E,8,6,E,8,20.0,E,8,13.3,E,8,65,E,8,990,E,8,268,E,8,2.2,E,8,-9990,0,0,-9990,0,0,2.346,E,8,0.090,E,8,0.20,E,8,0,-9990,0,0
09/14/2005,22:00,0,0,0,3,0,0,3,0,0,3,0,0,3,0,0,3,0,0,3,0,-9990,0,0,6,E,8,5,E,8,18.8,E,8,12.6,E,8,67,E,8,991,E,8,226,E,8,6.5,E,8,-9990,0,0,-9990,0,0,2.246,E,8,0.090,E,8,0.20,E,8,0,-9990,0,0
09/14/2005,23:00,0,0,0,3,0,0,3,0,0,3,0,0,3,0,0,3,0,0,3,0,-9990,0,0,6,E,8,5,E,8,17.7,E,8,11.5,E,8,67,E,8,991,E,8,261,E,8,3.5,E,8,-9990,0,0,-9990,0,0,2.075,E,8,0.090,E,8,0.20,E,8,0,-9990,0,0
09/14/2005,24:00,0,0,0,3,0,0,3,0,0,3,0,0,3,0,0,3,0,0,3,0,-9990,0,0,6,E,8,5,E,8,16.5,E,8,10.5,E,8,68,E,8,991,E,8,85,E,8,4.7,E,8,-9990,0,0,-9990,0,0,1.936,E,8,0.090,E,8,0.20,E,8,0,-9990,0,0
09/15/2005,01:00,0,0,0,3,0,0,3,0,0,3,0,0,3,0,0,3,0,0,3,0,-9990,0,0,6,E,8,5,E,8,14.9,E,8,10.6,E,8,76,E,8,991,E,8,91,E,8,6.5,E,8,-9990,0,0,-9990,0,0,1.954,E,8,0.090,E,8,0.20,E,8,0,-9990,0,0
09/15/2005,02:00,0,0,0,3,0,0,3,0,0,3,0,0,3,0,0,3,0,0,3,0,-9990,0,0,6,E,8,6,E,8,13.2,E,8,10.5,E,8,84,E,8,992,E,8,54,E,8,1.6,E,8,-9990,0,0,-9990,0,0,1.938,E,8,0.090,E,8,0.20,E,8,0,-9990,0,0
09/15/2005,03:00,0,0,0,3,0,0,3,0,0,3,0,0,3,0,0,3,0,0,3,0,-9990,0,0,6,E,8,6,E,8,11.5,E,8,10.1,E,8,91,E,8,992,E,8,29,E,8,2.0,E,8,-9990,0,0,-9990,0,0,1.879,E,8,0.090,E,8,0.20,E,8,0,-9990,0,0
09/15/2005,04:00,0,0,0,3,0,0,3,0,0,3,0,0,3,0,0,3,0,0,3,0,-9990,0,0,6,E,8,6,E,8,10.6,E,8,10.3,E,8,98,E,8,992,E,8,358,E,8,2.0,E,8,-9990,0,0,-9990,0,0,1.905,E,8,0.090,E,8,0.20,E,8,0,-9990,0,0
09/15/2005,05:00,0,0,0,3,0,0,3,0,0,3,0,0,3,0,0,3,0,0,3,0,-9990,0,0,6,E,8,6,E,8,9.6,E,8,9.6,E,8,100,E,8,993,E,8,52,E,8,2.7,E,8,-9990,0,0,-9990,0,0,1.822,E,8,0.090,E,8,0.20,E,8,0,-9990,0,0
09/15/2005,06:00,0,0,0,3,0,0,3,0,0,3,0,0,3,0,0,3,0,0,3,0,-9990,0,0,6,E,8,6,E,8,9.0,E,8,9.0,E,8,100,E,8,993,E,8,15,E,8,1.6,E,8,-9990,0,0,-9990,0,0,1.741,E,8,0.090,E,8,0.20,E,8,0,-9990,0,0
09/15/2005,07:00,37,379,5,3,10,0,3,20,5,3,10,698,3,10,13,3,20,697,3,10,-9990,0,0,6,E,8,6,E,8,9.0,E,8,9.0,E,8,100,E,8,993,E,8,229,E,8,2.7,E,8,-9990,0,0,-9990,0,0,1.746,E,8,0.090,E,8,0.20,E,8,0,-9990,0,0
09/15/2005,08:00,250,1351,148,3,10,350,3,20,83,3,10,15643,3,10,19042,3,20,12124,3,10,-9990,0,0,6,E,8,6,E,8,11.1,E,8,10.3,E,8,95,E,8,993,E,8,210,E,8,1.5,E,8,-9990,0,0,-9990,0,0,1.912,E,8,0.090,E,8,0.20,E,8,0,-9990,0,0
09/15/2005,09:00,472,1351,327,3,10,804,3,20,46,3,10,35725,3,10,81911,3,20,7092,3,10,-9990,0,0,0,E,8,0,E,8,13.5,E,8,10.4,E,8,82,E,8,994,E,8,147,E,8,3.9,E,8,-9990,0,0,-9990,0,0,1.921,E,8,0.090,E,8,0.20,E,8,0,-9990,0,0
09/15/2005,10:00,666,1351,495,3,10,900,3,20,51,3,10,53998,3,10,94111,3,20,7567,3,10,-9990,0,0,0,E,8,0,E,8,15.9,E,8,9.7,E,8,67,E,8,994,E,8,164,E,8,3.5,E,8,-9990,0,0,-9990,0,0,1.834,E,8,0.090,E,8,0.20,E,8,0,-9990,0,0
09/15/2005,11:00,819,1351,632,3,10,941,3,20,61,3,10,68695,3,10,98755,3,20,8808,3,10,-9990,0,0,0,E,8,0,E,8,18.1,E,8,10.2,E,8,60,E,8,994,E,8,210,E,8,3.2,E,8,-9990,0,0,-9990,0,0,1.890,E,8,0.090,E,8,0.20,E,8,0,-9990,0,0
09/15/2005,12:00,920,1351,725,3,10,962,3,20,70,3,10,78489,3,10,100718,3,20,9896,3,10,-9990,0,0,0,E,8,0,E,8,20.1,E,8,9.8,E,8,51,E,8,995,E,8,199,E,8,2.2,E,8,-9990,0,0,-9990,0,0,1.838,E,8,0.090,E,8,0.20,E,8,0,-9990,0,0
09/15/2005,13:00,962,1351,769,3,10,974,3,20,75,3,10,83173,3,10,102099,3,20,10467,3,10,-9990,0,0,0,E,8,0,E,8,21.6,E,8,10.6,E,8,50,E,8,995,E,8,271,E,8,1.1,E,8,-9990,0,0,-9990,0,0,1.955,E,8,0.090,E,8,0.20,E,8,0,-9990,0,0
09/15/2005,14:00,942,1351,753,3,10,973,3,20,74,3,10,81471,3,10,101955,3,20,10353,3,10,-9990,0,0,0,E,8,0,E,8,22.7,E,8,10.5,E,8,46,E,8,995,E,8,232,E,8,1.5,E,8,-9990,0,0,-9990,0,0,1.936,E,8,0.090,E,8,0.20,E,8,0,-9990,0,0
09/15/2005,15:00,862,1351,680,3,10,960,3,20,67,3,10,73672,3,10,100411,3,20,9578,3,10,-9990,0,0,0,E,8,0,E,8,23.2,E,8,9.6,E,8,42,E,8,995,E,8,262,E,8,0.4,E,8,-9990,0,0,-9990,0,0,1.818,E,8,0.090,E,8,0.20,E,8,0,-9990,0,0
09/15/2005,16:00,727,1351,561,3,10,932,3,20,59,3,10,61010,3,10,97331,3,20,8600,3,10,-9990,0,0,0,E,8,0,E,8,23.3,E,8,10.1,E,8,43,E,8,995,E,8,303,E,8,0.2,E,8,-9990,0,0,-9990,0,0,1.880,E,8,0.090,E,8,0.20,E,8,0,-9990,0,0
09/15/2005,17:00,547,1351,403,3,10,864,3,20,53,3,10,43940,3,10,88633,3,20,8062,3,10,-9990,0,0,0,E,8,0,E,8,22.6,E,8,10.2,E,8,45,E,8,995,E,8,318,E,8,1.1,E,8,-9990,0,0,-9990,0,0,1.889,E,8,0.090,E,8,0.20,E,8,0,-9990,0,0
09/15/2005,18:00,333,1351,221,3,10,446,3,20,112,3,10,23555,3,10,29840,3,20,16202,3,10,-9990,0,0,6,E,8,5,E,8,21.3,E,8,9.6,E,8,47,E,8,995,E,8,229,E,8,0.9,E,8,-9990,0,0,-9990,0,0,1.816,E,8,0.090,E,8,0.20,E,8,0,-9990,0,0
09/15/2005,19:00,100,623,28,3,10,0,3,20,28,3,10,3320,3,10,0,3,20,3320,3,10,-9990,0,0,6,E,8,5,E,8,19.4,E,8,9.3,E,8,52,E,8,995,E,8,312,E,8,0.7,E,8,-9990,0,0,-9990,0,0,1.777,E,8,0.090,E,8,0.20,E,8,0,-9990,0,0
09/15/2005,20:00,0,0,0,3,0,0,3,0,0,3,0,0,3,0,0,3,0,0,3,0,-9990,0,0,6,E,8,5,E,8,17.9,E,8,10.4,E,8,61,E,8,995,E,8,318,E,8,0.7,E,8,-9990,0,0,-9990,0,0,1.926,E,8,0.090,E,8,0.20,E,8,0,-9990,0,0
09/15/2005,21:00,0,0,0,3,0,0,3,0,0,3,0,0,3,0,0,3,0,0,3,0,-9990,0,0,6,E,8,5,E,8,16.5,E,8,10.2,E,8,66,E,8,995,E,8,310,E,8,1.3,E,8,-9990,0,0,-9990,0,0,1.895,E,8,0.090,E,8,0.20,E,8,0,-9990,0,0
09/15/2005,22:00,0,0,0,3,0,0,3,0,0,3,0,0,3,0,0,3,0,0,3,0,-9990,0,0,6,E,8,5,E,8,15.0,E,8,9.8,E,8,71,E,8,994,E,8,281,E,8,1.3,E,8,-9990,0,0,-9990,0,0,1.847,E,8,0.090,E,8,0.20,E,8,0,-9990,0,0
09/15/2005,23:00,0,0,0,3,0,0,3,0,0,3,0,0,3,0,0,3,0,0,3,0,-9990,0,0,6,E,8,5,E,8,13.5,E,8,10.0,E,8,79,E,8,994,E,8,295,E,8,0.4,E,8,-9990,0,0,-9990,0,0,1.864,E,8,0.090,E,8,0.20,E,8,0,-9990,0,0
09/15/2005,24:00,0,0,0,3,0,0,3,0,0,3,0,0,3,0,0,3,0,0,3,0,-9990,0,0,6,E,8,6,E,8,12.1,E,8,9.6,E,8,85,E,8,994,E,8,329,E,8,1.5,E,8,-9990,0,0,-9990,0,0,1.820,E,8,0.090,E,8,0.20,E,8,0,-9990,0,0
09/16/2005,01:00,0,0,0,3,0,0,3,0,0,3,0,0,3,0,0,3,0,0,3,0,-9990,0,0,6,E,8,6,E,8,11.2,E,8,9.0,E,8,86,E,8,994,E,8,280,E,8,1.1,E,8,-9990,0,0,-9990,0,0,1.736,E,8,0.091,E,8,0.20,E,8,0,-9990,0,0
09/16/2005,02:00,0,0,0,3,0,0,3,0,0,3,0,0,3,0,0,3,0,0,3,0,-9990,0,0,6,E,8,6,E,8,10.3,E,8,9.0,E,8,92,E,8,994,E,8,319,E,8,2.0,E,8,-9990,0,0,-9990,0,0,1.745,E,8,0.091,E,8,0.20,E,8,0,-9990,0,0
09/16/2005,03:00,0,0,0,3,0,0,3,0,0,3,0,0,3,0,0,3,0,0,3,0,-9990,0,0,6,E,8,6,E,8,9.3,E,8,8.6,E,8,95,E,8,994,E,8,294,E,8,1.1,E,8,-9990,0,0,-9990,0,0,1.699,E,8,0.091,E,8,0.20,E,8,0,-9990,0,0
09/16/2005,04:00,0,0,0,3,0,0,3,0,0,3,0,0,3,0,0,3,0,0,3,0,-9990,0,0,6,E,8,6,E,8,8.9,E,8,8.0,E,8,94,E,8,994,E,8,277,E,8,0.8,E,8,-9990,0,0,-9990,0,0,1.620,E,8,0.091,E,8,0.20,E,8,0,-9990,0,0
09/16/2005,05:00,0,0,0,3,0,0,3,0,0,3,0,0,3,0,0,3,0,0,3,0,-9990,0,0,6,E,8,6,E,8,8.4,E,8,8.0,E,8,97,E,8,994,E,8,291,E,8,5.3,E,8,-9990,0,0,-9990,0,0,1.622,E,8,0.091,E,8,0.20,E,8,0,-9990,0,0
09/16/2005,06:00,0,0,0,3,0,0,3,0,0,3,0,0,3,0,0,3,0,0,3,0,-9990,0,0,6,E,8,6,E,8,8.0,E,8,8.0,E,8,100,E,8,994,E,8,297,E,8,9.4,E,8,-9990,0,0,-9990,0,0,1.626,E,8,0.091,E,8,0.20,E,8,0,-9990,0,0
09/16/2005,07:00,34,364,4,3,10,0,3,20,4,3,10,564,3,10,13,3,20,563,3,10,-9990,0,0,6,E,8,6,E,8,8.1,E,8,8.1,E,8,100,E,8,994,E,8,297,E,8,5.9,E,8,-9990,0,0,-9990,0,0,1.636,E,8,0.091,E,8,0.20,E,8,0,-9990,0,0
09/16/2005,08:00,245,1352,131,3,10,289,3,20,79,3,10,13894,3,10,13488,3,20,11452,3,10,-9990,0,0,6,E,8,6,E,8,10.1,E,8,8.9,E,8,92,E,8,994,E,8,271,E,8,3.9,E,8,-9990,0,0,-9990,0,0,1.734,E,8,0.091,E,8,0.20,E,8,0,-9990,0,0
09/16/2005,09:00,467,1352,293,3,10,663,3,20,64,3,10,31689,3,10,63249,3,20,9824,3,10,-9990,0,0,0,E,8,0,E,8,12.5,E,8,10.2,E,8,86,E,8,994,E,8,327,E,8,2.4,E,8,-9990,0,0,-9990,0,0,1.895,E,8,0.091,E,8,0.20,E,8,0,-9990,0,0
09/16/2005,10:00,661,1352,448,3,10,758,3,20,77,3,10,49296,3,10,77500,3,20,11369,3,10,-9990,0,0,0,E,8,0,E,8,14.9,E,8,9.4,E,8,70,E,8,994,E,8,310,E,8,3.2,E,8,-9990,0,0,-9990,0,0,1.791,E,8,0.091,E,8,0.20,E,8,0,-9990,0,0
09/16/2005,11:00,814,1352,576,3,10,806,3,20,91,3,10,61830,3,10,81239,3,20,12903,3,10,-9990,0,0,0,E,8,0,E,8,17.2,E,8,9.2,E,8,59,E,8,994,E,8,248,E,8,4.7,E,8,-9990,0,0,-9990,0,0,1.765,E,8,0.091,E,8,0.20,E,8,0,-9990,0,0
09/16/2005,12:00,914,1352,669,3,10,847,3,20,96,3,10,71549,3,10,86081,3,20,13303,3,10,-9990,0,0,0,E,8,0,E,8,19.2,E,8,8.2,E,8,49,E,8,994,E,8,200,E,8,3.2,E,8,-9990,0,0,-9990,0,0,1.649,E,8,0.091,E,8,0.20,E,8,0,-9990,0,0
09/16/2005,13:00,956,1352,701,3,10,840,3,20,107,3,10,74587,3,10,84866,3,20,14549,3,10,-9990,0,0,0,E,8,0,E,8,20.7,E,8,7.4,E,8,42,E,8,994,E,8,198,E,8,3.2,E,8,-9990,0,0,-9990,0,0,1.553,E,8,0.091,E,8,0.20,E,8,0,-9990,0,0
09/16/2005,14:00,936,1352,685,3,10,841,3,20,103,3,10,72978,3,10,85117,3,20,14027,3,10,-9990,0,0,0,E,8,0,E,8,21.8,E,8,7.4,E,8,39,E,8,994,E,8,62,E,8,5.3,E,8,-9990,0,0,-9990,0,0,1.560,E,8,0.091,E,8,0.20,E,8,0,-9990,0,0
09/16/2005,15:00,856,1352,626,3,10,861,3,20,81,3,10,67212,3,10,88262,3,20,11337,3,10,-9990,0,0,0,E,8,0,E,8,22.4,E,8,8.0,E,8,40,E,8,994,E,8,73,E,8,7.1,E,8,-9990,0,0,-9990,0,0,1.626,E,8,0.091,E,8,0.20,E,8,0,-9990,0,0
09/16/2005,16:00,720,1352,515,3,10,848,3,20,63,3,10,55690,3,10,87268,3,20,9181,3,10,-9990,0,0,0,E,8,0,E,8,22.6,E,8,7.9,E,8,39,E,8,994,E,8,341,E,8,3.5,E,8,-9990,0,0,-9990,0,0,1.617,E,8,0.091,E,8,0.20,E,8,0,-9990,0,0
09/16/2005,17:00,539,1352,367,3,10,790,3,20,51,3,10,39838,3,10,80357,3,20,7771,3,10,-9990,0,0,0,E,8,0,E,8,22.0,E,8,8.2,E,8,41,E,8,994,E,8,29,E,8,0.8,E,8,-9990,0,0,-9990,0,0,1.643,E,8,0.091,E,8,0.20,E,8,0,-9990,0,0
09/16/2005,18:00,325,1352,196,3,10,409,3,20,97,3,10,21105,3,10,27802,3,20,14419,3,10,-9990,0,0,6,E,8,5,E,8,20.8,E,8,9.1,E,8,47,E,8,994,E,8,2,E,8,0.5,E,8,-9990,0,0,-9990,0,0,1.749,E,8,0.091,E,8,0.20,E,8,0,-9990,0,0
09/16/2005,19:00,93,600,23,3,10,0,3,20,23,3,10,2683,3,10,0,3,20,2683,3,10,-9990,0,0,6,E,8,5,E,8,19.0,E,8,9.2,E,8,53,E,8,994,E,8,68,E,8,1.1,E,8,-9990,0,0,-9990,0,0,1.772,E,8,0.091,E,8,0.20,E,8,0,-9990,0,0
09/16/2005,20:00,0,0,0,3,0,0,3,0,0,3,0,0,3,0,0,3,0,0,3,0,-9990,0,0,6,E,8,5,E,8,17.6,E,8,11.1,E,8,65,E,8,994,E,8,24,E,8,3.5,E,8,-9990,0,0,-9990,0,0,2.013,E,8,0.091,E,8,0.20,E,8,0,-9990,0,0
09/16/2005,21:00,0,0,0,3,0,0,3,0,0,3,0,0,3,0,0,3,0,0,3,0,-9990,0,0,6,E,8,5,E,8,16.3,E,8,10.6,E,8,69,E,8,994,E,8,49,E,8,3.5,E,8,-9990,0,0,-9990,0,0,1.943,E,8,0.091,E,8,0.20,E,8,0,-9990,0,0
09/16/2005,22:00,0,0,0,3,0,0,3,0,0,3,0,0,3,0,0,3,0,0,3,0,-9990,0,0,6,E,8,5,E,8,15.0,E,8,10.1,E,8,73,E,8,994,E,8,18,E,8,1.5,E,8,-9990,0,0,-9990,0,0,1.885,E,8,0.091,E,8,0.20,E,8,0,-9990,0,0
09/16/2005,23:00,0,0,0,3,0,0,3,0,0,3,0,0,3,0,0,3,0,0,3,0,-9990,0,0,6,E,8,5,E,8,13.6,E,8,9.5,E,8,76,E,8,994,E,8,21,E,8,2.7,E,8,-9990,0,0,-9990,0,0,1.799,E,8,0.091,E,8,0.20,E,8,0,-9990,0,0
09/16/2005,24:00,0,0,0,3,0,0,3,0,0,3,0,0,3,0,0,3,0,0,3,0,-9990,0,0,6,E,8,5,E,8,12.3,E,8,8.8,E,8,79,E,8,994,E,8,32,E,8,1.6,E,8,-9990,0,0,-9990,0,0,1.719,E,8,0.091,E,8,0.20,E,8,0,-9990,0,0
09/17/2005,01:00,0,0,0,3,0,0,3,0,0,3,0,0,3,0,0,3,0,0,3,0,-9990,0,0,6,E,8,6,E,8,11.2,E,8,8.3,E,8,82,E,8,994,E,8,157,E,8,2.7,E,8,-9990,0,0,-9990,0,0,1.654,E,8,0.091,E,8,0.20,E,8,0,-9990,0,0
09/17/2005,02:00,0,0,0,3,0,0,3,0,0,3,0,0,3,0,0,3,0,0,3,0,-9990,0,0,6,E,8,6,E,8,9.8,E,8,7.9,E,8,88,E,8,994,E,8,252,E,8,3.9,E,8,-9990,0,0,-9990,0,0,1.613,E,8,0.091,E,8,0.20,E,8,0,-9990,0,0
09/17/2005,03:00,0,0,0,3,0,0,3,0,0,3,0,0,3,0,0,3,0,0,3,0,-9990,0,0,6,E,8,6,E,8,8.5,E,8,7.3,E,8,93,E,8,994,E,8,252,E,8,1.6,E,8,-9990,0,0,-9990,0,0,1.549,E,8,0.091,E,8,0.20,E,8,0,-9990,0,0
09/17/2005,04:00,0,0,0,3,0,0,3,0,0,3,0,0,3,0,0,3,0,0,3,0,-9990,0,0,6,E,8,6,E,8,7.6,E,8,6.7,E,8,94,E,8,994,E,8,259,E,8,0.2,E,8,-9990,0,0,-9990,0,0,1.481,E,8,0.091,E,8,0.20,E,8,0,-9990,0,0
09/17/2005,05:00,0,0,0,3,0,0,3,0,0,3,0,0,3,0,0,3,0,0,3,0,-9990,0,0,6,E,8,6,E,8,6.8,E,8,5.8,E,8,93,E,8,994,E,8,312,E,8,0.6,E,8,-9990,0,0,-9990,0,0,1.396,E,8,0.091,E,8,0.20,E,8,0,-9990,0,0
09/17/2005,06:00,0,0,0,3,0,0,3,0,0,3,0,0,3,0,0,3,0,0,3,0,-9990,0,0,6,E,8,6,E,8,6.2,E,8,5.4,E,8,94,E,8,994,E,8,294,E,8,1.3,E,8,-9990,0,0,-9990,0,0,1.351,E,8,0.091,E,8,0.20,E,8,0,-9990,0,0
09/17/2005,07:00,32,349,4,3,10,0,3,20,4,3,10,537,3,10,14,3,20,535,3,10,-9990,0,0,6,E,8,6,E,8,6.0,E,8,5.9,E,8,99,E,8,994,E,8,233,E,8,1.5,E,8,-9990,0,0,-9990,0,0,1.406,E,8,0.091,E,8,0.20,E,8,0,-9990,0,0
09/17/2005,08:00,240,1352,136,3,10,320,3,20,80,3,10,14433,3,10,16576,3,20,11497,3,10,-9990,0,0,6,E,8,6,E,8,7.3,E,8,6.9,E,8,97,E,8,994,E,8,225,E,8,0.4,E,8,-9990,0,0,-9990,0,0,1.503,E,8,0.091,E,8,0.20,E,8,0,-9990,0,0
09/17/2005,09:00,462,1352,309,3,10,767,3,20,47,3,10,33588,3,10,77205,3,20,7200,3,10,-9990,0,0,0,E,8,0,E,8,8.9,E,8,8.1,E,8,94,E,8,994,E,8,225,E,8,0.7,E,8,-9990,0,0,-9990,0,0,1.635,E,8,0.091,E,8,0.20,E,8,0,-9990,0,0
09/17/2005,10:00,656,1352,478,3,10,881,3,20,50,3,10,52030,3,10,91669,3,20,7538,3,10,-9990,0,0,0,E,8,0,E,8,10.6,E,8,8.5,E,8,87,E,8,994,E,8,236,E,8,0.5,E,8,-9990,0,0,-9990,0,0,1.680,E,8,0.091,E,8,0.20,E,8,0,-9990,0,0
09/17/2005,11:00,809,1352,614,3,10,926,3,20,60,3,10,66485,3,10,96652,3,20,8681,3,10,-9990,0,0,0,E,8,0,E,8,12.2,E,8,8.0,E,8,76,E,8,994,E,8,220,E,8,1.6,E,8,-9990,0,0,-9990,0,0,1.626,E,8,0.091,E,8,0.20,E,8,0,-9990,0,0
09/17/2005,12:00,909,1352,704,3,10,945,3,20,69,3,10,75958,3,10,98567,3,20,9701,3,10,-9990,0,0,0,E,8,0,E,8,13.4,E,8,7.8,E,8,69,E,8,994,E,8,174,E,8,1.5,E,8,-9990,0,0,-9990,0,0,1.607,E,8,0.091,E,8,0.20,E,8,0,-9990,0,0
09/17/2005,13:00,950,1352,741,3,10,952,3,20,73,3,10,79930,3,10,99333,3,20,10125,3,10,-9990,0,0,0,E,8,0,E,8,14.4,E,8,8.5,E,8,67,E,8,994,E,8,182,E,8,0.7,E,8,-9990,0,0,-9990,0,0,1.682,E,8,0.091,E,8,0.20,E,8,0,-9990,0,0
09/17/2005,14:00,930,1352,728,3,10,957,3,20,70,3,10,78570,3,10,99946,3,20,9848,3,10,-9990,0,0,0,E,8,0,E,8,15.0,E,8,8.5,E,8,65,E,8,994,E,8,240,E,8,0.5,E,8,-9990,0,0,-9990,0,0,1.679,E,8,0.091,E,8,0.20,E,8,0,-9990,0,0
09/17/2005,15:00,849,1352,659,3,10,948,3,20,63,3,10,71238,3,10,99071,3,20,9044,3,10,-9990,0,0,0,E,8,0,E,8,15.3,E,8,8.0,E,8,62,E,8,994,E,8,219,E,8,1.3,E,8,-9990,0,0,-9990,0,0,1.624,E,8,0.091,E,8,0.20,E,8,0,-9990,0,0
09/17/2005,16:00,713,1352,539,3,10,920,3,20,54,3,10,58547,3,10,95893,3,20,7974,3,10,-9990,0,0,0,E,8,0,E,8,15.2,E,8,7.8,E,8,61,E,8,994,E,8,162,E,8,0.9,E,8,-9990,0,0,-9990,0,0,1.599,E,8,0.091,E,8,0.20,E,8,0,-9990,0,0
09/17/2005,17:00,532,1352,379,3,10,843,3,20,48,3,10,41327,3,10,86618,3,20,7263,3,10,-9990,0,0,0,E,8,0,E,8,14.5,E,8,8.2,E,8,66,E,8,994,E,8,236,E,8,0.2,E,8,-9990,0,0,-9990,0,0,1.650,E,8,0.091,E,8,0.20,E,8,0,-9990,0,0
09/17/2005,18:00,317,1352,204,3,10,424,3,20,105,3,10,21837,3,10,27959,3,20,15279,3,10,-9990,0,0,6,E,8,5,E,8,13.3,E,8,8.3,E,8,72,E,8,994,E,8,223,E,8,0.6,E,8,-9990,0,0,-9990,0,0,1.662,E,8,0.091,E,8,0.20,E,8,0,-9990,0,0
09/17/2005,19:00,86,577,22,3,10,0,3,20,22,3,10,2605,3,10,0,3,20,2605,3,10,-9990,0,0,5,E,8,4,E,8,11.7,E,8,7.3,E,8,74,E,8,994,E,8,247,E,8,0.2,E,8,-9990,0,0,-9990,0,0,1.542,E,8,0.091,E,8,0.20,E,8,0,-9990,0,0
09/17/2005,20:00,0,0,0,3,0,0,3,0,0,3,0,0,3,0,0,3,0,0,3,0,-9990,0,0,5,E,8,5,E,8,10.7,E,8,7.9,E,8,83,E,8,993,E,8,260,E,8,0.8,E,8,-9990,0,0,-9990,0,0,1.613,E,8,0.091,E,8,0.20,E,8,0,-9990,0,0
09/17/2005,21:00,0,0,0,3,0,0,3,0,0,3,0,0,3,0,0,3,0,0,3,0,-9990,0,0,5,E,8,5,E,8,9.8,E,8,7.7,E,8,87,E,8,993,E,8,79,E,8,2.0,E,8,-9990,0,0,-9990,0,0,1.586,E,8,0.091,E,8,0.20,E,8,0,-9990,0,0
09/17/2005,22:00,0,0,0,3,0,0,3,0,0,3,0,0,3,0,0,3,0,0,3,0,-9990,0,0,4,E,8,3,E,8,8.8,E,8,7.0,E,8,88,E,8,993,E,8,166,E,8,1.1,E,8,-9990,0,0,-9990,0,0,1.516,E,8,0.091,E,8,0.20,E,8,0,-9990,0,0
09/17/2005,23:00,0,0,0,3,0,0,3,0,0,3,0,0,3,0,0,3,0,0,3,0,-9990,0,0,4,E,8,3,E,8,7.9,E,8,6.6,E,8,91,E,8,993,E,8,81,E,8,1.1,E,8,-9990,0,0,-9990,0,0,1.470,E,8,0.091,E,8,0.20,E,8,0,-9990,0,0
09/17/2005,24:00,0,0,0,3,0,0,3,0,0,3,0,0,3,0,0,3,0,0,3,0,-9990,0,0,4,E,8,3,E,8,6.9,E,8,6.3,E,8,96,E,8,993,E,8,69,E,8,3.2,E,8,-9990,0,0,-9990,0,0,1.446,E,8,0.091,E,8,0.20,E,8,0,-9990,0,0
09/18/2005,01:00,0,0,0,3,0,0,3,0,0,3,0,0,3,0,0,3,0,0,3,0,-9990,0,0,4,E,8,3,E,8,7.3,E,8,6.3,E,8,94,E,8,993,E,8,66,E,8,2.7,E,8,-9990,0,0,-9990,0,0,1.441,E,8,0.102,E,8,0.20,E,8,0,-9990,0,0
09/18/2005,02:00,0,0,0,3,0,0,3,0,0,3,0,0,3,0,0,3,0,0,3,0,-9990,0,0,3,E,8,2,E,8,7.6,E,8,6.5,E,8,92,E,8,993,E,8,41,E,8,2.2,E,8,-9990,0,0,-9990,0,0,1.459,E,8,0.102,E,8,0.20,E,8,0,-9990,0,0
09/18/2005,03:00,0,0,0,3,0,0,3,0,0,3,0,0,3,0,0,3,0,0,3,0,-9990,0,0,3,E,8,2,E,8,8.0,E,8,6.7,E,8,92,E,8,993,E,8,29,E,8,0.2,E,8,-9990,0,0,-9990,0,0,1.483,E,8,0.102,E,8,0.20,E,8,0,-9990,0,0
09/18/2005,04:00,0,0,0,3,0,0,3,0,0,3,0,0,3,0,0,3,0,0,3,0,-9990,0,0,3,E,8,2,E,8,8.2,E,8,7.6,E,8,96,E,8,993,E,8,65,E,8,0.5,E,8,-9990,0,0,-9990,0,0,1.577,E,8,0.102,E,8,0.20,E,8,0,-9990,0,0
09/18/2005,05:00,0,0,0,3,0,0,3,0,0,3,0,0,3,0,0,3,0,0,3,0,-9990,0,0,1,E,8,1,E,8,8.4,E,8,7.6,E,8,95,E,8,993,E,8,153,E,8,0.6,E,8,-9990,0,0,-9990,0,0,1.581,E,8,0.102,E,8,0.20,E,8,0,-9990,0,0
09/18/2005,06:00,0,0,0,3,0,0,3,0,0,3,0,0,3,0,0,3,0,0,3,0,-9990,0,0,1,E,8,1,E,8,8.5,E,8,7.7,E,8,94,E,8,992,E,8,39,E,8,0.2,E,8,-9990,0,0,-9990,0,0,1.592,E,8,0.102,E,8,0.20,E,8,0,-9990,0,0
09/18/2005,07:00,29,334,4,3,10,0,3,20,4,3,10,544,3,10,14,3,20,543,3,10,-9990,0,0,1,E,8,1,E,8,8.7,E,8,7.8,E,8,94,E,8,992,E,8,46,E,8,0.2,E,8,-9990,0,0,-9990,0,0,1.600,E,8,0.102,E,8,0.20,E,8,0,-9990,0,0
09/18/2005,08:00,234,1353,114,3,10,356,3,20,52,3,10,12111,3,10,22246,3,20,8257,3,10,-9990,0,0,0,E,8,0,E,8,10.8,E,8,8.1,E,8,84,E,8,992,E,8,71,E,8,0.6,E,8,-9990,0,0,-9990,0,0,1.637,E,8,0.102,E,8,0.20,E,8,0,-9990,0,0
09/18/2005,09:00,457,1353,276,3,10,608,3,20,71,3,10,30124,3,10,56008,3,20,11201,3,10,-9990,0,0,0,E,8,0,E,8,13.4,E,8,9.3,E,8,76,E,8,992,E,8,70,E,8,0.2,E,8,-9990,0,0,-9990,0,0,1.782,E,8,0.102,E,8,0.20,E,8,0,-9990,0,0
09/18/2005,10:00,651,1353,425,3,10,684,3,20,96,3,10,45703,3,10,65978,3,20,13947,3,10,-9990,0,0,0,E,8,0,E,8,16.1,E,8,9.0,E,8,63,E,8,992,E,8,165,E,8,0.1,E,8,-9990,0,0,-9990,0,0,1.747,E,8,0.102,E,8,0.20,E,8,0,-9990,0,0
09/18/2005,11:00,803,1353,581,3,10,784,3,20,116,3,10,62771,3,10,78614,3,20,16089,3,10,-9990,0,0,0,E,8,0,E,8,18.8,E,8,8.8,E,8,52,E,8,992,E,8,51,E,8,0.7,E,8,-9990,0,0,-9990,0,0,1.715,E,8,0.102,E,8,0.20,E,8,0,-9990,0,0
09/18/2005,12:00,903,1353,590,3,10,561,3,20,216,3,10,63167,3,10,52277,3,20,28260,3,10,-9990,0,0,5,E,8,4,E,8,20.7,E,8,8.1,E,8,44,E,8,992,E,8,96,E,8,1.0,E,8,-9990,0,0,-9990,0,0,1.632,E,8,0.102,E,8,0.20,E,8,0,-9990,0,0
09/18/2005,13:00,944,1353,536,3,10,335,3,20,302,3,10,59324,3,10,33534,3,20,35918,3,10,-9990,0,0,8,E,8,6,E,8,21.8,E,8,9.0,E,8,44,E,8,992,E,8,22,E,8,0.8,E,8,-9990,0,0,-9990,0,0,1.748,E,8,0.102,E,8,0.20,E,8,0,-9990,0,0
09/18/2005,14:00,923,1353,561,3,10,453,3,20,251,3,10,61522,3,10,36518,3,20,36597,3,10,-9990,0,0,6,E,8,5,E,8,22.8,E,8,9.5,E,8,43,E,8,992,E,8,85,E,8,0.4,E,8,-9990,0,0,-9990,0,0,1.808,E,8,0.102,E,8,0.20,E,8,0,-9990,0,0
09/18/2005,15:00,842,1353,492,3,10,404,3,20,240,3,10,53582,3,10,30140,3,20,34822,3,10,-9990,0,0,6,E,8,5,E,8,23.2,E,8,9.4,E,8,41,E,8,992,E,8,285,E,8,1.5,E,8,-9990,0,0,-9990,0,0,1.787,E,8,0.102,E,8,0.20,E,8,0,-9990,0,0
09/18/2005,16:00,706,1353,396,3,10,400,3,20,187,3,10,43320,3,10,30249,3,20,27536,3,10,-9990,0,0,6,E,8,5,E,8,23.3,E,8,9.4,E,8,41,E,8,992,E,8,237,E,8,1.1,E,8,-9990,0,0,-9990,0,0,1.786,E,8,0.102,E,8,0.20,E,8,0,-9990,0,0
09/18/2005,17:00,524,1353,257,3,10,286,3,20,146,3,10,28357,3,10,25394,3,20,18518,3,10,-9990,0,0,8,E,8,6,E,8,22.5,E,8,9.3,E,8,43,E,8,991,E,8,263,E,8,0.0,E,8,-9990,0,0,-9990,0,0,1.781,E,8,0.102,E,8,0.20,E,8,0,-9990,0,0
09/18/2005,18:00,309,1353,115,3,10,125,3,20,86,3,10,13022,3,10,10320,3,20,10663,3,10,-9990,0,0,9,E,8,8,E,8,21.2,E,8,9.8,E,8,48,E,8,991,E,8,326,E,8,0.2,E,8,-9990,0,0,-9990,0,0,1.842,E,8,0.102,E,8,0.20,E,8,0,-9990,0,0
09/18/2005,19:00,79,554,3,3,10,0,3,20,3,3,10,466,3,10,8,3,20,465,3,10,-9990,0,0,9,E,8,8,E,8,19.6,E,8,9.9,E,8,53,E,8,991,E,8,260,E,8,0.3,E,8,-9990,0,0,-9990,0,0,1.852,E,8,0.102,E,8,0.20,E,8,0,-9990,0,0
09/18/2005,20:00,0,0,0,3,0,0,3,0,0,3,0,0,3,0,0,3,0,0,3,0,-9990,0,0,9,E,8,8,E,8,18.7,E,8,11.5,E,8,63,E,8,991,E,8,215,E,8,0.4,E,8,-9990,0,0,-9990,0,0,2.073,E,8,0.102,E,8,0.20,E,8,0,-9990,0,0
09/18/2005,21:00,0,0,0,3,0,0,3,0,0,3,0,0,3,0,0,3,0,0,3,0,-9990,0,0,9,E,8,8,E,8,17.8,E,8,12.2,E,8,69,E,8,991,E,8,247,E,8,2.2,E,8,-9990,0,0,-9990,0,0,2.172,E,8,0.102,E,8,0.20,E,8,0,-9990,0,0
09/18/2005,22:00,0,0,0,3,0,0,3,0,0,3,0,0,3,0,0,3,0,0,3,0,-9990,0,0,9,E,8,8,E,8,17.0,E,8,11.2,E,8,69,E,8,991,E,8,208,E,8,1.6,E,8,-9990,0,0,-9990,0,0,2.028,E,8,0.102,E,8,0.20,E,8,0,-9990,0,0
09/18/2005,23:00,0,0,0,3,0,0,3,0,0,3,0,0,3,0,0,3,0,0,3,0,-9990,0,0,9,E,8,8,E,8,16.1,E,8,9.9,E,8,67,E,8,991,E,8,234,E,8,2.7,E,8,-9990,0,0,-9990,0,0,1.854,E,8,0.102,E,8,0.20,E,8,0,-9990,0,0
09/18/2005,24:00,0,0,0,3,0,0,3,0,0,3,0,0,3,0,0,3,0,0,3,0,-9990,0,0,9,E,8,8,E,8,15.2,E,8,10.4,E,8,73,E,8,991,E,8,241,E,8,1.8,E,8,-9990,0,0,-9990,0,0,1.920,E,8,0.102,E,8,0.20,E,8,0,-9990,0,0
09/19/2005,01:00,0,0,0,3,0,0,3,0,0,3,0,0,3,0,0,3,0,0,3,0,-9990,0,0,9,E,8,8,E,8,14.1,E,8,9.6,E,8,74,E,8,991,E,8,271,E,8,1.1,E,8,-9990,0,0,-9990,0,0,1.811,E,8,0.087,E,8,0.20,E,8,0,-9990,0,0
09/19/2005,02:00,0,0,0,3,0,0,3,0,0,3,0,0,3,0,0,3,0,0,3,0,-9990,0,0,9,E,8,8,E,8,12.9,E,8,9.1,E,8,77,E,8,991,E,8,233,E,8,1.5,E,8,-9990,0,0,-9990,0,0,1.755,E,8,0.087,E,8,0.20,E,8,0,-9990,0,0
09/19/2005,03:00,0,0,0,3,0,0,3,0,0,3,0,0,3,0,0,3,0,0,3,0,-9990,0,0,10,E,8,9,E,8,11.8,E,8,7.8,E,8,76,E,8,991,E,8,245,E,8,2.4,E,8,-9990,0,0,-9990,0,0,1.600,E,8,0.087,E,8,0.20,E,8,0,-9990,0,0
09/19/2005,04:00,0,0,0,3,0,0,3,0,0,3,0,0,3,0,0,3,0,0,3,0,-9990,0,0,10,E,8,9,E,8,11.2,E,8,7.0,E,8,75,E,8,991,E,8,259,E,8,4.7,E,8,-9990,0,0,-9990,0,0,1.516,E,8,0.087,E,8,0.20,E,8,0,-9990,0,0
09/19/2005,05:00,0,0,0,3,0,0,3,0,0,3,0,0,3,0,0,3,0,0,3,0,-9990,0,0,10,E,8,9,E,8,10.6,E,8,6.9,E,8,78,E,8,990,E,8,229,E,8,1.8,E,8,-9990,0,0,-9990,0,0,1.502,E,8,0.087,E,8,0.20,E,8,0,-9990,0,0
09/19/2005,06:00,0,0,0,3,0,0,3,0,0,3,0,0,3,0,0,3,0,0,3,0,-9990,0,0,10,E,8,9,E,8,10.2,E,8,6.4,E,8,77,E,8,990,E,8,87,E,8,1.6,E,8,-9990,0,0,-9990,0,0,1.447,E,8,0.087,E,8,0.20,E,8,0,-9990,0,0
09/19/2005,07:00,26,319,1,3,10,0,3,20,1,3,10,162,3,10,8,3,20,161,3,10,-9990,0,0,10,E,8,9,E,8,10.2,E,8,6.3,E,8,77,E,8,990,E,8,194,E,8,2.2,E,8,-9990,0,0,-9990,0,0,1.439,E,8,0.087,E,8,0.20,E,8,0,-9990,0,0
09/19/2005,08:00,229,1354,72,3,10,59,3,20,62,3,10,8088,3,10,2894,3,20,7598,3,10,-9990,0,0,10,E,8,9,E,8,11.2,E,8,7.0,E,8,75,E,8,990,E,8,73,E,8,1.1,E,8,-9990,0,0,-9990,0,0,1.516,E,8,0.087,E,8,0.20,E,8,0,-9990,0,0
09/19/2005,09:00,452,1354,73,3,10,0,3,20,73,3,10,8678,3,10,0,3,20,8678,3,10,-9990,0,0,10,E,8,9,E,8,11.6,E,8,7.7,E,8,77,E,8,990,E,8,22,E,8,0.9,E,8,-9990,0,0,-9990,0,0,1.594,E,8,0.087,E,8,0.20,E,8,0,-9990,0,0
09/19/2005,10:00,646,1354,171,3,10,5,3,20,168,3,10,19800,3,10,453,3,20,19584,3,10,-9990,0,0,10,E,8,9,E,8,12.4,E,8,7.9,E,8,74,E,8,990,E,8,27,E,8,0.2,E,8,-9990,0,0,-9990,0,0,1.610,E,8,0.087,E,8,0.20,E,8,0,-9990,0,0
09/19/2005,11:00,798,1354,194,3,10,5,3,20,192,3,10,22913,3,10,352,3,20,22706,3,10,-9990,0,0,10,E,8,9,E,8,13.1,E,8,7.5,E,8,69,E,8,990,E,8,355,E,8,0.0,E,8,-9990,0,0,-9990,0,0,1.571,E,8,0.087,E,8,0.20,E,8,0,-9990,0,0
09/19/2005,12:00,898,1354,241,3,10,20,3,20,227,3,10,28443,3,10,2167,3,20,27006,3,10,-9990,0,0,10,E,8,9,E,8,13.8,E,8,8.6,E,8,71,E,8,990,E,8,15,E,8,0.2,E,8,-9990,0,0,-9990,0,0,1.698,E,8,0.087,E,8,0.20,E,8,0,-9990,0,0
09/19/2005,13:00,938,1354,580,3,10,423,3,20,287,3,10,62857,3,10,31823,3,20,40798,3,10,-9990,0,0,6,E,8,5,E,8,15.8,E,8,8.6,E,8,63,E,8,990,E,8,60,E,8,0.2,E,8,-9990,0,0,-9990,0,0,1.698,E,8,0.087,E,8,0.20,E,8,0,-9990,0,0
09/19/2005,14:00,917,1354,528,3,10,344,3,20,295,3,10,58513,3,10,34405,3,20,35205,3,10,-9990,0,0,8,E,8,6,E,8,17.0,E,8,9.1,E,8,59,E,8,990,E,8,32,E,8,0.8,E,8,-9990,0,0,-9990,0,0,1.751,E,8,0.087,E,8,0.20,E,8,0,-9990,0,0
09/19/2005,15:00,835,1354,737,3,10,811,3,20,236,3,10,78117,3,10,77226,3,20,30463,3,10,-9990,0,0,4,E,8,3,E,8,18.7,E,8,9.4,E,8,55,E,8,990,E,8,93,E,8,3.5,E,8,-9990,0,0,-9990,0,0,1.795,E,8,0.087,E,8,0.20,E,8,0,-9990,0,0
09/19/2005,16:00,699,1354,489,3,10,752,3,20,101,3,10,53058,3,10,75033,3,20,14328,3,10,-9990,0,0,0,E,8,0,E,8,19.3,E,8,9.1,E,8,52,E,8,990,E,8,140,E,8,2.2,E,8,-9990,0,0,-9990,0,0,1.749,E,8,0.087,E,8,0.20,E,8,0,-9990,0,0
09/19/2005,17:00,517,1354,324,3,10,619,3,20,87,3,10,35400,3,10,57329,3,20,13523,3,10,-9990,0,0,1,E,8,1,E,8,19.3,E,8,9.8,E,8,54,E,8,990,E,8,99,E,8,4.7,E,8,-9990,0,0,-9990,0,0,1.839,E,8,0.087,E,8,0.20,E,8,0,-9990,0,0
09/19/2005,18:00,301,1354,183,3,10,393,3,20,96,3,10,19794,3,10,24918,3,20,14248,3,10,-9990,0,0,6,E,8,5,E,8,18.7,E,8,9.7,E,8,56,E,8,990,E,8,74,E,8,3.2,E,8,-9990,0,0,-9990,0,0,1.832,E,8,0.087,E,8,0.20,E,8,0,-9990,0,0
09/19/2005,19:00,73,530,25,3,10,0,3,20,25,3,10,2983,3,10,0,3,20,2983,3,10,-9990,0,0,6,E,8,5,E,8,17.5,E,8,9.4,E,8,59,E,8,990,E,8,131,E,8,2.0,E,8,-9990,0,0,-9990,0,0,1.786,E,8,0.087,E,8,0.20,E,8,0,-9990,0,0
09/19/2005,20:00,0,0,0,3,0,0,3,0,0,3,0,0,3,0,0,3,0,0,3,0,-9990,0,0,6,E,8,5,E,8,16.5,E,8,10.7,E,8,68,E,8,990,E,8,173,E,8,3.0,E,8,-9990,0,0,-9990,0,0,1.961,E,8,0.087,E,8,0.20,E,8,0,-9990,0,0
09/19/2005,21:00,0,0,0,3,0,0,3,0,0,3,0,0,3,0,0,3,0,0,3,0,-9990,0,0,6,E,8,5,E,8,15.5,E,8,9.5,E,8,67,E,8,990,E,8,220,E,8,2.0,E,8,-9990,0,0,-9990,0,0,1.804,E,8,0.087,E,8,0.20,E,8,0,-9990,0,0
09/19/2005,22:00,0,0,0,3,0,0,3,0,0,3,0,0,3,0,0,3,0,0,3,0,-9990,0,0,6,E,8,5,E,8,14.5,E,8,9.7,E,8,73,E,8,990,E,8,224,E,8,0.3,E,8,-9990,0,0,-9990,0,0,1.832,E,8,0.087,E,8,0.20,E,8,0,-9990,0,0
09/19/2005,23:00,0,0,0,3,0,0,3,0,0,3,0,0,3,0,0,3,0,0,3,0,-9990,0,0,6,E,8,5,E,8,13.5,E,8,9.0,E,8,74,E,8,990,E,8,264,E,8,0.4,E,8,-9990,0,0,-9990,0,0,1.746,E,8,0.087,E,8,0.20,E,8,0,-9990,0,0
09/19/2005,24:00,0,0,0,3,0,0,3,0,0,3,0,0,3,0,0,3,0,0,3,0,-9990,0,0,6,E,8,5,E,8,12.5,E,8,8.9,E,8,79,E,8,990,E,8,220,E,8,0.6,E,8,-9990,0,0,-9990,0,0,1.733,E,8,0.087,E,8,0.20,E,8,0,-9990,0,0
09/20/2005,01:00,0,0,0,3,0,0,3,0,0,3,0,0,3,0,0,3,0,0,3,0,-9990,0,0,6,E,8,6,E,8,11.7,E,8,8.6,E,8,81,E,8,990,E,8,251,E,8,3.9,E,8,-9990,0,0,-9990,0,0,1.699,E,8,0.083,E,8,0.20,E,8,0,-9990,0,0
09/20/2005,02:00,0,0,0,3,0,0,3,0,0,3,0,0,3,0,0,3,0,0,3,0,-9990,0,0,6,E,8,6,E,8,10.9,E,8,8.4,E,8,85,E,8,990,E,8,227,E,8,2.4,E,8,-9990,0,0,-9990,0,0,1.675,E,8,0.083,E,8,0.20,E,8,0,-9990,0,0
09/20/2005,03:00,0,0,0,3,0,0,3,0,0,3,0,0,3,0,0,3,0,0,3,0,-9990,0,0,6,E,8,6,E,8,10.0,E,8,8.3,E,8,89,E,8,990,E,8,230,E,8,1.5,E,8,-9990,0,0,-9990,0,0,1.655,E,8,0.083,E,8,0.20,E,8,0,-9990,0,0
09/20/2005,04:00,0,0,0,3,0,0,3,0,0,3,0,0,3,0,0,3,0,0,3,0,-9990,0,0,6,E,8,6,E,8,9.6,E,8,7.4,E,8,87,E,8,990,E,8,235,E,8,0.9,E,8,-9990,0,0,-9990,0,0,1.562,E,8,0.083,E,8,0.20,E,8,0,-9990,0,0
09/20/2005,05:00,0,0,0,3,0,0,3,0,0,3,0,0,3,0,0,3,0,0,3,0,-9990,0,0,6,E,8,6,E,8,9.1,E,8,6.4,E,8,83,E,8,990,E,8,251,E,8,1.3,E,8,-9990,0,0,-9990,0,0,1.451,E,8,0.083,E,8,0.20,E,8,0,-9990,0,0
09/20/2005,06:00,0,0,0,3,0,0,3,0,0,3,0,0,3,0,0,3,0,0,3,0,-9990,0,0,6,E,8,6,E,8,8.8,E,8,6.8,E,8,88,E,8,990,E,8,247,E,8,1.8,E,8,-9990,0,0,-9990,0,0,1.497,E,8,0.083,E,8,0.20,E,8,0,-9990,0,0
09/20/2005,07:00,24,304,1,3,10,0,3,20,1,3,10,157,3,10,9,3,20,156,3,10,-9990,0,0,6,E,8,6,E,8,8.7,E,8,7.0,E,8,89,E,8,990,E,8,275,E,8,0.9,E,8,-9990,0,0,-9990,0,0,1.519,E,8,0.083,E,8,0.20,E,8,0,-9990,0,0
09/20/2005,08:00,224,1355,86,3,10,109,3,20,68,3,10,9638,3,10,8012,3,20,8312,3,10,-9990,0,0,8,E,8,7,E,8,10.0,E,8,7.3,E,8,83,E,8,990,E,8,184,E,8,0.7,E,8,-9990,0,0,-9990,0,0,1.549,E,8,0.083,E,8,0.20,E,8,0,-9990,0,0
09/20/2005,09:00,447,1355,211,3,10,280,3,20,118,3,10,23175,3,10,24452,3,20,15108,3,10,-9990,0,0,8,E,8,7,E,8,11.6,E,8,8.6,E,8,82,E,8,990,E,8,162,E,8,0.5,E,8,-9990,0,0,-9990,0,0,1.699,E,8,0.083,E,8,0.20,E,8,0,-9990,0,0
09/20/2005,10:00,641,1355,302,3,10,156,3,20,228,3,10,33392,3,10,14060,3,20,26740,3,10,-9990,0,0,9,E,8,8,E,8,13.1,E,8,7.8,E,8,70,E,8,990,E,8,160,E,8,1.1,E,8,-9990,0,0,-9990,0,0,1.606,E,8,0.083,E,8,0.20,E,8,0,-9990,0,0
09/20/2005,11:00,793,1355,360,3,10,150,3,20,272,3,10,40091,3,10,14106,3,20,31836,3,10,-9990,0,0,9,E,8,8,E,8,14.4,E,8,8.4,E,8,67,E,8,990,E,8,169,E,8,1.5,E,8,-9990,0,0,-9990,0,0,1.672,E,8,0.083,E,8,0.20,E,8,0,-9990,0,0
09/20/2005,12:00,892,1355,446,3,10,199,3,20,315,3,10,49730,3,10,19871,3,20,36643,3,10,-9990,0,0,9,E,8,8,E,8,15.6,E,8,8.9,E,8,64,E,8,990,E,8,220,E,8,0.1,E,8,-9990,0,0,-9990,0,0,1.728,E,8,0.083,E,8,0.20,E,8,0,-9990,0,0
09/20/2005,13:00,932,1355,503,3,10,292,3,20,302,3,10,55739,3,10,28704,3,20,35980,3,10,-9990,0,0,8,E,8,6,E,8,16.7,E,8,9.3,E,8,61,E,8,990,E,8,209,E,8,0.0,E,8,-9990,0,0,-9990,0,0,1.773,E,8,0.083,E,8,0.20,E,8,0,-9990,0,0
09/20/2005,14:00,911,1355,504,3,10,327,3,20,285,3,10,56010,3,10,32671,3,20,34044,3,10,-9990,0,0,8,E,8,6,E,8,17.6,E,8,8.8,E,8,56,E,8,990,E,8,194,E,8,0.1,E,8,-9990,0,0,-9990,0,0,1.719,E,8,0.083,E,8,0.20,E,8,0,-9990,0,0
09/20/2005,15:00,829,1355,441,3,10,302,3,20,256,3,10,48914,3,10,29149,3,20,31084,3,10,-9990,0,0,8,E,8,6,E,8,18.0,E,8,9.4,E,8,57,E,8,989,E,8,167,E,8,0.2,E,8,-9990,0,0,-9990,0,0,1.791,E,8,0.083,E,8,0.20,E,8,0,-9990,0,0
09/20/2005,16:00,691,1355,346,3,10,175,3,20,256,3,10,38379,3,10,16255,3,20,30080,3,10,-9990,0,0,9,E,8,8,E,8,18.0,E,8,9.0,E,8,55,E,8,989,E,8,177,E,8,0.3,E,8,-9990,0,0,-9990,0,0,1.738,E,8,0.083,E,8,0.20,E,8,0,-9990,0,0
09/20/2005,17:00,509,1355,234,3,10,155,3,20,176,3,10,26089,3,10,13637,3,20,20965,3,10,-9990,0,0,9,E,8,8,E,8,17.5,E,8,8.8,E,8,56,E,8,989,E,8,262,E,8,0.1,E,8,-9990,0,0,-9990,0,0,1.712,E,8,0.083,E,8,0.20,E,8,0,-9990,0,0
09/20/2005,18:00,293,1355,119,3,10,180,3,20,80,3,10,13166,3,10,12400,3,20,10481,3,10,-9990,0,0,8,E,8,6,E,8,16.6,E,8,8.4,E,8,58,E,8,989,E,8,244,E,8,0.2,E,8,-9990,0,0,-9990,0,0,1.668,E,8,0.083,E,8,0.20,E,8,0,-9990,0,0
09/20/2005,19:00,66,507,7,3,10,0,3,20,7,3,10,901,3,10,9,3,20,899,3,10,-9990,0,0,8,E,8,6,E,8,15.4,E,8,8.5,E,8,63,E,8,989,E,8,205,E,8,0.4,E,8,-9990,0,0,-9990,0,0,1.677,E,8,0.083,E,8,0.20,E,8,0,-9990,0,0
09/20/2005,20:00,0,0,0,3,0,0,3,0,0,3,0,0,3,0,0,3,0,0,3,0,-9990,0,0,9,E,8,8,E,8,14.8,E,8,8.9,E,8,67,E,8,989,E,8,46,E,8,0.9,E,8,-9990,0,0,-9990,0,0,1.724,E,8,0.083,E,8,0.20,E,8,0,-9990,0,0
09/20/2005,21:00,0,0,0,3,0,0,3,0,0,3,0,0,3,0,0,3,0,0,3,0,-9990,0,0,9,E,8,8,E,8,14.2,E,8,8.9,E,8,71,E,8,989,E,8,184,E,8,1.0,E,8,-9990,0,0,-9990,0,0,1.734,E,8,0.083,E,8,0.20,E,8,0,-9990,0,0
09/20/2005,22:00,0,0,0,3,0,0,3,0,0,3,0,0,3,0,0,3,0,0,3,0,-9990,0,0,9,E,8,8,E,8,13.6,E,8,9.9,E,8,78,E,8,989,E,8,205,E,8,0.5,E,8,-9990,0,0,-9990,0,0,1.856,E,8,0.083,E,8,0.20,E,8,0,-9990,0,0
09/20/2005,23:00,0,0,0,3,0,0,3,0,0,3,0,0,3,0,0,3,0,0,3,0,-9990,0,0,9,E,8,8,E,8,13.0,E,8,10.0,E,8,82,E,8,989,E,8,91,E,8,3.0,E,8,-9990,0,0,-9990,0,0,1.863,E,8,0.083,E,8,0.20,E,8,0,-9990,0,0
09/20/2005,24:00,0,0,0,3,0,0,3,0,0,3,0,0,3,0,0,3,0,0,3,0,-9990,0,0,9,E,8,8,E,8,12.4,E,8,9.2,E,8,81,E,8,989,E,8,40,E,8,3.9,E,8,-9990,0,0,-9990,0,0,1.769,E,8,0.083,E,8,0.20,E,8,0,-9990,0,0
09/21/2005,01:00,0,0,0,3,0,0,3,0,0,3,0,0,3,0,0,3,0,0,3,0,-9990,0,0,9,E,8,8,E,8,12.1,E,8,9.9,E,8,86,E,8,989,E,8,159,E,8,2.4,E,8,-9990,0,0,-9990,0,0,1.850,E,8,0.090,E,8,0.20,E,8,0,-9990,0,0
09/21/2005,02:00,0,0,0,3,0,0,3,0,0,3,0,0,3,0,0,3,0,0,3,0,-9990,0,0,9,E,8,8,E,8,11.8,E,8,9.2,E,8,84,E,8,989,E,8,50,E,8,0.6,E,8,-9990,0,0,-9990,0,0,1.771,E,8,0.090,E,8,0.20,E,8,0,-9990,0,0
09/21/2005,03:00,0,0,0,3,0,0,3,0,0,3,0,0,3,0,0,3,0,0,3,0,-9990,0,0,9,E,8,8,E,8,11.6,E,8,9.5,E,8,87,E,8,989,E,8,56,E,8,0.6,E,8,-9990,0,0,-9990,0,0,1.804,E,8,0.090,E,8,0.20,E,8,0,-9990,0,0
09/21/2005,04:00,0,0,0,3,0,0,3,0,0,3,0,0,3,0,0,3,0,0,3,0,-9990,0,0,9,E,8,8,E,8,11.4,E,8,9.7,E,8,89,E,8,989,E,8,282,E,8,0.4,E,8,-9990,0,0,-9990,0,0,1.832,E,8,0.090,E,8,0.20,E,8,0,-9990,0,0
09/21/2005,05:00,0,0,0,3,0,0,3,0,0,3,0,0,3,0,0,3,0,0,3,0,-9990,0,0,9,E,8,8,E,8,11.3,E,8,9.7,E,8,90,E,8,989,E,8,199,E,8,0.4,E,8,-9990,0,0,-9990,0,0,1.830,E,8,0.090,E,8,0.20,E,8,0,-9990,0,0
09/21/2005,06:00,0,0,0,3,0,0,3,0,0,3,0,0,3,0,0,3,0,0,3,0,-9990,0,0,9,E,8,8,E,8,11.2,E,8,9.2,E,8,88,E,8,989,E,8,65,E,8,0.2,E,8,-9990,0,0,-9990,0,0,1.772,E,8,0.090,E,8,0.20,E,8,0,-9990,0,0
09/21/2005,07:00,22,289,1,3,10,0,3,20,1,3,10,173,3,10,10,3,20,172,3,10,-9990,0,0,9,E,8,8,E,8,11.2,E,8,9.5,E,8,89,E,8,989,E,8,41,E,8,0.4,E,8,-9990,0,0,-9990,0,0,1.798,E,8,0.090,E,8,0.20,E,8,0,-9990,0,0
09/21/2005,08:00,219,1355,77,3,10,71,3,20,65,3,10,8650,3,10,3577,3,20,8072,3,10,-9990,0,0,10,E,8,9,E,8,12.5,E,8,9.5,E,8,82,E,8,989,E,8,62,E,8,1.0,E,8,-9990,0,0,-9990,0,0,1.799,E,8,0.090,E,8,0.20,E,8,0,-9990,0,0
09/21/2005,09:00,442,1355,173,3,10,93,3,20,142,3,10,19247,3,10,6480,3,20,17135,3,10,-9990,0,0,10,E,8,9,E,8,13.9,E,8,9.8,E,8,76,E,8,988,E,8,131,E,8,2.7,E,8,-9990,0,0,-9990,0,0,1.839,E,8,0.090,E,8,0.20,E,8,0,-9990,0,0
09/21/2005,10:00,636,1355,287,3,10,126,3,20,228,3,10,31794,3,10,10580,3,20,26833,3,10,-9990,0,0,9,E,8,8,E,8,15.5,E,8,9.3,E,8,66,E,8,988,E,8,149,E,8,3.2,E,8,-9990,0,0,-9990,0,0,1.776,E,8,0.090,E,8,0.20,E,8,0,-9990,0,0
09/21/2005,11:00,787,1355,378,3,10,168,3,20,281,3,10,42070,3,10,15886,3,20,32842,3,10,-9990,0,0,9,E,8,8,E,8,17.1,E,8,9.1,E,8,59,E,8,988,E,8,218,E,8,2.4,E,8,-9990,0,0,-9990,0,0,1.758,E,8,0.090,E,8,0.20,E,8,0,-9990,0,0
09/21/2005,12:00,886,1355,436,3,10,192,3,20,310,3,10,48628,3,10,18969,3,20,36222,3,10,-9990,0,0,9,E,8,8,E,8,18.4,E,8,9.3,E,8,55,E,8,988,E,8,220,E,8,2.4,E,8,-9990,0,0,-9990,0,0,1.775,E,8,0.090,E,8,0.20,E,8,0,-9990,0,0
09/21/2005,13:00,926,1355,430,3,10,148,3,20,329,3,10,48002,3,10,14097,3,20,38368,3,10,-9990,0,0,9,E,8,8,E,8,19.4,E,8,10.2,E,8,55,E,8,988,E,8,237,E,8,0.8,E,8,-9990,0,0,-9990,0,0,1.891,E,8,0.090,E,8,0.20,E,8,0,-9990,0,0
09/21/2005,14:00,904,1355,390,3,10,113,3,20,315,3,10,43688,3,10,10247,3,20,36852,3,10,-9990,0,0,10,E,8,9,E,8,19.9,E,8,10.1,E,8,53,E,8,988,E,8,247,E,8,0.4,E,8,-9990,0,0,-9990,0,0,1.877,E,8,0.090,E,8,0.20,E,8,0,-9990,0,0
09/21/2005,15:00,822,1355,343,3,10,106,3,20,279,3,10,38356,3,10,9268,3,20,32737,3,10,-9990,0,0,10,E,8,9,E,8,20.2,E,8,9.6,E,8,51,E,8,988,E,8,230,E,8,0.9,E,8,-9990,0,0,-9990,0,0,1.820,E,8,0.090,E,8,0.20,E,8,0,-9990,0,0
09/21/2005,16:00,684,1355,250,3,10,52,3,20,223,3,10,27932,3,10,4383,3,20,25719,3,10,-9990,0,0,10,E,8,9,E,8,20.0,E,8,10.4,E,8,54,E,8,988,E,8,156,E,8,2.2,E,8,-9990,0,0,-9990,0,0,1.923,E,8,0.090,E,8,0.20,E,8,0,-9990,0,0
09/21/2005,17:00,501,1355,152,3,10,16,3,20,146,3,10,17559,3,10,1706,3,20,16928,3,10,-9990,0,0,10,E,8,9,E,8,19.4,E,8,9.9,E,8,54,E,8,988,E,8,58,E,8,1.8,E,8,-9990,0,0,-9990,0,0,1.855,E,8,0.090,E,8,0.20,E,8,0,-9990,0,0
09/21/2005,18:00,285,1355,67,3,10,0,3,20,67,3,10,7844,3,10,0,3,20,7844,3,10,-9990,0,0,10,E,8,9,E,8,18.5,E,8,10.0,E,8,57,E,8,988,E,8,159,E,8,1.3,E,8,-9990,0,0,-9990,0,0,1.869,E,8,0.090,E,8,0.20,E,8,0,-9990,0,0
09/21/2005,19:00,60,484,3,3,10,0,3,20,3,3,10,409,3,10,9,3,20,408,3,10,-9990,0,0,10,E,8,9,E,8,17.5,E,8,10.1,E,8,62,E,8,988,E,8,204,E,8,2.7,E,8,-9990,0,0,-9990,0,0,1.881,E,8,0.090,E,8,0.20,E,8,0,-9990,0,0
09/21/2005,20:00,0,0,0,3,0,0,3,0,0,3,0,0,3,0,0,3,0,0,3,0,-9990,0,0,10,E,8,9,E,8,16.8,E,8,10.9,E,8,68,E,8,988,E,8,222,E,8,5.3,E,8,-9990,0,0,-9990,0,0,1.984,E,8,0.090,E,8,0.20,E,8,0,-9990,0,0
09/21/2005,21:00,0,0,0,3,0,0,3,0,0,3,0,0,3,0,0,3,0,0,3,0,-9990,0,0,10,E,8,9,E,8,16.0,E,8,10.0,E,8,67,E,8,988,E,8,71,E,8,1.3,E,8,-9990,0,0,-9990,0,0,1.865,E,8,0.090,E,8,0.20,E,8,0,-9990,0,0
09/21/2005,22:00,0,0,0,3,0,0,3,0,0,3,0,0,3,0,0,3,0,0,3,0,-9990,0,0,10,E,8,9,E,8,15.3,E,8,9.8,E,8,70,E,8,988,E,8,90,E,8,4.7,E,8,-9990,0,0,-9990,0,0,1.843,E,8,0.090,E,8,0.20,E,8,0,-9990,0,0
09/21/2005,23:00,0,0,0,3,0,0,3,0,0,3,0,0,3,0,0,3,0,0,3,0,-9990,0,0,10,E,8,9,E,8,14.5,E,8,10.2,E,8,75,E,8,987,E,8,156,E,8,2.4,E,8,-9990,0,0,-9990,0,0,1.892,E,8,0.090,E,8,0.20,E,8,0,-9990,0,0
09/21/2005,24:00,0,0,0,3,0,0,3,0,0,3,0,0,3,0,0,3,0,0,3,0,-9990,0,0,10,E,8,9,E,8,13.7,E,8,9.4,E,8,75,E,8,987,E,8,237,E,8,3.2,E,8,-9990,0,0,-9990,0,0,1.790,E,8,0.090,E,8,0.20,E,8,0,-9990,0,0
09/22/2005,01:00,0,0,0,3,0,0,3,0,0,3,0,0,3,0,0,3,0,0,3,0,-9990,0,0,10,E,8,9,E,8,13.0,E,8,9.4,E,8,79,E,8,987,E,8,255,E,8,2.4,E,8,-9990,0,0,-9990,0,0,1.791,E,8,0.091,E,8,0.20,E,8,0,-9990,0,0
09/22/2005,02:00,0,0,0,3,0,0,3,0,0,3,0,0,3,0,0,3,0,0,3,0,-9990,0,0,10,E,8,9,E,8,12.1,E,8,9.0,E,8,81,E,8,987,E,8,96,E,8,1.8,E,8,-9990,0,0,-9990,0,0,1.738,E,8,0.091,E,8,0.20,E,8,0,-9990,0,0
09/22/2005,03:00,0,0,0,3,0,0,3,0,0,3,0,0,3,0,0,3,0,0,3,0,-9990,0,0,10,E,8,9,E,8,11.3,E,8,9.1,E,8,86,E,8,987,E,8,99,E,8,5.9,E,8,-9990,0,0,-9990,0,0,1.758,E,8,0.091,E,8,0.20,E,8,0,-9990,0,0
09/22/2005,04:00,0,0,0,3,0,0,3,0,0,3,0,0,3,0,0,3,0,0,3,0,-9990,0,0,10,E,8,9,E,8,10.8,E,8,8.7,E,8,87,E,8,987,E,8,212,E,8,4.7,E,8,-9990,0,0,-9990,0,0,1.704,E,8,0.091,E,8,0.20,E,8,0,-9990,0,0
09/22/2005,05:00,0,0,0,3,0,0,3,0,0,3,0,0,3,0,0,3,0,0,3,0,-9990,0,0,10,E,8,9,E,8,10.4,E,8,9.1,E,8,92,E,8,987,E,8,245,E,8,1.6,E,8,-9990,0,0,-9990,0,0,1.758,E,8,0.091,E,8,0.20,E,8,0,-9990,0,0
09/22/2005,06:00,0,0,0,3,0,0,3,0,0,3,0,0,3,0,0,3,0,0,3,0,-9990,0,0,10,E,8,9,E,8,10.1,E,8,9.1,E,8,93,E,8,987,E,8,217,E,8,2.7,E,8,-9990,0,0,-9990,0,0,1.752,E,8,0.091,E,8,0.20,E,8,0,-9990,0,0
09/22/2005,07:00,19,274,1,3,10,0,3,20,1,3,10,128,3,10,8,3,20,127,3,10,-9990,0,0,10,E,8,9,E,8,10.1,E,8,9.4,E,8,95,E,8,987,E,8,222,E,8,0.9,E,8,-9990,0,0,-9990,0,0,1.792,E,8,0.091,E,8,0.20,E,8,0,-9990,0,0
09/22/2005,08:00,214,1356,56,3,10,3,3,20,55,3,10,6437,3,10,288,3,20,6392,3,10,-9990,0,0,10,E,8,9,E,8,10.8,E,8,9.6,E,8,92,E,8,987,E,8,219,E,8,2.2,E,8,-9990,0,0,-9990,0,0,1.818,E,8,0.091,E,8,0.20,E,8,0,-9990,0,0
09/22/2005,09:00,437,1356,147,3,10,47,3,20,131,3,10,16314,3,10,3702,3,20,15122,3,10,-9990,0,0,10,E,8,9,E,8,11.9,E,8,8.6,E,8,80,E,8,987,E,8,222,E,8,0.7,E,8,-9990,0,0,-9990,0,0,1.698,E,8,0.091,E,8,0.20,E,8,0,-9990,0,0
09/22/2005,10:00,630,1356,218,3,10,30,3,20,204,3,10,24280,3,10,1933,3,20,23382,3,10,-9990,0,0,10,E,8,9,E,8,13.0,E,8,9.2,E,8,78,E,8,987,E,8,259,E,8,0.2,E,8,-9990,0,0,-9990,0,0,1.770,E,8,0.091,E,8,0.20,E,8,0,-9990,0,0
09/22/2005,11:00,782,1356,255,3,10,23,3,20,241,3,10,29454,3,10,2426,3,20,28056,3,10,-9990,0,0,10,E,8,9,E,8,13.8,E,8,9.6,E,8,76,E,8,987,E,8,244,E,8,0.4,E,8,-9990,0,0,-9990,0,0,1.820,E,8,0.091,E,8,0.20,E,8,0,-9990,0,0
09/22/2005,12:00,881,1356,306,3,10,29,3,20,287,3,10,34181,3,10,1928,3,20,32929,3,10,-9990,0,0,10,E,8,9,E,8,14.5,E,8,9.3,E,8,71,E,8,986,E,8,285,E,8,0.6,E,8,-9990,0,0,-9990,0,0,1.782,E,8,0.091,E,8,0.20,E,8,0,-9990,0,0
09/22/2005,13:00,920,1356,340,3,10,36,3,20,315,3,10,37983,3,10,2769,3,20,36104,3,10,-9990,0,0,10,E,8,9,E,8,15.2,E,8,10.0,E,8,71,E,8,986,E,8,220,E,8,0.1,E,8,-9990,0,0,-9990,0,0,1.871,E,8,0.091,E,8,0.20,E,8,0,-9990,0,0
09/22/2005,14:00,898,1356,318,3,10,36,3,20,294,3,10,35589,3,10,2659,3,20,33829,3,10,-9990,0,0,10,E,8,9,E,8,15.6,E,8,10.0,E,8,69,E,8,987,E,8,275,E,8,0.2,E,8,-9990,0,0,-9990,0,0,1.871,E,8,0.091,E,8,0.20,E,8,0,-9990,0,0
09/22/2005,15:00,815,1356,293,3,10,35,3,20,271,3,10,32729,3,10,2582,3,20,31178,3,10,-9990,0,0,10,E,8,9,E,8,15.9,E,8,9.9,E,8,67,E,8,987,E,8,227,E,8,0.9,E,8,-9990,0,0,-9990,0,0,1.851,E,8,0.091,E,8,0.20,E,8,0,-9990,0,0
09/22/2005,16:00,677,1356,214,3,10,19,3,20,205,3,10,24808,3,10,1913,3,20,23853,3,10,-9990,0,0,10,E,8,9,E,8,15.8,E,8,9.3,E,8,65,E,8,987,E,8,239,E,8,1.8,E,8,-9990,0,0,-9990,0,0,1.775,E,8,0.091,E,8,0.20,E,8,0,-9990,0,0
09/22/2005,17:00,494,1356,147,3,10,18,3,20,140,3,10,17021,3,10,1902,3,20,16328,3,10,-9990,0,0,10,E,8,9,E,8,15.5,E,8,8.8,E,8,64,E,8,988,E,8,325,E,8,1.6,E,8,-9990,0,0,-9990,0,0,1.720,E,8,0.091,E,8,0.20,E,8,0,-9990,0,0
09/22/2005,18:00,277,1356,75,3,10,17,3,20,71,3,10,8356,3,10,118,3,20,8331,3,10,-9990,0,0,10,E,8,9,E,8,14.9,E,8,8.0,E,8,63,E,8,988,E,8,312,E,8,1.1,E,8,-9990,0,0,-9990,0,0,1.624,E,8,0.091,E,8,0.20,E,8,0,-9990,0,0
09/22/2005,19:00,55,460,4,3,10,0,3,20,4,3,10,539,3,10,10,3,20,537,3,10,-9990,0,0,9,E,8,8,E,8,14.1,E,8,8.1,E,8,67,E,8,988,E,8,303,E,8,6.5,E,8,-9990,0,0,-9990,0,0,1.634,E,8,0.091,E,8,0.20,E,8,0,-9990,0,0
09/22/2005,20:00,0,0,0,3,0,0,3,0,0,3,0,0,3,0,0,3,0,0,3,0,-9990,0,0,9,E,8,8,E,8,13.3,E,8,7.8,E,8,69,E,8,989,E,8,326,E,8,4.3,E,8,-9990,0,0,-9990,0,0,1.601,E,8,0.091,E,8,0.20,E,8,0,-9990,0,0
09/22/2005,21:00,0,0,0,3,0,0,3,0,0,3,0,0,3,0,0,3,0,0,3,0,-9990,0,0,8,E,8,6,E,8,12.5,E,8,7.3,E,8,71,E,8,989,E,8,240,E,8,2.0,E,8,-9990,0,0,-9990,0,0,1.549,E,8,0.091,E,8,0.20,E,8,0,-9990,0,0
09/22/2005,22:00,0,0,0,3,0,0,3,0,0,3,0,0,3,0,0,3,0,0,3,0,-9990,0,0,8,E,8,6,E,8,11.7,E,8,7.2,E,8,74,E,8,989,E,8,327,E,8,0.9,E,8,-9990,0,0,-9990,0,0,1.535,E,8,0.091,E,8,0.20,E,8,0,-9990,0,0
09/22/2005,23:00,0,0,0,3,0,0,3,0,0,3,0,0,3,0,0,3,0,0,3,0,-9990,0,0,6,E,8,5,E,8,10.8,E,8,7.2,E,8,78,E,8,990,E,8,233,E,8,1.8,E,8,-9990,0,0,-9990,0,0,1.539,E,8,0.091,E,8,0.20,E,8,0,-9990,0,0
09/22/2005,24:00,0,0,0,3,0,0,3,0,0,3,0,0,3,0,0,3,0,0,3,0,-9990,0,0,6,E,8,6,E,8,10.0,E,8,7.6,E,8,85,E,8,990,E,8,228,E,8,2.2,E,8,-9990,0,0,-9990,0,0,1.581,E,8,0.091,E,8,0.20,E,8,0,-9990,0,0
09/23/2005,01:00,0,0,0,3,0,0,3,0,0,3,0,0,3,0,0,3,0,0,3,0,-9990,0,0,5,E,8,5,E,8,9.4,E,8,7.9,E,8,90,E,8,990,E,8,221,E,8,2.2,E,8,-9990,0,0,-9990,0,0,1.616,E,8,0.089,E,8,0.20,E,8,0,-9990,0,0
09/23/2005,02:00,0,0,0,3,0,0,3,0,0,3,0,0,3,0,0,3,0,0,3,0,-9990,0,0,5,E,8,5,E,8,8.8,E,8,8.1,E,8,96,E,8,991,E,8,212,E,8,1.8,E,8,-9990,0,0,-9990,0,0,1.637,E,8,0.089,E,8,0.20,E,8,0,-9990,0,0
09/23/2005,03:00,0,0,0,3,0,0,3,0,0,3,0,0,3,0,0,3,0,0,3,0,-9990,0,0,4,E,8,3,E,8,8.1,E,8,7.4,E,8,95,E,8,991,E,8,277,E,8,1.5,E,8,-9990,0,0,-9990,0,0,1.552,E,8,0.089,E,8,0.20,E,8,0,-9990,0,0
09/23/2005,04:00,0,0,0,3,0,0,3,0,0,3,0,0,3,0,0,3,0,0,3,0,-9990,0,0,4,E,8,3,E,8,7.8,E,8,7.5,E,8,98,E,8,992,E,8,127,E,8,3.5,E,8,-9990,0,0,-9990,0,0,1.567,E,8,0.089,E,8,0.20,E,8,0,-9990,0,0
09/23/2005,05:00,0,0,0,3,0,0,3,0,0,3,0,0,3,0,0,3,0,0,3,0,-9990,0,0,3,E,8,2,E,8,7.4,E,8,7.4,E,8,100,E,8,992,E,8,60,E,8,1.1,E,8,-9990,0,0,-9990,0,0,1.556,E,8,0.089,E,8,0.20,E,8,0,-9990,0,0
09/23/2005,06:00,0,0,0,3,0,0,3,0,0,3,0,0,3,0,0,3,0,0,3,0,-9990,0,0,3,E,8,2,E,8,7.2,E,8,7.2,E,8,100,E,8,992,E,8,86,E,8,0.9,E,8,-9990,0,0,-9990,0,0,1.534,E,8,0.089,E,8,0.20,E,8,0,-9990,0,0
09/23/2005,07:00,17,259,2,3,10,0,3,20,2,3,10,240,3,10,13,3,20,239,3,10,-9990,0,0,1,E,8,1,E,8,7.2,E,8,7.2,E,8,100,E,8,993,E,8,82,E,8,0.8,E,8,-9990,0,0,-9990,0,0,1.534,E,8,0.089,E,8,0.20,E,8,0,-9990,0,0
09/23/2005,08:00,208,1357,117,3,10,515,3,20,37,3,10,12514,3,10,41654,3,20,6115,3,10,-9990,0,0,1,E,8,1,E,8,9.0,E,8,8.4,E,8,96,E,8,993,E,8,76,E,8,2.0,E,8,-9990,0,0,-9990,0,0,1.667,E,8,0.089,E,8,0.20,E,8,0,-9990,0,0
09/23/2005,09:00,431,1357,285,3,10,755,3,20,45,3,10,31133,3,10,75864,3,20,7020,3,10,-9990,0,0,0,E,8,0,E,8,11.5,E,8,9.3,E,8,86,E,8,993,E,8,62,E,8,5.3,E,8,-9990,0,0,-9990,0,0,1.773,E,8,0.089,E,8,0.20,E,8,0,-9990,0,0
09/23/2005,10:00,625,1357,449,3,10,868,3,20,49,3,10,48972,3,10,90341,3,20,7364,3,10,-9990,0,0,0,E,8,0,E,8,14.0,E,8,9.0,E,8,72,E,8,994,E,8,59,E,8,3.5,E,8,-9990,0,0,-9990,0,0,1.739,E,8,0.089,E,8,0.20,E,8,0,-9990,0,0
09/23/2005,11:00,776,1357,582,3,10,916,3,20,58,3,10,63286,3,10,95934,3,20,8406,3,10,-9990,0,0,0,E,8,0,E,8,16.4,E,8,9.4,E,8,63,E,8,994,E,8,343,E,8,3.0,E,8,-9990,0,0,-9990,0,0,1.794,E,8,0.089,E,8,0.20,E,8,0,-9990,0,0
09/23/2005,12:00,875,1357,672,3,10,941,3,20,66,3,10,73001,3,10,98840,3,20,9277,3,10,-9990,0,0,0,E,8,0,E,8,18.5,E,8,10.3,E,8,59,E,8,994,E,8,341,E,8,2.4,E,8,-9990,0,0,-9990,0,0,1.909,E,8,0.089,E,8,0.20,E,8,0,-9990,0,0
09/23/2005,13:00,914,1357,712,3,10,955,3,20,69,3,10,77335,3,10,100495,3,20,9643,3,10,-9990,0,0,0,E,8,0,E,8,20.1,E,8,11.1,E,8,56,E,8,995,E,8,356,E,8,1.3,E,8,-9990,0,0,-9990,0,0,2.018,E,8,0.089,E,8,0.20,E,8,0,-9990,0,0
09/23/2005,14:00,891,1357,693,3,10,954,3,20,67,3,10,75394,3,10,100533,3,20,9372,3,10,-9990,0,0,0,E,8,0,E,8,21.3,E,8,11.1,E,8,52,E,8,994,E,8,336,E,8,2.7,E,8,-9990,0,0,-9990,0,0,2.025,E,8,0.089,E,8,0.20,E,8,0,-9990,0,0
09/23/2005,15:00,808,1357,624,3,10,946,3,20,61,3,10,68054,3,10,99682,3,20,8718,3,10,-9990,0,0,0,E,8,0,E,8,21.9,E,8,11.1,E,8,50,E,8,994,E,8,335,E,8,3.2,E,8,-9990,0,0,-9990,0,0,2.012,E,8,0.089,E,8,0.20,E,8,0,-9990,0,0
09/23/2005,16:00,669,1357,504,3,10,913,3,20,53,3,10,55141,3,10,95897,3,20,7828,3,10,-9990,0,0,0,E,8,0,E,8,22.0,E,8,11.2,E,8,50,E,8,994,E,8,338,E,8,2.7,E,8,-9990,0,0,-9990,0,0,2.032,E,8,0.089,E,8,0.20,E,8,0,-9990,0,0
09/23/2005,17:00,486,1357,345,3,10,827,3,20,49,3,10,37870,3,10,85014,3,20,7433,3,10,-9990,0,0,0,E,8,0,E,8,21.3,E,8,12.1,E,8,55,E,8,994,E,8,340,E,8,3.0,E,8,-9990,0,0,-9990,0,0,2.158,E,8,0.089,E,8,0.20,E,8,0,-9990,0,0
09/23/2005,18:00,269,1357,170,3,10,386,3,20,93,3,10,18428,3,10,22049,3,20,14053,3,10,-9990,0,0,6,E,8,5,E,8,19.9,E,8,11.5,E,8,58,E,8,994,E,8,333,E,8,1.6,E,8,-9990,0,0,-9990,0,0,2.070,E,8,0.089,E,8,0.20,E,8,0,-9990,0,0
09/23/2005,19:00,49,437,10,3,10,0,3,20,10,3,10,1291,3,10,7,3,20,1291,3,10,-9990,0,0,6,E,8,5,E,8,18.1,E,8,11.2,E,8,64,E,8,993,E,8,349,E,8,0.3,E,8,-9990,0,0,-9990,0,0,2.026,E,8,0.089,E,8,0.20,E,8,0,-9990,0,0
09/23/2005,20:00,0,0,0,3,0,0,3,0,0,3,0,0,3,0,0,3,0,0,3,0,-9990,0,0,6,E,8,5,E,8,17.4,E,8,12.5,E,8,72,E,8,993,E,8,337,E,8,1.6,E,8,-9990,0,0,-9990,0,0,2.219,E,8,0.089,E,8,0.20,E,8,0,-9990,0,0
09/23/2005,21:00,0,0,0,3,0,0,3,0,0,3,0,0,3,0,0,3,0,0,3,0,-9990,0,0,6,E,8,5,E,8,16.8,E,8,11.9,E,8,73,E,8,993,E,8,62,E,8,3.5,E,8,-9990,0,0,-9990,0,0,2.137,E,8,0.089,E,8,0.20,E,8,0,-9990,0,0
09/23/2005,22:00,0,0,0,3,0,0,3,0,0,3,0,0,3,0,0,3,0,0,3,0,-9990,0,0,8,E,8,6,E,8,16.2,E,8,11.8,E,8,75,E,8,993,E,8,47,E,8,3.0,E,8,-9990,0,0,-9990,0,0,2.120,E,8,0.089,E,8,0.20,E,8,0,-9990,0,0
09/23/2005,23:00,0,0,0,3,0,0,3,0,0,3,0,0,3,0,0,3,0,0,3,0,-9990,0,0,8,E,8,6,E,8,15.5,E,8,11.9,E,8,79,E,8,993,E,8,29,E,8,2.4,E,8,-9990,0,0,-9990,0,0,2.138,E,8,0.089,E,8,0.20,E,8,0,-9990,0,0
09/23/2005,24:00,0,0,0,3,0,0,3,0,0,3,0,0,3,0,0,3,0,0,3,0,-9990,0,0,8,E,8,6,E,8,14.9,E,8,10.9,E,8,77,E,8,993,E,8,50,E,8,2.7,E,8,-9990,0,0,-9990,0,0,1.984,E,8,0.089,E,8,0.20,E,8,0,-9990,0,0
09/24/2005,01:00,0,0,0,3,0,0,3,0,0,3,0,0,3,0,0,3,0,0,3,0,-9990,0,0,8,E,8,6,E,8,14.5,E,8,10.3,E,8,76,E,8,992,E,8,133,E,8,4.7,E,8,-9990,0,0,-9990,0,0,1.904,E,8,0.090,E,8,0.20,E,8,0,-9990,0,0
09/24/2005,02:00,0,0,0,3,0,0,3,0,0,3,0,0,3,0,0,3,0,0,3,0,-9990,0,0,8,E,8,6,E,8,14.1,E,8,10.2,E,8,77,E,8,992,E,8,32,E,8,5.3,E,8,-9990,0,0,-9990,0,0,1.895,E,8,0.090,E,8,0.20,E,8,0,-9990,0,0
09/24/2005,03:00,0,0,0,3,0,0,3,0,0,3,0,0,3,0,0,3,0,0,3,0,-9990,0,0,8,E,8,7,E,8,13.7,E,8,10.8,E,8,83,E,8,992,E,8,29,E,8,3.0,E,8,-9990,0,0,-9990,0,0,1.969,E,8,0.090,E,8,0.20,E,8,0,-9990,0,0
09/24/2005,04:00,0,0,0,3,0,0,3,0,0,3,0,0,3,0,0,3,0,0,3,0,-9990,0,0,8,E,8,7,E,8,13.4,E,8,10.7,E,8,83,E,8,992,E,8,9,E,8,1.5,E,8,-9990,0,0,-9990,0,0,1.958,E,8,0.090,E,8,0.20,E,8,0,-9990,0,0
09/24/2005,05:00,0,0,0,3,0,0,3,0,0,3,0,0,3,0,0,3,0,0,3,0,-9990,0,0,8,E,8,7,E,8,13.2,E,8,11.3,E,8,88,E,8,992,E,8,12,E,8,4.3,E,8,-9990,0,0,-9990,0,0,2.044,E,8,0.090,E,8,0.20,E,8,0,-9990,0,0
09/24/2005,06:00,0,0,0,3,0,0,3,0,0,3,0,0,3,0,0,3,0,0,3,0,-9990,0,0,9,E,8,8,E,8,13.1,E,8,12.1,E,8,94,E,8,991,E,8,48,E,8,3.0,E,8,-9990,0,0,-9990,0,0,2.166,E,8,0.090,E,8,0.20,E,8,0,-9990,0,0
09/24/2005,07:00,15,244,1,3,10,0,3,20,1,3,10,161,3,10,11,3,20,161,3,10,-9990,0,0,9,E,8,8,E,8,13.1,E,8,12.4,E,8,95,E,8,991,E,8,32,E,8,3.0,E,8,-9990,0,0,-9990,0,0,2.206,E,8,0.090,E,8,0.20,E,8,0,-9990,0,0
09/24/2005,08:00,203,1358,80,3,10,209,3,20,49,3,10,8998,3,10,7428,3,20,7887,3,10,-9990,0,0,9,E,8,8,E,8,14.4,E,8,13.3,E,8,93,E,8,991,E,8,99,E,8,1.1,E,8,-9990,0,0,-9990,0,0,2.351,E,8,0.090,E,8,0.20,E,8,0,-9990,0,0
09/24/2005,09:00,426,1358,189,3,10,161,3,20,138,3,10,21125,3,10,13444,3,20,16907,3,10,-9990,0,0,9,E,8,8,E,8,15.9,E,8,13.9,E,8,88,E,8,991,E,8,95,E,8,2.2,E,8,-9990,0,0,-9990,0,0,2.461,E,8,0.090,E,8,0.20,E,8,0,-9990,0,0
09/24/2005,10:00,619,1358,307,3,10,181,3,20,224,3,10,34181,3,10,16092,3,20,26838,3,10,-9990,0,0,9,E,8,8,E,8,17.7,E,8,13.3,E,8,75,E,8,991,E,8,60,E,8,1.0,E,8,-9990,0,0,-9990,0,0,2.349,E,8,0.090,E,8,0.20,E,8,0,-9990,0,0
09/24/2005,11:00,771,1358,395,3,10,178,3,20,294,3,10,43931,3,10,16225,3,20,34722,3,10,-9990,0,0,9,E,8,8,E,8,19.3,E,8,12.9,E,8,66,E,8,991,E,8,92,E,8,0.5,E,8,-9990,0,0,-9990,0,0,2.286,E,8,0.090,E,8,0.20,E,8,0,-9990,0,0
09/24/2005,12:00,869,1358,450,3,10,208,3,20,317,3,10,50342,3,10,20073,3,20,37495,3,10,-9990,0,0,9,E,8,8,E,8,20.7,E,8,13.5,E,8,64,E,8,990,E,8,85,E,8,0.1,E,8,-9990,0,0,-9990,0,0,2.392,E,8,0.090,E,8,0.20,E,8,0,-9990,0,0
09/24/2005,13:00,908,1358,468,3,10,226,3,20,317,3,10,51830,3,10,19601,3,20,38725,3,10,-9990,0,0,9,E,8,8,E,8,21.7,E,8,13.8,E,8,61,E,8,990,E,8,63,E,8,1.5,E,8,-9990,0,0,-9990,0,0,2.435,E,8,0.090,E,8,0.20,E,8,0,-9990,0,0
09/24/2005,14:00,884,1358,487,3,10,328,3,20,273,3,10,54422,3,10,31476,3,20,33916,3,10,-9990,0,0,8,E,8,6,E,8,22.6,E,8,13.6,E,8,57,E,8,990,E,8,122,E,8,2.0,E,8,-9990,0,0,-9990,0,0,2.396,E,8,0.090,E,8,0.20,E,8,0,-9990,0,0
09/24/2005,15:00,801,1358,415,3,10,252,3,20,266,3,10,46017,3,10,22036,3,20,33022,3,10,-9990,0,0,8,E,8,6,E,8,23.0,E,8,13.4,E,8,55,E,8,990,E,8,187,E,8,3.0,E,8,-9990,0,0,-9990,0,0,2.371,E,8,0.090,E,8,0.20,E,8,0,-9990,0,0
09/24/2005,16:00,662,1358,337,3,10,288,3,20,197,3,10,37577,3,10,25418,3,20,25183,3,10,-9990,0,0,8,E,8,6,E,8,23.0,E,8,14.0,E,8,57,E,8,989,E,8,111,E,8,3.9,E,8,-9990,0,0,-9990,0,0,2.465,E,8,0.090,E,8,0.20,E,8,0,-9990,0,0
09/24/2005,17:00,478,1358,202,3,10,124,3,20,158,3,10,22744,3,10,9672,3,20,19338,3,10,-9990,0,0,9,E,8,8,E,8,22.5,E,8,13.8,E,8,58,E,8,989,E,8,86,E,8,6.5,E,8,-9990,0,0,-9990,0,0,2.436,E,8,0.090,E,8,0.20,E,8,0,-9990,0,0
09/24/2005,18:00,261,1358,93,3,10,114,3,20,71,3,10,10455,3,10,3878,3,20,9709,3,10,-9990,0,0,9,E,8,8,E,8,21.5,E,8,12.5,E,8,57,E,8,989,E,8,189,E,8,6.5,E,8,-9990,0,0,-9990,0,0,2.228,E,8,0.090,E,8,0.20,E,8,0,-9990,0,0
09/24/2005,19:00,44,414,2,3,10,0,3,20,2,3,10,278,3,10,9,3,20,277,3,10,-9990,0,0,9,E,8,8,E,8,20.3,E,8,12.8,E,8,62,E,8,989,E,8,9,E,8,8.5,E,8,-9990,0,0,-9990,0,0,2.276,E,8,0.090,E,8,0.20,E,8,0,-9990,0,0
09/24/2005,20:00,0,0,0,3,0,0,3,0,0,3,0,0,3,0,0,3,0,0,3,0,-9990,0,0,9,E,8,8,E,8,19.7,E,8,13.9,E,8,69,E,8,988,E,8,23,E,8,11.7,E,8,-9990,0,0,-9990,0,0,2.462,E,8,0.090,E,8,0.20,E,8,0,-9990,0,0
09/24/2005,21:00,0,0,0,3,0,0,3,0,0,3,0,0,3,0,0,3,0,0,3,0,-9990,0,0,9,E,8,8,E,8,19.1,E,8,14.1,E,8,73,E,8,988,E,8,339,E,8,8.5,E,8,-9990,0,0,-9990,0,0,2.484,E,8,0.090,E,8,0.20,E,8,0,-9990,0,0
09/24/2005,22:00,0,0,0,3,0,0,3,0,0,3,0,0,3,0,0,3,0,0,3,0,-9990,0,0,9,E,8,8,E,8,18.5,E,8,14.2,E,8,76,E,8,988,E,8,29,E,8,5.9,E,8,-9990,0,0,-9990,0,0,2.503,E,8,0.090,E,8,0.20,E,8,0,-9990,0,0
09/24/2005,23:00,0,0,0,3,0,0,3,0,0,3,0,0,3,0,0,3,0,0,3,0,-9990,0,0,9,E,8,8,E,8,17.9,E,8,13.6,E,8,76,E,8,988,E,8,19,E,8,3.9,E,8,-9990,0,0,-9990,0,0,2.397,E,8,0.090,E,8,0.20,E,8,0,-9990,0,0
09/24/2005,24:00,0,0,0,3,0,0,3,0,0,3,0,0,3,0,0,3,0,0,3,0,-9990,0,0,9,E,8,8,E,8,17.3,E,8,13.7,E,8,79,E,8,987,E,8,51,E,8,0.9,E,8,-9990,0,0,-9990,0,0,2.416,E,8,0.090,E,8,0.20,E,8,0,-9990,0,0
09/25/2005,01:00,0,0,0,3,0,0,3,0,0,3,0,0,3,0,0,3,0,0,3,0,-9990,0,0,10,E,8,9,E,8,16.6,E,8,14.8,E,8,89,E,8,987,E,8,137,E,8,0.9,E,8,-9990,0,0,-9990,0,0,2.617,E,8,0.097,E,8,0.20,E,8,1,-9990,0,0
09/25/2005,02:00,0,0,0,3,0,0,3,0,0,3,0,0,3,0,0,3,0,0,3,0,-9990,0,0,10,E,8,9,E,8,16.3,E,8,14.7,E,8,90,E,8,987,E,8,42,E,8,0.7,E,8,-9990,0,0,-9990,0,0,2.593,E,8,0.097,E,8,0.20,E,8,0,-9990,0,0
09/25/2005,03:00,0,0,0,3,0,0,3,0,0,3,0,0,3,0,0,3,0,0,3,0,-9990,0,0,10,E,8,9,E,8,15.7,E,8,14.7,E,8,94,E,8,987,E,8,153,E,8,0.5,E,8,-9990,0,0,-9990,0,0,2.599,E,8,0.097,E,8,0.20,E,8,0,-9990,0,0
09/25/2005,04:00,0,0,0,3,0,0,3,0,0,3,0,0,3,0,0,3,0,0,3,0,-9990,0,0,10,E,8,9,E,8,14.9,E,8,13.8,E,8,94,E,8,986,E,8,220,E,8,0.9,E,8,-9990,0,0,-9990,0,0,2.442,E,8,0.097,E,8,0.20,E,8,3,-9990,0,0
09/25/2005,05:00,0,0,0,3,0,0,3,0,0,3,0,0,3,0,0,3,0,0,3,0,-9990,0,0,10,E,8,9,E,8,15.2,E,8,13.7,E,8,91,E,8,986,E,8,319,E,8,0.2,E,8,-9990,0,0,-9990,0,0,2.426,E,8,0.097,E,8,0.20,E,8,0,-9990,0,0
09/25/2005,06:00,0,0,0,3,0,0,3,0,0,3,0,0,3,0,0,3,0,0,3,0,-9990,0,0,10,E,8,9,E,8,15.0,E,8,14.6,E,8,97,E,8,986,E,8,304,E,8,0.3,E,8,-9990,0,0,-9990,0,0,2.581,E,8,0.097,E,8,0.20,E,8,0,-9990,0,0
09/25/2005,07:00,13,228,1,3,10,0,3,20,1,3,10,119,3,10,9,3,20,118,3,10,-9990,0,0,10,E,8,9,E,8,15.0,E,8,14.5,E,8,97,E,8,986,E,8,286,E,8,0.6,E,8,-9990,0,0,-9990,0,0,2.561,E,8,0.097,E,8,0.20,E,8,0,-9990,0,0
09/25/2005,08:00,198,1358,40,3,10,0,3,20,40,3,10,4724,3,10,0,3,20,4724,3,10,-9990,0,0,10,E,8,9,E,8,15.5,E,8,14.6,E,8,94,E,8,985,E,8,244,E,8,0.4,E,8,-9990,0,0,-9990,0,0,2.584,E,8,0.097,E,8,0.20,E,8,0,-9990,0,0
09/25/2005,09:00,421,1358,68,3,10,0,3,20,68,3,10,8146,3,10,0,3,20,8146,3,10,-9990,0,0,10,E,8,9,E,8,16.0,E,8,14.2,E,8,89,E,8,985,E,8,244,E,8,0.2,E,8,-9990,0,0,-9990,0,0,2.501,E,8,0.097,E,8,0.20,E,8,0,-9990,0,0
09/25/2005,10:00,614,1358,89,3,10,0,3,20,89,3,10,10759,3,10,0,3,20,10759,3,10,-9990,0,0,10,E,8,9,E,8,16.3,E,8,13.9,E,8,86,E,8,985,E,8,236,E,8,0.3,E,8,-9990,0,0,-9990,0,0,2.455,E,8,0.097,E,8,0.20,E,8,0,-9990,0,0
09/25/2005,11:00,765,1358,164,3,10,2,3,20,163,3,10,19533,3,10,31,3,20,19516,3,10,-9990,0,0,10,E,8,9,E,8,16.9,E,8,14.2,E,8,84,E,8,985,E,8,317,E,8,1.0,E,8,-9990,0,0,-9990,0,0,2.508,E,8,0.097,E,8,0.20,E,8,0,-9990,0,0
09/25/2005,12:00,863,1358,199,3,10,4,3,20,197,3,10,23749,3,10,346,3,20,23529,3,10,-9990,0,0,10,E,8,9,E,8,17.5,E,8,14.8,E,8,84,E,8,984,E,8,300,E,8,0.4,E,8,-9990,0,0,-9990,0,0,2.606,E,8,0.097,E,8,0.20,E,8,0,-9990,0,0
09/25/2005,13:00,901,1358,196,3,10,4,3,20,194,3,10,23591,3,10,274,3,20,23409,3,10,-9990,0,0,10,E,8,9,E,8,17.9,E,8,13.9,E,8,78,E,8,984,E,8,299,E,8,0.2,E,8,-9990,0,0,-9990,0,0,2.459,E,8,0.097,E,8,0.20,E,8,0,-9990,0,0
09/25/2005,14:00,878,1358,207,3,10,5,3,20,204,3,10,24783,3,10,369,3,20,24545,3,10,-9990,0,0,10,E,8,9,E,8,18.2,E,8,13.5,E,8,74,E,8,984,E,8,322,E,8,0.4,E,8,-9990,0,0,-9990,0,0,2.379,E,8,0.097,E,8,0.20,E,8,0,-9990,0,0
09/25/2005,15:00,793,1358,196,3,10,5,3,20,193,3,10,23294,3,10,403,3,20,23058,3,10,-9990,0,0,10,E,8,9,E,8,18.4,E,8,13.2,E,8,71,E,8,984,E,8,266,E,8,0.2,E,8,-9990,0,0,-9990,0,0,2.330,E,8,0.097,E,8,0.20,E,8,0,-9990,0,0
09/25/2005,16:00,654,1358,131,3,10,0,3,20,131,3,10,15729,3,10,0,3,20,15729,3,10,-9990,0,0,10,E,8,9,E,8,18.4,E,8,13.1,E,8,71,E,8,984,E,8,233,E,8,0.0,E,8,-9990,0,0,-9990,0,0,2.314,E,8,0.097,E,8,0.20,E,8,0,-9990,0,0
09/25/2005,17:00,470,1358,63,3,10,0,3,20,63,3,10,7686,3,10,0,3,20,7686,3,10,-9990,0,0,10,E,8,9,E,8,18.0,E,8,15.3,E,8,84,E,8,984,E,8,333,E,8,0.1,E,8,-9990,0,0,-9990,0,0,2.700,E,8,0.097,E,8,0.20,E,8,0,-9990,0,0
09/25/2005,18:00,253,1358,45,3,10,0,3,20,45,3,10,5442,3,10,0,3,20,5442,3,10,-9990,0,0,10,E,8,9,E,8,17.8,E,8,12.7,E,8,72,E,8,984,E,8,292,E,8,0.2,E,8,-9990,0,0,-9990,0,0,2.250,E,8,0.097,E,8,0.20,E,8,0,-9990,0,0
09/25/2005,19:00,39,390,3,3,10,0,3,20,3,3,10,389,3,10,11,3,20,388,3,10,-9990,0,0,10,E,8,9,E,8,17.3,E,8,13.1,E,8,76,E,8,984,E,8,254,E,8,1.6,E,8,-9990,0,0,-9990,0,0,2.328,E,8,0.097,E,8,0.20,E,8,0,-9990,0,0
09/25/2005,20:00,0,0,0,3,0,0,3,0,0,3,0,0,3,0,0,3,0,0,3,0,-9990,0,0,10,E,8,9,E,8,16.8,E,8,12.7,E,8,77,E,8,984,E,8,239,E,8,0.8,E,8,-9990,0,0,-9990,0,0,2.252,E,8,0.097,E,8,0.20,E,8,0,-9990,0,0
09/25/2005,21:00,0,0,0,3,0,0,3,0,0,3,0,0,3,0,0,3,0,0,3,0,-9990,0,0,10,E,8,9,E,8,16.2,E,8,12.4,E,8,78,E,8,984,E,8,258,E,8,1.6,E,8,-9990,0,0,-9990,0,0,2.213,E,8,0.097,E,8,0.20,E,8,0,-9990,0,0
09/25/2005,22:00,0,0,0,3,0,0,3,0,0,3,0,0,3,0,0,3,0,0,3,0,-9990,0,0,10,E,8,9,E,8,15.5,E,8,13.0,E,8,85,E,8,984,E,8,193,E,8,3.5,E,8,-9990,0,0,-9990,0,0,2.304,E,8,0.097,E,8,0.20,E,8,1,-9990,0,0
09/25/2005,23:00,0,0,0,3,0,0,3,0,0,3,0,0,3,0,0,3,0,0,3,0,-9990,0,0,10,E,8,9,E,8,15.1,E,8,13.5,E,8,90,E,8,984,E,8,235,E,8,4.3,E,8,-9990,0,0,-9990,0,0,2.379,E,8,0.097,E,8,0.20,E,8,0,-9990,0,0
09/25/2005,24:00,0,0,0,3,0,0,3,0,0,3,0,0,3,0,0,3,0,0,3,0,-9990,0,0,10,E,8,9,E,8,14.5,E,8,12.6,E,8,88,E,8,984,E,8,236,E,8,8.5,E,8,-9990,0,0,-9990,0,0,2.240,E,8,0.097,E,8,0.20,E,8,0,-9990,0,0
09/26/2005,01:00,0,0,0,3,0,0,3,0,0,3,0,0,3,0,0,3,0,0,3,0,-9990,0,0,10,E,8,9,E,8,14.0,E,8,13.2,E,8,95,E,8,985,E,8,205,E,8,3.0,E,8,-9990,0,0,-9990,0,0,2.337,E,8,0.092,E,8,0.20,E,8,0,-9990,0,0
09/26/2005,02:00,0,0,0,3,0,0,3,0,0,3,0,0,3,0,0,3,0,0,3,0,-9990,0,0,10,E,8,9,E,8,13.6,E,8,13.3,E,8,98,E,8,985,E,8,207,E,8,5.3,E,8,-9990,0,0,-9990,0,0,2.360,E,8,0.092,E,8,0.20,E,8,0,-9990,0,0
09/26/2005,03:00,0,0,0,3,0,0,3,0,0,3,0,0,3,0,0,3,0,0,3,0,-9990,0,0,10,E,8,9,E,8,13.1,E,8,12.8,E,8,98,E,8,985,E,8,303,E,8,4.7,E,8,-9990,0,0,-9990,0,0,2.273,E,8,0.092,E,8,0.20,E,8,0,-9990,0,0
09/26/2005,04:00,0,0,0,3,0,0,3,0,0,3,0,0,3,0,0,3,0,0,3,0,-9990,0,0,10,E,8,9,E,8,12.9,E,8,11.9,E,8,93,E,8,985,E,8,302,E,8,4.7,E,8,-9990,0,0,-9990,0,0,2.131,E,8,0.092,E,8,0.20,E,8,0,-9990,0,0
09/26/2005,05:00,0,0,0,3,0,0,3,0,0,3,0,0,3,0,0,3,0,0,3,0,-9990,0,0,10,E,8,9,E,8,12.7,E,8,11.7,E,8,93,E,8,985,E,8,266,E,8,5.3,E,8,-9990,0,0,-9990,0,0,2.100,E,8,0.092,E,8,0.20,E,8,0,-9990,0,0
09/26/2005,06:00,0,0,0,3,0,0,3,0,0,3,0,0,3,0,0,3,0,0,3,0,-9990,0,0,10,E,8,9,E,8,12.5,E,8,11.6,E,8,94,E,8,985,E,8,248,E,8,8.5,E,8,-9990,0,0,-9990,0,0,2.087,E,8,0.092,E,8,0.20,E,8,0,-9990,0,0
09/26/2005,07:00,12,213,1,3,10,0,3,20,1,3,10,78,3,10,8,3,20,78,3,10,-9990,0,0,10,E,8,9,E,8,12.6,E,8,12.3,E,8,98,E,8,985,E,8,231,E,8,1.0,E,8,-9990,0,0,-9990,0,0,2.199,E,8,0.092,E,8,0.20,E,8,0,-9990,0,0
09/26/2005,08:00,192,1359,13,3,10,0,3,20,13,3,10,1679,3,10,6,3,20,1678,3,10,-9990,0,0,10,E,8,9,E,8,12.8,E,8,12.3,E,8,97,E,8,985,E,8,209,E,8,0.8,E,8,-9990,0,0,-9990,0,0,2.202,E,8,0.092,E,8,0.20,E,8,0,-9990,0,0
09/26/2005,09:00,415,1359,33,3,10,0,3,20,33,3,10,4207,3,10,0,3,20,4207,3,10,-9990,0,0,10,E,8,9,E,8,13.0,E,8,12.1,E,8,94,E,8,985,E,8,85,E,8,1.0,E,8,-9990,0,0,-9990,0,0,2.159,E,8,0.092,E,8,0.20,E,8,0,-9990,0,0
09/26/2005,10:00,609,1359,60,3,10,0,3,20,60,3,10,7518,3,10,0,3,20,7518,3,10,-9990,0,0,10,E,8,9,E,8,13.0,E,8,12.4,E,8,97,E,8,985,E,8,56,E,8,1.8,E,8,-9990,0,0,-9990,0,0,2.216,E,8,0.092,E,8,0.20,E,8,2,-9990,0,0
09/26/2005,11:00,759,1359,72,3,10,0,3,20,72,3,10,9161,3,10,0,3,20,9161,3,10,-9990,0,0,10,E,8,9,E,8,13.6,E,8,11.9,E,8,89,E,8,985,E,8,82,E,8,1.6,E,8,-9990,0,0,-9990,0,0,2.130,E,8,0.092,E,8,0.20,E,8,1,-9990,0,0
09/26/2005,12:00,857,1359,61,3,10,0,3,20,61,3,10,7907,3,10,0,3,20,7907,3,10,-9990,0,0,10,E,8,9,E,8,13.9,E,8,12.0,E,8,89,E,8,985,E,8,263,E,8,3.5,E,8,-9990,0,0,-9990,0,0,2.153,E,8,0.092,E,8,0.20,E,8,0,-9990,0,0
09/26/2005,13:00,895,1359,57,3,10,0,3,20,57,3,10,7542,3,10,0,3,20,7542,3,10,-9990,0,0,10,E,8,9,E,8,14.0,E,8,12.4,E,8,90,E,8,985,E,8,218,E,8,2.2,E,8,-9990,0,0,-9990,0,0,2.210,E,8,0.092,E,8,0.20,E,8,0,-9990,0,0
09/26/2005,14:00,871,1359,445,3,10,254,3,20,283,3,10,49644,3,10,23238,3,20,34753,3,10,-9990,0,0,8,E,8,7,E,8,15.6,E,8,12.9,E,8,84,E,8,985,E,8,247,E,8,2.7,E,8,-9990,0,0,-9990,0,0,2.291,E,8,0.092,E,8,0.20,E,8,0,-9990,0,0
09/26/2005,15:00,786,1359,390,3,10,190,3,20,280,3,10,43749,3,10,18269,3,20,33179,3,10,-9990,0,0,9,E,8,8,E,8,16.6,E,8,12.0,E,8,74,E,8,985,E,8,260,E,8,7.1,E,8,-9990,0,0,-9990,0,0,2.154,E,8,0.092,E,8,0.20,E,8,0,-9990,0,0
09/26/2005,16:00,647,1359,317,3,10,169,3,20,236,3,10,35432,3,10,15347,3,20,28127,3,10,-9990,0,0,9,E,8,8,E,8,17.2,E,8,11.5,E,8,69,E,8,985,E,8,332,E,8,4.7,E,8,-9990,0,0,-9990,0,0,2.081,E,8,0.092,E,8,0.20,E,8,0,-9990,0,0
09/26/2005,17:00,462,1359,210,3,10,141,3,20,162,3,10,23587,3,10,11629,3,20,19631,3,10,-9990,0,0,9,E,8,8,E,8,17.4,E,8,11.7,E,8,69,E,8,985,E,8,293,E,8,1.5,E,8,-9990,0,0,-9990,0,0,2.105,E,8,0.092,E,8,0.20,E,8,0,-9990,0,0
09/26/2005,18:00,245,1359,99,3,10,164,3,20,69,3,10,11090,3,10,9480,3,20,9381,3,10,-9990,0,0,8,E,8,6,E,8,17.2,E,8,11.8,E,8,70,E,8,985,E,8,306,E,8,5.3,E,8,-9990,0,0,-9990,0,0,2.120,E,8,0.092,E,8,0.20,E,8,0,-9990,0,0
09/26/2005,19:00,35,367,4,3,10,0,3,20,4,3,10,501,3,10,13,3,20,500,3,10,-9990,0,0,9,E,8,8,E,8,16.6,E,8,11.9,E,8,74,E,8,985,E,8,318,E,8,6.5,E,8,-9990,0,0,-9990,0,0,2.137,E,8,0.092,E,8,0.20,E,8,0,-9990,0,0
09/26/2005,20:00,0,0,0,3,0,0,3,0,0,3,0,0,3,0,0,3,0,0,3,0,-9990,0,0,9,E,8,8,E,8,16.1,E,8,12.0,E,8,77,E,8,985,E,8,293,E,8,7.6,E,8,-9990,0,0,-9990,0,0,2.148,E,8,0.092,E,8,0.20,E,8,0,-9990,0,0
09/26/2005,21:00,0,0,0,3,0,0,3,0,0,3,0,0,3,0,0,3,0,0,3,0,-9990,0,0,9,E,8,8,E,8,15.6,E,8,11.5,E,8,77,E,8,985,E,8,313,E,8,6.5,E,8,-9990,0,0,-9990,0,0,2.074,E,8,0.092,E,8,0.20,E,8,0,-9990,0,0
09/26/2005,22:00,0,0,0,3,0,0,3,0,0,3,0,0,3,0,0,3,0,0,3,0,-9990,0,0,9,E,8,8,E,8,15.0,E,8,11.1,E,8,77,E,8,985,E,8,311,E,8,7.1,E,8,-9990,0,0,-9990,0,0,2.021,E,8,0.092,E,8,0.20,E,8,0,-9990,0,0
09/26/2005,23:00,0,0,0,3,0,0,3,0,0,3,0,0,3,0,0,3,0,0,3,0,-9990,0,0,9,E,8,8,E,8,14.5,E,8,11.8,E,8,84,E,8,985,E,8,264,E,8,1.8,E,8,-9990,0,0,-9990,0,0,2.124,E,8,0.092,E,8,0.20,E,8,0,-9990,0,0
09/26/2005,24:00,0,0,0,3,0,0,3,0,0,3,0,0,3,0,0,3,0,0,3,0,-9990,0,0,9,E,8,8,E,8,14.0,E,8,12.3,E,8,90,E,8,986,E,8,241,E,8,5.3,E,8,-9990,0,0,-9990,0,0,2.193,E,8,0.092,E,8,0.20,E,8,0,-9990,0,0
09/27/2005,01:00,0,0,0,3,0,0,3,0,0,3,0,0,3,0,0,3,0,0,3,0,-9990,0,0,9,E,8,8,E,8,13.4,E,8,12.3,E,8,93,E,8,986,E,8,256,E,8,5.9,E,8,-9990,0,0,-9990,0,0,2.189,E,8,0.108,E,8,0.20,E,8,0,-9990,0,0
09/27/2005,02:00,0,0,0,3,0,0,3,0,0,3,0,0,3,0,0,3,0,0,3,0,-9990,0,0,9,E,8,8,E,8,12.8,E,8,12.4,E,8,98,E,8,986,E,8,235,E,8,3.5,E,8,-9990,0,0,-9990,0,0,2.214,E,8,0.108,E,8,0.20,E,8,0,-9990,0,0
09/27/2005,03:00,0,0,0,3,0,0,3,0,0,3,0,0,3,0,0,3,0,0,3,0,-9990,0,0,9,E,8,8,E,8,12.2,E,8,12.2,E,8,100,E,8,986,E,8,191,E,8,4.7,E,8,-9990,0,0,-9990,0,0,2.181,E,8,0.108,E,8,0.20,E,8,0,-9990,0,0
09/27/2005,04:00,0,0,0,3,0,0,3,0,0,3,0,0,3,0,0,3,0,0,3,0,-9990,0,0,9,E,8,8,E,8,11.9,E,8,11.9,E,8,100,E,8,986,E,8,119,E,8,1.6,E,8,-9990,0,0,-9990,0,0,2.135,E,8,0.108,E,8,0.20,E,8,0,-9990,0,0
09/27/2005,05:00,0,0,0,3,0,0,3,0,0,3,0,0,3,0,0,3,0,0,3,0,-9990,0,0,10,E,8,9,E,8,11.5,E,8,11.1,E,8,97,E,8,986,E,8,68,E,8,1.8,E,8,-9990,0,0,-9990,0,0,2.012,E,8,0.108,E,8,0.20,E,8,1,-9990,0,0
09/27/2005,06:00,0,0,0,3,0,0,3,0,0,3,0,0,3,0,0,3,0,0,3,0,-9990,0,0,10,E,8,9,E,8,11.4,E,8,11.2,E,8,98,E,8,986,E,8,175,E,8,4.3,E,8,-9990,0,0,-9990,0,0,2.026,E,8,0.108,E,8,0.20,E,8,0,-9990,0,0
09/27/2005,07:00,10,198,0,3,10,0,3,20,0,3,10,68,3,10,7,3,20,68,3,10,-9990,0,0,10,E,8,9,E,8,11.4,E,8,11.2,E,8,98,E,8,986,E,8,266,E,8,3.2,E,8,-9990,0,0,-9990,0,0,2.026,E,8,0.108,E,8,0.20,E,8,0,-9990,0,0
09/27/2005,08:00,187,1360,40,3,10,0,3,20,40,3,10,4770,3,10,0,3,20,4770,3,10,-9990,0,0,10,E,8,9,E,8,12.0,E,8,11.7,E,8,98,E,8,986,E,8,252,E,8,3.2,E,8,-9990,0,0,-9990,0,0,2.111,E,8,0.108,E,8,0.20,E,8,0,-9990,0,0
09/27/2005,09:00,410,1360,123,3,10,15,3,20,118,3,10,14049,3,10,1543,3,20,13584,3,10,-9990,0,0,10,E,8,9,E,8,13.0,E,8,12.0,E,8,94,E,8,986,E,8,152,E,8,3.0,E,8,-9990,0,0,-9990,0,0,2.149,E,8,0.108,E,8,0.20,E,8,0,-9990,0,0
09/27/2005,10:00,603,1360,188,3,10,18,3,20,180,3,10,21687,3,10,1898,3,20,20845,3,10,-9990,0,0,10,E,8,9,E,8,14.0,E,8,11.7,E,8,86,E,8,986,E,8,237,E,8,0.7,E,8,-9990,0,0,-9990,0,0,2.102,E,8,0.108,E,8,0.20,E,8,0,-9990,0,0
09/27/2005,11:00,753,1360,229,3,10,17,3,20,219,3,10,26622,3,10,1786,3,20,25633,3,10,-9990,0,0,10,E,8,9,E,8,14.8,E,8,11.8,E,8,82,E,8,986,E,8,245,E,8,0.7,E,8,-9990,0,0,-9990,0,0,2.118,E,8,0.108,E,8,0.20,E,8,0,-9990,0,0
09/27/2005,12:00,851,1360,262,3,10,17,3,20,251,3,10,30645,3,10,1749,3,20,29551,3,10,-9990,0,0,10,E,8,9,E,8,15.5,E,8,11.4,E,8,76,E,8,986,E,8,226,E,8,0.7,E,8,-9990,0,0,-9990,0,0,2.056,E,8,0.108,E,8,0.20,E,8,0,-9990,0,0
09/27/2005,13:00,889,1360,319,3,10,35,3,20,296,3,10,35764,3,10,2553,3,20,34096,3,10,-9990,0,0,10,E,8,9,E,8,16.3,E,8,11.3,E,8,72,E,8,986,E,8,223,E,8,1.1,E,8,-9990,0,0,-9990,0,0,2.044,E,8,0.108,E,8,0.20,E,8,0,-9990,0,0
09/27/2005,14:00,864,1360,328,3,10,69,3,20,284,3,10,36818,3,10,6344,3,20,32787,3,10,-9990,0,0,10,E,8,9,E,8,16.9,E,8,11.9,E,8,72,E,8,986,E,8,237,E,8,1.3,E,8,-9990,0,0,-9990,0,0,2.128,E,8,0.108,E,8,0.20,E,8,0,-9990,0,0
09/27/2005,15:00,779,1360,298,3,10,55,3,20,266,3,10,33353,3,10,4727,3,20,30645,3,10,-9990,0,0,10,E,8,9,E,8,17.2,E,8,11.0,E,8,67,E,8,986,E,8,224,E,8,2.7,E,8,-9990,0,0,-9990,0,0,2.007,E,8,0.108,E,8,0.20,E,8,0,-9990,0,0
09/27/2005,16:00,639,1360,208,3,10,23,3,20,198,3,10,24221,3,10,2381,3,20,23101,3,10,-9990,0,0,10,E,8,9,E,8,17.2,E,8,11.0,E,8,67,E,8,987,E,8,233,E,8,2.7,E,8,-9990,0,0,-9990,0,0,2.006,E,8,0.108,E,8,0.20,E,8,0,-9990,0,0
09/27/2005,17:00,454,1360,133,3,10,11,3,20,129,3,10,15491,3,10,1127,3,20,15114,3,10,-9990,0,0,10,E,8,9,E,8,16.9,E,8,9.7,E,8,63,E,8,987,E,8,163,E,8,0.7,E,8,-9990,0,0,-9990,0,0,1.834,E,8,0.108,E,8,0.20,E,8,0,-9990,0,0
09/27/2005,18:00,237,1360,56,3,10,0,3,20,56,3,10,6680,3,10,0,3,20,6680,3,10,-9990,0,0,10,E,8,9,E,8,16.3,E,8,9.3,E,8,63,E,8,987,E,8,219,E,8,0.6,E,8,-9990,0,0,-9990,0,0,1.782,E,8,0.108,E,8,0.20,E,8,0,-9990,0,0
09/27/2005,19:00,30,344,1,3,10,0,3,20,1,3,10,189,3,10,9,3,20,188,3,10,-9990,0,0,10,E,8,9,E,8,15.6,E,8,10.1,E,8,70,E,8,987,E,8,210,E,8,0.1,E,8,-9990,0,0,-9990,0,0,1.883,E,8,0.108,E,8,0.20,E,8,0,-9990,0,0
09/27/2005,20:00,0,0,0,3,0,0,3,0,0,3,0,0,3,0,0,3,0,0,3,0,-9990,0,0,10,E,8,9,E,8,14.7,E,8,10.7,E,8,77,E,8,987,E,8,247,E,8,0.4,E,8,-9990,0,0,-9990,0,0,1.958,E,8,0.108,E,8,0.20,E,8,0,-9990,0,0
09/27/2005,21:00,0,0,0,3,0,0,3,0,0,3,0,0,3,0,0,3,0,0,3,0,-9990,0,0,9,E,8,8,E,8,13.8,E,8,10.7,E,8,81,E,8,987,E,8,241,E,8,0.4,E,8,-9990,0,0,-9990,0,0,1.957,E,8,0.108,E,8,0.20,E,8,0,-9990,0,0
09/27/2005,22:00,0,0,0,3,0,0,3,0,0,3,0,0,3,0,0,3,0,0,3,0,-9990,0,0,9,E,8,8,E,8,12.8,E,8,10.1,E,8,84,E,8,988,E,8,337,E,8,0.0,E,8,-9990,0,0,-9990,0,0,1.887,E,8,0.108,E,8,0.20,E,8,0,-9990,0,0
09/27/2005,23:00,0,0,0,3,0,0,3,0,0,3,0,0,3,0,0,3,0,0,3,0,-9990,0,0,9,E,8,8,E,8,11.9,E,8,9.4,E,8,85,E,8,988,E,8,323,E,8,0.1,E,8,-9990,0,0,-9990,0,0,1.797,E,8,0.108,E,8,0.20,E,8,0,-9990,0,0
09/27/2005,24:00,0,0,0,3,0,0,3,0,0,3,0,0,3,0,0,3,0,0,3,0,-9990,0,0,9,E,8,8,E,8,11.0,E,8,8.6,E,8,85,E,8,988,E,8,236,E,8,0.6,E,8,-9990,0,0,-9990,0,0,1.691,E,8,0.108,E,8,0.20,E,8,0,-9990,0,0
09/28/2005,01:00,0,0,0,3,0,0,3,0,0,3,0,0,3,0,0,3,0,0,3,0,-9990,0,0,9,E,8,8,E,8,10.1,E,8,8.4,E,8,89,E,8,988,E,8,241,E,8,1.3,E,8,-9990,0,0,-9990,0,0,1.665,E,8,0.107,E,8,0.20,E,8,0,-9990,0,0
09/28/2005,02:00,0,0,0,3,0,0,3,0,0,3,0,0,3,0,0,3,0,0,3,0,-9990,0,0,9,E,8,8,E,8,9.1,E,8,7.7,E,8,91,E,8,988,E,8,231,E,8,2.4,E,8,-9990,0,0,-9990,0,0,1.593,E,8,0.107,E,8,0.20,E,8,0,-9990,0,0
09/28/2005,03:00,0,0,0,3,0,0,3,0,0,3,0,0,3,0,0,3,0,0,3,0,-9990,0,0,8,E,8,7,E,8,8.1,E,8,6.9,E,8,92,E,8,988,E,8,208,E,8,0.5,E,8,-9990,0,0,-9990,0,0,1.507,E,8,0.107,E,8,0.20,E,8,0,-9990,0,0
09/28/2005,04:00,0,0,0,3,0,0,3,0,0,3,0,0,3,0,0,3,0,0,3,0,-9990,0,0,8,E,8,7,E,8,7.6,E,8,6.7,E,8,94,E,8,988,E,8,244,E,8,0.2,E,8,-9990,0,0,-9990,0,0,1.488,E,8,0.107,E,8,0.20,E,8,0,-9990,0,0
09/28/2005,05:00,0,0,0,3,0,0,3,0,0,3,0,0,3,0,0,3,0,0,3,0,-9990,0,0,8,E,8,7,E,8,7.1,E,8,6.4,E,8,96,E,8,989,E,8,317,E,8,0.3,E,8,-9990,0,0,-9990,0,0,1.456,E,8,0.107,E,8,0.20,E,8,0,-9990,0,0
09/28/2005,06:00,0,0,0,3,0,0,3,0,0,3,0,0,3,0,0,3,0,0,3,0,-9990,0,0,8,E,8,7,E,8,6.7,E,8,5.5,E,8,92,E,8,989,E,8,310,E,8,0.4,E,8,-9990,0,0,-9990,0,0,1.364,E,8,0.107,E,8,0.20,E,8,0,-9990,0,0
09/28/2005,07:00,9,182,0,3,10,0,3,20,0,3,10,58,3,10,7,3,20,58,3,10,-9990,0,0,8,E,8,7,E,8,6.6,E,8,5.6,E,8,93,E,8,989,E,8,241,E,8,1.1,E,8,-9990,0,0,-9990,0,0,1.373,E,8,0.107,E,8,0.20,E,8,0,-9990,0,0
09/28/2005,08:00,182,1361,63,3,10,83,3,20,52,3,10,7196,3,10,5395,3,20,6476,3,10,-9990,0,0,6,E,8,6,E,8,7.4,E,8,6.3,E,8,93,E,8,989,E,8,243,E,8,0.2,E,8,-9990,0,0,-9990,0,0,1.443,E,8,0.107,E,8,0.20,E,8,0,-9990,0,0
09/28/2005,09:00,404,1361,186,3,10,272,3,20,105,3,10,20359,3,10,15508,3,20,15750,3,10,-9990,0,0,6,E,8,6,E,8,8.8,E,8,7.2,E,8,90,E,8,989,E,8,229,E,8,0.1,E,8,-9990,0,0,-9990,0,0,1.539,E,8,0.107,E,8,0.20,E,8,0,-9990,0,0
09/28/2005,10:00,597,1361,291,3,10,175,3,20,214,3,10,32303,3,10,16213,3,20,25186,3,10,-9990,0,0,9,E,8,8,E,8,10.3,E,8,6.8,E,8,79,E,8,989,E,8,229,E,8,0.1,E,8,-9990,0,0,-9990,0,0,1.497,E,8,0.107,E,8,0.20,E,8,0,-9990,0,0
09/28/2005,11:00,748,1361,386,3,10,187,3,20,283,3,10,42838,3,10,18051,3,20,32921,3,10,-9990,0,0,9,E,8,8,E,8,11.6,E,8,7.3,E,8,75,E,8,989,E,8,256,E,8,0.1,E,8,-9990,0,0,-9990,0,0,1.546,E,8,0.107,E,8,0.20,E,8,0,-9990,0,0
09/28/2005,12:00,845,1361,449,3,10,292,3,20,268,3,10,49907,3,10,28715,3,20,32082,3,10,-9990,0,0,8,E,8,6,E,8,12.9,E,8,7.6,E,8,70,E,8,990,E,8,297,E,8,0.3,E,8,-9990,0,0,-9990,0,0,1.574,E,8,0.107,E,8,0.20,E,8,0,-9990,0,0
09/28/2005,13:00,882,1361,477,3,10,301,3,20,282,3,10,53120,3,10,30174,3,20,33558,3,10,-9990,0,0,8,E,8,6,E,8,13.8,E,8,7.5,E,8,66,E,8,990,E,8,236,E,8,0.5,E,8,-9990,0,0,-9990,0,0,1.566,E,8,0.107,E,8,0.20,E,8,0,-9990,0,0
09/28/2005,14:00,857,1361,462,3,10,302,3,20,271,3,10,51428,3,10,30004,3,20,32524,3,10,-9990,0,0,8,E,8,6,E,8,14.4,E,8,7.9,E,8,65,E,8,990,E,8,202,E,8,1.0,E,8,-9990,0,0,-9990,0,0,1.617,E,8,0.107,E,8,0.20,E,8,0,-9990,0,0
09/28/2005,15:00,772,1361,427,3,10,346,3,20,231,3,10,46729,3,10,23301,3,20,33510,3,10,-9990,0,0,6,E,8,5,E,8,14.8,E,8,8.3,E,8,65,E,8,989,E,8,182,E,8,2.7,E,8,-9990,0,0,-9990,0,0,1.655,E,8,0.107,E,8,0.20,E,8,0,-9990,0,0
09/28/2005,16:00,632,1361,338,3,10,347,3,20,177,3,10,37231,3,10,23488,3,20,26324,3,10,-9990,0,0,6,E,8,5,E,8,14.8,E,8,9.1,E,8,69,E,8,989,E,8,57,E,8,6.5,E,8,-9990,0,0,-9990,0,0,1.756,E,8,0.107,E,8,0.20,E,8,0,-9990,0,0
09/28/2005,17:00,447,1361,216,3,10,309,3,20,115,3,10,24059,3,10,19587,3,20,17629,3,10,-9990,0,0,6,E,8,5,E,8,14.3,E,8,9.7,E,8,74,E,8,989,E,8,117,E,8,4.7,E,8,-9990,0,0,-9990,0,0,1.835,E,8,0.107,E,8,0.20,E,8,0,-9990,0,0
09/28/2005,18:00,229,1361,96,3,10,227,3,20,58,3,10,10905,3,10,9624,3,20,9287,3,10,-9990,0,0,6,E,8,5,E,8,13.3,E,8,9.5,E,8,77,E,8,988,E,8,58,E,8,4.3,E,8,-9990,0,0,-9990,0,0,1.798,E,8,0.107,E,8,0.20,E,8,0,-9990,0,0
09/28/2005,19:00,26,320,2,3,10,0,3,20,2,3,10,342,3,10,13,3,20,341,3,10,-9990,0,0,6,E,8,6,E,8,12.1,E,8,9.0,E,8,81,E,8,988,E,8,103,E,8,2.4,E,8,-9990,0,0,-9990,0,0,1.746,E,8,0.107,E,8,0.20,E,8,0,-9990,0,0
09/28/2005,20:00,0,0,0,3,0,0,3,0,0,3,0,0,3,0,0,3,0,0,3,0,-9990,0,0,6,E,8,6,E,8,12.0,E,8,10.4,E,8,90,E,8,988,E,8,50,E,8,3.5,E,8,-9990,0,0,-9990,0,0,1.919,E,8,0.107,E,8,0.20,E,8,0,-9990,0,0
09/28/2005,21:00,0,0,0,3,0,0,3,0,0,3,0,0,3,0,0,3,0,0,3,0,-9990,0,0,8,E,8,7,E,8,11.8,E,8,10.7,E,8,92,E,8,988,E,8,335,E,8,2.7,E,8,-9990,0,0,-9990,0,0,1.958,E,8,0.107,E,8,0.20,E,8,0,-9990,0,0
09/28/2005,22:00,0,0,0,3,0,0,3,0,0,3,0,0,3,0,0,3,0,0,3,0,-9990,0,0,8,E,8,7,E,8,11.7,E,8,10.4,E,8,92,E,8,987,E,8,345,E,8,1.8,E,8,-9990,0,0,-9990,0,0,1.924,E,8,0.107,E,8,0.20,E,8,0,-9990,0,0
09/28/2005,23:00,0,0,0,3,0,0,3,0,0,3,0,0,3,0,0,3,0,0,3,0,-9990,0,0,8,E,8,7,E,8,11.5,E,8,9.9,E,8,89,E,8,987,E,8,44,E,8,1.1,E,8,-9990,0,0,-9990,0,0,1.850,E,8,0.107,E,8,0.20,E,8,0,-9990,0,0
09/28/2005,24:00,0,0,0,3,0,0,3,0,0,3,0,0,3,0,0,3,0,0,3,0,-9990,0,0,8,E,8,7,E,8,11.4,E,8,9.9,E,8,90,E,8,987,E,8,48,E,8,0.4,E,8,-9990,0,0,-9990,0,0,1.854,E,8,0.107,E,8,0.20,E,8,0,-9990,0,0
09/29/2005,01:00,0,0,0,3,0,0,3,0,0,3,0,0,3,0,0,3,0,0,3,0,-9990,0,0,8,E,8,7,E,8,11.7,E,8,9.2,E,8,85,E,8,987,E,8,49,E,8,0.7,E,8,-9990,0,0,-9990,0,0,1.770,E,8,0.106,E,8,0.20,E,8,0,-9990,0,0
09/29/2005,02:00,0,0,0,3,0,0,3,0,0,3,0,0,3,0,0,3,0,0,3,0,-9990,0,0,9,E,8,8,E,8,12.1,E,8,9.5,E,8,84,E,8,986,E,8,331,E,8,1.0,E,8,-9990,0,0,-9990,0,0,1.809,E,8,0.106,E,8,0.20,E,8,0,-9990,0,0
09/29/2005,03:00,0,0,0,3,0,0,3,0,0,3,0,0,3,0,0,3,0,0,3,0,-9990,0,0,9,E,8,8,E,8,12.4,E,8,9.8,E,8,84,E,8,986,E,8,15,E,8,0.4,E,8,-9990,0,0,-9990,0,0,1.846,E,8,0.106,E,8,0.20,E,8,0,-9990,0,0
09/29/2005,04:00,0,0,0,3,0,0,3,0,0,3,0,0,3,0,0,3,0,0,3,0,-9990,0,0,9,E,8,8,E,8,12.6,E,8,10.0,E,8,84,E,8,986,E,8,346,E,8,0.0,E,8,-9990,0,0,-9990,0,0,1.868,E,8,0.106,E,8,0.20,E,8,0,-9990,0,0
09/29/2005,05:00,0,0,0,3,0,0,3,0,0,3,0,0,3,0,0,3,0,0,3,0,-9990,0,0,9,E,8,8,E,8,12.9,E,8,10.6,E,8,86,E,8,985,E,8,45,E,8,0.0,E,8,-9990,0,0,-9990,0,0,1.948,E,8,0.106,E,8,0.20,E,8,0,-9990,0,0
09/29/2005,06:00,0,0,0,3,0,0,3,0,0,3,0,0,3,0,0,3,0,0,3,0,-9990,0,0,9,E,8,8,E,8,13.0,E,8,11.4,E,8,90,E,8,985,E,8,52,E,8,0.1,E,8,-9990,0,0,-9990,0,0,2.066,E,8,0.106,E,8,0.20,E,8,0,-9990,0,0
09/29/2005,07:00,7,167,0,3,10,0,3,20,0,3,10,69,3,10,9,3,20,69,3,10,-9990,0,0,10,E,8,9,E,8,13.1,E,8,11.7,E,8,91,E,8,985,E,8,27,E,8,0.1,E,8,-9990,0,0,-9990,0,0,2.100,E,8,0.106,E,8,0.20,E,8,0,-9990,0,0
09/29/2005,08:00,176,1361,31,3,10,0,3,20,31,3,10,3680,3,10,0,3,20,3680,3,10,-9990,0,0,10,E,8,9,E,8,13.7,E,8,12.5,E,8,92,E,8,985,E,8,16,E,8,0.3,E,8,-9990,0,0,-9990,0,0,2.224,E,8,0.106,E,8,0.20,E,8,0,-9990,0,0
09/29/2005,09:00,399,1361,67,3,10,0,3,20,67,3,10,8010,3,10,0,3,20,8010,3,10,-9990,0,0,10,E,8,9,E,8,14.1,E,8,13.0,E,8,93,E,8,984,E,8,45,E,8,0.4,E,8,-9990,0,0,-9990,0,0,2.308,E,8,0.106,E,8,0.20,E,8,2,-9990,0,0
09/29/2005,10:00,592,1361,122,3,10,0,3,20,122,3,10,14516,3,10,0,3,20,14516,3,10,-9990,0,0,10,E,8,9,E,8,15.3,E,8,13.0,E,8,86,E,8,984,E,8,124,E,8,0.3,E,8,-9990,0,0,-9990,0,0,2.301,E,8,0.106,E,8,0.20,E,8,1,-9990,0,0
09/29/2005,11:00,742,1361,151,3,10,0,3,20,151,3,10,18039,3,10,0,3,20,18039,3,10,-9990,0,0,10,E,8,9,E,8,16.2,E,8,14.2,E,8,88,E,8,984,E,8,249,E,8,0.9,E,8,-9990,0,0,-9990,0,0,2.505,E,8,0.106,E,8,0.20,E,8,0,-9990,0,0
09/29/2005,12:00,839,1361,153,3,10,0,3,20,153,3,10,18522,3,10,0,3,20,18522,3,10,-9990,0,0,10,E,8,9,E,8,16.5,E,8,15.3,E,8,92,E,8,984,E,8,231,E,8,3.5,E,8,-9990,0,0,-9990,0,0,2.701,E,8,0.106,E,8,0.20,E,8,1,-9990,0,0
09/29/2005,13:00,876,1361,149,3,10,0,3,20,149,3,10,18311,3,10,0,3,20,18311,3,10,-9990,0,0,10,E,8,9,E,8,16.3,E,8,14.6,E,8,90,E,8,983,E,8,102,E,8,3.0,E,8,-9990,0,0,-9990,0,0,2.587,E,8,0.106,E,8,0.20,E,8,4,-9990,0,0
09/29/2005,14:00,850,1361,149,3,10,0,3,20,149,3,10,18211,3,10,0,3,20,18211,3,10,-9990,0,0,10,E,8,9,E,8,17.5,E,8,14.7,E,8,84,E,8,984,E,8,185,E,8,5.3,E,8,-9990,0,0,-9990,0,0,2.605,E,8,0.106,E,8,0.20,E,8,0,-9990,0,0
09/29/2005,15:00,765,1361,113,3,10,0,3,20,113,3,10,14003,3,10,0,3,20,14003,3,10,-9990,0,0,10,E,8,9,E,8,17.6,E,8,14.8,E,8,84,E,8,984,E,8,229,E,8,3.5,E,8,-9990,0,0,-9990,0,0,2.622,E,8,0.106,E,8,0.20,E,8,0,-9990,0,0
09/29/2005,16:00,624,1361,100,3,10,0,3,20,100,3,10,12246,3,10,0,3,20,12246,3,10,-9990,0,0,10,E,8,9,E,8,17.6,E,8,14.9,E,8,84,E,8,984,E,8,272,E,8,2.7,E,8,-9990,0,0,-9990,0,0,2.626,E,8,0.106,E,8,0.20,E,8,0,-9990,0,0
09/29/2005,17:00,439,1361,69,3,10,0,3,20,69,3,10,8450,3,10,0,3,20,8450,3,10,-9990,0,0,10,E,8,9,E,8,17.4,E,8,14.7,E,8,84,E,8,984,E,8,243,E,8,3.9,E,8,-9990,0,0,-9990,0,0,2.597,E,8,0.106,E,8,0.20,E,8,0,-9990,0,0
09/29/2005,18:00,221,1361,36,3,10,0,3,20,36,3,10,4384,3,10,0,3,20,4384,3,10,-9990,0,0,10,E,8,9,E,8,17.1,E,8,14.4,E,8,84,E,8,984,E,8,248,E,8,4.3,E,8,-9990,0,0,-9990,0,0,2.542,E,8,0.106,E,8,0.20,E,8,0,-9990,0,0
09/29/2005,19:00,23,297,1,3,10,0,3,20,1,3,10,176,3,10,10,3,20,175,3,10,-9990,0,0,10,E,8,9,E,8,16.7,E,8,14.3,E,8,86,E,8,984,E,8,229,E,8,3.5,E,8,-9990,0,0,-9990,0,0,2.527,E,8,0.106,E,8,0.20,E,8,0,-9990,0,0
09/29/2005,20:00,0,0,0,3,0,0,3,0,0,3,0,0,3,0,0,3,0,0,3,0,-9990,0,0,10,E,8,9,E,8,16.2,E,8,13.8,E,8,85,E,8,984,E,8,231,E,8,3.5,E,8,-9990,0,0,-9990,0,0,2.431,E,8,0.106,E,8,0.20,E,8,0,-9990,0,0
09/29/2005,21:00,0,0,0,3,0,0,3,0,0,3,0,0,3,0,0,3,0,0,3,0,-9990,0,0,10,E,8,9,E,8,15.8,E,8,13.8,E,8,88,E,8,985,E,8,244,E,8,5.9,E,8,-9990,0,0,-9990,0,0,2.437,E,8,0.106,E,8,0.20,E,8,0,-9990,0,0
09/29/2005,22:00,0,0,0,3,0,0,3,0,0,3,0,0,3,0,0,3,0,0,3,0,-9990,0,0,10,E,8,9,E,8,15.2,E,8,13.4,E,8,89,E,8,985,E,8,293,E,8,0.7,E,8,-9990,0,0,-9990,0,0,2.377,E,8,0.106,E,8,0.20,E,8,1,-9990,0,0
09/29/2005,23:00,0,0,0,3,0,0,3,0,0,3,0,0,3,0,0,3,0,0,3,0,-9990,0,0,10,E,8,9,E,8,14.8,E,8,13.0,E,8,89,E,8,985,E,8,267,E,8,1.3,E,8,-9990,0,0,-9990,0,0,2.302,E,8,0.106,E,8,0.20,E,8,0,-9990,0,0
09/29/2005,24:00,0,0,0,3,0,0,3,0,0,3,0,0,3,0,0,3,0,0,3,0,-9990,0,0,10,E,8,9,E,8,14.3,E,8,12.8,E,8,91,E,8,985,E,8,309,E,8,1.3,E,8,-9990,0,0,-9990,0,0,2.278,E,8,0.106,E,8,0.20,E,8,0,-9990,0,0
09/30/2005,01:00,0,0,0,3,0,0,3,0,0,3,0,0,3,0,0,3,0,0,3,0,-9990,0,0,10,E,8,9,E,8,13.6,E,8,12.6,E,8,94,E,8,985,E,8,266,E,8,1.0,E,8,-9990,0,0,-9990,0,0,2.247,E,8,0.099,E,8,0.20,E,8,0,-9990,0,0
09/30/2005,02:00,0,0,0,3,0,0,3,0,0,3,0,0,3,0,0,3,0,0,3,0,-9990,0,0,10,E,8,9,E,8,12.9,E,8,11.7,E,8,93,E,8,985,E,8,267,E,8,0.9,E,8,-9990,0,0,-9990,0,0,2.107,E,8,0.099,E,8,0.20,E,8,0,-9990,0,0
09/30/2005,03:00,0,0,0,3,0,0,3,0,0,3,0,0,3,0,0,3,0,0,3,0,-9990,0,0,10,E,8,9,E,8,12.1,E,8,10.9,E,8,93,E,8,986,E,8,229,E,8,0.7,E,8,-9990,0,0,-9990,0,0,1.994,E,8,0.099,E,8,0.20,E,8,0,-9990,0,0
09/30/2005,04:00,0,0,0,3,0,0,3,0,0,3,0,0,3,0,0,3,0,0,3,0,-9990,0,0,10,E,8,9,E,8,11.7,E,8,10.7,E,8,94,E,8,986,E,8,246,E,8,4.3,E,8,-9990,0,0,-9990,0,0,1.966,E,8,0.099,E,8,0.20,E,8,0,-9990,0,0
09/30/2005,05:00,0,0,0,3,0,0,3,0,0,3,0,0,3,0,0,3,0,0,3,0,-9990,0,0,10,E,8,9,E,8,11.3,E,8,10.4,E,8,94,E,8,986,E,8,229,E,8,1.1,E,8,-9990,0,0,-9990,0,0,1.918,E,8,0.099,E,8,0.20,E,8,0,-9990,0,0
09/30/2005,06:00,0,0,0,3,0,0,3,0,0,3,0,0,3,0,0,3,0,0,3,0,-9990,0,0,10,E,8,9,E,8,11.0,E,8,9.8,E,8,92,E,8,986,E,8,326,E,8,1.0,E,8,-9990,0,0,-9990,0,0,1.846,E,8,0.099,E,8,0.20,E,8,0,-9990,0,0
09/30/2005,07:00,6,151,0,3,10,0,3,20,0,3,10,43,3,10,7,3,20,43,3,10,-9990,0,0,10,E,8,9,E,8,11.0,E,8,9.9,E,8,93,E,8,986,E,8,307,E,8,1.1,E,8,-9990,0,0,-9990,0,0,1.859,E,8,0.099,E,8,0.20,E,8,0,-9990,0,0
09/30/2005,08:00,171,1362,53,3,10,67,3,20,44,3,10,6097,3,10,3580,3,20,5648,3,10,-9990,0,0,10,E,8,9,E,8,11.7,E,8,10.1,E,8,90,E,8,986,E,8,282,E,8,1.0,E,8,-9990,0,0,-9990,0,0,1.882,E,8,0.099,E,8,0.20,E,8,0,-9990,0,0
09/30/2005,09:00,393,1362,128,3,10,41,3,20,116,3,10,14281,3,10,2908,3,20,13441,3,10,-9990,0,0,10,E,8,9,E,8,12.7,E,8,10.1,E,8,84,E,8,986,E,8,307,E,8,1.5,E,8,-9990,0,0,-9990,0,0,1.879,E,8,0.099,E,8,0.20,E,8,0,-9990,0,0
09/30/2005,10:00,586,1362,235,3,10,89,3,20,197,3,10,26216,3,10,8335,3,20,22630,3,10,-9990,0,0,10,E,8,9,E,8,13.9,E,8,9.0,E,8,72,E,8,987,E,8,310,E,8,0.2,E,8,-9990,0,0,-9990,0,0,1.738,E,8,0.099,E,8,0.20,E,8,0,-9990,0,0
09/30/2005,11:00,736,1362,259,3,10,29,3,20,243,3,10,28920,3,10,1834,3,20,27930,3,10,-9990,0,0,10,E,8,9,E,8,14.7,E,8,9.1,E,8,69,E,8,987,E,8,287,E,8,2.2,E,8,-9990,0,0,-9990,0,0,1.755,E,8,0.099,E,8,0.20,E,8,0,-9990,0,0
09/30/2005,12:00,832,1362,333,3,10,89,3,20,279,3,10,37216,3,10,8534,3,20,32001,3,10,-9990,0,0,10,E,8,9,E,8,15.6,E,8,9.2,E,8,66,E,8,987,E,8,297,E,8,2.0,E,8,-9990,0,0,-9990,0,0,1.771,E,8,0.099,E,8,0.20,E,8,0,-9990,0,0
09/30/2005,13:00,869,1362,333,3,10,72,3,20,287,3,10,37221,3,10,6636,3,20,32988,3,10,-9990,0,0,10,E,8,9,E,8,16.2,E,8,8.8,E,8,61,E,8,987,E,8,298,E,8,1.3,E,8,-9990,0,0,-9990,0,0,1.717,E,8,0.099,E,8,0.20,E,8,0,-9990,0,0
09/30/2005,14:00,844,1362,345,3,10,96,3,20,285,3,10,38790,3,10,8571,3,20,33484,3,10,-9990,0,0,10,E,8,9,E,8,16.8,E,8,8.8,E,8,59,E,8,987,E,8,287,E,8,1.8,E,8,-9990,0,0,-9990,0,0,1.715,E,8,0.099,E,8,0.20,E,8,0,-9990,0,0
09/30/2005,15:00,757,1362,294,3,10,60,3,20,260,3,10,32823,3,10,5279,3,20,29888,3,10,-9990,0,0,10,E,8,9,E,8,17.0,E,8,8.5,E,8,57,E,8,987,E,8,333,E,8,0.5,E,8,-9990,0,0,-9990,0,0,1.680,E,8,0.099,E,8,0.20,E,8,0,-9990,0,0
09/30/2005,16:00,617,1362,216,3,10,32,3,20,201,3,10,24143,3,10,2030,3,20,23224,3,10,-9990,0,0,10,E,8,9,E,8,17.0,E,8,8.8,E,8,58,E,8,987,E,8,240,E,8,0.4,E,8,-9990,0,0,-9990,0,0,1.712,E,8,0.099,E,8,0.20,E,8,0,-9990,0,0
09/30/2005,17:00,431,1362,116,3,10,6,3,20,114,3,10,13683,3,10,508,3,20,13523,3,10,-9990,0,0,10,E,8,9,E,8,16.5,E,8,7.7,E,8,56,E,8,987,E,8,244,E,8,0.2,E,8,-9990,0,0,-9990,0,0,1.591,E,8,0.099,E,8,0.20,E,8,0,-9990,0,0
09/30/2005,18:00,213,1362,49,3,10,0,3,20,49,3,10,5914,3,10,0,3,20,5914,3,10,-9990,0,0,10,E,8,9,E,8,15.8,E,8,7.7,E,8,58,E,8,987,E,8,250,E,8,0.7,E,8,-9990,0,0,-9990,0,0,1.589,E,8,0.099,E,8,0.20,E,8,0,-9990,0,0
09/30/2005,19:00,19,274,1,3,10,0,3,20,1,3,10,136,3,10,9,3,20,135,3,10,-9990,0,0,10,E,8,9,E,8,15.1,E,8,7.7,E,8,61,E,8,987,E,8,222,E,8,0.5,E,8,-9990,0,0,-9990,0,0,1.593,E,8,0.099,E,8,0.20,E,8,0,-9990,0,0
09/30/2005,20:00,0,0,0,3,0,0,3,0,0,3,0,0,3,0,0,3,0,0,3,0,-9990,0,0,10,E,8,9,E,8,14.1,E,8,7.8,E,8,66,E,8,987,E,8,243,E,8,0.5,E,8,-9990,0,0,-9990,0,0,1.604,E,8,0.099,E,8,0.20,E,8,0,-9990,0,0
09/30/2005,21:00,0,0,0,3,0,0,3,0,0,3,0,0,3,0,0,3,0,0,3,0,-9990,0,0,10,E,8,9,E,8,13.2,E,8,6.8,E,8,65,E,8,987,E,8,253,E,8,1.3,E,8,-9990,0,0,-9990,0,0,1.494,E,8,0.099,E,8,0.20,E,8,0,-9990,0,0
09/30/2005,22:00,0,0,0,3,0,0,3,0,0,3,0,0,3,0,0,3,0,0,3,0,-9990,0,0,10,E,8,9,E,8,12.3,E,8,6.4,E,8,67,E,8,987,E,8,220,E,8,1.5,E,8,-9990,0,0,-9990,0,0,1.457,E,8,0.099,E,8,0.20,E,8,0,-9990,0,0
09/30/2005,23:00,0,0,0,3,0,0,3,0,0,3,0,0,3,0,0,3,0,0,3,0,-9990,0,0,10,E,8,9,E,8,11.3,E,8,6.1,E,8,70,E,8,986,E,8,218,E,8,0.5,E,8,-9990,0,0,-9990,0,0,1.423,E,8,0.099,E,8,0.20,E,8,0,-9990,0,0
09/30/2005,24:00,0,0,0,3,0,0,3,0,0,3,0,0,3,0,0,3,0,0,3,0,-9990,0,0,10,E,8,9,E,8,10.4,E,8,5.4,E,8,71,E,8,986,E,8,238,E,8,0.5,E,8,-9990,0,0,-9990,0,0,1.357,E,8,0.099,E,8,0.20,E,8,0,-9990,0,0
10/01/2005,01:00,0,0,0,3,0,0,3,0,0,3,0,0,3,0,0,3,0,0,3,0,-9990,0,0,10,E,8,9,E,8,9.6,E,8,6.1,E,8,78,E,8,987,E,8,181,E,8,1.2,E,8,-9990,0,0,-9990,0,0,1.420,E,8,0.102,E,8,0.20,E,8,0,-9990,0,0
10/01/2005,02:00,0,0,0,3,0,0,3,0,0,3,0,0,3,0,0,3,0,0,3,0,-9990,0,0,10,E,8,9,E,8,8.8,E,8,5.2,E,8,78,E,8,987,E,8,182,E,8,1.3,E,8,-9990,0,0,-9990,0,0,1.334,E,8,0.102,E,8,0.20,E,8,0,-9990,0,0
10/01/2005,03:00,0,0,0,3,0,0,3,0,0,3,0,0,3,0,0,3,0,0,3,0,-9990,0,0,10,E,8,9,E,8,8.0,E,8,4.8,E,8,80,E,8,987,E,8,113,E,8,1.5,E,8,-9990,0,0,-9990,0,0,1.296,E,8,0.102,E,8,0.20,E,8,0,-9990,0,0
10/01/2005,04:00,0,0,0,3,0,0,3,0,0,3,0,0,3,0,0,3,0,0,3,0,-9990,0,0,10,E,8,9,E,8,7.4,E,8,5.3,E,8,87,E,8,987,E,8,84,E,8,0.9,E,8,-9990,0,0,-9990,0,0,1.348,E,8,0.102,E,8,0.20,E,8,1,-9990,0,0
10/01/2005,05:00,0,0,0,3,0,0,3,0,0,3,0,0,3,0,0,3,0,0,3,0,-9990,0,0,10,E,8,9,E,8,7.1,E,8,5.5,E,8,90,E,8,987,E,8,175,E,8,1.7,E,8,-9990,0,0,-9990,0,0,1.365,E,8,0.102,E,8,0.20,E,8,0,-9990,0,0
10/01/2005,06:00,0,0,0,3,0,0,3,0,0,3,0,0,3,0,0,3,0,0,3,0,-9990,0,0,10,E,8,9,E,8,6.8,E,8,5.2,E,8,90,E,8,987,E,8,186,E,8,0.9,E,8,-9990,0,0,-9990,0,0,1.338,E,8,0.102,E,8,0.20,E,8,0,-9990,0,0
10/01/2005,07:00,5,135,0,3,10,0,3,20,0,3,10,35,3,10,5,3,20,35,3,10,-9990,0,0,10,E,8,9,E,8,6.8,E,8,5.2,E,8,90,E,8,987,E,8,185,E,8,3.0,E,8,-9990,0,0,-9990,0,0,1.335,E,8,0.102,E,8,0.20,E,8,0,-9990,0,0
10/01/2005,08:00,165,1363,43,3,10,10,3,20,41,3,10,4748,3,10,979,3,20,4629,3,10,-9990,0,0,10,E,8,9,E,8,7.5,E,8,5.9,E,8,90,E,8,987,E,8,202,E,8,2.8,E,8,-9990,0,0,-9990,0,0,1.404,E,8,0.102,E,8,0.20,E,8,0,-9990,0,0
10/01/2005,09:00,388,1363,146,3,10,88,3,20,121,3,10,15954,3,10,5855,3,20,14288,3,10,-9990,0,0,10,E,8,9,E,8,9.0,E,8,6.8,E,8,86,E,8,987,E,8,108,E,8,3.0,E,8,-9990,0,0,-9990,0,0,1.498,E,8,0.102,E,8,0.20,E,8,0,-9990,0,0
10/01/2005,10:00,580,1363,239,3,10,95,3,20,199,3,10,26504,3,10,9240,3,20,22570,3,10,-9990,0,0,10,E,8,9,E,8,10.6,E,8,5.0,E,8,68,E,8,987,E,8,50,E,8,2.8,E,8,-9990,0,0,-9990,0,0,1.316,E,8,0.102,E,8,0.20,E,8,0,-9990,0,0
10/01/2005,11:00,730,1363,294,3,10,77,3,20,253,3,10,32606,3,10,7355,3,20,28668,3,10,-9990,0,0,10,E,8,9,E,8,11.9,E,8,6.1,E,8,67,E,8,987,E,8,100,E,8,3.2,E,8,-9990,0,0,-9990,0,0,1.417,E,8,0.102,E,8,0.20,E,8,0,-9990,0,0
10/01/2005,12:00,826,1363,298,3,10,38,3,20,275,3,10,33081,3,10,3014,3,20,31255,3,10,-9990,0,0,10,E,8,9,E,8,12.8,E,8,6.4,E,8,65,E,8,987,E,8,87,E,8,1.2,E,8,-9990,0,0,-9990,0,0,1.450,E,8,0.102,E,8,0.20,E,8,0,-9990,0,0
10/01/2005,13:00,862,1363,244,3,10,16,3,20,234,3,10,28195,3,10,1617,3,20,27172,3,10,-9990,0,0,10,E,8,9,E,8,13.1,E,8,5.5,E,8,60,E,8,987,E,8,193,E,8,0.8,E,8,-9990,0,0,-9990,0,0,1.366,E,8,0.102,E,8,0.20,E,8,0,-9990,0,0
10/01/2005,14:00,837,1363,284,3,10,38,3,20,261,3,10,31638,3,10,3035,3,20,29775,3,10,-9990,0,0,10,E,8,9,E,8,13.6,E,8,6.4,E,8,62,E,8,987,E,8,173,E,8,0.3,E,8,-9990,0,0,-9990,0,0,1.454,E,8,0.102,E,8,0.20,E,8,0,-9990,0,0
10/01/2005,15:00,750,1363,196,3,10,6,3,20,192,3,10,22529,3,10,462,3,20,22274,3,10,-9990,0,0,10,E,8,9,E,8,13.5,E,8,6.2,E,8,61,E,8,987,E,8,59,E,8,0.4,E,8,-9990,0,0,-9990,0,0,1.436,E,8,0.102,E,8,0.20,E,8,0,-9990,0,0
10/01/2005,16:00,609,1363,159,3,10,5,3,20,157,3,10,18106,3,10,360,3,20,17945,3,10,-9990,0,0,10,E,8,9,E,8,13.3,E,8,6.5,E,8,63,E,8,988,E,8,3,E,8,0.0,E,8,-9990,0,0,-9990,0,0,1.461,E,8,0.102,E,8,0.20,E,8,0,-9990,0,0
10/01/2005,17:00,423,1363,86,3,10,0,3,20,86,3,10,9863,3,10,0,3,20,9863,3,10,-9990,0,0,10,E,8,9,E,8,12.7,E,8,6.3,E,8,65,E,8,988,E,8,86,E,8,0.1,E,8,-9990,0,0,-9990,0,0,1.443,E,8,0.102,E,8,0.20,E,8,0,-9990,0,0
10/01/2005,18:00,205,1363,10,3,10,0,3,20,10,3,10,1269,3,10,5,3,20,1268,3,10,-9990,0,0,9,E,8,8,E,8,11.7,E,8,6.6,E,8,70,E,8,988,E,8,222,E,8,0.1,E,8,-9990,0,0,-9990,0,0,1.469,E,8,0.102,E,8,0.20,E,8,0,-9990,0,0
10/01/2005,19:00,16,251,1,3,10,0,3,20,1,3,10,113,3,10,7,3,20,112,3,10,-9990,0,0,9,E,8,8,E,8,10.9,E,8,6.7,E,8,75,E,8,989,E,8,297,E,8,0.0,E,8,-9990,0,0,-9990,0,0,1.487,E,8,0.102,E,8,0.20,E,8,0,-9990,0,0
10/01/2005,20:00,0,0,0,3,0,0,3,0,0,3,0,0,3,0,0,3,0,0,3,0,-9990,0,0,8,E,8,6,E,8,10.1,E,8,6.6,E,8,79,E,8,989,E,8,275,E,8,0.0,E,8,-9990,0,0,-9990,0,0,1.469,E,8,0.102,E,8,0.20,E,8,0,-9990,0,0
10/01/2005,21:00,0,0,0,3,0,0,3,0,0,3,0,0,3,0,0,3,0,0,3,0,-9990,0,0,8,E,8,7,E,8,9.2,E,8,6.2,E,8,82,E,8,989,E,8,205,E,8,0.8,E,8,-9990,0,0,-9990,0,0,1.433,E,8,0.102,E,8,0.20,E,8,0,-9990,0,0
10/01/2005,22:00,0,0,0,3,0,0,3,0,0,3,0,0,3,0,0,3,0,0,3,0,-9990,0,0,6,E,8,6,E,8,8.3,E,8,5.9,E,8,84,E,8,990,E,8,268,E,8,0.1,E,8,-9990,0,0,-9990,0,0,1.400,E,8,0.102,E,8,0.20,E,8,0,-9990,0,0
10/01/2005,23:00,0,0,0,3,0,0,3,0,0,3,0,0,3,0,0,3,0,0,3,0,-9990,0,0,6,E,8,6,E,8,7.5,E,8,5.7,E,8,89,E,8,990,E,8,197,E,8,0.3,E,8,-9990,0,0,-9990,0,0,1.386,E,8,0.102,E,8,0.20,E,8,0,-9990,0,0
10/01/2005,24:00,0,0,0,3,0,0,3,0,0,3,0,0,3,0,0,3,0,0,3,0,-9990,0,0,5,E,8,5,E,8,6.6,E,8,4.8,E,8,88,E,8,990,E,8,185,E,8,1.3,E,8,-9990,0,0,-9990,0,0,1.294,E,8,0.102,E,8,0.20,E,8,0,-9990,0,0
10/02/2005,01:00,0,0,0,3,0,0,3,0,0,3,0,0,3,0,0,3,0,0,3,0,-9990,0,0,5,E,8,5,E,8,5.9,E,8,4.2,E,8,89,E,8,991,E,8,111,E,8,0.5,E,8,-9990,0,0,-9990,0,0,1.246,E,8,0.099,E,8,0.20,E,8,0,-9990,0,0
10/02/2005,02:00,0,0,0,3,0,0,3,0,0,3,0,0,3,0,0,3,0,0,3,0,-9990,0,0,4,E,8,3,E,8,5.1,E,8,3.7,E,8,90,E,8,991,E,8,53,E,8,0.6,E,8,-9990,0,0,-9990,0,0,1.200,E,8,0.099,E,8,0.20,E,8,0,-9990,0,0
10/02/2005,03:00,0,0,0,3,0,0,3,0,0,3,0,0,3,0,0,3,0,0,3,0,-9990,0,0,4,E,8,3,E,8,4.3,E,8,3.0,E,8,91,E,8,991,E,8,63,E,8,0.9,E,8,-9990,0,0,-9990,0,0,1.141,E,8,0.099,E,8,0.20,E,8,0,-9990,0,0
10/02/2005,04:00,0,0,0,3,0,0,3,0,0,3,0,0,3,0,0,3,0,0,3,0,-9990,0,0,3,E,8,2,E,8,3.8,E,8,2.4,E,8,91,E,8,992,E,8,121,E,8,1.5,E,8,-9990,0,0,-9990,0,0,1.099,E,8,0.099,E,8,0.20,E,8,0,-9990,0,0
10/02/2005,05:00,0,0,0,3,0,0,3,0,0,3,0,0,3,0,0,3,0,0,3,0,-9990,0,0,3,E,8,2,E,8,3.3,E,8,2.1,E,8,92,E,8,992,E,8,225,E,8,2.2,E,8,-9990,0,0,-9990,0,0,1.074,E,8,0.099,E,8,0.20,E,8,0,-9990,0,0
10/02/2005,06:00,0,0,0,3,0,0,3,0,0,3,0,0,3,0,0,3,0,0,3,0,-9990,0,0,1,E,8,1,E,8,2.9,E,8,2.0,E,8,93,E,8,992,E,8,202,E,8,1.7,E,8,-9990,0,0,-9990,0,0,1.064,E,8,0.099,E,8,0.20,E,8,0,-9990,0,0
10/02/2005,07:00,4,120,0,3,10,0,3,20,0,3,10,30,3,10,6,3,20,30,3,10,-9990,0,0,1,E,8,1,E,8,2.8,E,8,1.8,E,8,93,E,8,993,E,8,213,E,8,3.2,E,8,-9990,0,0,-9990,0,0,1.050,E,8,0.099,E,8,0.20,E,8,0,-9990,0,0
10/02/2005,08:00,160,1364,86,3,10,465,3,20,32,3,10,8710,3,10,30284,3,20,5164,3,10,-9990,0,0,0,E,8,0,E,8,4.2,E,8,1.8,E,8,85,E,8,993,E,8,264,E,8,3.7,E,8,-9990,0,0,-9990,0,0,1.052,E,8,0.099,E,8,0.20,E,8,0,-9990,0,0
10/02/2005,09:00,382,1364,248,3,10,728,3,20,44,3,10,26611,3,10,70449,3,20,6872,3,10,-9990,0,0,0,E,8,0,E,8,6.4,E,8,2.4,E,8,75,E,8,993,E,8,273,E,8,5.6,E,8,-9990,0,0,-9990,0,0,1.094,E,8,0.099,E,8,0.20,E,8,0,-9990,0,0
10/02/2005,10:00,575,1364,412,3,10,863,3,20,48,3,10,44354,3,10,87796,3,20,7370,3,10,-9990,0,0,0,E,8,0,E,8,9.0,E,8,2.2,E,8,63,E,8,994,E,8,194,E,8,5.3,E,8,-9990,0,0,-9990,0,0,1.086,E,8,0.099,E,8,0.20,E,8,0,-9990,0,0
10/02/2005,11:00,724,1364,546,3,10,926,3,20,54,3,10,58609,3,10,95136,3,20,8121,3,10,-9990,0,0,0,E,8,0,E,8,11.4,E,8,0.6,E,8,47,E,8,994,E,8,219,E,8,4.1,E,8,-9990,0,0,-9990,0,0,0.967,E,8,0.099,E,8,0.20,E,8,0,-9990,0,0
10/02/2005,12:00,820,1364,637,3,10,956,3,20,63,3,10,68250,3,10,98319,3,20,9157,3,10,-9990,0,0,0,E,8,0,E,8,13.5,E,8,1.4,E,8,44,E,8,995,E,8,180,E,8,5.1,E,8,-9990,0,0,-9990,0,0,1.025,E,8,0.099,E,8,0.20,E,8,0,-9990,0,0
10/02/2005,13:00,856,1364,670,3,10,963,3,20,66,3,10,71586,3,10,98977,3,20,9478,3,10,-9990,0,0,0,E,8,0,E,8,15.2,E,8,0.8,E,8,38,E,8,995,E,8,89,E,8,6.0,E,8,-9990,0,0,-9990,0,0,0.981,E,8,0.099,E,8,0.20,E,8,0,-9990,0,0
10/02/2005,14:00,830,1364,647,3,10,958,3,20,64,3,10,69161,3,10,98484,3,20,9257,3,10,-9990,0,0,0,E,8,0,E,8,16.2,E,8,0.8,E,8,35,E,8,995,E,8,105,E,8,6.0,E,8,-9990,0,0,-9990,0,0,0.984,E,8,0.099,E,8,0.20,E,8,0,-9990,0,0
10/02/2005,15:00,743,1364,568,3,10,937,3,20,57,3,10,60861,3,10,96187,3,20,8473,3,10,-9990,0,0,0,E,8,0,E,8,16.7,E,8,0.9,E,8,34,E,8,995,E,8,30,E,8,6.0,E,8,-9990,0,0,-9990,0,0,0.989,E,8,0.099,E,8,0.20,E,8,0,-9990,0,0
10/02/2005,16:00,601,1364,438,3,10,883,3,20,49,3,10,47156,3,10,90010,3,20,7462,3,10,-9990,0,0,0,E,8,0,E,8,16.6,E,8,0.9,E,8,34,E,8,995,E,8,197,E,8,6.0,E,8,-9990,0,0,-9990,0,0,0.985,E,8,0.099,E,8,0.20,E,8,0,-9990,0,0
10/02/2005,17:00,415,1364,279,3,10,769,3,20,44,3,10,29897,3,10,75335,3,20,6968,3,10,-9990,0,0,0,E,8,0,E,8,15.7,E,8,0.7,E,8,36,E,8,995,E,8,229,E,8,8.0,E,8,-9990,0,0,-9990,0,0,0.973,E,8,0.099,E,8,0.20,E,8,0,-9990,0,0
10/02/2005,18:00,196,1364,112,3,10,546,3,20,34,3,10,11540,3,10,42002,3,20,5489,3,10,-9990,0,0,0,E,8,0,E,8,14.0,E,8,0.9,E,8,41,E,8,994,E,8,248,E,8,8.2,E,8,-9990,0,0,-9990,0,0,0.991,E,8,0.099,E,8,0.20,E,8,0,-9990,0,0
10/02/2005,19:00,13,228,1,3,10,0,3,20,1,3,10,189,3,10,11,3,20,188,3,10,-9990,0,0,0,E,8,0,E,8,12.1,E,8,1.0,E,8,47,E,8,994,E,8,205,E,8,3.7,E,8,-9990,0,0,-9990,0,0,0.998,E,8,0.099,E,8,0.20,E,8,0,-9990,0,0
10/02/2005,20:00,0,0,0,3,0,0,3,0,0,3,0,0,3,0,0,3,0,0,3,0,-9990,0,0,0,E,8,0,E,8,10.8,E,8,2.2,E,8,55,E,8,994,E,8,148,E,8,3.7,E,8,-9990,0,0,-9990,0,0,1.081,E,8,0.099,E,8,0.20,E,8,0,-9990,0,0
10/02/2005,21:00,0,0,0,3,0,0,3,0,0,3,0,0,3,0,0,3,0,0,3,0,-9990,0,0,0,E,8,0,E,8,9.5,E,8,2.3,E,8,60,E,8,994,E,8,179,E,8,0.4,E,8,-9990,0,0,-9990,0,0,1.088,E,8,0.099,E,8,0.20,E,8,0,-9990,0,0
10/02/2005,22:00,0,0,0,3,0,0,3,0,0,3,0,0,3,0,0,3,0,0,3,0,-9990,0,0,0,E,8,0,E,8,8.3,E,8,2.8,E,8,68,E,8,994,E,8,56,E,8,0.4,E,8,-9990,0,0,-9990,0,0,1.128,E,8,0.099,E,8,0.20,E,8,0,-9990,0,0
10/02/2005,23:00,0,0,0,3,0,0,3,0,0,3,0,0,3,0,0,3,0,0,3,0,-9990,0,0,0,E,8,0,E,8,7.0,E,8,2.7,E,8,74,E,8,994,E,8,78,E,8,2.0,E,8,-9990,0,0,-9990,0,0,1.117,E,8,0.099,E,8,0.20,E,8,0,-9990,0,0
10/02/2005,24:00,0,0,0,3,0,0,3,0,0,3,0,0,3,0,0,3,0,0,3,0,-9990,0,0,0,E,8,0,E,8,5.8,E,8,2.3,E,8,78,E,8,994,E,8,196,E,8,1.9,E,8,-9990,0,0,-9990,0,0,1.088,E,8,0.099,E,8,0.20,E,8,0,-9990,0,0
10/03/2005,01:00,0,0,0,3,0,0,3,0,0,3,0,0,3,0,0,3,0,0,3,0,-9990,0,0,0,E,8,0,E,8,5.2,E,8,2.4,E,8,82,E,8,994,E,8,77,E,8,3.0,E,8,-9990,0,0,-9990,0,0,1.097,E,8,0.103,E,8,0.20,E,8,0,-9990,0,0
10/03/2005,02:00,0,0,0,3,0,0,3,0,0,3,0,0,3,0,0,3,0,0,3,0,-9990,0,0,0,E,8,0,E,8,4.6,E,8,2.5,E,8,86,E,8,994,E,8,217,E,8,4.4,E,8,-9990,0,0,-9990,0,0,1.106,E,8,0.103,E,8,0.20,E,8,0,-9990,0,0
10/03/2005,03:00,0,0,0,3,0,0,3,0,0,3,0,0,3,0,0,3,0,0,3,0,-9990,0,0,0,E,8,0,E,8,4.1,E,8,2.4,E,8,89,E,8,994,E,8,44,E,8,2.6,E,8,-9990,0,0,-9990,0,0,1.101,E,8,0.103,E,8,0.20,E,8,0,-9990,0,0
10/03/2005,04:00,0,0,0,3,0,0,3,0,0,3,0,0,3,0,0,3,0,0,3,0,-9990,0,0,0,E,8,0,E,8,3.8,E,8,2.5,E,8,91,E,8,994,E,8,71,E,8,3.4,E,8,-9990,0,0,-9990,0,0,1.104,E,8,0.103,E,8,0.20,E,8,0,-9990,0,0
10/03/2005,05:00,0,0,0,3,0,0,3,0,0,3,0,0,3,0,0,3,0,0,3,0,-9990,0,0,0,E,8,0,E,8,3.5,E,8,2.4,E,8,92,E,8,994,E,8,323,E,8,2.8,E,8,-9990,0,0,-9990,0,0,1.094,E,8,0.103,E,8,0.20,E,8,0,-9990,0,0
10/03/2005,06:00,0,0,0,3,0,0,3,0,0,3,0,0,3,0,0,3,0,0,3,0,-9990,0,0,0,E,8,0,E,8,3.2,E,8,2.2,E,8,93,E,8,994,E,8,52,E,8,2.0,E,8,-9990,0,0,-9990,0,0,1.083,E,8,0.103,E,8,0.20,E,8,0,-9990,0,0
10/03/2005,07:00,3,104,0,3,10,0,3,20,0,3,10,19,3,10,5,3,20,19,3,10,-9990,0,0,0,E,8,0,E,8,3.2,E,8,2.3,E,8,94,E,8,994,E,8,92,E,8,0.5,E,8,-9990,0,0,-9990,0,0,1.090,E,8,0.103,E,8,0.20,E,8,0,-9990,0,0
10/03/2005,08:00,154,1365,70,3,10,301,3,20,36,3,10,7227,3,10,14972,3,20,5536,3,10,-9990,0,0,0,E,8,0,E,8,4.6,E,8,3.2,E,8,90,E,8,993,E,8,192,E,8,0.9,E,8,-9990,0,0,-9990,0,0,1.162,E,8,0.103,E,8,0.20,E,8,0,-9990,0,0
10/03/2005,09:00,376,1365,208,3,10,506,3,20,68,3,10,21916,3,10,41691,3,20,10415,3,10,-9990,0,0,0,E,8,0,E,8,7.0,E,8,4.1,E,8,81,E,8,993,E,8,141,E,8,0.9,E,8,-9990,0,0,-9990,0,0,1.233,E,8,0.103,E,8,0.20,E,8,0,-9990,0,0
10/03/2005,10:00,569,1365,336,3,10,540,3,20,111,3,10,35475,3,10,46566,3,20,16069,3,10,-9990,0,0,3,E,8,2,E,8,9.5,E,8,3.7,E,8,67,E,8,993,E,8,69,E,8,0.6,E,8,-9990,0,0,-9990,0,0,1.205,E,8,0.103,E,8,0.20,E,8,0,-9990,0,0
10/03/2005,11:00,718,1365,458,3,10,606,3,20,139,3,10,48638,3,10,55272,3,20,19568,3,10,-9990,0,0,3,E,8,2,E,8,12.0,E,8,3.7,E,8,56,E,8,993,E,8,81,E,8,0.4,E,8,-9990,0,0,-9990,0,0,1.199,E,8,0.103,E,8,0.20,E,8,0,-9990,0,0
10/03/2005,12:00,813,1365,533,3,10,649,3,20,146,3,10,57116,3,10,61539,3,20,20437,3,10,-9990,0,0,1,E,8,1,E,8,14.2,E,8,3.9,E,8,50,E,8,993,E,8,178,E,8,0.4,E,8,-9990,0,0,-9990,0,0,1.217,E,8,0.103,E,8,0.20,E,8,0,-9990,0,0
10/03/2005,13:00,849,1365,566,3,10,670,3,20,149,3,10,60882,3,10,64361,3,20,20835,3,10,-9990,0,0,1,E,8,1,E,8,16.0,E,8,4.6,E,8,47,E,8,993,E,8,214,E,8,0.4,E,8,-9990,0,0,-9990,0,0,1.276,E,8,0.103,E,8,0.20,E,8,0,-9990,0,0
10/03/2005,14:00,823,1365,559,3,10,721,3,20,124,3,10,60682,3,10,70852,3,20,17975,3,10,-9990,0,0,0,E,8,0,E,8,17.2,E,8,4.2,E,8,42,E,8,993,E,8,218,E,8,0.6,E,8,-9990,0,0,-9990,0,0,1.243,E,8,0.103,E,8,0.20,E,8,0,-9990,0,0
10/03/2005,15:00,735,1365,491,3,10,714,3,20,106,3,10,53309,3,10,69757,3,20,15713,3,10,-9990,0,0,0,E,8,0,E,8,17.9,E,8,4.5,E,8,41,E,8,993,E,8,269,E,8,0.9,E,8,-9990,0,0,-9990,0,0,1.268,E,8,0.103,E,8,0.20,E,8,0,-9990,0,0
10/03/2005,16:00,594,1365,379,3,10,671,3,20,87,3,10,40920,3,10,63569,3,20,13259,3,10,-9990,0,0,0,E,8,0,E,8,18.0,E,8,4.5,E,8,41,E,8,993,E,8,272,E,8,0.6,E,8,-9990,0,0,-9990,0,0,1.268,E,8,0.103,E,8,0.20,E,8,0,-9990,0,0
10/03/2005,17:00,407,1365,235,3,10,558,3,20,68,3,10,24940,3,10,48411,3,20,10494,3,10,-9990,0,0,0,E,8,0,E,8,17.1,E,8,4.6,E,8,43,E,8,993,E,8,262,E,8,0.6,E,8,-9990,0,0,-9990,0,0,1.279,E,8,0.103,E,8,0.20,E,8,0,-9990,0,0
10/03/2005,18:00,188,1365,85,3,10,301,3,20,44,3,10,9140,3,10,19418,3,20,6459,3,10,-9990,0,0,0,E,8,0,E,8,15.5,E,8,4.5,E,8,48,E,8,993,E,8,292,E,8,0.2,E,8,-9990,0,0,-9990,0,0,1.269,E,8,0.103,E,8,0.20,E,8,0,-9990,0,0
10/03/2005,19:00,11,204,1,3,10,0,3,20,1,3,10,94,3,10,8,3,20,93,3,10,-9990,0,0,1,E,8,1,E,8,13.7,E,8,4.7,E,8,54,E,8,993,E,8,249,E,8,0.3,E,8,-9990,0,0,-9990,0,0,1.287,E,8,0.103,E,8,0.20,E,8,0,-9990,0,0
10/03/2005,20:00,0,0,0,3,0,0,3,0,0,3,0,0,3,0,0,3,0,0,3,0,-9990,0,0,1,E,8,1,E,8,12.8,E,8,5.9,E,8,63,E,8,992,E,8,270,E,8,0.2,E,8,-9990,0,0,-9990,0,0,1.398,E,8,0.103,E,8,0.20,E,8,0,-9990,0,0
10/03/2005,21:00,0,0,0,3,0,0,3,0,0,3,0,0,3,0,0,3,0,0,3,0,-9990,0,0,1,E,8,1,E,8,11.9,E,8,5.5,E,8,65,E,8,992,E,8,284,E,8,1.3,E,8,-9990,0,0,-9990,0,0,1.367,E,8,0.103,E,8,0.20,E,8,0,-9990,0,0
10/03/2005,22:00,0,0,0,3,0,0,3,0,0,3,0,0,3,0,0,3,0,0,3,0,-9990,0,0,1,E,8,1,E,8,11.0,E,8,5.2,E,8,67,E,8,992,E,8,269,E,8,4.1,E,8,-9990,0,0,-9990,0,0,1.333,E,8,0.103,E,8,0.20,E,8,0,-9990,0,0
10/03/2005,23:00,0,0,0,3,0,0,3,0,0,3,0,0,3,0,0,3,0,0,3,0,-9990,0,0,3,E,8,2,E,8,10.1,E,8,4.3,E,8,67,E,8,992,E,8,274,E,8,6.0,E,8,-9990,0,0,-9990,0,0,1.256,E,8,0.103,E,8,0.20,E,8,0,-9990,0,0
10/03/2005,24:00,0,0,0,3,0,0,3,0,0,3,0,0,3,0,0,3,0,0,3,0,-9990,0,0,3,E,8,2,E,8,9.3,E,8,4.6,E,8,72,E,8,992,E,8,283,E,8,6.4,E,8,-9990,0,0,-9990,0,0,1.276,E,8,0.103,E,8,0.20,E,8,0,-9990,0,0
10/04/2005,01:00,0,0,0,3,0,0,3,0,0,3,0,0,3,0,0,3,0,0,3,0,-9990,0,0,3,E,8,2,E,8,8.5,E,8,3.8,E,8,72,E,8,992,E,8,319,E,8,5.1,E,8,-9990,0,0,-9990,0,0,1.211,E,8,0.106,E,8,0.20,E,8,0,-9990,0,0
10/04/2005,02:00,0,0,0,3,0,0,3,0,0,3,0,0,3,0,0,3,0,0,3,0,-9990,0,0,3,E,8,2,E,8,7.8,E,8,3.8,E,8,76,E,8,992,E,8,267,E,8,5.1,E,8,-9990,0,0,-9990,0,0,1.213,E,8,0.106,E,8,0.20,E,8,0,-9990,0,0
10/04/2005,03:00,0,0,0,3,0,0,3,0,0,3,0,0,3,0,0,3,0,0,3,0,-9990,0,0,4,E,8,3,E,8,7.0,E,8,3.7,E,8,80,E,8,992,E,8,302,E,8,4.8,E,8,-9990,0,0,-9990,0,0,1.205,E,8,0.106,E,8,0.20,E,8,0,-9990,0,0
10/04/2005,04:00,0,0,0,3,0,0,3,0,0,3,0,0,3,0,0,3,0,0,3,0,-9990,0,0,4,E,8,3,E,8,6.6,E,8,3.6,E,8,81,E,8,992,E,8,256,E,8,4.4,E,8,-9990,0,0,-9990,0,0,1.194,E,8,0.106,E,8,0.20,E,8,0,-9990,0,0
10/04/2005,05:00,0,0,0,3,0,0,3,0,0,3,0,0,3,0,0,3,0,0,3,0,-9990,0,0,4,E,8,3,E,8,6.1,E,8,3.9,E,8,86,E,8,992,E,8,280,E,8,7.0,E,8,-9990,0,0,-9990,0,0,1.223,E,8,0.106,E,8,0.20,E,8,0,-9990,0,0
10/04/2005,06:00,0,0,0,3,0,0,3,0,0,3,0,0,3,0,0,3,0,0,3,0,-9990,0,0,4,E,8,3,E,8,5.9,E,8,5.0,E,8,94,E,8,992,E,8,336,E,8,7.4,E,8,-9990,0,0,-9990,0,0,1.312,E,8,0.106,E,8,0.20,E,8,0,-9990,0,0
10/04/2005,07:00,2,88,0,3,10,0,3,20,0,3,10,15,3,10,5,3,20,15,3,10,-9990,0,0,5,E,8,5,E,8,5.8,E,8,5.1,E,8,95,E,8,992,E,8,268,E,8,4.8,E,8,-9990,0,0,-9990,0,0,1.326,E,8,0.106,E,8,0.20,E,8,0,-9990,0,0
10/04/2005,08:00,149,1365,59,3,10,202,3,20,37,3,10,6275,3,10,7863,3,20,5419,3,10,-9990,0,0,5,E,8,5,E,8,7.0,E,8,5.5,E,8,90,E,8,991,E,8,196,E,8,6.0,E,8,-9990,0,0,-9990,0,0,1.363,E,8,0.106,E,8,0.20,E,8,0,-9990,0,0
10/04/2005,09:00,371,1365,180,3,10,339,3,20,87,3,10,19239,3,10,23741,3,20,12792,3,10,-9990,0,0,5,E,8,5,E,8,9.0,E,8,6.8,E,8,86,E,8,991,E,8,217,E,8,5.3,E,8,-9990,0,0,-9990,0,0,1.496,E,8,0.106,E,8,0.20,E,8,0,-9990,0,0
10/04/2005,10:00,563,1365,299,3,10,363,3,20,149,3,10,31903,3,10,25519,3,20,21384,3,10,-9990,0,0,6,E,8,5,E,8,11.2,E,8,7.3,E,8,77,E,8,991,E,8,252,E,8,3.7,E,8,-9990,0,0,-9990,0,0,1.542,E,8,0.106,E,8,0.20,E,8,0,-9990,0,0
10/04/2005,11:00,712,1365,411,3,10,448,3,20,177,3,10,44429,3,10,35886,3,20,25726,3,10,-9990,0,0,5,E,8,4,E,8,13.4,E,8,8.2,E,8,71,E,8,991,E,8,276,E,8,7.4,E,8,-9990,0,0,-9990,0,0,1.648,E,8,0.106,E,8,0.20,E,8,0,-9990,0,0
10/04/2005,12:00,807,1365,468,3,10,410,3,20,225,3,10,50219,3,10,30643,3,20,32109,3,10,-9990,0,0,6,E,8,5,E,8,15.2,E,8,8.6,E,8,65,E,8,991,E,8,265,E,8,6.4,E,8,-9990,0,0,-9990,0,0,1.698,E,8,0.106,E,8,0.20,E,8,0,-9990,0,0
10/04/2005,13:00,842,1365,478,3,10,382,3,20,243,3,10,52566,3,10,37408,3,20,29487,3,10,-9990,0,0,6,E,8,5,E,8,16.6,E,8,9.1,E,8,61,E,8,991,E,8,307,E,8,5.6,E,8,-9990,0,0,-9990,0,0,1.752,E,8,0.106,E,8,0.20,E,8,0,-9990,0,0
10/04/2005,14:00,815,1365,446,3,10,341,3,20,242,3,10,48822,3,10,32721,3,20,29279,3,10,-9990,0,0,6,E,8,5,E,8,17.5,E,8,8.4,E,8,55,E,8,991,E,8,302,E,8,7.8,E,8,-9990,0,0,-9990,0,0,1.667,E,8,0.106,E,8,0.20,E,8,0,-9990,0,0
10/04/2005,15:00,728,1365,383,3,10,318,3,20,213,3,10,41768,3,10,29406,3,20,26087,3,10,-9990,0,0,6,E,8,5,E,8,17.8,E,8,9.2,E,8,57,E,8,991,E,8,316,E,8,7.4,E,8,-9990,0,0,-9990,0,0,1.767,E,8,0.106,E,8,0.20,E,8,0,-9990,0,0
10/04/2005,16:00,586,1365,286,3,10,180,3,20,209,3,10,31406,3,10,15999,3,20,24538,3,10,-9990,0,0,9,E,8,8,E,8,17.7,E,8,9.3,E,8,58,E,8,990,E,8,303,E,8,6.7,E,8,-9990,0,0,-9990,0,0,1.779,E,8,0.106,E,8,0.20,E,8,0,-9990,0,0
10/04/2005,17:00,399,1365,170,3,10,145,3,20,128,3,10,18722,3,10,11882,3,20,15247,3,10,-9990,0,0,9,E,8,8,E,8,16.8,E,8,9.2,E,8,61,E,8,990,E,8,340,E,8,7.0,E,8,-9990,0,0,-9990,0,0,1.769,E,8,0.106,E,8,0.20,E,8,0,-9990,0,0
10/04/2005,18:00,180,1365,60,3,10,67,3,20,51,3,10,6620,3,10,3096,3,20,6211,3,10,-9990,0,0,9,E,8,8,E,8,15.4,E,8,8.7,E,8,64,E,8,990,E,8,325,E,8,4.1,E,8,-9990,0,0,-9990,0,0,1.707,E,8,0.106,E,8,0.20,E,8,0,-9990,0,0
10/04/2005,19:00,8,181,0,3,10,0,3,20,0,3,10,64,3,10,7,3,20,64,3,10,-9990,0,0,9,E,8,8,E,8,13.9,E,8,8.6,E,8,70,E,8,990,E,8,291,E,8,6.4,E,8,-9990,0,0,-9990,0,0,1.697,E,8,0.106,E,8,0.20,E,8,0,-9990,0,0
10/04/2005,20:00,0,0,0,3,0,0,3,0,0,3,0,0,3,0,0,3,0,0,3,0,-9990,0,0,9,E,8,8,E,8,13.4,E,8,9.5,E,8,77,E,8,989,E,8,328,E,8,4.4,E,8,-9990,0,0,-9990,0,0,1.807,E,8,0.106,E,8,0.20,E,8,0,-9990,0,0
10/04/2005,21:00,0,0,0,3,0,0,3,0,0,3,0,0,3,0,0,3,0,0,3,0,-9990,0,0,9,E,8,8,E,8,13.0,E,8,9.2,E,8,78,E,8,989,E,8,270,E,8,2.0,E,8,-9990,0,0,-9990,0,0,1.761,E,8,0.106,E,8,0.20,E,8,0,-9990,0,0
10/04/2005,22:00,0,0,0,3,0,0,3,0,0,3,0,0,3,0,0,3,0,0,3,0,-9990,0,0,9,E,8,8,E,8,12.5,E,8,8.6,E,8,77,E,8,989,E,8,278,E,8,0.3,E,8,-9990,0,0,-9990,0,0,1.693,E,8,0.106,E,8,0.20,E,8,0,-9990,0,0
10/04/2005,23:00,0,0,0,3,0,0,3,0,0,3,0,0,3,0,0,3,0,0,3,0,-9990,0,0,9,E,8,8,E,8,12.0,E,8,8.5,E,8,79,E,8,989,E,8,257,E,8,0.0,E,8,-9990,0,0,-9990,0,0,1.687,E,8,0.106,E,8,0.20,E,8,0,-9990,0,0
10/04/2005,24:00,0,0,0,3,0,0,3,0,0,3,0,0,3,0,0,3,0,0,3,0,-9990,0,0,9,E,8,8,E,8,11.6,E,8,8.4,E,8,81,E,8,988,E,8,289,E,8,0.0,E,8,-9990,0,0,-9990,0,0,1.671,E,8,0.106,E,8,0.20,E,8,0,-9990,0,0
10/05/2005,01:00,0,0,0,3,0,0,3,0,0,3,0,0,3,0,0,3,0,0,3,0,-9990,0,0,9,E,8,8,E,8,11.3,E,8,7.7,E,8,78,E,8,988,E,8,298,E,8,0.0,E,8,-9990,0,0,-9990,0,0,1.585,E,8,0.116,E,8,0.20,E,8,0,-9990,0,0
10/05/2005,02:00,0,0,0,3,0,0,3,0,0,3,0,0,3,0,0,3,0,0,3,0,-9990,0,0,10,E,8,9,E,8,11.2,E,8,7.7,E,8,79,E,8,988,E,8,308,E,8,0.0,E,8,-9990,0,0,-9990,0,0,1.591,E,8,0.116,E,8,0.20,E,8,0,-9990,0,0
10/05/2005,03:00,0,0,0,3,0,0,3,0,0,3,0,0,3,0,0,3,0,0,3,0,-9990,0,0,10,E,8,9,E,8,11.0,E,8,8.1,E,8,82,E,8,988,E,8,279,E,8,0.0,E,8,-9990,0,0,-9990,0,0,1.635,E,8,0.116,E,8,0.20,E,8,0,-9990,0,0
10/05/2005,04:00,0,0,0,3,0,0,3,0,0,3,0,0,3,0,0,3,0,0,3,0,-9990,0,0,10,E,8,9,E,8,10.9,E,8,9.7,E,8,92,E,8,987,E,8,284,E,8,0.1,E,8,-9990,0,0,-9990,0,0,1.826,E,8,0.116,E,8,0.20,E,8,0,-9990,0,0
10/05/2005,05:00,0,0,0,3,0,0,3,0,0,3,0,0,3,0,0,3,0,0,3,0,-9990,0,0,10,E,8,9,E,8,10.9,E,8,10.2,E,8,96,E,8,987,E,8,308,E,8,0.1,E,8,-9990,0,0,-9990,0,0,1.898,E,8,0.116,E,8,0.20,E,8,0,-9990,0,0
10/05/2005,06:00,0,0,0,3,0,0,3,0,0,3,0,0,3,0,0,3,0,0,3,0,-9990,0,0,10,E,8,9,E,8,10.9,E,8,10.3,E,8,97,E,8,987,E,8,300,E,8,0.4,E,8,-9990,0,0,-9990,0,0,1.914,E,8,0.116,E,8,0.20,E,8,0,-9990,0,0
10/05/2005,07:00,1,72,0,3,10,0,3,20,0,3,10,8,3,10,3,3,20,8,3,10,-9990,0,0,10,E,8,9,E,8,10.9,E,8,10.4,E,8,96,E,8,987,E,8,344,E,8,1.6,E,8,-9990,0,0,-9990,0,0,1.915,E,8,0.116,E,8,0.20,E,8,0,-9990,0,0
10/05/2005,08:00,143,1366,6,3,10,0,3,20,6,3,10,769,3,10,10,3,20,768,3,10,-9990,0,0,10,E,8,9,E,8,11.1,E,8,10.1,E,8,94,E,8,986,E,8,301,E,8,1.0,E,8,-9990,0,0,-9990,0,0,1.883,E,8,0.116,E,8,0.20,E,8,0,-9990,0,0
10/05/2005,09:00,365,1366,18,3,10,0,3,20,18,3,10,2353,3,10,0,3,20,2353,3,10,-9990,0,0,10,E,8,9,E,8,11.4,E,8,9.4,E,8,88,E,8,986,E,8,296,E,8,1.0,E,8,-9990,0,0,-9990,0,0,1.794,E,8,0.116,E,8,0.20,E,8,0,-9990,0,0
10/05/2005,10:00,557,1366,32,3,10,0,3,20,32,3,10,4030,3,10,0,3,20,4030,3,10,-9990,0,0,10,E,8,9,E,8,11.6,E,8,9.4,E,8,86,E,8,986,E,8,273,E,8,2.6,E,8,-9990,0,0,-9990,0,0,1.793,E,8,0.116,E,8,0.20,E,8,1,-9990,0,0
10/05/2005,11:00,705,1366,42,3,10,0,3,20,42,3,10,5426,3,10,0,3,20,5426,3,10,-9990,0,0,10,E,8,9,E,8,12.0,E,8,10.1,E,8,88,E,8,985,E,8,315,E,8,2.4,E,8,-9990,0,0,-9990,0,0,1.876,E,8,0.116,E,8,0.20,E,8,0,-9990,0,0
10/05/2005,12:00,801,1366,49,3,10,0,3,20,49,3,10,6354,3,10,0,3,20,6354,3,10,-9990,0,0,10,E,8,9,E,8,12.3,E,8,9.7,E,8,84,E,8,985,E,8,306,E,8,2.4,E,8,-9990,0,0,-9990,0,0,1.829,E,8,0.116,E,8,0.20,E,8,0,-9990,0,0
10/05/2005,13:00,836,1366,52,3,10,0,3,20,52,3,10,6702,3,10,0,3,20,6702,3,10,-9990,0,0,10,E,8,9,E,8,12.5,E,8,11.0,E,8,91,E,8,985,E,8,294,E,8,1.3,E,8,-9990,0,0,-9990,0,0,2.008,E,8,0.116,E,8,0.20,E,8,0,-9990,0,0
10/05/2005,14:00,808,1366,373,3,10,184,3,20,265,3,10,41528,3,10,17292,3,20,31296,3,10,-9990,0,0,9,E,8,8,E,8,14.5,E,8,11.7,E,8,83,E,8,985,E,8,272,E,8,1.7,E,8,-9990,0,0,-9990,0,0,2.101,E,8,0.116,E,8,0.20,E,8,0,-9990,0,0
10/05/2005,15:00,721,1366,326,3,10,118,3,20,264,3,10,36431,3,10,11704,3,20,30257,3,10,-9990,0,0,10,E,8,9,E,8,15.3,E,8,13.6,E,8,89,E,8,986,E,8,217,E,8,2.6,E,8,-9990,0,0,-9990,0,0,2.402,E,8,0.116,E,8,0.20,E,8,3,-9990,0,0
10/05/2005,16:00,578,1366,247,3,10,109,3,20,201,3,10,27324,3,10,7584,3,20,24113,3,10,-9990,0,0,9,E,8,8,E,8,16.6,E,8,14.2,E,8,86,E,8,986,E,8,188,E,8,3.7,E,8,-9990,0,0,-9990,0,0,2.506,E,8,0.116,E,8,0.20,E,8,0,-9990,0,0
10/05/2005,17:00,391,1366,153,3,10,87,3,20,128,3,10,17069,3,10,8034,3,20,14767,3,10,-9990,0,0,10,E,8,9,E,8,16.6,E,8,14.2,E,8,86,E,8,986,E,8,311,E,8,7.0,E,8,-9990,0,0,-9990,0,0,2.510,E,8,0.116,E,8,0.20,E,8,1,-9990,0,0
10/05/2005,18:00,172,1366,56,3,10,62,3,20,48,3,10,6254,3,10,1946,3,20,6008,3,10,-9990,0,0,9,E,8,8,E,8,16.4,E,8,14.1,E,8,86,E,8,986,E,8,262,E,8,5.1,E,8,-9990,0,0,-9990,0,0,2.484,E,8,0.116,E,8,0.20,E,8,0,-9990,0,0
10/05/2005,19:00,6,158,0,3,10,0,3,20,0,3,10,50,3,10,7,3,20,49,3,10,-9990,0,0,9,E,8,8,E,8,15.8,E,8,13.5,E,8,86,E,8,987,E,8,275,E,8,4.1,E,8,-9990,0,0,-9990,0,0,2.384,E,8,0.116,E,8,0.20,E,8,0,-9990,0,0
10/05/2005,20:00,0,0,0,3,0,0,3,0,0,3,0,0,3,0,0,3,0,0,3,0,-9990,0,0,9,E,8,8,E,8,15.1,E,8,12.8,E,8,86,E,8,987,E,8,187,E,8,1.3,E,8,-9990,0,0,-9990,0,0,2.272,E,8,0.116,E,8,0.20,E,8,0,-9990,0,0
10/05/2005,21:00,0,0,0,3,0,0,3,0,0,3,0,0,3,0,0,3,0,0,3,0,-9990,0,0,9,E,8,8,E,8,14.4,E,8,12.1,E,8,86,E,8,987,E,8,260,E,8,1.2,E,8,-9990,0,0,-9990,0,0,2.166,E,8,0.116,E,8,0.20,E,8,0,-9990,0,0
10/05/2005,22:00,0,0,0,3,0,0,3,0,0,3,0,0,3,0,0,3,0,0,3,0,-9990,0,0,9,E,8,8,E,8,13.7,E,8,11.4,E,8,86,E,8,988,E,8,194,E,8,0.8,E,8,-9990,0,0,-9990,0,0,2.065,E,8,0.116,E,8,0.20,E,8,0,-9990,0,0
10/05/2005,23:00,0,0,0,3,0,0,3,0,0,3,0,0,3,0,0,3,0,0,3,0,-9990,0,0,9,E,8,8,E,8,13.0,E,8,10.7,E,8,86,E,8,988,E,8,272,E,8,0.7,E,8,-9990,0,0,-9990,0,0,1.969,E,8,0.116,E,8,0.20,E,8,0,-9990,0,0
10/05/2005,24:00,0,0,0,3,0,0,3,0,0,3,0,0,3,0,0,3,0,0,3,0,-9990,0,0,8,E,8,7,E,8,12.3,E,8,10.1,E,8,86,E,8,988,E,8,203,E,8,0.6,E,8,-9990,0,0,-9990,0,0,1.877,E,8,0.116,E,8,0.20,E,8,0,-9990,0,0
10/06/2005,01:00,0,0,0,3,0,0,3,0,0,3,0,0,3,0,0,3,0,0,3,0,-9990,0,0,8,E,8,7,E,8,11.3,E,8,9.1,E,8,86,E,8,988,E,8,195,E,8,0.7,E,8,-9990,0,0,-9990,0,0,1.757,E,8,0.098,E,8,0.20,E,8,0,-9990,0,0
10/06/2005,02:00,0,0,0,3,0,0,3,0,0,3,0,0,3,0,0,3,0,0,3,0,-9990,0,0,8,E,8,7,E,8,10.3,E,8,8.2,E,8,87,E,8,989,E,8,64,E,8,2.0,E,8,-9990,0,0,-9990,0,0,1.644,E,8,0.098,E,8,0.20,E,8,0,-9990,0,0
10/06/2005,03:00,0,0,0,3,0,0,3,0,0,3,0,0,3,0,0,3,0,0,3,0,-9990,0,0,8,E,8,7,E,8,9.3,E,8,7.9,E,8,91,E,8,989,E,8,335,E,8,1.7,E,8,-9990,0,0,-9990,0,0,1.609,E,8,0.098,E,8,0.20,E,8,0,-9990,0,0
10/06/2005,04:00,0,0,0,3,0,0,3,0,0,3,0,0,3,0,0,3,0,0,3,0,-9990,0,0,8,E,8,7,E,8,8.8,E,8,7.2,E,8,90,E,8,989,E,8,348,E,8,2.0,E,8,-9990,0,0,-9990,0,0,1.540,E,8,0.098,E,8,0.20,E,8,0,-9990,0,0
10/06/2005,05:00,0,0,0,3,0,0,3,0,0,3,0,0,3,0,0,3,0,0,3,0,-9990,0,0,8,E,8,7,E,8,8.2,E,8,7.1,E,8,92,E,8,990,E,8,4,E,8,0.9,E,8,-9990,0,0,-9990,0,0,1.523,E,8,0.098,E,8,0.20,E,8,0,-9990,0,0
10/06/2005,06:00,0,0,0,3,0,0,3,0,0,3,0,0,3,0,0,3,0,0,3,0,-9990,0,0,6,E,8,6,E,8,7.9,E,8,6.5,E,8,91,E,8,990,E,8,87,E,8,0.8,E,8,-9990,0,0,-9990,0,0,1.467,E,8,0.098,E,8,0.20,E,8,0,-9990,0,0
10/06/2005,07:00,1,56,0,3,10,0,3,20,0,3,10,4,3,10,2,3,20,4,3,10,-9990,0,0,6,E,8,6,E,8,7.8,E,8,7.0,E,8,94,E,8,990,E,8,313,E,8,0.5,E,8,-9990,0,0,-9990,0,0,1.511,E,8,0.098,E,8,0.20,E,8,0,-9990,0,0
10/06/2005,08:00,137,1367,65,3,10,191,3,20,45,3,10,6770,3,10,2354,3,20,6534,3,10,-9990,0,0,6,E,8,6,E,8,9.0,E,8,7.6,E,8,90,E,8,991,E,8,324,E,8,0.8,E,8,-9990,0,0,-9990,0,0,1.574,E,8,0.098,E,8,0.20,E,8,0,-9990,0,0
10/06/2005,09:00,359,1367,171,3,10,298,3,20,93,3,10,18257,3,10,17954,3,20,13538,3,10,-9990,0,0,6,E,8,6,E,8,10.8,E,8,8.6,E,8,86,E,8,991,E,8,345,E,8,1.7,E,8,-9990,0,0,-9990,0,0,1.689,E,8,0.098,E,8,0.20,E,8,0,-9990,0,0
10/06/2005,10:00,551,1367,289,3,10,374,3,20,139,3,10,31109,3,10,27156,3,20,20163,3,10,-9990,0,0,6,E,8,5,E,8,12.8,E,8,8.1,E,8,73,E,8,991,E,8,104,E,8,2.0,E,8,-9990,0,0,-9990,0,0,1.632,E,8,0.098,E,8,0.20,E,8,0,-9990,0,0
10/06/2005,11:00,699,1367,427,3,10,549,3,20,146,3,10,45425,3,10,48670,3,20,20528,3,10,-9990,0,0,4,E,8,3,E,8,15.1,E,8,8.3,E,8,63,E,8,991,E,8,201,E,8,2.4,E,8,-9990,0,0,-9990,0,0,1.654,E,8,0.098,E,8,0.20,E,8,0,-9990,0,0
10/06/2005,12:00,794,1367,494,3,10,541,3,20,180,3,10,54300,3,10,47556,3,20,26676,3,10,-9990,0,0,4,E,8,3,E,8,17.1,E,8,8.9,E,8,59,E,8,992,E,8,177,E,8,4.8,E,8,-9990,0,0,-9990,0,0,1.735,E,8,0.098,E,8,0.20,E,8,0,-9990,0,0
10/06/2005,13:00,829,1367,444,3,10,287,3,20,269,3,10,48365,3,10,26559,3,20,32262,3,10,-9990,0,0,8,E,8,6,E,8,18.1,E,8,8.7,E,8,54,E,8,992,E,8,213,E,8,4.4,E,8,-9990,0,0,-9990,0,0,1.705,E,8,0.098,E,8,0.20,E,8,0,-9990,0,0
10/06/2005,14:00,801,1367,504,3,10,535,3,20,191,3,10,55170,3,10,46311,3,20,28023,3,10,-9990,0,0,5,E,8,4,E,8,19.3,E,8,8.6,E,8,50,E,8,992,E,8,196,E,8,5.3,E,8,-9990,0,0,-9990,0,0,1.698,E,8,0.098,E,8,0.20,E,8,0,-9990,0,0
10/06/2005,15:00,713,1367,474,3,10,618,3,20,151,3,10,50521,3,10,56184,3,20,21203,3,10,-9990,0,0,3,E,8,2,E,8,20.0,E,8,9.2,E,8,50,E,8,992,E,8,261,E,8,3.7,E,8,-9990,0,0,-9990,0,0,1.769,E,8,0.098,E,8,0.20,E,8,0,-9990,0,0
10/06/2005,16:00,571,1367,268,3,10,200,3,20,184,3,10,29578,3,10,18631,3,20,21798,3,10,-9990,0,0,9,E,8,8,E,8,19.6,E,8,8.4,E,8,48,E,8,991,E,8,203,E,8,2.8,E,8,-9990,0,0,-9990,0,0,1.675,E,8,0.098,E,8,0.20,E,8,0,-9990,0,0
10/06/2005,17:00,384,1367,165,3,10,148,3,20,123,3,10,18175,3,10,12354,3,20,14708,3,10,-9990,0,0,9,E,8,8,E,8,18.6,E,8,8.0,E,8,50,E,8,991,E,8,205,E,8,1.6,E,8,-9990,0,0,-9990,0,0,1.628,E,8,0.098,E,8,0.20,E,8,0,-9990,0,0
10/06/2005,18:00,164,1367,67,3,10,220,3,20,40,3,10,7233,3,10,9327,3,20,6111,3,10,-9990,0,0,9,E,8,8,E,8,17.3,E,8,8.9,E,8,58,E,8,991,E,8,242,E,8,3.4,E,8,-9990,0,0,-9990,0,0,1.732,E,8,0.098,E,8,0.20,E,8,0,-9990,0,0
10/06/2005,19:00,5,136,0,3,10,0,3,20,0,3,10,57,3,10,9,3,20,57,3,10,-9990,0,0,9,E,8,8,E,8,15.8,E,8,8.9,E,8,64,E,8,991,E,8,261,E,8,4.1,E,8,-9990,0,0,-9990,0,0,1.732,E,8,0.098,E,8,0.20,E,8,0,-9990,0,0
10/06/2005,20:00,0,0,0,3,0,0,3,0,0,3,0,0,3,0,0,3,0,0,3,0,-9990,0,0,9,E,8,8,E,8,15.1,E,8,9.8,E,8,71,E,8,991,E,8,300,E,8,3.4,E,8,-9990,0,0,-9990,0,0,1.845,E,8,0.098,E,8,0.20,E,8,0,-9990,0,0
10/06/2005,21:00,0,0,0,3,0,0,3,0,0,3,0,0,3,0,0,3,0,0,3,0,-9990,0,0,9,E,8,8,E,8,14.5,E,8,9.5,E,8,72,E,8,991,E,8,283,E,8,2.2,E,8,-9990,0,0,-9990,0,0,1.806,E,8,0.098,E,8,0.20,E,8,0,-9990,0,0
10/06/2005,22:00,0,0,0,3,0,0,3,0,0,3,0,0,3,0,0,3,0,0,3,0,-9990,0,0,9,E,8,8,E,8,13.8,E,8,9.6,E,8,76,E,8,990,E,8,184,E,8,2.4,E,8,-9990,0,0,-9990,0,0,1.812,E,8,0.098,E,8,0.20,E,8,0,-9990,0,0
10/06/2005,23:00,0,0,0,3,0,0,3,0,0,3,0,0,3,0,0,3,0,0,3,0,-9990,0,0,9,E,8,8,E,8,13.1,E,8,9.8,E,8,80,E,8,990,E,8,158,E,8,3.2,E,8,-9990,0,0,-9990,0,0,1.841,E,8,0.098,E,8,0.20,E,8,0,-9990,0,0
10/06/2005,24:00,0,0,0,3,0,0,3,0,0,3,0,0,3,0,0,3,0,0,3,0,-9990,0,0,9,E,8,8,E,8,12.4,E,8,9.5,E,8,82,E,8,990,E,8,180,E,8,2.4,E,8,-9990,0,0,-9990,0,0,1.808,E,8,0.098,E,8,0.20,E,8,0,-9990,0,0
10/07/2005,01:00,0,0,0,3,0,0,3,0,0,3,0,0,3,0,0,3,0,0,3,0,-9990,0,0,9,E,8,8,E,8,12.0,E,8,8.9,E,8,81,E,8,990,E,8,113,E,8,2.6,E,8,-9990,0,0,-9990,0,0,1.734,E,8,0.084,E,8,0.20,E,8,0,-9990,0,0
10/07/2005,02:00,0,0,0,3,0,0,3,0,0,3,0,0,3,0,0,3,0,0,3,0,-9990,0,0,10,E,8,9,E,8,11.6,E,8,9.0,E,8,84,E,8,990,E,8,109,E,8,2.8,E,8,-9990,0,0,-9990,0,0,1.742,E,8,0.084,E,8,0.20,E,8,0,-9990,0,0
10/07/2005,03:00,0,0,0,3,0,0,3,0,0,3,0,0,3,0,0,3,0,0,3,0,-9990,0,0,10,E,8,9,E,8,11.2,E,8,8.5,E,8,83,E,8,990,E,8,216,E,8,1.3,E,8,-9990,0,0,-9990,0,0,1.680,E,8,0.084,E,8,0.20,E,8,0,-9990,0,0
10/07/2005,04:00,0,0,0,3,0,0,3,0,0,3,0,0,3,0,0,3,0,0,3,0,-9990,0,0,10,E,8,9,E,8,11.1,E,8,9.4,E,8,89,E,8,989,E,8,258,E,8,0.3,E,8,-9990,0,0,-9990,0,0,1.790,E,8,0.084,E,8,0.20,E,8,0,-9990,0,0
10/07/2005,05:00,0,0,0,3,0,0,3,0,0,3,0,0,3,0,0,3,0,0,3,0,-9990,0,0,10,E,8,9,E,8,10.9,E,8,8.4,E,8,85,E,8,989,E,8,201,E,8,0.2,E,8,-9990,0,0,-9990,0,0,1.672,E,8,0.084,E,8,0.20,E,8,0,-9990,0,0
10/07/2005,06:00,0,0,0,3,0,0,3,0,0,3,0,0,3,0,0,3,0,0,3,0,-9990,0,0,10,E,8,9,E,8,10.8,E,8,8.9,E,8,88,E,8,989,E,8,200,E,8,0.6,E,8,-9990,0,0,-9990,0,0,1.734,E,8,0.084,E,8,0.20,E,8,0,-9990,0,0
10/07/2005,07:00,0,40,0,3,10,0,3,20,0,3,10,0,3,10,0,3,20,0,3,10,-9990,0,0,10,E,8,9,E,8,10.8,E,8,8.8,E,8,87,E,8,989,E,8,222,E,8,1.2,E,8,-9990,0,0,-9990,0,0,1.719,E,8,0.084,E,8,0.20,E,8,0,-9990,0,0
10/07/2005,08:00,132,1368,22,3,10,0,3,20,22,3,10,2582,3,10,0,3,20,2582,3,10,-9990,0,0,10,E,8,9,E,8,11.4,E,8,9.0,E,8,85,E,8,989,E,8,91,E,8,1.9,E,8,-9990,0,0,-9990,0,0,1.742,E,8,0.084,E,8,0.20,E,8,0,-9990,0,0
10/07/2005,09:00,353,1368,79,3,10,0,3,20,79,3,10,9033,3,10,0,3,20,9033,3,10,-9990,0,0,10,E,8,9,E,8,12.4,E,8,9.0,E,8,80,E,8,989,E,8,51,E,8,2.4,E,8,-9990,0,0,-9990,0,0,1.742,E,8,0.084,E,8,0.20,E,8,0,-9990,0,0
10/07/2005,10:00,545,1368,34,3,10,0,3,20,34,3,10,4337,3,10,0,3,20,4337,3,10,-9990,0,0,10,E,8,9,E,8,12.5,E,8,9.0,E,8,79,E,8,988,E,8,107,E,8,3.0,E,8,-9990,0,0,-9990,0,0,1.737,E,8,0.084,E,8,0.20,E,8,0,-9990,0,0
10/07/2005,11:00,693,1368,65,3,10,0,3,20,65,3,10,8049,3,10,0,3,20,8049,3,10,-9990,0,0,10,E,8,9,E,8,12.8,E,8,8.8,E,8,77,E,8,988,E,8,102,E,8,4.8,E,8,-9990,0,0,-9990,0,0,1.717,E,8,0.084,E,8,0.20,E,8,0,-9990,0,0
10/07/2005,12:00,788,1368,178,3,10,5,3,20,175,3,10,20873,3,10,369,3,20,20660,3,10,-9990,0,0,10,E,8,9,E,8,13.8,E,8,11.5,E,8,86,E,8,988,E,8,94,E,8,2.6,E,8,-9990,0,0,-9990,0,0,2.079,E,8,0.084,E,8,0.20,E,8,0,-9990,0,0
10/07/2005,13:00,822,1368,341,3,10,118,3,20,270,3,10,37921,3,10,10374,3,20,31686,3,10,-9990,0,0,10,E,8,9,E,8,15.7,E,8,9.5,E,8,67,E,8,988,E,8,68,E,8,2.6,E,8,-9990,0,0,-9990,0,0,1.807,E,8,0.084,E,8,0.20,E,8,0,-9990,0,0
10/07/2005,14:00,794,1368,465,3,10,380,3,20,244,3,10,50899,3,10,36447,3,20,29736,3,10,-9990,0,0,6,E,8,5,E,8,17.7,E,8,9.9,E,8,60,E,8,988,E,8,54,E,8,3.2,E,8,-9990,0,0,-9990,0,0,1.854,E,8,0.084,E,8,0.20,E,8,0,-9990,0,0
10/07/2005,15:00,706,1368,315,3,10,144,3,20,241,3,10,34899,3,10,12712,3,20,28338,3,10,-9990,0,0,9,E,8,8,E,8,18.6,E,8,9.7,E,8,56,E,8,988,E,8,82,E,8,2.8,E,8,-9990,0,0,-9990,0,0,1.834,E,8,0.084,E,8,0.20,E,8,0,-9990,0,0
10/07/2005,16:00,563,1368,245,3,10,169,3,20,176,3,10,27239,3,10,15237,3,20,20965,3,10,-9990,0,0,9,E,8,8,E,8,19.0,E,8,10.1,E,8,56,E,8,989,E,8,81,E,8,3.7,E,8,-9990,0,0,-9990,0,0,1.884,E,8,0.084,E,8,0.20,E,8,0,-9990,0,0
10/07/2005,17:00,376,1368,283,3,10,562,3,20,129,3,10,29584,3,10,41385,3,20,18215,3,10,-9990,0,0,5,E,8,4,E,8,19.5,E,8,9.8,E,8,54,E,8,989,E,8,59,E,8,4.4,E,8,-9990,0,0,-9990,0,0,1.849,E,8,0.084,E,8,0.20,E,8,0,-9990,0,0
10/07/2005,18:00,156,1368,100,3,10,549,3,20,37,3,10,10288,3,10,36782,3,20,6081,3,10,-9990,0,0,5,E,8,4,E,8,19.0,E,8,9.7,E,8,55,E,8,989,E,8,87,E,8,5.1,E,8,-9990,0,0,-9990,0,0,1.825,E,8,0.084,E,8,0.20,E,8,0,-9990,0,0
10/07/2005,19:00,3,113,1,3,10,0,3,20,1,3,10,149,3,10,19,3,20,148,3,10,-9990,0,0,5,E,8,4,E,8,18.0,E,8,10.6,E,8,62,E,8,989,E,8,76,E,8,3.2,E,8,-9990,0,0,-9990,0,0,1.947,E,8,0.084,E,8,0.20,E,8,0,-9990,0,0
10/07/2005,20:00,0,0,0,3,0,0,3,0,0,3,0,0,3,0,0,3,0,0,3,0,-9990,0,0,4,E,8,3,E,8,17.0,E,8,10.4,E,8,65,E,8,990,E,8,176,E,8,3.7,E,8,-9990,0,0,-9990,0,0,1.923,E,8,0.084,E,8,0.20,E,8,0,-9990,0,0
10/07/2005,21:00,0,0,0,3,0,0,3,0,0,3,0,0,3,0,0,3,0,0,3,0,-9990,0,0,4,E,8,3,E,8,15.9,E,8,9.4,E,8,65,E,8,990,E,8,184,E,8,3.7,E,8,-9990,0,0,-9990,0,0,1.796,E,8,0.084,E,8,0.20,E,8,0,-9990,0,0
10/07/2005,22:00,0,0,0,3,0,0,3,0,0,3,0,0,3,0,0,3,0,0,3,0,-9990,0,0,4,E,8,3,E,8,14.8,E,8,8.7,E,8,67,E,8,990,E,8,92,E,8,2.2,E,8,-9990,0,0,-9990,0,0,1.710,E,8,0.084,E,8,0.20,E,8,0,-9990,0,0
10/07/2005,23:00,0,0,0,3,0,0,3,0,0,3,0,0,3,0,0,3,0,0,3,0,-9990,0,0,4,E,8,3,E,8,13.8,E,8,8.2,E,8,69,E,8,990,E,8,54,E,8,3.0,E,8,-9990,0,0,-9990,0,0,1.643,E,8,0.084,E,8,0.20,E,8,0,-9990,0,0
10/07/2005,24:00,0,0,0,3,0,0,3,0,0,3,0,0,3,0,0,3,0,0,3,0,-9990,0,0,3,E,8,2,E,8,12.7,E,8,8.2,E,8,74,E,8,991,E,8,192,E,8,2.6,E,8,-9990,0,0,-9990,0,0,1.646,E,8,0.084,E,8,0.20,E,8,0,-9990,0,0
10/08/2005,01:00,0,0,0,3,0,0,3,0,0,3,0,0,3,0,0,3,0,0,3,0,-9990,0,0,3,E,8,2,E,8,11.5,E,8,8.3,E,8,81,E,8,991,E,8,163,E,8,1.5,E,8,-9990,0,0,-9990,0,0,1.664,E,8,0.089,E,8,0.20,E,8,0,-9990,0,0
10/08/2005,02:00,0,0,0,3,0,0,3,0,0,3,0,0,3,0,0,3,0,0,3,0,-9990,0,0,3,E,8,2,E,8,10.1,E,8,7.9,E,8,86,E,8,991,E,8,177,E,8,2.8,E,8,-9990,0,0,-9990,0,0,1.615,E,8,0.089,E,8,0.20,E,8,0,-9990,0,0
10/08/2005,03:00,0,0,0,3,0,0,3,0,0,3,0,0,3,0,0,3,0,0,3,0,-9990,0,0,3,E,8,2,E,8,8.8,E,8,7.4,E,8,91,E,8,991,E,8,201,E,8,3.4,E,8,-9990,0,0,-9990,0,0,1.554,E,8,0.089,E,8,0.20,E,8,0,-9990,0,0
10/08/2005,04:00,0,0,0,3,0,0,3,0,0,3,0,0,3,0,0,3,0,0,3,0,-9990,0,0,1,E,8,1,E,8,8.0,E,8,7.2,E,8,94,E,8,992,E,8,48,E,8,3.2,E,8,-9990,0,0,-9990,0,0,1.532,E,8,0.089,E,8,0.20,E,8,0,-9990,0,0
10/08/2005,05:00,0,0,0,3,0,0,3,0,0,3,0,0,3,0,0,3,0,0,3,0,-9990,0,0,1,E,8,1,E,8,7.3,E,8,6.3,E,8,93,E,8,992,E,8,227,E,8,3.4,E,8,-9990,0,0,-9990,0,0,1.441,E,8,0.089,E,8,0.20,E,8,0,-9990,0,0
10/08/2005,06:00,0,0,0,3,0,0,3,0,0,3,0,0,3,0,0,3,0,0,3,0,-9990,0,0,1,E,8,1,E,8,6.8,E,8,5.9,E,8,94,E,8,992,E,8,220,E,8,4.4,E,8,-9990,0,0,-9990,0,0,1.398,E,8,0.089,E,8,0.20,E,8,0,-9990,0,0
10/08/2005,07:00,0,0,0,3,10,0,3,20,0,3,10,0,3,10,0,3,20,0,3,10,-9990,0,0,1,E,8,1,E,8,6.7,E,8,6.2,E,8,97,E,8,992,E,8,193,E,8,3.7,E,8,-9990,0,0,-9990,0,0,1.436,E,8,0.089,E,8,0.20,E,8,0,-9990,0,0
10/08/2005,08:00,126,1369,65,3,10,357,3,20,32,3,10,6789,3,10,18569,3,20,5082,3,10,-9990,0,0,0,E,8,0,E,8,7.9,E,8,7.0,E,8,94,E,8,993,E,8,203,E,8,4.1,E,8,-9990,0,0,-9990,0,0,1.511,E,8,0.089,E,8,0.20,E,8,0,-9990,0,0
10/08/2005,09:00,348,1369,212,3,10,657,3,20,45,3,10,22808,3,10,61190,3,20,7264,3,10,-9990,0,0,0,E,8,0,E,8,10.1,E,8,8.2,E,8,87,E,8,993,E,8,277,E,8,2.4,E,8,-9990,0,0,-9990,0,0,1.642,E,8,0.089,E,8,0.20,E,8,0,-9990,0,0
10/08/2005,10:00,539,1369,355,3,10,744,3,20,62,3,10,38730,3,10,74125,3,20,9538,3,10,-9990,0,0,0,E,8,0,E,8,12.6,E,8,8.6,E,8,76,E,8,993,E,8,189,E,8,3.2,E,8,-9990,0,0,-9990,0,0,1.690,E,8,0.089,E,8,0.20,E,8,0,-9990,0,0
10/08/2005,11:00,687,1369,464,3,10,758,3,20,83,3,10,50523,3,10,76227,3,20,12271,3,10,-9990,0,0,0,E,8,0,E,8,14.9,E,8,8.6,E,8,66,E,8,993,E,8,172,E,8,3.4,E,8,-9990,0,0,-9990,0,0,1.696,E,8,0.089,E,8,0.20,E,8,0,-9990,0,0
10/08/2005,12:00,781,1369,540,3,10,778,3,20,96,3,10,58889,3,10,79066,3,20,13769,3,10,-9990,0,0,0,E,8,0,E,8,16.9,E,8,8.4,E,8,57,E,8,994,E,8,134,E,8,3.2,E,8,-9990,0,0,-9990,0,0,1.674,E,8,0.089,E,8,0.20,E,8,0,-9990,0,0
10/08/2005,13:00,815,1369,567,3,10,779,3,20,103,3,10,61756,3,10,79176,3,20,14595,3,10,-9990,0,0,0,E,8,0,E,8,18.5,E,8,8.9,E,8,53,E,8,994,E,8,200,E,8,2.0,E,8,-9990,0,0,-9990,0,0,1.731,E,8,0.089,E,8,0.20,E,8,0,-9990,0,0
10/08/2005,14:00,787,1369,551,3,10,803,3,20,89,3,10,60627,3,10,83050,3,20,12866,3,10,-9990,0,0,0,E,8,0,E,8,19.6,E,8,8.1,E,8,47,E,8,993,E,8,56,E,8,1.9,E,8,-9990,0,0,-9990,0,0,1.635,E,8,0.089,E,8,0.20,E,8,0,-9990,0,0
10/08/2005,15:00,698,1369,476,3,10,774,3,20,81,3,10,52137,3,10,78774,3,20,11932,3,10,-9990,0,0,0,E,8,0,E,8,20.1,E,8,7.5,E,8,44,E,8,993,E,8,70,E,8,4.4,E,8,-9990,0,0,-9990,0,0,1.568,E,8,0.089,E,8,0.20,E,8,0,-9990,0,0
10/08/2005,16:00,556,1369,358,3,10,704,3,20,72,3,10,38685,3,10,68313,3,20,10954,3,10,-9990,0,0,0,E,8,0,E,8,19.9,E,8,8.0,E,8,46,E,8,993,E,8,76,E,8,3.0,E,8,-9990,0,0,-9990,0,0,1.621,E,8,0.089,E,8,0.20,E,8,0,-9990,0,0
10/08/2005,17:00,368,1369,209,3,10,556,3,20,60,3,10,22544,3,10,48475,3,20,9511,3,10,-9990,0,0,0,E,8,0,E,8,18.9,E,8,7.9,E,8,49,E,8,992,E,8,172,E,8,3.0,E,8,-9990,0,0,-9990,0,0,1.611,E,8,0.089,E,8,0.20,E,8,0,-9990,0,0
10/08/2005,18:00,149,1369,68,3,10,324,3,20,33,3,10,7256,3,10,17215,3,20,5388,3,10,-9990,0,0,0,E,8,0,E,8,17.3,E,8,8.7,E,8,57,E,8,992,E,8,208,E,8,4.8,E,8,-9990,0,0,-9990,0,0,1.705,E,8,0.089,E,8,0.20,E,8,0,-9990,0,0
10/08/2005,19:00,2,90,0,3,10,0,3,20,0,3,10,20,3,10,6,3,20,20,3,10,-9990,0,0,1,E,8,1,E,8,15.5,E,8,8.3,E,8,62,E,8,992,E,8,246,E,8,3.0,E,8,-9990,0,0,-9990,0,0,1.662,E,8,0.089,E,8,0.20,E,8,0,-9990,0,0
10/08/2005,20:00,0,0,0,3,0,0,3,0,0,3,0,0,3,0,0,3,0,0,3,0,-9990,0,0,3,E,8,2,E,8,15.0,E,8,9.5,E,8,70,E,8,991,E,8,215,E,8,2.0,E,8,-9990,0,0,-9990,0,0,1.810,E,8,0.089,E,8,0.20,E,8,0,-9990,0,0
10/08/2005,21:00,0,0,0,3,0,0,3,0,0,3,0,0,3,0,0,3,0,0,3,0,-9990,0,0,3,E,8,2,E,8,14.4,E,8,9.3,E,8,71,E,8,991,E,8,227,E,8,0.7,E,8,-9990,0,0,-9990,0,0,1.775,E,8,0.089,E,8,0.20,E,8,0,-9990,0,0
10/08/2005,22:00,0,0,0,3,0,0,3,0,0,3,0,0,3,0,0,3,0,0,3,0,-9990,0,0,3,E,8,2,E,8,13.8,E,8,8.9,E,8,72,E,8,991,E,8,184,E,8,1.0,E,8,-9990,0,0,-9990,0,0,1.732,E,8,0.089,E,8,0.20,E,8,0,-9990,0,0
10/08/2005,23:00,0,0,0,3,0,0,3,0,0,3,0,0,3,0,0,3,0,0,3,0,-9990,0,0,4,E,8,3,E,8,13.2,E,8,9.2,E,8,76,E,8,990,E,8,63,E,8,1.5,E,8,-9990,0,0,-9990,0,0,1.765,E,8,0.089,E,8,0.20,E,8,0,-9990,0,0
10/08/2005,24:00,0,0,0,3,0,0,3,0,0,3,0,0,3,0,0,3,0,0,3,0,-9990,0,0,5,E,8,4,E,8,12.7,E,8,9.2,E,8,79,E,8,990,E,8,359,E,8,0.9,E,8,-9990,0,0,-9990,0,0,1.769,E,8,0.089,E,8,0.20,E,8,0,-9990,0,0
10/09/2005,01:00,0,0,0,3,0,0,3,0,0,3,0,0,3,0,0,3,0,0,3,0,-9990,0,0,5,E,8,4,E,8,12.6,E,8,8.4,E,8,75,E,8,990,E,8,347,E,8,1.2,E,8,-9990,0,0,-9990,0,0,1.667,E,8,0.097,E,8,0.20,E,8,0,-9990,0,0
10/09/2005,02:00,0,0,0,3,0,0,3,0,0,3,0,0,3,0,0,3,0,0,3,0,-9990,0,0,5,E,8,4,E,8,12.5,E,8,8.8,E,8,78,E,8,989,E,8,18,E,8,0.9,E,8,-9990,0,0,-9990,0,0,1.718,E,8,0.097,E,8,0.20,E,8,0,-9990,0,0
10/09/2005,03:00,0,0,0,3,0,0,3,0,0,3,0,0,3,0,0,3,0,0,3,0,-9990,0,0,6,E,8,6,E,8,12.4,E,8,9.7,E,8,84,E,8,989,E,8,97,E,8,0.7,E,8,-9990,0,0,-9990,0,0,1.835,E,8,0.097,E,8,0.20,E,8,0,-9990,0,0
10/09/2005,04:00,0,0,0,3,0,0,3,0,0,3,0,0,3,0,0,3,0,0,3,0,-9990,0,0,8,E,8,7,E,8,12.4,E,8,10.1,E,8,86,E,8,988,E,8,130,E,8,1.6,E,8,-9990,0,0,-9990,0,0,1.885,E,8,0.097,E,8,0.20,E,8,0,-9990,0,0
10/09/2005,05:00,0,0,0,3,0,0,3,0,0,3,0,0,3,0,0,3,0,0,3,0,-9990,0,0,8,E,8,7,E,8,12.4,E,8,10.2,E,8,87,E,8,988,E,8,48,E,8,3.7,E,8,-9990,0,0,-9990,0,0,1.892,E,8,0.097,E,8,0.20,E,8,0,-9990,0,0
10/09/2005,06:00,0,0,0,3,0,0,3,0,0,3,0,0,3,0,0,3,0,0,3,0,-9990,0,0,8,E,8,7,E,8,12.3,E,8,11.2,E,8,93,E,8,988,E,8,56,E,8,4.1,E,8,-9990,0,0,-9990,0,0,2.039,E,8,0.097,E,8,0.20,E,8,0,-9990,0,0
10/09/2005,07:00,0,0,0,3,10,0,3,20,0,3,10,0,3,10,0,3,20,0,3,10,-9990,0,0,9,E,8,8,E,8,12.3,E,8,11.7,E,8,96,E,8,987,E,8,83,E,8,1.2,E,8,-9990,0,0,-9990,0,0,2.098,E,8,0.097,E,8,0.20,E,8,0,-9990,0,0
10/09/2005,08:00,120,1369,17,3,10,0,3,20,17,3,10,2006,3,10,0,3,20,2006,3,10,-9990,0,0,10,E,8,9,E,8,12.8,E,8,12.3,E,8,97,E,8,987,E,8,54,E,8,1.0,E,8,-9990,0,0,-9990,0,0,2.202,E,8,0.097,E,8,0.20,E,8,0,-9990,0,0
10/09/2005,09:00,342,1369,27,3,10,0,3,20,27,3,10,3359,3,10,0,3,20,3359,3,10,-9990,0,0,10,E,8,9,E,8,13.1,E,8,12.2,E,8,95,E,8,987,E,8,121,E,8,0.3,E,8,-9990,0,0,-9990,0,0,2.185,E,8,0.097,E,8,0.20,E,8,0,-9990,0,0
10/09/2005,10:00,533,1369,29,3,10,0,3,20,29,3,10,3756,3,10,0,3,20,3756,3,10,-9990,0,0,10,E,8,9,E,8,13.2,E,8,12.4,E,8,95,E,8,986,E,8,99,E,8,0.2,E,8,-9990,0,0,-9990,0,0,2.203,E,8,0.097,E,8,0.20,E,8,0,-9990,0,0
10/09/2005,11:00,680,1369,105,3,10,0,3,20,105,3,10,12557,3,10,0,3,20,12557,3,10,-9990,0,0,10,E,8,9,E,8,14.1,E,8,12.9,E,8,93,E,8,986,E,8,219,E,8,0.5,E,8,-9990,0,0,-9990,0,0,2.295,E,8,0.097,E,8,0.20,E,8,0,-9990,0,0
10/09/2005,12:00,774,1369,137,3,10,0,3,20,137,3,10,16384,3,10,0,3,20,16384,3,10,-9990,0,0,10,E,8,9,E,8,14.9,E,8,12.7,E,8,87,E,8,986,E,8,207,E,8,1.7,E,8,-9990,0,0,-9990,0,0,2.261,E,8,0.097,E,8,0.20,E,8,0,-9990,0,0
10/09/2005,13:00,808,1369,208,3,10,9,3,20,203,3,10,24282,3,10,891,3,20,23756,3,10,-9990,0,0,10,E,8,9,E,8,15.9,E,8,13.5,E,8,86,E,8,985,E,8,218,E,8,1.6,E,8,-9990,0,0,-9990,0,0,2.388,E,8,0.097,E,8,0.20,E,8,0,-9990,0,0
10/09/2005,14:00,780,1369,244,3,10,16,3,20,235,3,10,27962,3,10,1619,3,20,27041,3,10,-9990,0,0,10,E,8,9,E,8,16.9,E,8,13.5,E,8,80,E,8,985,E,8,271,E,8,1.5,E,8,-9990,0,0,-9990,0,0,2.380,E,8,0.097,E,8,0.20,E,8,0,-9990,0,0
10/09/2005,15:00,691,1369,189,3,10,8,3,20,185,3,10,21783,3,10,680,3,20,21440,3,10,-9990,0,0,10,E,8,9,E,8,17.4,E,8,13.2,E,8,77,E,8,985,E,8,270,E,8,1.2,E,8,-9990,0,0,-9990,0,0,2.343,E,8,0.097,E,8,0.20,E,8,0,-9990,0,0
10/09/2005,16:00,548,1369,163,3,10,14,3,20,157,3,10,18517,3,10,1399,3,20,17957,3,10,-9990,0,0,10,E,8,9,E,8,17.7,E,8,13.7,E,8,77,E,8,985,E,8,214,E,8,1.9,E,8,-9990,0,0,-9990,0,0,2.418,E,8,0.097,E,8,0.20,E,8,0,-9990,0,0
10/09/2005,17:00,360,1369,118,3,10,56,3,20,103,3,10,13174,3,10,4570,3,20,11972,3,10,-9990,0,0,10,E,8,9,E,8,17.7,E,8,13.8,E,8,78,E,8,985,E,8,202,E,8,1.0,E,8,-9990,0,0,-9990,0,0,2.437,E,8,0.097,E,8,0.20,E,8,0,-9990,0,0
10/09/2005,18:00,141,1369,44,3,10,76,3,20,36,3,10,4871,3,10,0,3,20,4871,3,10,-9990,0,0,10,E,8,9,E,8,17.3,E,8,13.6,E,8,79,E,8,985,E,8,201,E,8,2.6,E,8,-9990,0,0,-9990,0,0,2.397,E,8,0.097,E,8,0.20,E,8,0,-9990,0,0
10/09/2005,19:00,1,68,0,3,10,0,3,20,0,3,10,16,3,10,6,3,20,16,3,10,-9990,0,0,10,E,8,9,E,8,16.2,E,8,15.1,E,8,93,E,8,985,E,8,247,E,8,2.0,E,8,-9990,0,0,-9990,0,0,2.665,E,8,0.097,E,8,0.20,E,8,2,-9990,0,0
10/09/2005,20:00,0,0,0,3,0,0,3,0,0,3,0,0,3,0,0,3,0,0,3,0,-9990,0,0,10,E,8,9,E,8,16.5,E,8,15.3,E,8,93,E,8,985,E,8,200,E,8,2.2,E,8,-9990,0,0,-9990,0,0,2.710,E,8,0.097,E,8,0.20,E,8,0,-9990,0,0
10/09/2005,21:00,0,0,0,3,0,0,3,0,0,3,0,0,3,0,0,3,0,0,3,0,-9990,0,0,10,E,8,9,E,8,16.3,E,8,15.9,E,8,98,E,8,985,E,8,90,E,8,1.7,E,8,-9990,0,0,-9990,0,0,2.833,E,8,0.097,E,8,0.20,E,8,0,-9990,0,0
10/09/2005,22:00,0,0,0,3,0,0,3,0,0,3,0,0,3,0,0,3,0,0,3,0,-9990,0,0,10,E,8,9,E,8,16.2,E,8,15.7,E,8,97,E,8,985,E,8,59,E,8,1.9,E,8,-9990,0,0,-9990,0,0,2.791,E,8,0.097,E,8,0.20,E,8,0,-9990,0,0
10/09/2005,23:00,0,0,0,3,0,0,3,0,0,3,0,0,3,0,0,3,0,0,3,0,-9990,0,0,10,E,8,9,E,8,16.0,E,8,15.2,E,8,95,E,8,986,E,8,101,E,8,2.6,E,8,-9990,0,0,-9990,0,0,2.696,E,8,0.097,E,8,0.20,E,8,0,-9990,0,0
10/09/2005,24:00,0,0,0,3,0,0,3,0,0,3,0,0,3,0,0,3,0,0,3,0,-9990,0,0,10,E,8,9,E,8,15.7,E,8,14.5,E,8,92,E,8,986,E,8,88,E,8,4.4,E,8,-9990,0,0,-9990,0,0,2.555,E,8,0.097,E,8,0.20,E,8,1,-9990,0,0
10/10/2005,01:00,0,0,0,3,0,0,3,0,0,3,0,0,3,0,0,3,0,0,3,0,-9990,0,0,10,E,8,9,E,8,15.7,E,8,14.6,E,8,93,E,8,986,E,8,209,E,8,2.6,E,8,-9990,0,0,-9990,0,0,2.581,E,8,0.101,E,8,0.20,E,8,0,-9990,0,0
10/10/2005,02:00,0,0,0,3,0,0,3,0,0,3,0,0,3,0,0,3,0,0,3,0,-9990,0,0,10,E,8,9,E,8,15.5,E,8,14.8,E,8,95,E,8,986,E,8,275,E,8,4.8,E,8,-9990,0,0,-9990,0,0,2.611,E,8,0.101,E,8,0.20,E,8,0,-9990,0,0
10/10/2005,03:00,0,0,0,3,0,0,3,0,0,3,0,0,3,0,0,3,0,0,3,0,-9990,0,0,10,E,8,9,E,8,15.3,E,8,15.1,E,8,99,E,8,986,E,8,249,E,8,2.8,E,8,-9990,0,0,-9990,0,0,2.666,E,8,0.101,E,8,0.20,E,8,0,-9990,0,0
10/10/2005,04:00,0,0,0,3,0,0,3,0,0,3,0,0,3,0,0,3,0,0,3,0,-9990,0,0,10,E,8,9,E,8,15.2,E,8,14.8,E,8,97,E,8,986,E,8,302,E,8,1.3,E,8,-9990,0,0,-9990,0,0,2.608,E,8,0.101,E,8,0.20,E,8,0,-9990,0,0
10/10/2005,05:00,0,0,0,3,0,0,3,0,0,3,0,0,3,0,0,3,0,0,3,0,-9990,0,0,10,E,8,9,E,8,15.1,E,8,14.9,E,8,99,E,8,986,E,8,300,E,8,2.4,E,8,-9990,0,0,-9990,0,0,2.626,E,8,0.101,E,8,0.20,E,8,0,-9990,0,0
10/10/2005,06:00,0,0,0,3,0,0,3,0,0,3,0,0,3,0,0,3,0,0,3,0,-9990,0,0,10,E,8,9,E,8,15.0,E,8,14.8,E,8,99,E,8,986,E,8,293,E,8,4.4,E,8,-9990,0,0,-9990,0,0,2.612,E,8,0.101,E,8,0.20,E,8,0,-9990,0,0
10/10/2005,07:00,0,0,0,3,0,0,3,0,0,3,0,0,3,0,0,3,0,0,3,0,-9990,0,0,10,E,8,9,E,8,14.9,E,8,14.7,E,8,99,E,8,986,E,8,281,E,8,5.6,E,8,-9990,0,0,-9990,0,0,2.597,E,8,0.101,E,8,0.20,E,8,0,-9990,0,0
10/10/2005,08:00,112,676,11,3,10,0,3,20,11,3,10,1395,3,10,0,3,20,1395,3,10,-9990,0,0,10,E,8,9,E,8,15.4,E,8,15.1,E,8,99,E,8,986,E,8,259,E,8,5.3,E,8,-9990,0,0,-9990,0,0,2.677,E,8,0.101,E,8,0.20,E,8,0,-9990,0,0
10/10/2005,09:00,336,1370,82,3,10,0,3,20,82,3,10,9314,3,10,0,3,20,9314,3,10,-9990,0,0,10,E,8,9,E,8,16.7,E,8,15.8,E,8,94,E,8,986,E,8,315,E,8,3.0,E,8,-9990,0,0,-9990,0,0,2.807,E,8,0.101,E,8,0.20,E,8,0,-9990,0,0
10/10/2005,10:00,527,1370,161,3,10,24,3,20,152,3,10,18225,3,10,2515,3,20,17258,3,10,-9990,0,0,10,E,8,9,E,8,18.2,E,8,16.0,E,8,87,E,8,986,E,8,269,E,8,4.8,E,8,-9990,0,0,-9990,0,0,2.843,E,8,0.101,E,8,0.20,E,8,0,-9990,0,0
10/10/2005,11:00,674,1370,153,3,10,0,3,20,153,3,10,17771,3,10,0,3,20,17771,3,10,-9990,0,0,10,E,8,9,E,8,18.9,E,8,15.6,E,8,81,E,8,986,E,8,285,E,8,6.4,E,8,-9990,0,0,-9990,0,0,2.759,E,8,0.101,E,8,0.20,E,8,0,-9990,0,0
10/10/2005,12:00,768,1370,175,3,10,2,3,20,174,3,10,20436,3,10,14,3,20,20428,3,10,-9990,0,0,10,E,8,9,E,8,19.4,E,8,15.5,E,8,78,E,8,986,E,8,239,E,8,5.6,E,8,-9990,0,0,-9990,0,0,2.737,E,8,0.101,E,8,0.20,E,8,0,-9990,0,0
10/10/2005,13:00,801,1370,127,3,10,0,3,20,127,3,10,15268,3,10,0,3,20,15268,3,10,-9990,0,0,10,E,8,9,E,8,19.5,E,8,15.8,E,8,79,E,8,986,E,8,93,E,8,4.4,E,8,-9990,0,0,-9990,0,0,2.797,E,8,0.101,E,8,0.20,E,8,0,-9990,0,0
10/10/2005,14:00,773,1370,194,3,10,4,3,20,191,3,10,22538,3,10,321,3,20,22357,3,10,-9990,0,0,10,E,8,9,E,8,19.9,E,8,15.8,E,8,77,E,8,986,E,8,107,E,8,4.1,E,8,-9990,0,0,-9990,0,0,2.807,E,8,0.101,E,8,0.20,E,8,0,-9990,0,0
10/10/2005,15:00,684,1370,172,3,10,4,3,20,170,3,10,19905,3,10,238,3,20,19786,3,10,-9990,0,0,10,E,8,9,E,8,20.1,E,8,15.7,E,8,76,E,8,986,E,8,117,E,8,4.4,E,8,-9990,0,0,-9990,0,0,2.782,E,8,0.101,E,8,0.20,E,8,0,-9990,0,0
10/10/2005,16:00,540,1370,167,3,10,25,3,20,157,3,10,18683,3,10,1172,3,20,18221,3,10,-9990,0,0,10,E,8,9,E,8,20.2,E,8,15.6,E,8,75,E,8,986,E,8,165,E,8,4.4,E,8,-9990,0,0,-9990,0,0,2.764,E,8,0.101,E,8,0.20,E,8,0,-9990,0,0
10/10/2005,17:00,352,1370,128,3,10,97,3,20,103,3,10,14394,3,10,6103,3,20,12825,3,10,-9990,0,0,9,E,8,8,E,8,20.1,E,8,15.0,E,8,72,E,8,986,E,8,178,E,8,3.7,E,8,-9990,0,0,-9990,0,0,2.644,E,8,0.101,E,8,0.20,E,8,0,-9990,0,0
10/10/2005,18:00,133,1370,28,3,10,0,3,20,28,3,10,3298,3,10,0,3,20,3298,3,10,-9990,0,0,9,E,8,8,E,8,19.5,E,8,15.4,E,8,77,E,8,986,E,8,272,E,8,8.7,E,8,-9990,0,0,-9990,0,0,2.718,E,8,0.101,E,8,0.20,E,8,0,-9990,0,0
10/10/2005,19:00,1,45,0,3,10,0,3,20,0,3,10,3,3,10,3,3,20,3,3,10,-9990,0,0,9,E,8,8,E,8,18.7,E,8,15.3,E,8,80,E,8,986,E,8,205,E,8,8.4,E,8,-9990,0,0,-9990,0,0,2.706,E,8,0.101,E,8,0.20,E,8,0,-9990,0,0
10/10/2005,20:00,0,0,0,3,0,0,3,0,0,3,0,0,3,0,0,3,0,0,3,0,-9990,0,0,10,E,8,9,E,8,18.4,E,8,15.1,E,8,82,E,8,986,E,8,255,E,8,6.4,E,8,-9990,0,0,-9990,0,0,2.679,E,8,0.101,E,8,0.20,E,8,0,-9990,0,0
10/10/2005,21:00,0,0,0,3,0,0,3,0,0,3,0,0,3,0,0,3,0,0,3,0,-9990,0,0,10,E,8,9,E,8,18.0,E,8,15.0,E,8,83,E,8,986,E,8,276,E,8,5.3,E,8,-9990,0,0,-9990,0,0,2.655,E,8,0.101,E,8,0.20,E,8,0,-9990,0,0
10/10/2005,22:00,0,0,0,3,0,0,3,0,0,3,0,0,3,0,0,3,0,0,3,0,-9990,0,0,10,E,8,9,E,8,17.6,E,8,15.7,E,8,88,E,8,986,E,8,249,E,8,2.2,E,8,-9990,0,0,-9990,0,0,2.778,E,8,0.101,E,8,0.20,E,8,0,-9990,0,0
10/10/2005,23:00,0,0,0,3,0,0,3,0,0,3,0,0,3,0,0,3,0,0,3,0,-9990,0,0,10,E,8,9,E,8,16.9,E,8,16.4,E,8,97,E,8,986,E,8,263,E,8,3.7,E,8,-9990,0,0,-9990,0,0,2.917,E,8,0.101,E,8,0.20,E,8,2,-9990,0,0
10/10/2005,24:00,0,0,0,3,0,0,3,0,0,3,0,0,3,0,0,3,0,0,3,0,-9990,0,0,10,E,8,9,E,8,16.8,E,8,16.0,E,8,95,E,8,986,E,8,279,E,8,2.6,E,8,-9990,0,0,-9990,0,0,2.834,E,8,0.101,E,8,0.20,E,8,1,-9990,0,0
10/11/2005,01:00,0,0,0,3,0,0,3,0,0,3,0,0,3,0,0,3,0,0,3,0,-9990,0,0,10,E,8,9,E,8,16.6,E,8,16.4,E,8,99,E,8,986,E,8,268,E,8,1.2,E,8,-9990,0,0,-9990,0,0,2.928,E,8,0.103,E,8,0.20,E,8,0,-9990,0,0
10/11/2005,02:00,0,0,0,3,0,0,3,0,0,3,0,0,3,0,0,3,0,0,3,0,-9990,0,0,10,E,8,9,E,8,16.4,E,8,16.1,E,8,99,E,8,986,E,8,273,E,8,0.6,E,8,-9990,0,0,-9990,0,0,2.872,E,8,0.103,E,8,0.20,E,8,0,-9990,0,0
10/11/2005,03:00,0,0,0,3,0,0,3,0,0,3,0,0,3,0,0,3,0,0,3,0,-9990,0,0,10,E,8,9,E,8,16.1,E,8,15.9,E,8,99,E,8,986,E,8,275,E,8,1.2,E,8,-9990,0,0,-9990,0,0,2.817,E,8,0.103,E,8,0.20,E,8,0,-9990,0,0
10/11/2005,04:00,0,0,0,3,0,0,3,0,0,3,0,0,3,0,0,3,0,0,3,0,-9990,0,0,10,E,8,9,E,8,16.0,E,8,15.7,E,8,99,E,8,986,E,8,294,E,8,0.2,E,8,-9990,0,0,-9990,0,0,2.791,E,8,0.103,E,8,0.20,E,8,0,-9990,0,0
10/11/2005,05:00,0,0,0,3,0,0,3,0,0,3,0,0,3,0,0,3,0,0,3,0,-9990,0,0,10,E,8,9,E,8,15.8,E,8,15.6,E,8,99,E,8,986,E,8,220,E,8,0.0,E,8,-9990,0,0,-9990,0,0,2.764,E,8,0.103,E,8,0.20,E,8,0,-9990,0,0
10/11/2005,06:00,0,0,0,3,0,0,3,0,0,3,0,0,3,0,0,3,0,0,3,0,-9990,0,0,10,E,8,9,E,8,15.7,E,8,15.5,E,8,99,E,8,986,E,8,224,E,8,0.3,E,8,-9990,0,0,-9990,0,0,2.747,E,8,0.103,E,8,0.20,E,8,0,-9990,0,0
10/11/2005,07:00,0,0,0,3,0,0,3,0,0,3,0,0,3,0,0,3,0,0,3,0,-9990,0,0,10,E,8,9,E,8,15.6,E,8,15.4,E,8,99,E,8,986,E,8,176,E,8,0.2,E,8,-9990,0,0,-9990,0,0,2.730,E,8,0.103,E,8,0.20,E,8,0,-9990,0,0
10/11/2005,08:00,107,659,5,3,10,0,3,20,5,3,10,616,3,10,6,3,20,615,3,10,-9990,0,0,10,E,8,9,E,8,15.8,E,8,15.6,E,8,99,E,8,987,E,8,37,E,8,0.4,E,8,-9990,0,0,-9990,0,0,2.765,E,8,0.103,E,8,0.20,E,8,0,-9990,0,0
10/11/2005,09:00,330,1371,65,3,10,0,3,20,65,3,10,7556,3,10,0,3,20,7556,3,10,-9990,0,0,10,E,8,9,E,8,17.0,E,8,16.6,E,8,98,E,8,987,E,8,106,E,8,0.3,E,8,-9990,0,0,-9990,0,0,2.966,E,8,0.103,E,8,0.20,E,8,0,-9990,0,0
10/11/2005,10:00,521,1371,140,3,10,6,3,20,137,3,10,15884,3,10,476,3,20,15703,3,10,-9990,0,0,10,E,8,9,E,8,18.3,E,8,17.2,E,8,93,E,8,987,E,8,349,E,8,0.2,E,8,-9990,0,0,-9990,0,0,3.099,E,8,0.103,E,8,0.20,E,8,0,-9990,0,0
10/11/2005,11:00,668,1371,165,3,10,3,3,20,164,3,10,19089,3,10,148,3,20,19017,3,10,-9990,0,0,10,E,8,9,E,8,19.2,E,8,17.6,E,8,90,E,8,987,E,8,331,E,8,0.8,E,8,-9990,0,0,-9990,0,0,3.176,E,8,0.103,E,8,0.20,E,8,0,-9990,0,0
10/11/2005,12:00,761,1371,170,3,10,1,3,20,169,3,10,19898,3,10,0,3,20,19898,3,10,-9990,0,0,10,E,8,9,E,8,19.8,E,8,16.9,E,8,83,E,8,987,E,8,347,E,8,1.6,E,8,-9990,0,0,-9990,0,0,3.034,E,8,0.103,E,8,0.20,E,8,0,-9990,0,0
10/11/2005,13:00,794,1371,213,3,10,8,3,20,208,3,10,24661,3,10,766,3,20,24218,3,10,-9990,0,0,10,E,8,9,E,8,20.5,E,8,18.1,E,8,86,E,8,987,E,8,57,E,8,3.0,E,8,-9990,0,0,-9990,0,0,3.288,E,8,0.103,E,8,0.20,E,8,0,-9990,0,0
10/11/2005,14:00,766,1371,207,3,10,8,3,20,203,3,10,23942,3,10,664,3,20,23571,3,10,-9990,0,0,10,E,8,9,E,8,20.6,E,8,18.3,E,8,86,E,8,987,E,8,25,E,8,2.0,E,8,-9990,0,0,-9990,0,0,3.339,E,8,0.103,E,8,0.20,E,8,2,-9990,0,0
10/11/2005,15:00,676,1371,196,3,10,15,3,20,188,3,10,22407,3,10,1545,3,20,21645,3,10,-9990,0,0,10,E,8,9,E,8,21.2,E,8,18.3,E,8,83,E,8,987,E,8,62,E,8,3.0,E,8,-9990,0,0,-9990,0,0,3.339,E,8,0.103,E,8,0.20,E,8,0,-9990,0,0
10/11/2005,16:00,533,1371,248,3,10,204,3,20,169,3,10,27144,3,10,12054,3,20,22460,3,10,-9990,0,0,8,E,8,7,E,8,21.7,E,8,18.1,E,8,80,E,8,987,E,8,61,E,8,4.8,E,8,-9990,0,0,-9990,0,0,3.303,E,8,0.103,E,8,0.20,E,8,0,-9990,0,0
10/11/2005,17:00,345,1371,127,3,10,102,3,20,101,3,10,14284,3,10,6286,3,20,12703,3,10,-9990,0,0,9,E,8,8,E,8,21.5,E,8,17.6,E,8,79,E,8,987,E,8,3,E,8,3.7,E,8,-9990,0,0,-9990,0,0,3.186,E,8,0.103,E,8,0.20,E,8,0,-9990,0,0
10/11/2005,18:00,125,1371,49,3,10,148,3,20,35,3,10,5439,3,10,0,3,20,5439,3,10,-9990,0,0,9,E,8,8,E,8,20.9,E,8,17.3,E,8,80,E,8,987,E,8,54,E,8,2.0,E,8,-9990,0,0,-9990,0,0,3.104,E,8,0.103,E,8,0.20,E,8,0,-9990,0,0
10/11/2005,19:00,0,0,0,3,10,0,3,20,0,3,10,0,3,10,0,3,20,0,3,10,-9990,0,0,9,E,8,8,E,8,20.1,E,8,16.1,E,8,78,E,8,987,E,8,44,E,8,2.2,E,8,-9990,0,0,-9990,0,0,2.870,E,8,0.103,E,8,0.20,E,8,0,-9990,0,0
10/11/2005,20:00,0,0,0,3,0,0,3,0,0,3,0,0,3,0,0,3,0,0,3,0,-9990,0,0,9,E,8,8,E,8,19.4,E,8,16.0,E,8,80,E,8,988,E,8,351,E,8,2.2,E,8,-9990,0,0,-9990,0,0,2.834,E,8,0.103,E,8,0.20,E,8,0,-9990,0,0
10/11/2005,21:00,0,0,0,3,0,0,3,0,0,3,0,0,3,0,0,3,0,0,3,0,-9990,0,0,9,E,8,8,E,8,18.7,E,8,15.7,E,8,83,E,8,988,E,8,124,E,8,2.2,E,8,-9990,0,0,-9990,0,0,2.782,E,8,0.103,E,8,0.20,E,8,0,-9990,0,0
10/11/2005,22:00,0,0,0,3,0,0,3,0,0,3,0,0,3,0,0,3,0,0,3,0,-9990,0,0,10,E,8,9,E,8,18.0,E,8,15.4,E,8,85,E,8,988,E,8,177,E,8,2.8,E,8,-9990,0,0,-9990,0,0,2.728,E,8,0.103,E,8,0.20,E,8,0,-9990,0,0
10/11/2005,23:00,0,0,0,3,0,0,3,0,0,3,0,0,3,0,0,3,0,0,3,0,-9990,0,0,10,E,8,9,E,8,17.3,E,8,15.1,E,8,87,E,8,988,E,8,179,E,8,2.4,E,8,-9990,0,0,-9990,0,0,2.675,E,8,0.103,E,8,0.20,E,8,0,-9990,0,0
10/11/2005,24:00,0,0,0,3,0,0,3,0,0,3,0,0,3,0,0,3,0,0,3,0,-9990,0,0,10,E,8,9,E,8,16.6,E,8,15.0,E,8,90,E,8,988,E,8,216,E,8,1.3,E,8,-9990,0,0,-9990,0,0,2.644,E,8,0.103,E,8,0.20,E,8,0,-9990,0,0
10/12/2005,01:00,0,0,0,3,0,0,3,0,0,3,0,0,3,0,0,3,0,0,3,0,-9990,0,0,10,E,8,9,E,8,15.9,E,8,15.4,E,8,97,E,8,988,E,8,196,E,8,0.8,E,8,-9990,0,0,-9990,0,0,2.723,E,8,0.114,E,8,0.20,E,8,0,-9990,0,0
10/12/2005,02:00,0,0,0,3,0,0,3,0,0,3,0,0,3,0,0,3,0,0,3,0,-9990,0,0,10,E,8,9,E,8,15.2,E,8,14.5,E,8,96,E,8,988,E,8,282,E,8,0.8,E,8,-9990,0,0,-9990,0,0,2.568,E,8,0.114,E,8,0.20,E,8,0,-9990,0,0
10/12/2005,03:00,0,0,0,3,0,0,3,0,0,3,0,0,3,0,0,3,0,0,3,0,-9990,0,0,10,E,8,9,E,8,14.5,E,8,14.1,E,8,98,E,8,988,E,8,312,E,8,1.2,E,8,-9990,0,0,-9990,0,0,2.494,E,8,0.114,E,8,0.20,E,8,0,-9990,0,0
10/12/2005,04:00,0,0,0,3,0,0,3,0,0,3,0,0,3,0,0,3,0,0,3,0,-9990,0,0,10,E,8,9,E,8,14.2,E,8,14.2,E,8,100,E,8,989,E,8,311,E,8,1.5,E,8,-9990,0,0,-9990,0,0,2.498,E,8,0.114,E,8,0.20,E,8,0,-9990,0,0
10/12/2005,05:00,0,0,0,3,0,0,3,0,0,3,0,0,3,0,0,3,0,0,3,0,-9990,0,0,10,E,8,9,E,8,13.8,E,8,13.8,E,8,100,E,8,989,E,8,282,E,8,0.7,E,8,-9990,0,0,-9990,0,0,2.437,E,8,0.114,E,8,0.20,E,8,0,-9990,0,0
10/12/2005,06:00,0,0,0,3,0,0,3,0,0,3,0,0,3,0,0,3,0,0,3,0,-9990,0,0,10,E,8,9,E,8,13.6,E,8,13.0,E,8,96,E,8,989,E,8,286,E,8,0.6,E,8,-9990,0,0,-9990,0,0,2.306,E,8,0.114,E,8,0.20,E,8,0,-9990,0,0
10/12/2005,07:00,0,0,0,3,0,0,3,0,0,3,0,0,3,0,0,3,0,0,3,0,-9990,0,0,10,E,8,9,E,8,13.3,E,8,12.9,E,8,97,E,8,989,E,8,289,E,8,1.6,E,8,-9990,0,0,-9990,0,0,2.290,E,8,0.114,E,8,0.20,E,8,0,-9990,0,0
10/12/2005,08:00,101,642,4,3,10,0,3,20,4,3,10,588,3,10,7,3,20,587,3,10,-9990,0,0,10,E,8,9,E,8,13.5,E,8,12.7,E,8,95,E,8,989,E,8,310,E,8,3.2,E,8,-9990,0,0,-9990,0,0,2.264,E,8,0.114,E,8,0.20,E,8,0,-9990,0,0
10/12/2005,09:00,324,1372,79,3,10,0,3,20,79,3,10,9049,3,10,0,3,20,9049,3,10,-9990,0,0,10,E,8,9,E,8,14.6,E,8,13.4,E,8,93,E,8,989,E,8,308,E,8,1.3,E,8,-9990,0,0,-9990,0,0,2.375,E,8,0.114,E,8,0.20,E,8,0,-9990,0,0
10/12/2005,10:00,515,1372,187,3,10,75,3,20,159,3,10,20864,3,10,6798,3,20,18314,3,10,-9990,0,0,10,E,8,9,E,8,16.1,E,8,13.3,E,8,84,E,8,989,E,8,304,E,8,2.4,E,8,-9990,0,0,-9990,0,0,2.360,E,8,0.114,E,8,0.20,E,8,0,-9990,0,0
10/12/2005,11:00,661,1372,300,3,10,162,3,20,222,3,10,33436,3,10,14019,3,20,26676,3,10,-9990,0,0,9,E,8,8,E,8,17.7,E,8,13.8,E,8,78,E,8,989,E,8,269,E,8,2.8,E,8,-9990,0,0,-9990,0,0,2.434,E,8,0.114,E,8,0.20,E,8,0,-9990,0,0
10/12/2005,12:00,754,1372,438,3,10,391,3,20,223,3,10,47389,3,10,26580,3,20,32769,3,10,-9990,0,0,6,E,8,5,E,8,19.6,E,8,13.6,E,8,69,E,8,990,E,8,303,E,8,0.8,E,8,-9990,0,0,-9990,0,0,2.411,E,8,0.114,E,8,0.20,E,8,0,-9990,0,0
10/12/2005,13:00,788,1372,404,3,10,266,3,20,251,3,10,44452,3,10,22878,3,20,31316,3,10,-9990,0,0,8,E,8,6,E,8,20.6,E,8,13.5,E,8,64,E,8,990,E,8,295,E,8,1.3,E,8,-9990,0,0,-9990,0,0,2.388,E,8,0.114,E,8,0.20,E,8,0,-9990,0,0
10/12/2005,14:00,758,1372,464,3,10,473,3,20,202,3,10,50837,3,10,37025,3,20,30367,3,10,-9990,0,0,5,E,8,4,E,8,21.6,E,8,14.0,E,8,62,E,8,990,E,8,280,E,8,1.5,E,8,-9990,0,0,-9990,0,0,2.474,E,8,0.114,E,8,0.20,E,8,0,-9990,0,0
10/12/2005,15:00,669,1372,332,3,10,248,3,20,211,3,10,36356,3,10,19966,3,20,26620,3,10,-9990,0,0,8,E,8,6,E,8,21.8,E,8,13.5,E,8,59,E,8,990,E,8,296,E,8,0.5,E,8,-9990,0,0,-9990,0,0,2.392,E,8,0.114,E,8,0.20,E,8,0,-9990,0,0
10/12/2005,16:00,525,1372,150,3,10,21,3,20,142,3,10,17142,3,10,2188,3,20,16304,3,10,-9990,0,0,10,E,8,9,E,8,21.1,E,8,13.0,E,8,60,E,8,990,E,8,235,E,8,1.3,E,8,-9990,0,0,-9990,0,0,2.309,E,8,0.114,E,8,0.20,E,8,0,-9990,0,0
10/12/2005,17:00,337,1372,64,3,10,0,3,20,64,3,10,7546,3,10,0,3,20,7546,3,10,-9990,0,0,10,E,8,9,E,8,20.1,E,8,12.7,E,8,63,E,8,990,E,8,180,E,8,1.0,E,8,-9990,0,0,-9990,0,0,2.256,E,8,0.114,E,8,0.20,E,8,0,-9990,0,0
10/12/2005,18:00,117,1372,5,3,10,0,3,20,5,3,10,702,3,10,14,3,20,700,3,10,-9990,0,0,10,E,8,9,E,8,18.9,E,8,12.5,E,8,66,E,8,990,E,8,59,E,8,0.8,E,8,-9990,0,0,-9990,0,0,2.224,E,8,0.114,E,8,0.20,E,8,0,-9990,0,0
10/12/2005,19:00,0,0,0,3,10,0,3,20,0,3,10,0,3,10,0,3,20,0,3,10,-9990,0,0,10,E,8,9,E,8,17.9,E,8,12.7,E,8,71,E,8,990,E,8,355,E,8,0.4,E,8,-9990,0,0,-9990,0,0,2.251,E,8,0.114,E,8,0.20,E,8,0,-9990,0,0
10/12/2005,20:00,0,0,0,3,0,0,3,0,0,3,0,0,3,0,0,3,0,0,3,0,-9990,0,0,9,E,8,8,E,8,17.3,E,8,11.9,E,8,71,E,8,990,E,8,68,E,8,0.9,E,8,-9990,0,0,-9990,0,0,2.140,E,8,0.114,E,8,0.20,E,8,0,-9990,0,0
10/12/2005,21:00,0,0,0,3,0,0,3,0,0,3,0,0,3,0,0,3,0,0,3,0,-9990,0,0,9,E,8,8,E,8,16.6,E,8,11.6,E,8,72,E,8,990,E,8,152,E,8,1.0,E,8,-9990,0,0,-9990,0,0,2.086,E,8,0.114,E,8,0.20,E,8,0,-9990,0,0
10/12/2005,22:00,0,0,0,3,0,0,3,0,0,3,0,0,3,0,0,3,0,0,3,0,-9990,0,0,9,E,8,8,E,8,15.9,E,8,11.1,E,8,73,E,8,991,E,8,46,E,8,0.7,E,8,-9990,0,0,-9990,0,0,2.011,E,8,0.114,E,8,0.20,E,8,0,-9990,0,0
10/12/2005,23:00,0,0,0,3,0,0,3,0,0,3,0,0,3,0,0,3,0,0,3,0,-9990,0,0,9,E,8,8,E,8,15.2,E,8,11.0,E,8,76,E,8,991,E,8,98,E,8,0.4,E,8,-9990,0,0,-9990,0,0,2.005,E,8,0.114,E,8,0.20,E,8,0,-9990,0,0
10/12/2005,24:00,0,0,0,3,0,0,3,0,0,3,0,0,3,0,0,3,0,0,3,0,-9990,0,0,9,E,8,8,E,8,14.5,E,8,10.3,E,8,76,E,8,991,E,8,95,E,8,0.1,E,8,-9990,0,0,-9990,0,0,1.906,E,8,0.114,E,8,0.20,E,8,0,-9990,0,0
10/13/2005,01:00,0,0,0,3,0,0,3,0,0,3,0,0,3,0,0,3,0,0,3,0,-9990,0,0,9,E,8,8,E,8,13.9,E,8,9.7,E,8,76,E,8,991,E,8,79,E,8,0.2,E,8,-9990,0,0,-9990,0,0,1.827,E,8,0.114,E,8,0.20,E,8,0,-9990,0,0
10/13/2005,02:00,0,0,0,3,0,0,3,0,0,3,0,0,3,0,0,3,0,0,3,0,-9990,0,0,9,E,8,8,E,8,13.1,E,8,9.8,E,8,80,E,8,991,E,8,247,E,8,0.1,E,8,-9990,0,0,-9990,0,0,1.841,E,8,0.114,E,8,0.20,E,8,0,-9990,0,0
10/13/2005,03:00,0,0,0,3,0,0,3,0,0,3,0,0,3,0,0,3,0,0,3,0,-9990,0,0,8,E,8,6,E,8,12.3,E,8,8.9,E,8,80,E,8,991,E,8,156,E,8,0.1,E,8,-9990,0,0,-9990,0,0,1.732,E,8,0.114,E,8,0.20,E,8,0,-9990,0,0
10/13/2005,04:00,0,0,0,3,0,0,3,0,0,3,0,0,3,0,0,3,0,0,3,0,-9990,0,0,8,E,8,7,E,8,11.8,E,8,9.3,E,8,85,E,8,991,E,8,183,E,8,0.0,E,8,-9990,0,0,-9990,0,0,1.782,E,8,0.114,E,8,0.20,E,8,0,-9990,0,0
10/13/2005,05:00,0,0,0,3,0,0,3,0,0,3,0,0,3,0,0,3,0,0,3,0,-9990,0,0,8,E,8,7,E,8,11.3,E,8,8.7,E,8,84,E,8,991,E,8,177,E,8,0.1,E,8,-9990,0,0,-9990,0,0,1.703,E,8,0.114,E,8,0.20,E,8,0,-9990,0,0
10/13/2005,06:00,0,0,0,3,0,0,3,0,0,3,0,0,3,0,0,3,0,0,3,0,-9990,0,0,8,E,8,7,E,8,10.9,E,8,7.7,E,8,80,E,8,991,E,8,94,E,8,0.0,E,8,-9990,0,0,-9990,0,0,1.590,E,8,0.114,E,8,0.20,E,8,0,-9990,0,0
10/13/2005,07:00,0,0,0,3,0,0,3,0,0,3,0,0,3,0,0,3,0,0,3,0,-9990,0,0,8,E,8,7,E,8,10.6,E,8,7.5,E,8,81,E,8,991,E,8,139,E,8,0.0,E,8,-9990,0,0,-9990,0,0,1.564,E,8,0.114,E,8,0.20,E,8,0,-9990,0,0
10/13/2005,08:00,96,625,16,3,10,0,3,20,16,3,10,1924,3,10,0,3,20,1924,3,10,-9990,0,0,8,E,8,7,E,8,11.1,E,8,8.0,E,8,81,E,8,992,E,8,132,E,8,0.0,E,8,-9990,0,0,-9990,0,0,1.621,E,8,0.114,E,8,0.20,E,8,0,-9990,0,0
10/13/2005,09:00,318,1372,143,3,10,227,3,20,91,3,10,15584,3,10,16669,3,20,11721,3,10,-9990,0,0,6,E,8,5,E,8,13.8,E,8,8.8,E,8,72,E,8,992,E,8,122,E,8,0.2,E,8,-9990,0,0,-9990,0,0,1.723,E,8,0.114,E,8,0.20,E,8,0,-9990,0,0
10/13/2005,10:00,508,1372,304,3,10,517,3,20,112,3,10,32258,3,10,42810,3,20,16402,3,10,-9990,0,0,3,E,8,2,E,8,16.9,E,8,9.0,E,8,60,E,8,992,E,8,109,E,8,0.3,E,8,-9990,0,0,-9990,0,0,1.745,E,8,0.114,E,8,0.20,E,8,0,-9990,0,0
10/13/2005,11:00,655,1372,334,3,10,271,3,20,204,3,10,36454,3,10,23599,3,20,25193,3,10,-9990,0,0,8,E,8,6,E,8,18.7,E,8,9.5,E,8,55,E,8,992,E,8,173,E,8,0.3,E,8,-9990,0,0,-9990,0,0,1.805,E,8,0.114,E,8,0.20,E,8,0,-9990,0,0
10/13/2005,12:00,748,1372,348,3,10,136,3,20,273,3,10,38462,3,10,11922,3,20,31966,3,10,-9990,0,0,9,E,8,8,E,8,19.9,E,8,9.5,E,8,51,E,8,992,E,8,198,E,8,0.6,E,8,-9990,0,0,-9990,0,0,1.804,E,8,0.114,E,8,0.20,E,8,0,-9990,0,0
10/13/2005,13:00,781,1372,385,3,10,156,3,20,296,3,10,42572,3,10,13985,3,20,34617,3,10,-9990,0,0,9,E,8,8,E,8,20.9,E,8,10.6,E,8,52,E,8,992,E,8,241,E,8,1.2,E,8,-9990,0,0,-9990,0,0,1.953,E,8,0.114,E,8,0.20,E,8,0,-9990,0,0
10/13/2005,14:00,751,1372,387,3,10,239,3,20,257,3,10,42294,3,10,20276,3,20,31197,3,10,-9990,0,0,8,E,8,6,E,8,21.6,E,8,10.5,E,8,49,E,8,992,E,8,202,E,8,0.7,E,8,-9990,0,0,-9990,0,0,1.939,E,8,0.114,E,8,0.20,E,8,0,-9990,0,0
10/13/2005,15:00,661,1372,490,3,10,760,3,20,124,3,10,53127,3,10,72520,3,20,18176,3,10,-9990,0,0,0,E,8,0,E,8,22.6,E,8,10.4,E,8,46,E,8,992,E,8,287,E,8,0.7,E,8,-9990,0,0,-9990,0,0,1.924,E,8,0.114,E,8,0.20,E,8,0,-9990,0,0
10/13/2005,16:00,518,1372,377,3,10,858,3,20,54,3,10,41100,3,10,87390,3,20,8144,3,10,-9990,0,0,0,E,8,0,E,8,22.8,E,8,10.5,E,8,46,E,8,992,E,8,261,E,8,0.5,E,8,-9990,0,0,-9990,0,0,1.931,E,8,0.114,E,8,0.20,E,8,0,-9990,0,0
10/13/2005,17:00,329,1372,213,3,10,506,3,20,92,3,10,22394,3,10,36570,3,20,13619,3,10,-9990,0,0,3,E,8,2,E,8,22.0,E,8,10.0,E,8,47,E,8,992,E,8,295,E,8,0.7,E,8,-9990,0,0,-9990,0,0,1.871,E,8,0.114,E,8,0.20,E,8,0,-9990,0,0
10/13/2005,18:00,108,664,48,3,10,0,3,20,48,3,10,5353,3,10,0,3,20,5353,3,10,-9990,0,0,4,E,8,3,E,8,20.1,E,8,10.0,E,8,52,E,8,991,E,8,235,E,8,0.4,E,8,-9990,0,0,-9990,0,0,1.871,E,8,0.114,E,8,0.20,E,8,0,-9990,0,0
10/13/2005,19:00,0,0,0,3,0,0,3,0,0,3,0,0,3,0,0,3,0,0,3,0,-9990,0,0,4,E,8,3,E,8,19.1,E,8,12.0,E,8,63,E,8,991,E,8,280,E,8,0.1,E,8,-9990,0,0,-9990,0,0,2.150,E,8,0.114,E,8,0.20,E,8,0,-9990,0,0
10/13/2005,20:00,0,0,0,3,0,0,3,0,0,3,0,0,3,0,0,3,0,0,3,0,-9990,0,0,4,E,8,3,E,8,18.1,E,8,12.3,E,8,69,E,8,991,E,8,197,E,8,0.6,E,8,-9990,0,0,-9990,0,0,2.201,E,8,0.114,E,8,0.20,E,8,0,-9990,0,0
10/13/2005,21:00,0,0,0,3,0,0,3,0,0,3,0,0,3,0,0,3,0,0,3,0,-9990,0,0,4,E,8,3,E,8,17.0,E,8,11.7,E,8,71,E,8,991,E,8,197,E,8,0.4,E,8,-9990,0,0,-9990,0,0,2.111,E,8,0.114,E,8,0.20,E,8,0,-9990,0,0
10/13/2005,22:00,0,0,0,3,0,0,3,0,0,3,0,0,3,0,0,3,0,0,3,0,-9990,0,0,5,E,8,4,E,8,16.0,E,8,11.7,E,8,75,E,8,991,E,8,212,E,8,1.0,E,8,-9990,0,0,-9990,0,0,2.099,E,8,0.114,E,8,0.20,E,8,0,-9990,0,0
10/13/2005,23:00,0,0,0,3,0,0,3,0,0,3,0,0,3,0,0,3,0,0,3,0,-9990,0,0,5,E,8,5,E,8,15.0,E,8,12.3,E,8,84,E,8,991,E,8,199,E,8,0.0,E,8,-9990,0,0,-9990,0,0,2.189,E,8,0.114,E,8,0.20,E,8,0,-9990,0,0
10/13/2005,24:00,0,0,0,3,0,0,3,0,0,3,0,0,3,0,0,3,0,0,3,0,-9990,0,0,5,E,8,5,E,8,13.9,E,8,11.6,E,8,86,E,8,991,E,8,248,E,8,0.4,E,8,-9990,0,0,-9990,0,0,2.091,E,8,0.114,E,8,0.20,E,8,0,-9990,0,0
10/14/2005,01:00,0,0,0,3,0,0,3,0,0,3,0,0,3,0,0,3,0,0,3,0,-9990,0,0,5,E,8,5,E,8,13.5,E,8,11.4,E,8,87,E,8,991,E,8,295,E,8,0.2,E,8,-9990,0,0,-9990,0,0,2.066,E,8,0.105,E,8,0.20,E,8,0,-9990,0,0
10/14/2005,02:00,0,0,0,3,0,0,3,0,0,3,0,0,3,0,0,3,0,0,3,0,-9990,0,0,6,E,8,6,E,8,13.1,E,8,11.0,E,8,87,E,8,990,E,8,286,E,8,0.3,E,8,-9990,0,0,-9990,0,0,2.000,E,8,0.105,E,8,0.20,E,8,0,-9990,0,0
10/14/2005,03:00,0,0,0,3,0,0,3,0,0,3,0,0,3,0,0,3,0,0,3,0,-9990,0,0,6,E,8,6,E,8,12.7,E,8,10.5,E,8,86,E,8,990,E,8,304,E,8,1.0,E,8,-9990,0,0,-9990,0,0,1.936,E,8,0.105,E,8,0.20,E,8,0,-9990,0,0
10/14/2005,04:00,0,0,0,3,0,0,3,0,0,3,0,0,3,0,0,3,0,0,3,0,-9990,0,0,6,E,8,6,E,8,12.5,E,8,10.5,E,8,87,E,8,990,E,8,300,E,8,1.2,E,8,-9990,0,0,-9990,0,0,1.928,E,8,0.105,E,8,0.20,E,8,0,-9990,0,0
10/14/2005,05:00,0,0,0,3,0,0,3,0,0,3,0,0,3,0,0,3,0,0,3,0,-9990,0,0,8,E,8,7,E,8,12.3,E,8,10.7,E,8,90,E,8,990,E,8,304,E,8,0.9,E,8,-9990,0,0,-9990,0,0,1.963,E,8,0.105,E,8,0.20,E,8,0,-9990,0,0
10/14/2005,06:00,0,0,0,3,0,0,3,0,0,3,0,0,3,0,0,3,0,0,3,0,-9990,0,0,8,E,8,7,E,8,12.1,E,8,11.2,E,8,94,E,8,990,E,8,301,E,8,1.6,E,8,-9990,0,0,-9990,0,0,2.026,E,8,0.105,E,8,0.20,E,8,0,-9990,0,0
10/14/2005,07:00,0,0,0,3,0,0,3,0,0,3,0,0,3,0,0,3,0,0,3,0,-9990,0,0,8,E,8,7,E,8,12.0,E,8,11.4,E,8,96,E,8,990,E,8,311,E,8,0.5,E,8,-9990,0,0,-9990,0,0,2.056,E,8,0.105,E,8,0.20,E,8,0,-9990,0,0
10/14/2005,08:00,91,608,13,3,10,0,3,20,13,3,10,1543,3,10,0,3,20,1543,3,10,-9990,0,0,8,E,8,7,E,8,12.4,E,8,10.7,E,8,89,E,8,990,E,8,298,E,8,0.4,E,8,-9990,0,0,-9990,0,0,1.956,E,8,0.105,E,8,0.20,E,8,0,-9990,0,0
10/14/2005,09:00,312,1373,119,3,10,142,3,20,87,3,10,13011,3,10,7031,3,20,11414,3,10,-9990,0,0,9,E,8,8,E,8,14.3,E,8,11.3,E,8,82,E,8,990,E,8,262,E,8,0.9,E,8,-9990,0,0,-9990,0,0,2.041,E,8,0.105,E,8,0.20,E,8,0,-9990,0,0
10/14/2005,10:00,502,1373,214,3,10,120,3,20,170,3,10,23792,3,10,9156,3,20,20444,3,10,-9990,0,0,9,E,8,8,E,8,16.0,E,8,11.6,E,8,75,E,8,989,E,8,288,E,8,0.9,E,8,-9990,0,0,-9990,0,0,2.092,E,8,0.105,E,8,0.20,E,8,0,-9990,0,0
10/14/2005,11:00,648,1373,294,3,10,129,3,20,233,3,10,32586,3,10,10504,3,20,27626,3,10,-9990,0,0,9,E,8,8,E,8,17.5,E,8,11.7,E,8,69,E,8,989,E,8,287,E,8,0.5,E,8,-9990,0,0,-9990,0,0,2.102,E,8,0.105,E,8,0.20,E,8,0,-9990,0,0
10/14/2005,12:00,741,1373,316,3,10,92,3,20,266,3,10,35303,3,10,8837,3,20,30534,3,10,-9990,0,0,10,E,8,9,E,8,18.6,E,8,12.2,E,8,67,E,8,989,E,8,317,E,8,0.4,E,8,-9990,0,0,-9990,0,0,2.181,E,8,0.105,E,8,0.20,E,8,0,-9990,0,0
10/14/2005,13:00,774,1373,343,3,10,105,3,20,284,3,10,38387,3,10,10240,3,20,32618,3,10,-9990,0,0,10,E,8,9,E,8,19.4,E,8,12.9,E,8,66,E,8,989,E,8,279,E,8,0.9,E,8,-9990,0,0,-9990,0,0,2.293,E,8,0.105,E,8,0.20,E,8,0,-9990,0,0
10/14/2005,14:00,744,1373,338,3,10,118,3,20,274,3,10,37600,3,10,9260,3,20,32582,3,10,-9990,0,0,10,E,8,9,E,8,20.0,E,8,13.9,E,8,68,E,8,989,E,8,280,E,8,1.0,E,8,-9990,0,0,-9990,0,0,2.454,E,8,0.105,E,8,0.20,E,8,0,-9990,0,0
10/14/2005,15:00,654,1373,277,3,10,103,3,20,227,3,10,30820,3,10,7540,3,20,27228,3,10,-9990,0,0,10,E,8,9,E,8,20.2,E,8,13.5,E,8,65,E,8,989,E,8,235,E,8,1.2,E,8,-9990,0,0,-9990,0,0,2.381,E,8,0.105,E,8,0.20,E,8,0,-9990,0,0
10/14/2005,16:00,510,1373,175,3,10,49,3,20,157,3,10,19619,3,10,3841,3,20,18192,3,10,-9990,0,0,10,E,8,9,E,8,19.7,E,8,13.1,E,8,66,E,8,989,E,8,206,E,8,0.9,E,8,-9990,0,0,-9990,0,0,2.327,E,8,0.105,E,8,0.20,E,8,0,-9990,0,0
10/14/2005,17:00,322,1373,103,3,10,58,3,20,89,3,10,11481,3,10,4777,3,20,10362,3,10,-9990,0,0,10,E,8,9,E,8,18.9,E,8,12.7,E,8,67,E,8,989,E,8,265,E,8,1.6,E,8,-9990,0,0,-9990,0,0,2.257,E,8,0.105,E,8,0.20,E,8,0,-9990,0,0
10/14/2005,18:00,100,641,4,3,10,0,3,20,4,3,10,595,3,10,8,3,20,593,3,10,-9990,0,0,10,E,8,9,E,8,17.8,E,8,12.3,E,8,70,E,8,988,E,8,179,E,8,1.6,E,8,-9990,0,0,-9990,0,0,2.189,E,8,0.105,E,8,0.20,E,8,0,-9990,0,0
10/14/2005,19:00,0,0,0,3,0,0,3,0,0,3,0,0,3,0,0,3,0,0,3,0,-9990,0,0,10,E,8,9,E,8,17.3,E,8,12.3,E,8,72,E,8,988,E,8,82,E,8,2.6,E,8,-9990,0,0,-9990,0,0,2.188,E,8,0.105,E,8,0.20,E,8,0,-9990,0,0
10/14/2005,20:00,0,0,0,3,0,0,3,0,0,3,0,0,3,0,0,3,0,0,3,0,-9990,0,0,10,E,8,9,E,8,16.8,E,8,11.8,E,8,72,E,8,988,E,8,41,E,8,1.7,E,8,-9990,0,0,-9990,0,0,2.119,E,8,0.105,E,8,0.20,E,8,0,-9990,0,0
10/14/2005,21:00,0,0,0,3,0,0,3,0,0,3,0,0,3,0,0,3,0,0,3,0,-9990,0,0,10,E,8,9,E,8,16.3,E,8,11.7,E,8,74,E,8,988,E,8,122,E,8,2.2,E,8,-9990,0,0,-9990,0,0,2.107,E,8,0.105,E,8,0.20,E,8,0,-9990,0,0
10/14/2005,22:00,0,0,0,3,0,0,3,0,0,3,0,0,3,0,0,3,0,0,3,0,-9990,0,0,10,E,8,9,E,8,15.9,E,8,11.3,E,8,74,E,8,988,E,8,77,E,8,2.0,E,8,-9990,0,0,-9990,0,0,2.049,E,8,0.105,E,8,0.20,E,8,0,-9990,0,0
10/14/2005,23:00,0,0,0,3,0,0,3,0,0,3,0,0,3,0,0,3,0,0,3,0,-9990,0,0,10,E,8,9,E,8,15.4,E,8,11.4,E,8,77,E,8,988,E,8,47,E,8,1.2,E,8,-9990,0,0,-9990,0,0,2.066,E,8,0.105,E,8,0.20,E,8,0,-9990,0,0
10/14/2005,24:00,0,0,0,3,0,0,3,0,0,3,0,0,3,0,0,3,0,0,3,0,-9990,0,0,10,E,8,9,E,8,14.9,E,8,10.6,E,8,76,E,8,988,E,8,84,E,8,1.7,E,8,-9990,0,0,-9990,0,0,1.955,E,8,0.105,E,8,0.20,E,8,0,-9990,0,0
10/15/2005,01:00,0,0,0,3,0,0,3,0,0,3,0,0,3,0,0,3,0,0,3,0,-9990,0,0,10,E,8,9,E,8,14.5,E,8,11.1,E,8,80,E,8,988,E,8,172,E,8,1.3,E,8,-9990,0,0,-9990,0,0,2.017,E,8,0.105,E,8,0.20,E,8,0,-9990,0,0
10/15/2005,02:00,0,0,0,3,0,0,3,0,0,3,0,0,3,0,0,3,0,0,3,0,-9990,0,0,10,E,8,9,E,8,14.1,E,8,10.7,E,8,80,E,8,988,E,8,109,E,8,1.9,E,8,-9990,0,0,-9990,0,0,1.956,E,8,0.105,E,8,0.20,E,8,0,-9990,0,0
10/15/2005,03:00,0,0,0,3,0,0,3,0,0,3,0,0,3,0,0,3,0,0,3,0,-9990,0,0,10,E,8,9,E,8,13.7,E,8,10.3,E,8,80,E,8,988,E,8,166,E,8,2.0,E,8,-9990,0,0,-9990,0,0,1.910,E,8,0.105,E,8,0.20,E,8,0,-9990,0,0
10/15/2005,04:00,0,0,0,3,0,0,3,0,0,3,0,0,3,0,0,3,0,0,3,0,-9990,0,0,10,E,8,9,E,8,13.6,E,8,10.5,E,8,82,E,8,987,E,8,175,E,8,1.6,E,8,-9990,0,0,-9990,0,0,1.936,E,8,0.105,E,8,0.20,E,8,0,-9990,0,0
10/15/2005,05:00,0,0,0,3,0,0,3,0,0,3,0,0,3,0,0,3,0,0,3,0,-9990,0,0,10,E,8,9,E,8,13.3,E,8,11.1,E,8,86,E,8,987,E,8,82,E,8,2.4,E,8,-9990,0,0,-9990,0,0,2.020,E,8,0.105,E,8,0.20,E,8,0,-9990,0,0
10/15/2005,06:00,0,0,0,3,0,0,3,0,0,3,0,0,3,0,0,3,0,0,3,0,-9990,0,0,10,E,8,9,E,8,13.3,E,8,11.5,E,8,89,E,8,987,E,8,202,E,8,2.2,E,8,-9990,0,0,-9990,0,0,2.081,E,8,0.105,E,8,0.20,E,8,0,-9990,0,0
10/15/2005,07:00,0,0,0,3,0,0,3,0,0,3,0,0,3,0,0,3,0,0,3,0,-9990,0,0,10,E,8,9,E,8,13.0,E,8,10.7,E,8,86,E,8,987,E,8,181,E,8,2.0,E,8,-9990,0,0,-9990,0,0,1.961,E,8,0.105,E,8,0.20,E,8,1,-9990,0,0
10/15/2005,08:00,85,591,4,3,10,0,3,20,4,3,10,573,3,10,8,3,20,572,3,10,-9990,0,0,10,E,8,9,E,8,13.3,E,8,11.6,E,8,89,E,8,987,E,8,93,E,8,2.6,E,8,-9990,0,0,-9990,0,0,2.089,E,8,0.105,E,8,0.20,E,8,0,-9990,0,0
10/15/2005,09:00,306,1374,25,3,10,0,3,20,25,3,10,3141,3,10,0,3,20,3141,3,10,-9990,0,0,10,E,8,9,E,8,13.7,E,8,11.4,E,8,86,E,8,987,E,8,93,E,8,1.9,E,8,-9990,0,0,-9990,0,0,2.066,E,8,0.105,E,8,0.20,E,8,0,-9990,0,0
10/15/2005,10:00,496,1374,50,3,10,0,3,20,50,3,10,6192,3,10,0,3,20,6192,3,10,-9990,0,0,10,E,8,9,E,8,14.2,E,8,11.9,E,8,86,E,8,987,E,8,175,E,8,2.2,E,8,-9990,0,0,-9990,0,0,2.129,E,8,0.105,E,8,0.20,E,8,0,-9990,0,0
10/15/2005,11:00,642,1374,36,3,10,0,3,20,36,3,10,4726,3,10,0,3,20,4726,3,10,-9990,0,0,10,E,8,9,E,8,14.3,E,8,12.0,E,8,86,E,8,987,E,8,198,E,8,3.7,E,8,-9990,0,0,-9990,0,0,2.145,E,8,0.105,E,8,0.20,E,8,0,-9990,0,0
10/15/2005,12:00,734,1374,86,3,10,0,3,20,86,3,10,10613,3,10,0,3,20,10613,3,10,-9990,0,0,10,E,8,9,E,8,14.7,E,8,12.4,E,8,86,E,8,987,E,8,283,E,8,3.4,E,8,-9990,0,0,-9990,0,0,2.208,E,8,0.105,E,8,0.20,E,8,0,-9990,0,0
10/15/2005,13:00,767,1374,102,3,10,0,3,20,102,3,10,12538,3,10,0,3,20,12538,3,10,-9990,0,0,10,E,8,9,E,8,15.1,E,8,11.9,E,8,81,E,8,987,E,8,253,E,8,1.6,E,8,-9990,0,0,-9990,0,0,2.139,E,8,0.105,E,8,0.20,E,8,0,-9990,0,0
10/15/2005,14:00,737,1374,401,3,10,295,3,20,242,3,10,44015,3,10,25765,3,20,30198,3,10,-9990,0,0,8,E,8,6,E,8,16.9,E,8,13.2,E,8,79,E,8,987,E,8,313,E,8,1.0,E,8,-9990,0,0,-9990,0,0,2.342,E,8,0.105,E,8,0.20,E,8,0,-9990,0,0
10/15/2005,15:00,647,1374,363,3,10,435,3,20,159,3,10,40166,3,10,33717,3,20,24295,3,10,-9990,0,0,5,E,8,4,E,8,18.2,E,8,13.6,E,8,75,E,8,987,E,8,315,E,8,2.4,E,8,-9990,0,0,-9990,0,0,2.405,E,8,0.105,E,8,0.20,E,8,0,-9990,0,0
10/15/2005,16:00,503,1374,276,3,10,432,3,20,118,3,10,30612,3,10,33485,3,20,18364,3,10,-9990,0,0,5,E,8,4,E,8,18.7,E,8,13.7,E,8,72,E,8,987,E,8,333,E,8,1.6,E,8,-9990,0,0,-9990,0,0,2.417,E,8,0.105,E,8,0.20,E,8,0,-9990,0,0
10/15/2005,17:00,314,1374,156,3,10,308,3,20,85,3,10,17053,3,10,17010,3,20,13164,3,10,-9990,0,0,6,E,8,5,E,8,18.8,E,8,13.8,E,8,73,E,8,987,E,8,303,E,8,2.4,E,8,-9990,0,0,-9990,0,0,2.435,E,8,0.105,E,8,0.20,E,8,0,-9990,0,0
10/15/2005,18:00,93,619,21,3,10,0,3,20,21,3,10,2456,3,10,0,3,20,2456,3,10,-9990,0,0,6,E,8,5,E,8,18.1,E,8,13.2,E,8,73,E,8,987,E,8,308,E,8,4.1,E,8,-9990,0,0,-9990,0,0,2.337,E,8,0.105,E,8,0.20,E,8,0,-9990,0,0
10/15/2005,19:00,0,0,0,3,0,0,3,0,0,3,0,0,3,0,0,3,0,0,3,0,-9990,0,0,6,E,8,5,E,8,17.5,E,8,13.0,E,8,75,E,8,987,E,8,306,E,8,3.7,E,8,-9990,0,0,-9990,0,0,2.302,E,8,0.105,E,8,0.20,E,8,0,-9990,0,0
10/15/2005,20:00,0,0,0,3,0,0,3,0,0,3,0,0,3,0,0,3,0,0,3,0,-9990,0,0,6,E,8,5,E,8,16.8,E,8,12.5,E,8,76,E,8,987,E,8,329,E,8,1.6,E,8,-9990,0,0,-9990,0,0,2.226,E,8,0.105,E,8,0.20,E,8,0,-9990,0,0
10/15/2005,21:00,0,0,0,3,0,0,3,0,0,3,0,0,3,0,0,3,0,0,3,0,-9990,0,0,6,E,8,5,E,8,16.2,E,8,12.0,E,8,76,E,8,987,E,8,324,E,8,1.7,E,8,-9990,0,0,-9990,0,0,2.150,E,8,0.105,E,8,0.20,E,8,0,-9990,0,0
10/15/2005,22:00,0,0,0,3,0,0,3,0,0,3,0,0,3,0,0,3,0,0,3,0,-9990,0,0,8,E,8,6,E,8,15.6,E,8,11.9,E,8,79,E,8,987,E,8,293,E,8,0.9,E,8,-9990,0,0,-9990,0,0,2.137,E,8,0.105,E,8,0.20,E,8,0,-9990,0,0
10/15/2005,23:00,0,0,0,3,0,0,3,0,0,3,0,0,3,0,0,3,0,0,3,0,-9990,0,0,8,E,8,7,E,8,15.0,E,8,11.7,E,8,80,E,8,987,E,8,295,E,8,0.4,E,8,-9990,0,0,-9990,0,0,2.100,E,8,0.105,E,8,0.20,E,8,0,-9990,0,0
10/15/2005,24:00,0,0,0,3,0,0,3,0,0,3,0,0,3,0,0,3,0,0,3,0,-9990,0,0,8,E,8,7,E,8,14.4,E,8,11.5,E,8,83,E,8,987,E,8,298,E,8,1.2,E,8,-9990,0,0,-9990,0,0,2.079,E,8,0.105,E,8,0.20,E,8,0,-9990,0,0
10/16/2005,01:00,0,0,0,3,0,0,3,0,0,3,0,0,3,0,0,3,0,0,3,0,-9990,0,0,8,E,8,7,E,8,13.7,E,8,10.9,E,8,83,E,8,987,E,8,312,E,8,1.5,E,8,-9990,0,0,-9990,0,0,1.991,E,8,0.121,E,8,0.20,E,8,0,-9990,0,0
10/16/2005,02:00,0,0,0,3,0,0,3,0,0,3,0,0,3,0,0,3,0,0,3,0,-9990,0,0,9,E,8,8,E,8,12.9,E,8,10.1,E,8,83,E,8,987,E,8,304,E,8,1.0,E,8,-9990,0,0,-9990,0,0,1.876,E,8,0.121,E,8,0.20,E,8,0,-9990,0,0
10/16/2005,03:00,0,0,0,3,0,0,3,0,0,3,0,0,3,0,0,3,0,0,3,0,-9990,0,0,9,E,8,8,E,8,12.2,E,8,9.9,E,8,86,E,8,987,E,8,266,E,8,1.3,E,8,-9990,0,0,-9990,0,0,1.852,E,8,0.121,E,8,0.20,E,8,0,-9990,0,0
10/16/2005,04:00,0,0,0,3,0,0,3,0,0,3,0,0,3,0,0,3,0,0,3,0,-9990,0,0,9,E,8,8,E,8,11.8,E,8,10.0,E,8,89,E,8,987,E,8,297,E,8,0.5,E,8,-9990,0,0,-9990,0,0,1.862,E,8,0.121,E,8,0.20,E,8,0,-9990,0,0
10/16/2005,05:00,0,0,0,3,0,0,3,0,0,3,0,0,3,0,0,3,0,0,3,0,-9990,0,0,9,E,8,8,E,8,11.4,E,8,9.4,E,8,88,E,8,987,E,8,308,E,8,1.5,E,8,-9990,0,0,-9990,0,0,1.796,E,8,0.121,E,8,0.20,E,8,0,-9990,0,0
10/16/2005,06:00,0,0,0,3,0,0,3,0,0,3,0,0,3,0,0,3,0,0,3,0,-9990,0,0,9,E,8,8,E,8,11.1,E,8,8.5,E,8,84,E,8,987,E,8,292,E,8,3.2,E,8,-9990,0,0,-9990,0,0,1.685,E,8,0.121,E,8,0.20,E,8,0,-9990,0,0
10/16/2005,07:00,0,0,0,3,0,0,3,0,0,3,0,0,3,0,0,3,0,0,3,0,-9990,0,0,10,E,8,9,E,8,10.7,E,8,9.1,E,8,90,E,8,987,E,8,253,E,8,6.0,E,8,-9990,0,0,-9990,0,0,1.749,E,8,0.121,E,8,0.20,E,8,1,-9990,0,0
10/16/2005,08:00,80,574,3,3,10,0,3,20,3,3,10,440,3,10,8,3,20,439,3,10,-9990,0,0,10,E,8,9,E,8,10.8,E,8,9.8,E,8,93,E,8,987,E,8,107,E,8,5.1,E,8,-9990,0,0,-9990,0,0,1.837,E,8,0.121,E,8,0.20,E,8,0,-9990,0,0
10/16/2005,09:00,300,1375,31,3,10,0,3,20,31,3,10,3783,3,10,0,3,20,3783,3,10,-9990,0,0,10,E,8,9,E,8,11.2,E,8,9.6,E,8,90,E,8,987,E,8,97,E,8,1.9,E,8,-9990,0,0,-9990,0,0,1.821,E,8,0.121,E,8,0.20,E,8,0,-9990,0,0
10/16/2005,10:00,490,1375,27,3,10,0,3,20,27,3,10,3449,3,10,0,3,20,3449,3,10,-9990,0,0,10,E,8,9,E,8,11.3,E,8,9.5,E,8,89,E,8,987,E,8,59,E,8,1.2,E,8,-9990,0,0,-9990,0,0,1.803,E,8,0.121,E,8,0.20,E,8,0,-9990,0,0
10/16/2005,11:00,635,1375,78,3,10,0,3,20,78,3,10,9560,3,10,0,3,20,9560,3,10,-9990,0,0,10,E,8,9,E,8,11.7,E,8,9.8,E,8,88,E,8,987,E,8,53,E,8,1.2,E,8,-9990,0,0,-9990,0,0,1.843,E,8,0.121,E,8,0.20,E,8,0,-9990,0,0
10/16/2005,12:00,728,1375,87,3,10,0,3,20,87,3,10,10800,3,10,0,3,20,10800,3,10,-9990,0,0,10,E,8,9,E,8,12.0,E,8,9.2,E,8,83,E,8,987,E,8,77,E,8,1.7,E,8,-9990,0,0,-9990,0,0,1.768,E,8,0.121,E,8,0.20,E,8,0,-9990,0,0
10/16/2005,13:00,760,1375,86,3,10,0,3,20,86,3,10,10686,3,10,0,3,20,10686,3,10,-9990,0,0,10,E,8,9,E,8,12.1,E,8,9.3,E,8,83,E,8,987,E,8,84,E,8,0.6,E,8,-9990,0,0,-9990,0,0,1.778,E,8,0.121,E,8,0.20,E,8,0,-9990,0,0
10/16/2005,14:00,730,1375,437,3,10,415,3,20,217,3,10,47349,3,10,29704,3,20,31584,3,10,-9990,0,0,6,E,8,6,E,8,13.8,E,8,10.6,E,8,81,E,8,986,E,8,28,E,8,0.8,E,8,-9990,0,0,-9990,0,0,1.946,E,8,0.121,E,8,0.20,E,8,0,-9990,0,0
10/16/2005,15:00,639,1375,361,3,10,443,3,20,155,3,10,39837,3,10,35410,3,20,23368,3,10,-9990,0,0,5,E,8,4,E,8,14.8,E,8,11.0,E,8,78,E,8,986,E,8,110,E,8,0.4,E,8,-9990,0,0,-9990,0,0,2.006,E,8,0.121,E,8,0.20,E,8,0,-9990,0,0
10/16/2005,16:00,495,1375,258,3,10,371,3,20,124,3,10,28346,3,10,26273,3,20,18884,3,10,-9990,0,0,5,E,8,5,E,8,15.2,E,8,11.9,E,8,81,E,8,986,E,8,61,E,8,1.0,E,8,-9990,0,0,-9990,0,0,2.139,E,8,0.121,E,8,0.20,E,8,0,-9990,0,0
10/16/2005,17:00,307,1375,164,3,10,309,3,20,95,3,10,17733,3,10,15345,3,20,14311,3,10,-9990,0,0,6,E,8,6,E,8,15.1,E,8,12.4,E,8,83,E,8,986,E,8,177,E,8,0.4,E,8,-9990,0,0,-9990,0,0,2.204,E,8,0.121,E,8,0.20,E,8,0,-9990,0,0
10/16/2005,18:00,87,597,26,3,10,0,3,20,26,3,10,3039,3,10,0,3,20,3039,3,10,-9990,0,0,6,E,8,6,E,8,14.4,E,8,12.0,E,8,85,E,8,986,E,8,192,E,8,0.3,E,8,-9990,0,0,-9990,0,0,2.153,E,8,0.121,E,8,0.20,E,8,0,-9990,0,0
10/16/2005,19:00,0,0,0,3,0,0,3,0,0,3,0,0,3,0,0,3,0,0,3,0,-9990,0,0,6,E,8,6,E,8,14.2,E,8,12.2,E,8,88,E,8,985,E,8,272,E,8,0.7,E,8,-9990,0,0,-9990,0,0,2.180,E,8,0.121,E,8,0.20,E,8,0,-9990,0,0
10/16/2005,20:00,0,0,0,3,0,0,3,0,0,3,0,0,3,0,0,3,0,0,3,0,-9990,0,0,6,E,8,6,E,8,14.0,E,8,12.3,E,8,89,E,8,985,E,8,221,E,8,1.6,E,8,-9990,0,0,-9990,0,0,2.193,E,8,0.121,E,8,0.20,E,8,0,-9990,0,0
10/16/2005,21:00,0,0,0,3,0,0,3,0,0,3,0,0,3,0,0,3,0,0,3,0,-9990,0,0,6,E,8,6,E,8,13.8,E,8,12.1,E,8,89,E,8,985,E,8,276,E,8,3.2,E,8,-9990,0,0,-9990,0,0,2.159,E,8,0.121,E,8,0.20,E,8,0,-9990,0,0
10/16/2005,22:00,0,0,0,3,0,0,3,0,0,3,0,0,3,0,0,3,0,0,3,0,-9990,0,0,8,E,8,7,E,8,13.5,E,8,12.4,E,8,93,E,8,985,E,8,273,E,8,2.4,E,8,-9990,0,0,-9990,0,0,2.203,E,8,0.121,E,8,0.20,E,8,0,-9990,0,0
10/16/2005,23:00,0,0,0,3,0,0,3,0,0,3,0,0,3,0,0,3,0,0,3,0,-9990,0,0,8,E,8,7,E,8,13.3,E,8,12.4,E,8,94,E,8,985,E,8,278,E,8,1.2,E,8,-9990,0,0,-9990,0,0,2.207,E,8,0.121,E,8,0.20,E,8,0,-9990,0,0
10/16/2005,24:00,0,0,0,3,0,0,3,0,0,3,0,0,3,0,0,3,0,0,3,0,-9990,0,0,8,E,8,7,E,8,13.1,E,8,12.0,E,8,93,E,8,985,E,8,340,E,8,1.3,E,8,-9990,0,0,-9990,0,0,2.146,E,8,0.121,E,8,0.20,E,8,0,-9990,0,0
10/17/2005,01:00,0,0,0,3,0,0,3,0,0,3,0,0,3,0,0,3,0,0,3,0,-9990,0,0,8,E,8,7,E,8,13.1,E,8,11.6,E,8,90,E,8,984,E,8,300,E,8,2.6,E,8,-9990,0,0,-9990,0,0,2.084,E,8,0.112,E,8,0.20,E,8,0,-9990,0,0
10/17/2005,02:00,0,0,0,3,0,0,3,0,0,3,0,0,3,0,0,3,0,0,3,0,-9990,0,0,8,E,8,7,E,8,13.1,E,8,11.8,E,8,92,E,8,984,E,8,217,E,8,0.7,E,8,-9990,0,0,-9990,0,0,2.122,E,8,0.112,E,8,0.20,E,8,0,-9990,0,0
10/17/2005,03:00,0,0,0,3,0,0,3,0,0,3,0,0,3,0,0,3,0,0,3,0,-9990,0,0,9,E,8,8,E,8,13.2,E,8,11.8,E,8,91,E,8,984,E,8,299,E,8,2.6,E,8,-9990,0,0,-9990,0,0,2.121,E,8,0.112,E,8,0.20,E,8,0,-9990,0,0
10/17/2005,04:00,0,0,0,3,0,0,3,0,0,3,0,0,3,0,0,3,0,0,3,0,-9990,0,0,9,E,8,8,E,8,13.2,E,8,11.9,E,8,92,E,8,984,E,8,274,E,8,2.2,E,8,-9990,0,0,-9990,0,0,2.130,E,8,0.112,E,8,0.20,E,8,0,-9990,0,0
10/17/2005,05:00,0,0,0,3,0,0,3,0,0,3,0,0,3,0,0,3,0,0,3,0,-9990,0,0,9,E,8,8,E,8,13.2,E,8,12.1,E,8,93,E,8,984,E,8,207,E,8,3.0,E,8,-9990,0,0,-9990,0,0,2.163,E,8,0.112,E,8,0.20,E,8,0,-9990,0,0
10/17/2005,06:00,0,0,0,3,0,0,3,0,0,3,0,0,3,0,0,3,0,0,3,0,-9990,0,0,9,E,8,8,E,8,13.2,E,8,12.8,E,8,97,E,8,984,E,8,201,E,8,1.6,E,8,-9990,0,0,-9990,0,0,2.280,E,8,0.112,E,8,0.20,E,8,0,-9990,0,0
10/17/2005,07:00,0,0,0,3,0,0,3,0,0,3,0,0,3,0,0,3,0,0,3,0,-9990,0,0,10,E,8,9,E,8,13.2,E,8,12.8,E,8,98,E,8,983,E,8,258,E,8,2.0,E,8,-9990,0,0,-9990,0,0,2.278,E,8,0.112,E,8,0.20,E,8,0,-9990,0,0
10/17/2005,08:00,76,557,3,3,10,0,3,20,3,3,10,412,3,10,8,3,20,411,3,10,-9990,0,0,10,E,8,9,E,8,13.4,E,8,13.0,E,8,98,E,8,983,E,8,281,E,8,1.9,E,8,-9990,0,0,-9990,0,0,2.303,E,8,0.112,E,8,0.20,E,8,0,-9990,0,0
10/17/2005,09:00,294,1376,21,3,10,0,3,20,21,3,10,2660,3,10,0,3,20,2660,3,10,-9990,0,0,10,E,8,9,E,8,13.7,E,8,13.3,E,8,98,E,8,983,E,8,206,E,8,2.6,E,8,-9990,0,0,-9990,0,0,2.359,E,8,0.112,E,8,0.20,E,8,0,-9990,0,0
10/17/2005,10:00,483,1376,39,3,10,0,3,20,39,3,10,4850,3,10,0,3,20,4850,3,10,-9990,0,0,10,E,8,9,E,8,14.2,E,8,13.8,E,8,98,E,8,983,E,8,250,E,8,4.8,E,8,-9990,0,0,-9990,0,0,2.436,E,8,0.112,E,8,0.20,E,8,0,-9990,0,0
10/17/2005,11:00,629,1376,51,3,10,0,3,20,51,3,10,6426,3,10,0,3,20,6426,3,10,-9990,0,0,10,E,8,9,E,8,14.5,E,8,14.1,E,8,97,E,8,983,E,8,198,E,8,3.2,E,8,-9990,0,0,-9990,0,0,2.483,E,8,0.112,E,8,0.20,E,8,0,-9990,0,0
10/17/2005,12:00,721,1376,61,3,10,0,3,20,61,3,10,7693,3,10,0,3,20,7693,3,10,-9990,0,0,10,E,8,9,E,8,14.8,E,8,14.0,E,8,95,E,8,982,E,8,264,E,8,3.4,E,8,-9990,0,0,-9990,0,0,2.476,E,8,0.112,E,8,0.20,E,8,0,-9990,0,0
10/17/2005,13:00,753,1376,58,3,10,0,3,20,58,3,10,7454,3,10,0,3,20,7454,3,10,-9990,0,0,10,E,8,9,E,8,14.8,E,8,14.3,E,8,96,E,8,982,E,8,307,E,8,2.2,E,8,-9990,0,0,-9990,0,0,2.518,E,8,0.112,E,8,0.20,E,8,1,-9990,0,0
10/17/2005,14:00,722,1376,54,3,10,0,3,20,54,3,10,6934,3,10,0,3,20,6934,3,10,-9990,0,0,10,E,8,9,E,8,15.0,E,8,14.2,E,8,95,E,8,983,E,8,263,E,8,2.0,E,8,-9990,0,0,-9990,0,0,2.503,E,8,0.112,E,8,0.20,E,8,0,-9990,0,0
10/17/2005,15:00,632,1376,51,3,10,0,3,20,51,3,10,6467,3,10,0,3,20,6467,3,10,-9990,0,0,10,E,8,9,E,8,15.1,E,8,13.8,E,8,92,E,8,983,E,8,266,E,8,3.4,E,8,-9990,0,0,-9990,0,0,2.438,E,8,0.112,E,8,0.20,E,8,0,-9990,0,0
10/17/2005,16:00,488,1376,37,3,10,0,3,20,37,3,10,4694,3,10,0,3,20,4694,3,10,-9990,0,0,10,E,8,9,E,8,15.1,E,8,13.1,E,8,88,E,8,983,E,8,271,E,8,3.2,E,8,-9990,0,0,-9990,0,0,2.322,E,8,0.112,E,8,0.20,E,8,0,-9990,0,0
10/17/2005,17:00,299,1376,19,3,10,0,3,20,19,3,10,2459,3,10,0,3,20,2459,3,10,-9990,0,0,10,E,8,9,E,8,14.8,E,8,13.8,E,8,94,E,8,983,E,8,274,E,8,3.2,E,8,-9990,0,0,-9990,0,0,2.444,E,8,0.112,E,8,0.20,E,8,1,-9990,0,0
10/17/2005,18:00,80,575,3,3,10,0,3,20,3,3,10,460,3,10,8,3,20,459,3,10,-9990,0,0,10,E,8,9,E,8,14.3,E,8,13.9,E,8,97,E,8,984,E,8,280,E,8,2.6,E,8,-9990,0,0,-9990,0,0,2.459,E,8,0.112,E,8,0.20,E,8,2,-9990,0,0
10/17/2005,19:00,0,0,0,3,0,0,3,0,0,3,0,0,3,0,0,3,0,0,3,0,-9990,0,0,10,E,8,9,E,8,14.5,E,8,13.3,E,8,92,E,8,984,E,8,267,E,8,1.9,E,8,-9990,0,0,-9990,0,0,2.349,E,8,0.112,E,8,0.20,E,8,0,-9990,0,0
10/17/2005,20:00,0,0,0,3,0,0,3,0,0,3,0,0,3,0,0,3,0,0,3,0,-9990,0,0,10,E,8,9,E,8,14.4,E,8,13.7,E,8,96,E,8,984,E,8,193,E,8,2.6,E,8,-9990,0,0,-9990,0,0,2.424,E,8,0.112,E,8,0.20,E,8,0,-9990,0,0
10/17/2005,21:00,0,0,0,3,0,0,3,0,0,3,0,0,3,0,0,3,0,0,3,0,-9990,0,0,10,E,8,9,E,8,13.9,E,8,13.7,E,8,99,E,8,984,E,8,248,E,8,3.4,E,8,-9990,0,0,-9990,0,0,2.416,E,8,0.112,E,8,0.20,E,8,1,-9990,0,0
10/17/2005,22:00,0,0,0,3,0,0,3,0,0,3,0,0,3,0,0,3,0,0,3,0,-9990,0,0,10,E,8,9,E,8,13.0,E,8,12.8,E,8,99,E,8,985,E,8,174,E,8,2.0,E,8,-9990,0,0,-9990,0,0,2.276,E,8,0.112,E,8,0.20,E,8,5,-9990,0,0
10/17/2005,23:00,0,0,0,3,0,0,3,0,0,3,0,0,3,0,0,3,0,0,3,0,-9990,0,0,10,E,8,9,E,8,13.7,E,8,13.4,E,8,98,E,8,985,E,8,230,E,8,2.0,E,8,-9990,0,0,-9990,0,0,2.365,E,8,0.112,E,8,0.20,E,8,0,-9990,0,0
10/17/2005,24:00,0,0,0,3,0,0,3,0,0,3,0,0,3,0,0,3,0,0,3,0,-9990,0,0,10,E,8,9,E,8,13.4,E,8,13.0,E,8,98,E,8,985,E,8,203,E,8,1.9,E,8,-9990,0,0,-9990,0,0,2.309,E,8,0.112,E,8,0.20,E,8,1,-9990,0,0
10/18/2005,01:00,0,0,0,3,0,0,3,0,0,3,0,0,3,0,0,3,0,0,3,0,-9990,0,0,10,E,8,9,E,8,13.0,E,8,12.8,E,8,99,E,8,985,E,8,249,E,8,3.4,E,8,-9990,0,0,-9990,0,0,2.272,E,8,0.117,E,8,0.20,E,8,0,-9990,0,0
10/18/2005,02:00,0,0,0,3,0,0,3,0,0,3,0,0,3,0,0,3,0,0,3,0,-9990,0,0,10,E,8,9,E,8,12.4,E,8,12.2,E,8,99,E,8,986,E,8,234,E,8,3.0,E,8,-9990,0,0,-9990,0,0,2.178,E,8,0.117,E,8,0.20,E,8,0,-9990,0,0
10/18/2005,03:00,0,0,0,3,0,0,3,0,0,3,0,0,3,0,0,3,0,0,3,0,-9990,0,0,10,E,8,9,E,8,11.8,E,8,11.6,E,8,99,E,8,986,E,8,266,E,8,2.4,E,8,-9990,0,0,-9990,0,0,2.089,E,8,0.117,E,8,0.20,E,8,0,-9990,0,0
10/18/2005,04:00,0,0,0,3,0,0,3,0,0,3,0,0,3,0,0,3,0,0,3,0,-9990,0,0,10,E,8,9,E,8,11.5,E,8,11.3,E,8,99,E,8,986,E,8,274,E,8,2.2,E,8,-9990,0,0,-9990,0,0,2.044,E,8,0.117,E,8,0.20,E,8,0,-9990,0,0
10/18/2005,05:00,0,0,0,3,0,0,3,0,0,3,0,0,3,0,0,3,0,0,3,0,-9990,0,0,10,E,8,9,E,8,11.2,E,8,11.0,E,8,99,E,8,987,E,8,269,E,8,3.0,E,8,-9990,0,0,-9990,0,0,2.000,E,8,0.117,E,8,0.20,E,8,0,-9990,0,0
10/18/2005,06:00,0,0,0,3,0,0,3,0,0,3,0,0,3,0,0,3,0,0,3,0,-9990,0,0,10,E,8,9,E,8,11.0,E,8,10.8,E,8,99,E,8,987,E,8,250,E,8,3.4,E,8,-9990,0,0,-9990,0,0,1.970,E,8,0.117,E,8,0.20,E,8,0,-9990,0,0
10/18/2005,07:00,0,0,0,3,0,0,3,0,0,3,0,0,3,0,0,3,0,0,3,0,-9990,0,0,10,E,8,9,E,8,10.8,E,8,10.5,E,8,98,E,8,987,E,8,288,E,8,2.4,E,8,-9990,0,0,-9990,0,0,1.938,E,8,0.117,E,8,0.20,E,8,0,-9990,0,0
10/18/2005,08:00,71,540,3,3,10,0,3,20,3,3,10,359,3,10,8,3,20,358,3,10,-9990,0,0,9,E,8,8,E,8,10.8,E,8,10.6,E,8,98,E,8,987,E,8,168,E,8,1.5,E,8,-9990,0,0,-9990,0,0,1.948,E,8,0.117,E,8,0.20,E,8,0,-9990,0,0
10/18/2005,09:00,288,1376,95,3,10,74,3,20,79,3,10,10673,3,10,4213,3,20,9792,3,10,-9990,0,0,9,E,8,8,E,8,12.4,E,8,11.1,E,8,91,E,8,988,E,8,214,E,8,1.3,E,8,-9990,0,0,-9990,0,0,2.013,E,8,0.117,E,8,0.20,E,8,0,-9990,0,0
10/18/2005,10:00,477,1376,110,3,10,0,3,20,110,3,10,12780,3,10,0,3,20,12780,3,10,-9990,0,0,10,E,8,9,E,8,13.1,E,8,10.9,E,8,86,E,8,988,E,8,181,E,8,0.6,E,8,-9990,0,0,-9990,0,0,1.992,E,8,0.117,E,8,0.20,E,8,0,-9990,0,0
10/18/2005,11:00,622,1376,77,3,10,0,3,20,77,3,10,9464,3,10,0,3,20,9464,3,10,-9990,0,0,10,E,8,9,E,8,13.2,E,8,10.6,E,8,84,E,8,988,E,8,47,E,8,0.6,E,8,-9990,0,0,-9990,0,0,1.946,E,8,0.117,E,8,0.20,E,8,0,-9990,0,0
10/18/2005,12:00,714,1376,129,3,10,0,3,20,129,3,10,15529,3,10,0,3,20,15529,3,10,-9990,0,0,10,E,8,9,E,8,13.6,E,8,10.6,E,8,82,E,8,988,E,8,327,E,8,1.0,E,8,-9990,0,0,-9990,0,0,1.947,E,8,0.117,E,8,0.20,E,8,0,-9990,0,0
10/18/2005,13:00,746,1376,280,3,10,76,3,20,239,3,10,31346,3,10,7038,3,20,27532,3,10,-9990,0,0,10,E,8,9,E,8,14.7,E,8,10.9,E,8,78,E,8,989,E,8,23,E,8,1.7,E,8,-9990,0,0,-9990,0,0,1.993,E,8,0.117,E,8,0.20,E,8,0,-9990,0,0
10/18/2005,14:00,715,1376,423,3,10,431,3,20,199,3,10,46223,3,10,32282,3,20,29444,3,10,-9990,0,0,5,E,8,4,E,8,16.3,E,8,11.2,E,8,72,E,8,989,E,8,87,E,8,0.9,E,8,-9990,0,0,-9990,0,0,2.031,E,8,0.117,E,8,0.20,E,8,0,-9990,0,0
10/18/2005,15:00,625,1376,377,3,10,491,3,20,154,3,10,41676,3,10,40283,3,20,23390,3,10,-9990,0,0,4,E,8,3,E,8,17.2,E,8,11.9,E,8,71,E,8,988,E,8,188,E,8,0.5,E,8,-9990,0,0,-9990,0,0,2.129,E,8,0.117,E,8,0.20,E,8,0,-9990,0,0
10/18/2005,16:00,480,1376,330,3,10,679,3,20,93,3,10,35825,3,10,61775,3,20,14267,3,10,-9990,0,0,0,E,8,0,E,8,17.8,E,8,11.4,E,8,66,E,8,988,E,8,100,E,8,0.2,E,8,-9990,0,0,-9990,0,0,2.061,E,8,0.117,E,8,0.20,E,8,0,-9990,0,0
10/18/2005,17:00,292,1376,175,3,10,429,3,20,84,3,10,19101,3,10,29736,3,20,12797,3,10,-9990,0,0,4,E,8,3,E,8,17.6,E,8,11.5,E,8,68,E,8,988,E,8,209,E,8,0.3,E,8,-9990,0,0,-9990,0,0,2.078,E,8,0.117,E,8,0.20,E,8,0,-9990,0,0
10/18/2005,18:00,74,554,37,3,10,0,3,20,37,3,10,4243,3,10,0,3,20,4243,3,10,-9990,0,0,4,E,8,3,E,8,16.7,E,8,11.4,E,8,71,E,8,988,E,8,155,E,8,0.8,E,8,-9990,0,0,-9990,0,0,2.060,E,8,0.117,E,8,0.20,E,8,0,-9990,0,0
10/18/2005,19:00,0,0,0,3,0,0,3,0,0,3,0,0,3,0,0,3,0,0,3,0,-9990,0,0,4,E,8,3,E,8,16.0,E,8,10.5,E,8,70,E,8,988,E,8,211,E,8,0.4,E,8,-9990,0,0,-9990,0,0,1.932,E,8,0.117,E,8,0.20,E,8,0,-9990,0,0
10/18/2005,20:00,0,0,0,3,0,0,3,0,0,3,0,0,3,0,0,3,0,0,3,0,-9990,0,0,5,E,8,4,E,8,15.4,E,8,10.2,E,8,71,E,8,988,E,8,99,E,8,0.1,E,8,-9990,0,0,-9990,0,0,1.896,E,8,0.117,E,8,0.20,E,8,0,-9990,0,0
10/18/2005,21:00,0,0,0,3,0,0,3,0,0,3,0,0,3,0,0,3,0,0,3,0,-9990,0,0,5,E,8,4,E,8,14.8,E,8,10.3,E,8,74,E,8,988,E,8,94,E,8,0.1,E,8,-9990,0,0,-9990,0,0,1.902,E,8,0.117,E,8,0.20,E,8,0,-9990,0,0
10/18/2005,22:00,0,0,0,3,0,0,3,0,0,3,0,0,3,0,0,3,0,0,3,0,-9990,0,0,5,E,8,4,E,8,14.1,E,8,9.9,E,8,76,E,8,988,E,8,81,E,8,0.5,E,8,-9990,0,0,-9990,0,0,1.860,E,8,0.117,E,8,0.20,E,8,0,-9990,0,0
10/18/2005,23:00,0,0,0,3,0,0,3,0,0,3,0,0,3,0,0,3,0,0,3,0,-9990,0,0,6,E,8,6,E,8,13.5,E,8,10.2,E,8,80,E,8,988,E,8,106,E,8,1.5,E,8,-9990,0,0,-9990,0,0,1.897,E,8,0.117,E,8,0.20,E,8,0,-9990,0,0
10/18/2005,24:00,0,0,0,3,0,0,3,0,0,3,0,0,3,0,0,3,0,0,3,0,-9990,0,0,6,E,8,6,E,8,12.9,E,8,10.3,E,8,84,E,8,988,E,8,186,E,8,1.2,E,8,-9990,0,0,-9990,0,0,1.910,E,8,0.117,E,8,0.20,E,8,0,-9990,0,0
10/19/2005,01:00,0,0,0,3,0,0,3,0,0,3,0,0,3,0,0,3,0,0,3,0,-9990,0,0,6,E,8,6,E,8,12.3,E,8,10.4,E,8,88,E,8,987,E,8,162,E,8,1.0,E,8,-9990,0,0,-9990,0,0,1.920,E,8,0.109,E,8,0.20,E,8,0,-9990,0,0
10/19/2005,02:00,0,0,0,3,0,0,3,0,0,3,0,0,3,0,0,3,0,0,3,0,-9990,0,0,8,E,8,7,E,8,11.7,E,8,10.1,E,8,89,E,8,987,E,8,204,E,8,0.4,E,8,-9990,0,0,-9990,0,0,1.875,E,8,0.109,E,8,0.20,E,8,0,-9990,0,0
10/19/2005,03:00,0,0,0,3,0,0,3,0,0,3,0,0,3,0,0,3,0,0,3,0,-9990,0,0,8,E,8,7,E,8,11.1,E,8,9.2,E,8,88,E,8,987,E,8,270,E,8,0.4,E,8,-9990,0,0,-9990,0,0,1.765,E,8,0.109,E,8,0.20,E,8,0,-9990,0,0
10/19/2005,04:00,0,0,0,3,0,0,3,0,0,3,0,0,3,0,0,3,0,0,3,0,-9990,0,0,8,E,8,7,E,8,10.8,E,8,9.5,E,8,92,E,8,987,E,8,287,E,8,0.6,E,8,-9990,0,0,-9990,0,0,1.804,E,8,0.109,E,8,0.20,E,8,0,-9990,0,0
10/19/2005,05:00,0,0,0,3,0,0,3,0,0,3,0,0,3,0,0,3,0,0,3,0,-9990,0,0,9,E,8,8,E,8,10.5,E,8,8.8,E,8,89,E,8,987,E,8,241,E,8,0.6,E,8,-9990,0,0,-9990,0,0,1.717,E,8,0.109,E,8,0.20,E,8,0,-9990,0,0
10/19/2005,06:00,0,0,0,3,0,0,3,0,0,3,0,0,3,0,0,3,0,0,3,0,-9990,0,0,9,E,8,8,E,8,10.2,E,8,8.7,E,8,90,E,8,987,E,8,208,E,8,2.6,E,8,-9990,0,0,-9990,0,0,1.708,E,8,0.109,E,8,0.20,E,8,0,-9990,0,0
10/19/2005,07:00,0,0,0,3,0,0,3,0,0,3,0,0,3,0,0,3,0,0,3,0,-9990,0,0,9,E,8,8,E,8,10.0,E,8,8.8,E,8,92,E,8,987,E,8,218,E,8,2.8,E,8,-9990,0,0,-9990,0,0,1.716,E,8,0.109,E,8,0.20,E,8,0,-9990,0,0
10/19/2005,08:00,66,523,3,3,10,0,3,20,3,3,10,384,3,10,8,3,20,383,3,10,-9990,0,0,10,E,8,9,E,8,10.0,E,8,8.2,E,8,88,E,8,987,E,8,209,E,8,4.1,E,8,-9990,0,0,-9990,0,0,1.651,E,8,0.109,E,8,0.20,E,8,0,-9990,0,0
10/19/2005,09:00,282,1377,60,3,10,0,3,20,60,3,10,6967,3,10,0,3,20,6967,3,10,-9990,0,0,10,E,8,9,E,8,10.9,E,8,8.8,E,8,87,E,8,987,E,8,206,E,8,5.6,E,8,-9990,0,0,-9990,0,0,1.722,E,8,0.109,E,8,0.20,E,8,0,-9990,0,0
10/19/2005,10:00,471,1377,128,3,10,6,3,20,126,3,10,14707,3,10,509,3,20,14533,3,10,-9990,0,0,10,E,8,9,E,8,11.8,E,8,9.6,E,8,86,E,8,987,E,8,69,E,8,6.0,E,8,-9990,0,0,-9990,0,0,1.811,E,8,0.109,E,8,0.20,E,8,0,-9990,0,0
10/19/2005,11:00,616,1377,162,3,10,5,3,20,160,3,10,18882,3,10,439,3,20,18685,3,10,-9990,0,0,10,E,8,9,E,8,12.5,E,8,10.1,E,8,85,E,8,986,E,8,112,E,8,5.3,E,8,-9990,0,0,-9990,0,0,1.875,E,8,0.109,E,8,0.20,E,8,0,-9990,0,0
10/19/2005,12:00,707,1377,218,3,10,16,3,20,209,3,10,25189,3,10,1630,3,20,24351,3,10,-9990,0,0,10,E,8,9,E,8,13.3,E,8,10.8,E,8,85,E,8,986,E,8,32,E,8,3.4,E,8,-9990,0,0,-9990,0,0,1.970,E,8,0.109,E,8,0.20,E,8,0,-9990,0,0
10/19/2005,13:00,739,1377,234,3,10,22,3,20,222,3,10,27103,3,10,2323,3,20,25857,3,10,-9990,0,0,10,E,8,9,E,8,13.9,E,8,10.7,E,8,81,E,8,986,E,8,51,E,8,4.1,E,8,-9990,0,0,-9990,0,0,1.967,E,8,0.109,E,8,0.20,E,8,0,-9990,0,0
10/19/2005,14:00,708,1377,227,3,10,20,3,20,217,3,10,26247,3,10,2061,3,20,25187,3,10,-9990,0,0,10,E,8,9,E,8,14.2,E,8,10.6,E,8,79,E,8,986,E,8,94,E,8,4.8,E,8,-9990,0,0,-9990,0,0,1.954,E,8,0.109,E,8,0.20,E,8,0,-9990,0,0
10/19/2005,15:00,618,1377,176,3,10,10,3,20,172,3,10,20453,3,10,1017,3,20,19997,3,10,-9990,0,0,10,E,8,9,E,8,14.3,E,8,10.5,E,8,78,E,8,986,E,8,58,E,8,4.8,E,8,-9990,0,0,-9990,0,0,1.935,E,8,0.109,E,8,0.20,E,8,0,-9990,0,0
10/19/2005,16:00,473,1377,135,3,10,14,3,20,130,3,10,15590,3,10,1387,3,20,15113,3,10,-9990,0,0,10,E,8,9,E,8,14.1,E,8,11.8,E,8,86,E,8,987,E,8,55,E,8,4.1,E,8,-9990,0,0,-9990,0,0,2.121,E,8,0.109,E,8,0.20,E,8,0,-9990,0,0
10/19/2005,17:00,284,1377,72,3,10,2,3,20,72,3,10,8367,3,10,130,3,20,8340,3,10,-9990,0,0,10,E,8,9,E,8,13.7,E,8,11.1,E,8,84,E,8,987,E,8,122,E,8,1.9,E,8,-9990,0,0,-9990,0,0,2.019,E,8,0.109,E,8,0.20,E,8,0,-9990,0,0
10/19/2005,18:00,69,532,5,3,10,0,3,20,5,3,10,717,3,10,10,3,20,716,3,10,-9990,0,0,10,E,8,9,E,8,13.0,E,8,11.5,E,8,91,E,8,987,E,8,57,E,8,0.3,E,8,-9990,0,0,-9990,0,0,2.072,E,8,0.109,E,8,0.20,E,8,0,-9990,0,0
10/19/2005,19:00,0,0,0,3,0,0,3,0,0,3,0,0,3,0,0,3,0,0,3,0,-9990,0,0,10,E,8,9,E,8,12.7,E,8,11.2,E,8,91,E,8,987,E,8,358,E,8,0.4,E,8,-9990,0,0,-9990,0,0,2.038,E,8,0.109,E,8,0.20,E,8,0,-9990,0,0
10/19/2005,20:00,0,0,0,3,0,0,3,0,0,3,0,0,3,0,0,3,0,0,3,0,-9990,0,0,10,E,8,9,E,8,12.4,E,8,11.0,E,8,91,E,8,987,E,8,108,E,8,0.4,E,8,-9990,0,0,-9990,0,0,2.007,E,8,0.109,E,8,0.20,E,8,0,-9990,0,0
10/19/2005,21:00,0,0,0,3,0,0,3,0,0,3,0,0,3,0,0,3,0,0,3,0,-9990,0,0,10,E,8,9,E,8,12.1,E,8,10.5,E,8,90,E,8,987,E,8,74,E,8,0.9,E,8,-9990,0,0,-9990,0,0,1.940,E,8,0.109,E,8,0.20,E,8,0,-9990,0,0
10/19/2005,22:00,0,0,0,3,0,0,3,0,0,3,0,0,3,0,0,3,0,0,3,0,-9990,0,0,10,E,8,9,E,8,11.6,E,8,11.3,E,8,98,E,8,987,E,8,55,E,8,0.6,E,8,-9990,0,0,-9990,0,0,2.051,E,8,0.109,E,8,0.20,E,8,1,-9990,0,0
10/19/2005,23:00,0,0,0,3,0,0,3,0,0,3,0,0,3,0,0,3,0,0,3,0,-9990,0,0,10,E,8,9,E,8,11.6,E,8,11.3,E,8,99,E,8,987,E,8,52,E,8,0.8,E,8,-9990,0,0,-9990,0,0,2.052,E,8,0.109,E,8,0.20,E,8,0,-9990,0,0
10/19/2005,24:00,0,0,0,3,0,0,3,0,0,3,0,0,3,0,0,3,0,0,3,0,-9990,0,0,10,E,8,9,E,8,11.2,E,8,10.8,E,8,98,E,8,987,E,8,145,E,8,0.1,E,8,-9990,0,0,-9990,0,0,1.982,E,8,0.109,E,8,0.20,E,8,0,-9990,0,0
10/20/2005,01:00,0,0,0,3,0,0,3,0,0,3,0,0,3,0,0,3,0,0,3,0,-9990,0,0,10,E,8,9,E,8,11.2,E,8,10.5,E,8,95,E,8,987,E,8,61,E,8,0.0,E,8,-9990,0,0,-9990,0,0,1.936,E,8,0.125,E,8,0.20,E,8,0,-9990,0,0
10/20/2005,02:00,0,0,0,3,0,0,3,0,0,3,0,0,3,0,0,3,0,0,3,0,-9990,0,0,10,E,8,9,E,8,11.2,E,8,10.6,E,8,96,E,8,988,E,8,78,E,8,0.0,E,8,-9990,0,0,-9990,0,0,1.946,E,8,0.125,E,8,0.20,E,8,0,-9990,0,0
10/20/2005,03:00,0,0,0,3,0,0,3,0,0,3,0,0,3,0,0,3,0,0,3,0,-9990,0,0,10,E,8,9,E,8,11.2,E,8,10.3,E,8,94,E,8,988,E,8,24,E,8,0.1,E,8,-9990,0,0,-9990,0,0,1.908,E,8,0.125,E,8,0.20,E,8,0,-9990,0,0
10/20/2005,04:00,0,0,0,3,0,0,3,0,0,3,0,0,3,0,0,3,0,0,3,0,-9990,0,0,10,E,8,9,E,8,11.2,E,8,10.5,E,8,96,E,8,988,E,8,42,E,8,0.6,E,8,-9990,0,0,-9990,0,0,1.933,E,8,0.125,E,8,0.20,E,8,0,-9990,0,0
10/20/2005,05:00,0,0,0,3,0,0,3,0,0,3,0,0,3,0,0,3,0,0,3,0,-9990,0,0,10,E,8,9,E,8,11.2,E,8,10.3,E,8,94,E,8,988,E,8,354,E,8,0.3,E,8,-9990,0,0,-9990,0,0,1.907,E,8,0.125,E,8,0.20,E,8,0,-9990,0,0
10/20/2005,06:00,0,0,0,3,0,0,3,0,0,3,0,0,3,0,0,3,0,0,3,0,-9990,0,0,10,E,8,9,E,8,11.2,E,8,10.8,E,8,98,E,8,988,E,8,95,E,8,1.0,E,8,-9990,0,0,-9990,0,0,1.977,E,8,0.125,E,8,0.20,E,8,0,-9990,0,0
10/20/2005,07:00,0,0,0,3,0,0,3,0,0,3,0,0,3,0,0,3,0,0,3,0,-9990,0,0,10,E,8,9,E,8,11.2,E,8,10.8,E,8,97,E,8,988,E,8,46,E,8,0.6,E,8,-9990,0,0,-9990,0,0,1.975,E,8,0.125,E,8,0.20,E,8,0,-9990,0,0
10/20/2005,08:00,62,505,8,3,10,0,3,20,8,3,10,1049,3,10,6,3,20,1048,3,10,-9990,0,0,10,E,8,9,E,8,11.5,E,8,10.8,E,8,95,E,8,988,E,8,332,E,8,0.3,E,8,-9990,0,0,-9990,0,0,1.975,E,8,0.125,E,8,0.20,E,8,0,-9990,0,0
10/20/2005,09:00,275,1378,68,3,10,0,3,20,68,3,10,7805,3,10,0,3,20,7805,3,10,-9990,0,0,10,E,8,9,E,8,12.7,E,8,11.0,E,8,89,E,8,988,E,8,63,E,8,1.0,E,8,-9990,0,0,-9990,0,0,2.005,E,8,0.125,E,8,0.20,E,8,0,-9990,0,0
10/20/2005,10:00,464,1378,170,3,10,84,3,20,142,3,10,19095,3,10,5473,3,20,17250,3,10,-9990,0,0,10,E,8,9,E,8,14.5,E,8,12.2,E,8,86,E,8,988,E,8,186,E,8,1.3,E,8,-9990,0,0,-9990,0,0,2.180,E,8,0.125,E,8,0.20,E,8,0,-9990,0,0
10/20/2005,11:00,609,1378,176,3,10,22,3,20,166,3,10,19726,3,10,1003,3,20,19283,3,10,-9990,0,0,10,E,8,9,E,8,15.5,E,8,11.8,E,8,79,E,8,988,E,8,70,E,8,1.3,E,8,-9990,0,0,-9990,0,0,2.124,E,8,0.125,E,8,0.20,E,8,0,-9990,0,0
10/20/2005,12:00,701,1378,398,3,10,356,3,20,217,3,10,44052,3,10,32605,3,20,27474,3,10,-9990,0,0,6,E,8,5,E,8,17.8,E,8,13.6,E,8,76,E,8,989,E,8,84,E,8,2.6,E,8,-9990,0,0,-9990,0,0,2.400,E,8,0.125,E,8,0.20,E,8,0,-9990,0,0
10/20/2005,13:00,732,1378,372,3,10,232,3,20,249,3,10,40928,3,10,18730,3,20,30979,3,10,-9990,0,0,8,E,8,6,E,8,19.2,E,8,13.3,E,8,68,E,8,989,E,8,45,E,8,3.2,E,8,-9990,0,0,-9990,0,0,2.352,E,8,0.125,E,8,0.20,E,8,0,-9990,0,0
10/20/2005,14:00,701,1378,233,3,10,33,3,20,216,3,10,26126,3,10,2086,3,20,25065,3,10,-9990,0,0,10,E,8,9,E,8,19.5,E,8,13.8,E,8,70,E,8,989,E,8,103,E,8,1.7,E,8,-9990,0,0,-9990,0,0,2.435,E,8,0.125,E,8,0.20,E,8,0,-9990,0,0
10/20/2005,15:00,610,1378,169,3,10,11,3,20,164,3,10,19637,3,10,1119,3,20,19141,3,10,-9990,0,0,10,E,8,9,E,8,19.2,E,8,14.1,E,8,72,E,8,989,E,8,113,E,8,1.5,E,8,-9990,0,0,-9990,0,0,2.488,E,8,0.125,E,8,0.20,E,8,0,-9990,0,0
10/20/2005,16:00,466,1378,175,3,10,107,3,20,139,3,10,19832,3,10,7852,3,20,17178,3,10,-9990,0,0,9,E,8,8,E,8,19.0,E,8,14.4,E,8,74,E,8,989,E,8,123,E,8,0.2,E,8,-9990,0,0,-9990,0,0,2.537,E,8,0.125,E,8,0.20,E,8,0,-9990,0,0
10/20/2005,17:00,277,1378,164,3,10,370,3,20,90,3,10,17941,3,10,20189,3,20,13880,3,10,-9990,0,0,5,E,8,4,E,8,18.8,E,8,14.7,E,8,77,E,8,988,E,8,104,E,8,0.8,E,8,-9990,0,0,-9990,0,0,2.597,E,8,0.125,E,8,0.20,E,8,0,-9990,0,0
10/20/2005,18:00,63,511,27,3,10,0,3,20,27,3,10,3129,3,10,0,3,20,3129,3,10,-9990,0,0,5,E,8,5,E,8,17.8,E,8,14.5,E,8,81,E,8,988,E,8,70,E,8,0.9,E,8,-9990,0,0,-9990,0,0,2.554,E,8,0.125,E,8,0.20,E,8,0,-9990,0,0
10/20/2005,19:00,0,0,0,3,0,0,3,0,0,3,0,0,3,0,0,3,0,0,3,0,-9990,0,0,5,E,8,5,E,8,17.4,E,8,14.9,E,8,85,E,8,988,E,8,176,E,8,1.6,E,8,-9990,0,0,-9990,0,0,2.629,E,8,0.125,E,8,0.20,E,8,0,-9990,0,0
10/20/2005,20:00,0,0,0,3,0,0,3,0,0,3,0,0,3,0,0,3,0,0,3,0,-9990,0,0,5,E,8,5,E,8,16.9,E,8,14.6,E,8,86,E,8,988,E,8,219,E,8,1.9,E,8,-9990,0,0,-9990,0,0,2.583,E,8,0.125,E,8,0.20,E,8,0,-9990,0,0
10/20/2005,21:00,0,0,0,3,0,0,3,0,0,3,0,0,3,0,0,3,0,0,3,0,-9990,0,0,6,E,8,6,E,8,16.4,E,8,14.1,E,8,86,E,8,988,E,8,292,E,8,2.0,E,8,-9990,0,0,-9990,0,0,2.488,E,8,0.125,E,8,0.20,E,8,0,-9990,0,0
10/20/2005,22:00,0,0,0,3,0,0,3,0,0,3,0,0,3,0,0,3,0,0,3,0,-9990,0,0,6,E,8,6,E,8,16.0,E,8,13.8,E,8,87,E,8,988,E,8,291,E,8,2.8,E,8,-9990,0,0,-9990,0,0,2.433,E,8,0.125,E,8,0.20,E,8,0,-9990,0,0
10/20/2005,23:00,0,0,0,3,0,0,3,0,0,3,0,0,3,0,0,3,0,0,3,0,-9990,0,0,6,E,8,6,E,8,15.5,E,8,13.4,E,8,87,E,8,988,E,8,253,E,8,3.7,E,8,-9990,0,0,-9990,0,0,2.378,E,8,0.125,E,8,0.20,E,8,0,-9990,0,0
10/20/2005,24:00,0,0,0,3,0,0,3,0,0,3,0,0,3,0,0,3,0,0,3,0,-9990,0,0,8,E,8,7,E,8,15.1,E,8,13.7,E,8,91,E,8,988,E,8,271,E,8,3.0,E,8,-9990,0,0,-9990,0,0,2.418,E,8,0.125,E,8,0.20,E,8,0,-9990,0,0
10/21/2005,01:00,0,0,0,3,0,0,3,0,0,3,0,0,3,0,0,3,0,0,3,0,-9990,0,0,8,E,8,7,E,8,14.5,E,8,12.8,E,8,89,E,8,988,E,8,222,E,8,1.9,E,8,-9990,0,0,-9990,0,0,2.266,E,8,0.117,E,8,0.20,E,8,0,-9990,0,0
10/21/2005,02:00,0,0,0,3,0,0,3,0,0,3,0,0,3,0,0,3,0,0,3,0,-9990,0,0,8,E,8,7,E,8,13.9,E,8,12.4,E,8,90,E,8,988,E,8,249,E,8,2.2,E,8,-9990,0,0,-9990,0,0,2.211,E,8,0.117,E,8,0.20,E,8,0,-9990,0,0
10/21/2005,03:00,0,0,0,3,0,0,3,0,0,3,0,0,3,0,0,3,0,0,3,0,-9990,0,0,8,E,8,7,E,8,13.4,E,8,12.1,E,8,92,E,8,988,E,8,200,E,8,2.2,E,8,-9990,0,0,-9990,0,0,2.163,E,8,0.117,E,8,0.20,E,8,0,-9990,0,0
10/21/2005,04:00,0,0,0,3,0,0,3,0,0,3,0,0,3,0,0,3,0,0,3,0,-9990,0,0,9,E,8,8,E,8,13.1,E,8,11.9,E,8,92,E,8,988,E,8,201,E,8,2.6,E,8,-9990,0,0,-9990,0,0,2.136,E,8,0.117,E,8,0.20,E,8,0,-9990,0,0
10/21/2005,05:00,0,0,0,3,0,0,3,0,0,3,0,0,3,0,0,3,0,0,3,0,-9990,0,0,9,E,8,8,E,8,12.8,E,8,12.6,E,8,99,E,8,988,E,8,184,E,8,4.8,E,8,-9990,0,0,-9990,0,0,2.239,E,8,0.117,E,8,0.20,E,8,0,-9990,0,0
10/21/2005,06:00,0,0,0,3,0,0,3,0,0,3,0,0,3,0,0,3,0,0,3,0,-9990,0,0,9,E,8,8,E,8,12.6,E,8,12.4,E,8,99,E,8,988,E,8,92,E,8,8.4,E,8,-9990,0,0,-9990,0,0,2.211,E,8,0.117,E,8,0.20,E,8,0,-9990,0,0
10/21/2005,07:00,0,0,0,3,0,0,3,0,0,3,0,0,3,0,0,3,0,0,3,0,-9990,0,0,9,E,8,8,E,8,12.4,E,8,12.1,E,8,98,E,8,988,E,8,18,E,8,14.5,E,8,-9990,0,0,-9990,0,0,2.158,E,8,0.117,E,8,0.20,E,8,0,-9990,0,0
10/21/2005,08:00,57,488,4,3,10,0,3,20,4,3,10,572,3,10,9,3,20,571,3,10,-9990,0,0,10,E,8,9,E,8,12.5,E,8,11.7,E,8,94,E,8,988,E,8,96,E,8,10.3,E,8,-9990,0,0,-9990,0,0,2.100,E,8,0.117,E,8,0.20,E,8,0,-9990,0,0
10/21/2005,09:00,269,1379,67,3,10,0,3,20,67,3,10,7729,3,10,0,3,20,7729,3,10,-9990,0,0,10,E,8,9,E,8,13.5,E,8,12.2,E,8,92,E,8,988,E,8,90,E,8,5.6,E,8,-9990,0,0,-9990,0,0,2.175,E,8,0.117,E,8,0.20,E,8,0,-9990,0,0
10/21/2005,10:00,458,1379,135,3,10,12,3,20,131,3,10,15501,3,10,1222,3,20,15095,3,10,-9990,0,0,10,E,8,9,E,8,14.5,E,8,12.5,E,8,88,E,8,987,E,8,199,E,8,3.7,E,8,-9990,0,0,-9990,0,0,2.228,E,8,0.117,E,8,0.20,E,8,0,-9990,0,0
10/21/2005,11:00,603,1379,196,3,10,28,3,20,183,3,10,21954,3,10,1576,3,20,21265,3,10,-9990,0,0,10,E,8,9,E,8,15.5,E,8,13.3,E,8,87,E,8,987,E,8,85,E,8,3.4,E,8,-9990,0,0,-9990,0,0,2.355,E,8,0.117,E,8,0.20,E,8,0,-9990,0,0
10/21/2005,12:00,694,1379,237,3,10,28,3,20,223,3,10,26537,3,10,1536,3,20,25764,3,10,-9990,0,0,10,E,8,9,E,8,16.3,E,8,13.1,E,8,81,E,8,987,E,8,215,E,8,2.4,E,8,-9990,0,0,-9990,0,0,2.313,E,8,0.117,E,8,0.20,E,8,0,-9990,0,0
10/21/2005,13:00,725,1379,275,3,10,61,3,20,243,3,10,30828,3,10,5289,3,20,28047,3,10,-9990,0,0,10,E,8,9,E,8,17.1,E,8,13.6,E,8,80,E,8,987,E,8,254,E,8,1.3,E,8,-9990,0,0,-9990,0,0,2.401,E,8,0.117,E,8,0.20,E,8,0,-9990,0,0
10/21/2005,14:00,694,1379,281,3,10,84,3,20,239,3,10,31542,3,10,7789,3,20,27620,3,10,-9990,0,0,10,E,8,9,E,8,17.6,E,8,13.9,E,8,79,E,8,987,E,8,200,E,8,1.0,E,8,-9990,0,0,-9990,0,0,2.461,E,8,0.117,E,8,0.20,E,8,0,-9990,0,0
10/21/2005,15:00,603,1379,204,3,10,28,3,20,191,3,10,22816,3,10,1483,3,20,22167,3,10,-9990,0,0,10,E,8,9,E,8,17.7,E,8,13.1,E,8,74,E,8,988,E,8,294,E,8,1.2,E,8,-9990,0,0,-9990,0,0,2.326,E,8,0.117,E,8,0.20,E,8,0,-9990,0,0
10/21/2005,16:00,458,1379,132,3,10,11,3,20,129,3,10,15255,3,10,1072,3,20,14899,3,10,-9990,0,0,10,E,8,9,E,8,17.5,E,8,13.7,E,8,78,E,8,988,E,8,214,E,8,0.2,E,8,-9990,0,0,-9990,0,0,2.420,E,8,0.117,E,8,0.20,E,8,0,-9990,0,0
10/21/2005,17:00,270,1379,63,3,10,0,3,20,63,3,10,7362,3,10,0,3,20,7362,3,10,-9990,0,0,10,E,8,9,E,8,16.9,E,8,13.1,E,8,78,E,8,988,E,8,175,E,8,0.1,E,8,-9990,0,0,-9990,0,0,2.322,E,8,0.117,E,8,0.20,E,8,0,-9990,0,0
10/21/2005,18:00,58,490,3,3,10,0,3,20,3,3,10,348,3,10,9,3,20,347,3,10,-9990,0,0,10,E,8,9,E,8,16.1,E,8,13.4,E,8,84,E,8,988,E,8,289,E,8,0.0,E,8,-9990,0,0,-9990,0,0,2.364,E,8,0.117,E,8,0.20,E,8,0,-9990,0,0
10/21/2005,19:00,0,0,0,3,0,0,3,0,0,3,0,0,3,0,0,3,0,0,3,0,-9990,0,0,10,E,8,9,E,8,15.4,E,8,12.6,E,8,83,E,8,988,E,8,300,E,8,0.8,E,8,-9990,0,0,-9990,0,0,2.239,E,8,0.117,E,8,0.20,E,8,0,-9990,0,0
10/21/2005,20:00,0,0,0,3,0,0,3,0,0,3,0,0,3,0,0,3,0,0,3,0,-9990,0,0,10,E,8,9,E,8,14.6,E,8,12.7,E,8,88,E,8,988,E,8,275,E,8,0.7,E,8,-9990,0,0,-9990,0,0,2.256,E,8,0.117,E,8,0.20,E,8,0,-9990,0,0
10/21/2005,21:00,0,0,0,3,0,0,3,0,0,3,0,0,3,0,0,3,0,0,3,0,-9990,0,0,10,E,8,9,E,8,13.9,E,8,12.9,E,8,93,E,8,989,E,8,189,E,8,0.8,E,8,-9990,0,0,-9990,0,0,2.286,E,8,0.117,E,8,0.20,E,8,0,-9990,0,0
10/21/2005,22:00,0,0,0,3,0,0,3,0,0,3,0,0,3,0,0,3,0,0,3,0,-9990,0,0,10,E,8,9,E,8,13.2,E,8,12.7,E,8,97,E,8,989,E,8,242,E,8,0.5,E,8,-9990,0,0,-9990,0,0,2.251,E,8,0.117,E,8,0.20,E,8,0,-9990,0,0
10/21/2005,23:00,0,0,0,3,0,0,3,0,0,3,0,0,3,0,0,3,0,0,3,0,-9990,0,0,9,E,8,8,E,8,12.5,E,8,12.2,E,8,98,E,8,989,E,8,285,E,8,0.5,E,8,-9990,0,0,-9990,0,0,2.183,E,8,0.117,E,8,0.20,E,8,0,-9990,0,0
10/21/2005,24:00,0,0,0,3,0,0,3,0,0,3,0,0,3,0,0,3,0,0,3,0,-9990,0,0,9,E,8,8,E,8,11.7,E,8,11.5,E,8,99,E,8,989,E,8,293,E,8,2.0,E,8,-9990,0,0,-9990,0,0,2.078,E,8,0.117,E,8,0.20,E,8,0,-9990,0,0
10/22/2005,01:00,0,0,0,3,0,0,3,0,0,3,0,0,3,0,0,3,0,0,3,0,-9990,0,0,9,E,8,8,E,8,11.1,E,8,10.8,E,8,99,E,8,989,E,8,207,E,8,4.8,E,8,-9990,0,0,-9990,0,0,1.982,E,8,0.114,E,8,0.20,E,8,0,-9990,0,0
10/22/2005,02:00,0,0,0,3,0,0,3,0,0,3,0,0,3,0,0,3,0,0,3,0,-9990,0,0,9,E,8,8,E,8,10.3,E,8,10.1,E,8,99,E,8,990,E,8,318,E,8,4.4,E,8,-9990,0,0,-9990,0,0,1.881,E,8,0.114,E,8,0.20,E,8,0,-9990,0,0
10/22/2005,03:00,0,0,0,3,0,0,3,0,0,3,0,0,3,0,0,3,0,0,3,0,-9990,0,0,9,E,8,8,E,8,9.6,E,8,9.3,E,8,99,E,8,990,E,8,333,E,8,7.0,E,8,-9990,0,0,-9990,0,0,1.785,E,8,0.114,E,8,0.20,E,8,0,-9990,0,0
10/22/2005,04:00,0,0,0,3,0,0,3,0,0,3,0,0,3,0,0,3,0,0,3,0,-9990,0,0,9,E,8,8,E,8,9.1,E,8,8.9,E,8,99,E,8,990,E,8,286,E,8,7.8,E,8,-9990,0,0,-9990,0,0,1.734,E,8,0.114,E,8,0.20,E,8,0,-9990,0,0
10/22/2005,05:00,0,0,0,3,0,0,3,0,0,3,0,0,3,0,0,3,0,0,3,0,-9990,0,0,9,E,8,8,E,8,8.7,E,8,8.5,E,8,99,E,8,990,E,8,304,E,8,8.7,E,8,-9990,0,0,-9990,0,0,1.686,E,8,0.114,E,8,0.20,E,8,0,-9990,0,0
10/22/2005,06:00,0,0,0,3,0,0,3,0,0,3,0,0,3,0,0,3,0,0,3,0,-9990,0,0,9,E,8,8,E,8,8.4,E,8,8.2,E,8,99,E,8,990,E,8,293,E,8,6.7,E,8,-9990,0,0,-9990,0,0,1.651,E,8,0.114,E,8,0.20,E,8,0,-9990,0,0
10/22/2005,07:00,0,0,0,3,0,0,3,0,0,3,0,0,3,0,0,3,0,0,3,0,-9990,0,0,9,E,8,8,E,8,8.1,E,8,8.1,E,8,100,E,8,990,E,8,276,E,8,7.4,E,8,-9990,0,0,-9990,0,0,1.641,E,8,0.114,E,8,0.20,E,8,0,-9990,0,0
10/22/2005,08:00,53,470,2,3,10,0,3,20,2,3,10,304,3,10,8,3,20,303,3,10,-9990,0,0,9,E,8,8,E,8,8.2,E,8,8.2,E,8,100,E,8,991,E,8,290,E,8,9.2,E,8,-9990,0,0,-9990,0,0,1.642,E,8,0.114,E,8,0.20,E,8,0,-9990,0,0
10/22/2005,09:00,263,1379,96,3,10,127,3,20,72,3,10,10600,3,10,5689,3,20,9515,3,10,-9990,0,0,9,E,8,8,E,8,9.7,E,8,9.7,E,8,100,E,8,991,E,8,197,E,8,10.3,E,8,-9990,0,0,-9990,0,0,1.829,E,8,0.114,E,8,0.20,E,8,0,-9990,0,0
10/22/2005,10:00,452,1379,220,3,10,326,3,20,113,3,10,24205,3,10,21398,3,20,17199,3,10,-9990,0,0,5,E,8,5,E,8,11.6,E,8,10.1,E,8,91,E,8,991,E,8,223,E,8,11.8,E,8,-9990,0,0,-9990,0,0,1.885,E,8,0.114,E,8,0.20,E,8,0,-9990,0,0
10/22/2005,11:00,596,1379,336,3,10,442,3,20,145,3,10,37174,3,10,35145,3,20,21983,3,10,-9990,0,0,5,E,8,5,E,8,13.5,E,8,10.7,E,8,83,E,8,991,E,8,255,E,8,11.8,E,8,-9990,0,0,-9990,0,0,1.961,E,8,0.114,E,8,0.20,E,8,0,-9990,0,0
10/22/2005,12:00,687,1379,433,3,10,561,3,20,154,3,10,46755,3,10,50116,3,20,21792,3,10,-9990,0,0,4,E,8,3,E,8,15.3,E,8,10.6,E,8,73,E,8,991,E,8,217,E,8,9.2,E,8,-9990,0,0,-9990,0,0,1.943,E,8,0.114,E,8,0.20,E,8,0,-9990,0,0
10/22/2005,13:00,718,1379,399,3,10,382,3,20,200,3,10,43733,3,10,27277,3,20,29534,3,10,-9990,0,0,6,E,8,5,E,8,16.3,E,8,10.1,E,8,67,E,8,991,E,8,83,E,8,14.5,E,8,-9990,0,0,-9990,0,0,1.882,E,8,0.114,E,8,0.20,E,8,0,-9990,0,0
10/22/2005,14:00,687,1379,377,3,10,369,3,20,193,3,10,41273,3,10,25794,3,20,28427,3,10,-9990,0,0,6,E,8,5,E,8,16.8,E,8,9.1,E,8,60,E,8,991,E,8,209,E,8,10.8,E,8,-9990,0,0,-9990,0,0,1.757,E,8,0.114,E,8,0.20,E,8,0,-9990,0,0
10/22/2005,15:00,596,1379,318,3,10,371,3,20,158,3,10,35000,3,10,26398,3,20,23594,3,10,-9990,0,0,6,E,8,5,E,8,17.0,E,8,9.0,E,8,59,E,8,991,E,8,222,E,8,11.8,E,8,-9990,0,0,-9990,0,0,1.744,E,8,0.114,E,8,0.20,E,8,0,-9990,0,0
10/22/2005,16:00,451,1379,265,3,10,471,3,20,111,3,10,28291,3,10,36642,3,20,16302,3,10,-9990,0,0,4,E,8,3,E,8,16.9,E,8,8.5,E,8,58,E,8,990,E,8,212,E,8,5.6,E,8,-9990,0,0,-9990,0,0,1.686,E,8,0.114,E,8,0.20,E,8,0,-9990,0,0
10/22/2005,17:00,263,1379,150,3,10,339,3,20,85,3,10,16323,3,10,18389,3,20,12819,3,10,-9990,0,0,5,E,8,4,E,8,16.1,E,8,8.4,E,8,60,E,8,990,E,8,261,E,8,7.0,E,8,-9990,0,0,-9990,0,0,1.670,E,8,0.114,E,8,0.20,E,8,0,-9990,0,0
10/22/2005,18:00,53,469,14,3,10,0,3,20,14,3,10,1718,3,10,0,3,20,1718,3,10,-9990,0,0,6,E,8,5,E,8,14.7,E,8,8.6,E,8,67,E,8,989,E,8,224,E,8,3.2,E,8,-9990,0,0,-9990,0,0,1.695,E,8,0.114,E,8,0.20,E,8,0,-9990,0,0
10/22/2005,19:00,0,0,0,3,0,0,3,0,0,3,0,0,3,0,0,3,0,0,3,0,-9990,0,0,6,E,8,5,E,8,14.2,E,8,9.7,E,8,74,E,8,989,E,8,208,E,8,4.1,E,8,-9990,0,0,-9990,0,0,1.832,E,8,0.114,E,8,0.20,E,8,0,-9990,0,0
10/22/2005,20:00,0,0,0,3,0,0,3,0,0,3,0,0,3,0,0,3,0,0,3,0,-9990,0,0,6,E,8,5,E,8,13.7,E,8,9.8,E,8,77,E,8,988,E,8,218,E,8,4.1,E,8,-9990,0,0,-9990,0,0,1.838,E,8,0.114,E,8,0.20,E,8,0,-9990,0,0
10/22/2005,21:00,0,0,0,3,0,0,3,0,0,3,0,0,3,0,0,3,0,0,3,0,-9990,0,0,6,E,8,6,E,8,13.3,E,8,10.1,E,8,81,E,8,988,E,8,250,E,8,3.0,E,8,-9990,0,0,-9990,0,0,1.884,E,8,0.114,E,8,0.20,E,8,0,-9990,0,0
10/22/2005,22:00,0,0,0,3,0,0,3,0,0,3,0,0,3,0,0,3,0,0,3,0,-9990,0,0,8,E,8,7,E,8,12.8,E,8,9.7,E,8,82,E,8,988,E,8,269,E,8,4.8,E,8,-9990,0,0,-9990,0,0,1.836,E,8,0.114,E,8,0.20,E,8,0,-9990,0,0
10/22/2005,23:00,0,0,0,3,0,0,3,0,0,3,0,0,3,0,0,3,0,0,3,0,-9990,0,0,8,E,8,7,E,8,12.3,E,8,9.8,E,8,85,E,8,987,E,8,310,E,8,3.2,E,8,-9990,0,0,-9990,0,0,1.837,E,8,0.114,E,8,0.20,E,8,0,-9990,0,0
10/22/2005,24:00,0,0,0,3,0,0,3,0,0,3,0,0,3,0,0,3,0,0,3,0,-9990,0,0,8,E,8,7,E,8,11.8,E,8,10.2,E,8,90,E,8,987,E,8,266,E,8,4.4,E,8,-9990,0,0,-9990,0,0,1.889,E,8,0.114,E,8,0.20,E,8,0,-9990,0,0
10/23/2005,01:00,0,0,0,3,0,0,3,0,0,3,0,0,3,0,0,3,0,0,3,0,-9990,0,0,8,E,8,7,E,8,11.6,E,8,10.6,E,8,93,E,8,986,E,8,229,E,8,4.1,E,8,-9990,0,0,-9990,0,0,1.946,E,8,0.118,E,8,0.20,E,8,0,-9990,0,0
10/23/2005,02:00,0,0,0,3,0,0,3,0,0,3,0,0,3,0,0,3,0,0,3,0,-9990,0,0,8,E,8,7,E,8,11.4,E,8,10.1,E,8,91,E,8,986,E,8,100,E,8,2.8,E,8,-9990,0,0,-9990,0,0,1.875,E,8,0.118,E,8,0.20,E,8,0,-9990,0,0
10/23/2005,03:00,0,0,0,3,0,0,3,0,0,3,0,0,3,0,0,3,0,0,3,0,-9990,0,0,9,E,8,8,E,8,11.1,E,8,10.5,E,8,96,E,8,985,E,8,277,E,8,2.6,E,8,-9990,0,0,-9990,0,0,1.938,E,8,0.118,E,8,0.20,E,8,0,-9990,0,0
10/23/2005,04:00,0,0,0,3,0,0,3,0,0,3,0,0,3,0,0,3,0,0,3,0,-9990,0,0,9,E,8,8,E,8,11.0,E,8,10.1,E,8,95,E,8,985,E,8,272,E,8,1.5,E,8,-9990,0,0,-9990,0,0,1.886,E,8,0.118,E,8,0.20,E,8,0,-9990,0,0
10/23/2005,05:00,0,0,0,3,0,0,3,0,0,3,0,0,3,0,0,3,0,0,3,0,-9990,0,0,9,E,8,8,E,8,10.8,E,8,10.1,E,8,95,E,8,985,E,8,268,E,8,1.6,E,8,-9990,0,0,-9990,0,0,1.876,E,8,0.118,E,8,0.20,E,8,1,-9990,0,0
10/23/2005,06:00,0,0,0,3,0,0,3,0,0,3,0,0,3,0,0,3,0,0,3,0,-9990,0,0,9,E,8,8,E,8,10.8,E,8,10.3,E,8,97,E,8,984,E,8,206,E,8,3.7,E,8,-9990,0,0,-9990,0,0,1.906,E,8,0.118,E,8,0.20,E,8,0,-9990,0,0
10/23/2005,07:00,0,0,0,3,0,0,3,0,0,3,0,0,3,0,0,3,0,0,3,0,-9990,0,0,10,E,8,9,E,8,10.3,E,8,10.1,E,8,99,E,8,984,E,8,219,E,8,2.4,E,8,-9990,0,0,-9990,0,0,1.878,E,8,0.118,E,8,0.20,E,8,3,-9990,0,0
10/23/2005,08:00,49,453,2,3,10,0,3,20,2,3,10,262,3,10,8,3,20,261,3,10,-9990,0,0,10,E,8,9,E,8,10.6,E,8,10.4,E,8,99,E,8,983,E,8,179,E,8,4.1,E,8,-9990,0,0,-9990,0,0,1.917,E,8,0.118,E,8,0.20,E,8,1,-9990,0,0
10/23/2005,09:00,257,1380,11,3,10,0,3,20,11,3,10,1445,3,10,8,3,20,1444,3,10,-9990,0,0,10,E,8,9,E,8,9.4,E,8,9.2,E,8,99,E,8,983,E,8,102,E,8,1.5,E,8,-9990,0,0,-9990,0,0,1.768,E,8,0.118,E,8,0.20,E,8,8,-9990,0,0
10/23/2005,10:00,445,1380,23,3,10,0,3,20,23,3,10,2964,3,10,0,3,20,2964,3,10,-9990,0,0,10,E,8,9,E,8,10.3,E,8,9.9,E,8,97,E,8,982,E,8,64,E,8,0.9,E,8,-9990,0,0,-9990,0,0,1.854,E,8,0.118,E,8,0.20,E,8,4,-9990,0,0
10/23/2005,11:00,590,1380,33,3,10,0,3,20,33,3,10,4350,3,10,0,3,20,4350,3,10,-9990,0,0,10,E,8,9,E,8,11.0,E,8,9.3,E,8,89,E,8,982,E,8,50,E,8,0.1,E,8,-9990,0,0,-9990,0,0,1.780,E,8,0.118,E,8,0.20,E,8,1,-9990,0,0
10/23/2005,12:00,680,1380,39,3,10,0,3,20,39,3,10,5114,3,10,0,3,20,5114,3,10,-9990,0,0,10,E,8,9,E,8,11.2,E,8,9.2,E,8,87,E,8,982,E,8,84,E,8,0.4,E,8,-9990,0,0,-9990,0,0,1.761,E,8,0.118,E,8,0.20,E,8,0,-9990,0,0
10/23/2005,13:00,711,1380,40,3,10,0,3,20,40,3,10,5276,3,10,0,3,20,5276,3,10,-9990,0,0,10,E,8,9,E,8,11.2,E,8,9.0,E,8,86,E,8,981,E,8,47,E,8,1.6,E,8,-9990,0,0,-9990,0,0,1.742,E,8,0.118,E,8,0.20,E,8,0,-9990,0,0
10/23/2005,14:00,680,1380,39,3,10,0,3,20,39,3,10,5090,3,10,0,3,20,5090,3,10,-9990,0,0,10,E,8,9,E,8,11.2,E,8,9.0,E,8,86,E,8,982,E,8,50,E,8,0.8,E,8,-9990,0,0,-9990,0,0,1.736,E,8,0.118,E,8,0.20,E,8,1,-9990,0,0
10/23/2005,15:00,589,1380,33,3,10,0,3,20,33,3,10,4354,3,10,0,3,20,4354,3,10,-9990,0,0,10,E,8,9,E,8,11.0,E,8,9.4,E,8,90,E,8,982,E,8,42,E,8,0.9,E,8,-9990,0,0,-9990,0,0,1.785,E,8,0.118,E,8,0.20,E,8,1,-9990,0,0
10/23/2005,16:00,444,1380,25,3,10,0,3,20,25,3,10,3266,3,10,0,3,20,3266,3,10,-9990,0,0,10,E,8,9,E,8,11.1,E,8,8.9,E,8,86,E,8,983,E,8,333,E,8,0.2,E,8,-9990,0,0,-9990,0,0,1.731,E,8,0.118,E,8,0.20,E,8,1,-9990,0,0
10/23/2005,17:00,256,1380,12,3,10,0,3,20,12,3,10,1642,3,10,8,3,20,1641,3,10,-9990,0,0,10,E,8,9,E,8,11.2,E,8,9.0,E,8,86,E,8,983,E,8,319,E,8,1.6,E,8,-9990,0,0,-9990,0,0,1.740,E,8,0.118,E,8,0.20,E,8,0,-9990,0,0
10/23/2005,18:00,48,448,2,3,10,0,3,20,2,3,10,272,3,10,9,3,20,271,3,10,-9990,0,0,10,E,8,9,E,8,11.1,E,8,8.9,E,8,86,E,8,984,E,8,331,E,8,1.2,E,8,-9990,0,0,-9990,0,0,1.725,E,8,0.118,E,8,0.20,E,8,0,-9990,0,0
10/23/2005,19:00,0,0,0,3,0,0,3,0,0,3,0,0,3,0,0,3,0,0,3,0,-9990,0,0,10,E,8,9,E,8,10.5,E,8,8.9,E,8,89,E,8,984,E,8,356,E,8,1.2,E,8,-9990,0,0,-9990,0,0,1.728,E,8,0.118,E,8,0.20,E,8,2,-9990,0,0
10/23/2005,20:00,0,0,0,3,0,0,3,0,0,3,0,0,3,0,0,3,0,0,3,0,-9990,0,0,9,E,8,8,E,8,10.8,E,8,9.1,E,8,89,E,8,985,E,8,63,E,8,0.1,E,8,-9990,0,0,-9990,0,0,1.753,E,8,0.118,E,8,0.20,E,8,0,-9990,0,0
10/23/2005,21:00,0,0,0,3,0,0,3,0,0,3,0,0,3,0,0,3,0,0,3,0,-9990,0,0,9,E,8,8,E,8,10.6,E,8,8.9,E,8,89,E,8,986,E,8,352,E,8,0.1,E,8,-9990,0,0,-9990,0,0,1.732,E,8,0.118,E,8,0.20,E,8,0,-9990,0,0
10/23/2005,22:00,0,0,0,3,0,0,3,0,0,3,0,0,3,0,0,3,0,0,3,0,-9990,0,0,9,E,8,8,E,8,10.4,E,8,8.2,E,8,86,E,8,986,E,8,37,E,8,0.2,E,8,-9990,0,0,-9990,0,0,1.648,E,8,0.118,E,8,0.20,E,8,0,-9990,0,0
10/23/2005,23:00,0,0,0,3,0,0,3,0,0,3,0,0,3,0,0,3,0,0,3,0,-9990,0,0,9,E,8,8,E,8,10.2,E,8,8.6,E,8,89,E,8,987,E,8,339,E,8,0.1,E,8,-9990,0,0,-9990,0,0,1.692,E,8,0.118,E,8,0.20,E,8,0,-9990,0,0
10/23/2005,24:00,0,0,0,3,0,0,3,0,0,3,0,0,3,0,0,3,0,0,3,0,-9990,0,0,9,E,8,8,E,8,10.1,E,8,8.4,E,8,89,E,8,987,E,8,5,E,8,0.1,E,8,-9990,0,0,-9990,0,0,1.673,E,8,0.118,E,8,0.20,E,8,0,-9990,0,0
10/24/2005,01:00,0,0,0,3,0,0,3,0,0,3,0,0,3,0,0,3,0,0,3,0,-9990,0,0,8,E,8,7,E,8,9.3,E,8,7.7,E,8,90,E,8,988,E,8,359,E,8,0.1,E,8,-9990,0,0,-9990,0,0,1.587,E,8,0.109,E,8,0.20,E,8,0,-9990,0,0
10/24/2005,02:00,0,0,0,3,0,0,3,0,0,3,0,0,3,0,0,3,0,0,3,0,-9990,0,0,8,E,8,7,E,8,8.4,E,8,7.3,E,8,92,E,8,988,E,8,335,E,8,0.1,E,8,-9990,0,0,-9990,0,0,1.542,E,8,0.109,E,8,0.20,E,8,0,-9990,0,0
10/24/2005,03:00,0,0,0,3,0,0,3,0,0,3,0,0,3,0,0,3,0,0,3,0,-9990,0,0,8,E,8,7,E,8,7.6,E,8,6.0,E,8,90,E,8,989,E,8,340,E,8,0.5,E,8,-9990,0,0,-9990,0,0,1.416,E,8,0.109,E,8,0.20,E,8,0,-9990,0,0
10/24/2005,04:00,0,0,0,3,0,0,3,0,0,3,0,0,3,0,0,3,0,0,3,0,-9990,0,0,8,E,8,7,E,8,7.2,E,8,5.7,E,8,90,E,8,989,E,8,342,E,8,1.9,E,8,-9990,0,0,-9990,0,0,1.383,E,8,0.109,E,8,0.20,E,8,0,-9990,0,0
10/24/2005,05:00,0,0,0,3,0,0,3,0,0,3,0,0,3,0,0,3,0,0,3,0,-9990,0,0,8,E,8,7,E,8,6.8,E,8,5.5,E,8,91,E,8,990,E,8,360,E,8,1.5,E,8,-9990,0,0,-9990,0,0,1.361,E,8,0.109,E,8,0.20,E,8,0,-9990,0,0
10/24/2005,06:00,0,0,0,3,0,0,3,0,0,3,0,0,3,0,0,3,0,0,3,0,-9990,0,0,6,E,8,6,E,8,6.5,E,8,4.9,E,8,90,E,8,990,E,8,330,E,8,1.9,E,8,-9990,0,0,-9990,0,0,1.307,E,8,0.109,E,8,0.20,E,8,0,-9990,0,0
10/24/2005,07:00,0,0,0,3,0,0,3,0,0,3,0,0,3,0,0,3,0,0,3,0,-9990,0,0,6,E,8,6,E,8,6.2,E,8,4.6,E,8,90,E,8,991,E,8,30,E,8,2.0,E,8,-9990,0,0,-9990,0,0,1.281,E,8,0.109,E,8,0.20,E,8,0,-9990,0,0
10/24/2005,08:00,45,435,7,3,10,0,3,20,7,3,10,877,3,10,10,3,20,876,3,10,-9990,0,0,6,E,8,6,E,8,6.4,E,8,4.8,E,8,90,E,8,992,E,8,337,E,8,2.2,E,8,-9990,0,0,-9990,0,0,1.299,E,8,0.109,E,8,0.20,E,8,0,-9990,0,0
10/24/2005,09:00,251,1381,140,3,10,320,3,20,82,3,10,15082,3,10,16957,3,20,12002,3,10,-9990,0,0,6,E,8,5,E,8,8.6,E,8,3.8,E,8,72,E,8,992,E,8,46,E,8,2.6,E,8,-9990,0,0,-9990,0,0,1.209,E,8,0.109,E,8,0.20,E,8,0,-9990,0,0
10/24/2005,10:00,439,1381,290,3,10,752,3,20,51,3,10,31226,3,10,73901,3,20,7739,3,10,-9990,0,0,0,E,8,0,E,8,11.0,E,8,3.8,E,8,61,E,8,993,E,8,2,E,8,6.0,E,8,-9990,0,0,-9990,0,0,1.210,E,8,0.109,E,8,0.20,E,8,0,-9990,0,0
10/24/2005,11:00,583,1381,418,3,10,875,3,20,49,3,10,45271,3,10,89899,3,20,7313,3,10,-9990,0,0,0,E,8,0,E,8,13.2,E,8,4.4,E,8,55,E,8,993,E,8,354,E,8,5.3,E,8,-9990,0,0,-9990,0,0,1.259,E,8,0.109,E,8,0.20,E,8,0,-9990,0,0
10/24/2005,12:00,674,1381,500,3,10,920,3,20,52,3,10,54216,3,10,95529,3,20,7619,3,10,-9990,0,0,0,E,8,0,E,8,15.1,E,8,5.5,E,8,52,E,8,994,E,8,320,E,8,5.6,E,8,-9990,0,0,-9990,0,0,1.362,E,8,0.109,E,8,0.20,E,8,0,-9990,0,0
10/24/2005,13:00,704,1381,530,3,10,933,3,20,54,3,10,57388,3,10,96962,3,20,7940,3,10,-9990,0,0,0,E,8,0,E,8,16.6,E,8,5.7,E,8,48,E,8,994,E,8,331,E,8,6.7,E,8,-9990,0,0,-9990,0,0,1.381,E,8,0.109,E,8,0.20,E,8,0,-9990,0,0
10/24/2005,14:00,673,1381,500,3,10,920,3,20,52,3,10,54196,3,10,95597,3,20,7609,3,10,-9990,0,0,0,E,8,0,E,8,17.4,E,8,5.7,E,8,46,E,8,994,E,8,341,E,8,9.7,E,8,-9990,0,0,-9990,0,0,1.379,E,8,0.109,E,8,0.20,E,8,0,-9990,0,0
10/24/2005,15:00,582,1381,425,3,10,888,3,20,51,3,10,46129,3,10,91340,3,20,7641,3,10,-9990,0,0,0,E,8,0,E,8,17.8,E,8,6.2,E,8,47,E,8,994,E,8,38,E,8,9.7,E,8,-9990,0,0,-9990,0,0,1.432,E,8,0.109,E,8,0.20,E,8,0,-9990,0,0
10/24/2005,16:00,437,1381,296,3,10,792,3,20,46,3,10,32201,3,10,79609,3,20,6997,3,10,-9990,0,0,0,E,8,0,E,8,17.4,E,8,6.5,E,8,49,E,8,994,E,8,346,E,8,9.2,E,8,-9990,0,0,-9990,0,0,1.458,E,8,0.109,E,8,0.20,E,8,0,-9990,0,0
10/24/2005,17:00,249,1381,145,3,10,342,3,20,84,3,10,15808,3,10,18400,3,20,12493,3,10,-9990,0,0,6,E,8,5,E,8,16.2,E,8,6.6,E,8,53,E,8,994,E,8,345,E,8,6.4,E,8,-9990,0,0,-9990,0,0,1.472,E,8,0.109,E,8,0.20,E,8,0,-9990,0,0
10/24/2005,18:00,44,428,8,3,10,0,3,20,8,3,10,1002,3,10,11,3,20,1001,3,10,-9990,0,0,6,E,8,5,E,8,14.5,E,8,7.2,E,8,61,E,8,994,E,8,355,E,8,6.4,E,8,-9990,0,0,-9990,0,0,1.531,E,8,0.109,E,8,0.20,E,8,0,-9990,0,0
10/24/2005,19:00,0,0,0,3,0,0,3,0,0,3,0,0,3,0,0,3,0,0,3,0,-9990,0,0,6,E,8,5,E,8,13.5,E,8,7.1,E,8,65,E,8,994,E,8,64,E,8,3.2,E,8,-9990,0,0,-9990,0,0,1.528,E,8,0.109,E,8,0.20,E,8,0,-9990,0,0
10/24/2005,20:00,0,0,0,3,0,0,3,0,0,3,0,0,3,0,0,3,0,0,3,0,-9990,0,0,6,E,8,5,E,8,12.5,E,8,7.3,E,8,70,E,8,994,E,8,180,E,8,4.1,E,8,-9990,0,0,-9990,0,0,1.543,E,8,0.109,E,8,0.20,E,8,0,-9990,0,0
10/24/2005,21:00,0,0,0,3,0,0,3,0,0,3,0,0,3,0,0,3,0,0,3,0,-9990,0,0,6,E,8,5,E,8,11.5,E,8,6.5,E,8,71,E,8,994,E,8,197,E,8,2.2,E,8,-9990,0,0,-9990,0,0,1.463,E,8,0.109,E,8,0.20,E,8,0,-9990,0,0
10/24/2005,22:00,0,0,0,3,0,0,3,0,0,3,0,0,3,0,0,3,0,0,3,0,-9990,0,0,6,E,8,5,E,8,10.5,E,8,6.2,E,8,75,E,8,994,E,8,207,E,8,2.4,E,8,-9990,0,0,-9990,0,0,1.435,E,8,0.109,E,8,0.20,E,8,0,-9990,0,0
10/24/2005,23:00,0,0,0,3,0,0,3,0,0,3,0,0,3,0,0,3,0,0,3,0,-9990,0,0,6,E,8,5,E,8,9.6,E,8,5.8,E,8,77,E,8,994,E,8,187,E,8,2.6,E,8,-9990,0,0,-9990,0,0,1.392,E,8,0.109,E,8,0.20,E,8,0,-9990,0,0
10/24/2005,24:00,0,0,0,3,0,0,3,0,0,3,0,0,3,0,0,3,0,0,3,0,-9990,0,0,6,E,8,5,E,8,8.6,E,8,5.2,E,8,79,E,8,994,E,8,273,E,8,4.4,E,8,-9990,0,0,-9990,0,0,1.333,E,8,0.109,E,8,0.20,E,8,0,-9990,0,0
10/25/2005,01:00,0,0,0,3,0,0,3,0,0,3,0,0,3,0,0,3,0,0,3,0,-9990,0,0,6,E,8,6,E,8,7.7,E,8,4.7,E,8,81,E,8,994,E,8,284,E,8,4.1,E,8,-9990,0,0,-9990,0,0,1.291,E,8,0.110,E,8,0.20,E,8,0,-9990,0,0
10/25/2005,02:00,0,0,0,3,0,0,3,0,0,3,0,0,3,0,0,3,0,0,3,0,-9990,0,0,6,E,8,6,E,8,6.7,E,8,3.6,E,8,80,E,8,994,E,8,276,E,8,3.7,E,8,-9990,0,0,-9990,0,0,1.190,E,8,0.110,E,8,0.20,E,8,0,-9990,0,0
10/25/2005,03:00,0,0,0,3,0,0,3,0,0,3,0,0,3,0,0,3,0,0,3,0,-9990,0,0,6,E,8,6,E,8,5.7,E,8,3.3,E,8,84,E,8,994,E,8,285,E,8,2.2,E,8,-9990,0,0,-9990,0,0,1.166,E,8,0.110,E,8,0.20,E,8,0,-9990,0,0
10/25/2005,04:00,0,0,0,3,0,0,3,0,0,3,0,0,3,0,0,3,0,0,3,0,-9990,0,0,6,E,8,6,E,8,5.2,E,8,3.1,E,8,86,E,8,994,E,8,239,E,8,3.7,E,8,-9990,0,0,-9990,0,0,1.151,E,8,0.110,E,8,0.20,E,8,0,-9990,0,0
10/25/2005,05:00,0,0,0,3,0,0,3,0,0,3,0,0,3,0,0,3,0,0,3,0,-9990,0,0,6,E,8,6,E,8,4.6,E,8,3.0,E,8,89,E,8,994,E,8,179,E,8,1.7,E,8,-9990,0,0,-9990,0,0,1.144,E,8,0.110,E,8,0.20,E,8,0,-9990,0,0
10/25/2005,06:00,0,0,0,3,0,0,3,0,0,3,0,0,3,0,0,3,0,0,3,0,-9990,0,0,6,E,8,6,E,8,4.2,E,8,3.7,E,8,96,E,8,994,E,8,171,E,8,0.4,E,8,-9990,0,0,-9990,0,0,1.204,E,8,0.110,E,8,0.20,E,8,0,-9990,0,0
10/25/2005,07:00,0,0,0,3,0,0,3,0,0,3,0,0,3,0,0,3,0,0,3,0,-9990,0,0,6,E,8,6,E,8,3.8,E,8,3.8,E,8,100,E,8,994,E,8,88,E,8,0.3,E,8,-9990,0,0,-9990,0,0,1.214,E,8,0.110,E,8,0.20,E,8,0,-9990,0,0
10/25/2005,08:00,42,417,6,3,10,0,3,20,6,3,10,787,3,10,11,3,20,786,3,10,-9990,0,0,6,E,8,6,E,8,3.9,E,8,3.6,E,8,98,E,8,994,E,8,103,E,8,0.8,E,8,-9990,0,0,-9990,0,0,1.190,E,8,0.110,E,8,0.20,E,8,0,-9990,0,0
10/25/2005,09:00,245,1382,127,3,10,269,3,20,79,3,10,13695,3,10,11524,3,20,11655,3,10,-9990,0,0,6,E,8,6,E,8,5.6,E,8,4.4,E,8,92,E,8,994,E,8,57,E,8,0.2,E,8,-9990,0,0,-9990,0,0,1.266,E,8,0.110,E,8,0.20,E,8,0,-9990,0,0
10/25/2005,10:00,432,1382,268,3,10,668,3,20,59,3,10,29266,3,10,64580,3,20,9051,3,10,-9990,0,0,0,E,8,0,E,8,7.5,E,8,4.0,E,8,79,E,8,994,E,8,94,E,8,0.2,E,8,-9990,0,0,-9990,0,0,1.228,E,8,0.110,E,8,0.20,E,8,0,-9990,0,0
10/25/2005,11:00,576,1382,383,3,10,765,3,20,64,3,10,41116,3,10,75866,3,20,9462,3,10,-9990,0,0,0,E,8,0,E,8,9.2,E,8,4.0,E,8,70,E,8,994,E,8,54,E,8,0.2,E,8,-9990,0,0,-9990,0,0,1.229,E,8,0.110,E,8,0.20,E,8,0,-9990,0,0
10/25/2005,12:00,667,1382,457,3,10,802,3,20,70,3,10,49015,3,10,80602,3,20,10114,3,10,-9990,0,0,0,E,8,0,E,8,10.6,E,8,4.7,E,8,67,E,8,993,E,8,238,E,8,0.4,E,8,-9990,0,0,-9990,0,0,1.292,E,8,0.110,E,8,0.20,E,8,0,-9990,0,0
10/25/2005,13:00,697,1382,493,3,10,832,3,20,74,3,10,52909,3,10,83801,3,20,10612,3,10,-9990,0,0,0,E,8,0,E,8,11.7,E,8,5.4,E,8,65,E,8,993,E,8,104,E,8,0.9,E,8,-9990,0,0,-9990,0,0,1.350,E,8,0.110,E,8,0.20,E,8,0,-9990,0,0
10/25/2005,14:00,666,1382,482,3,10,893,3,20,52,3,10,52201,3,10,92524,3,20,7602,3,10,-9990,0,0,0,E,8,0,E,8,12.4,E,8,4.9,E,8,60,E,8,993,E,8,40,E,8,0.3,E,8,-9990,0,0,-9990,0,0,1.308,E,8,0.110,E,8,0.20,E,8,0,-9990,0,0
10/25/2005,15:00,575,1382,404,3,10,853,3,20,49,3,10,43820,3,10,87650,3,20,7350,3,10,-9990,0,0,0,E,8,0,E,8,12.6,E,8,5.5,E,8,62,E,8,993,E,8,7,E,8,0.7,E,8,-9990,0,0,-9990,0,0,1.361,E,8,0.110,E,8,0.20,E,8,0,-9990,0,0
10/25/2005,16:00,430,1382,285,3,10,768,3,20,46,3,10,30941,3,10,76903,3,20,6995,3,10,-9990,0,0,0,E,8,0,E,8,12.3,E,8,6.1,E,8,66,E,8,992,E,8,41,E,8,1.2,E,8,-9990,0,0,-9990,0,0,1.424,E,8,0.110,E,8,0.20,E,8,0,-9990,0,0
10/25/2005,17:00,242,1382,138,3,10,326,3,20,81,3,10,15088,3,10,16773,3,20,12152,3,10,-9990,0,0,6,E,8,5,E,8,11.2,E,8,5.9,E,8,70,E,8,992,E,8,313,E,8,1.5,E,8,-9990,0,0,-9990,0,0,1.402,E,8,0.110,E,8,0.20,E,8,0,-9990,0,0
10/25/2005,18:00,40,408,7,3,10,0,3,20,7,3,10,967,3,10,12,3,20,966,3,10,-9990,0,0,6,E,8,5,E,8,9.8,E,8,5.8,E,8,76,E,8,991,E,8,349,E,8,3.2,E,8,-9990,0,0,-9990,0,0,1.391,E,8,0.110,E,8,0.20,E,8,0,-9990,0,0
10/25/2005,19:00,0,0,0,3,0,0,3,0,0,3,0,0,3,0,0,3,0,0,3,0,-9990,0,0,6,E,8,6,E,8,9.1,E,8,6.3,E,8,83,E,8,991,E,8,349,E,8,4.1,E,8,-9990,0,0,-9990,0,0,1.443,E,8,0.110,E,8,0.20,E,8,0,-9990,0,0
10/25/2005,20:00,0,0,0,3,0,0,3,0,0,3,0,0,3,0,0,3,0,0,3,0,-9990,0,0,6,E,8,6,E,8,8.4,E,8,6.3,E,8,86,E,8,990,E,8,338,E,8,1.6,E,8,-9990,0,0,-9990,0,0,1.440,E,8,0.110,E,8,0.20,E,8,0,-9990,0,0
10/25/2005,21:00,0,0,0,3,0,0,3,0,0,3,0,0,3,0,0,3,0,0,3,0,-9990,0,0,6,E,8,6,E,8,7.8,E,8,5.9,E,8,88,E,8,990,E,8,1,E,8,1.3,E,8,-9990,0,0,-9990,0,0,1.399,E,8,0.110,E,8,0.20,E,8,0,-9990,0,0
10/25/2005,22:00,0,0,0,3,0,0,3,0,0,3,0,0,3,0,0,3,0,0,3,0,-9990,0,0,8,E,8,7,E,8,7.1,E,8,5.8,E,8,91,E,8,990,E,8,351,E,8,1.2,E,8,-9990,0,0,-9990,0,0,1.389,E,8,0.110,E,8,0.20,E,8,0,-9990,0,0
10/25/2005,23:00,0,0,0,3,0,0,3,0,0,3,0,0,3,0,0,3,0,0,3,0,-9990,0,0,8,E,8,7,E,8,6.4,E,8,6.0,E,8,97,E,8,989,E,8,348,E,8,1.3,E,8,-9990,0,0,-9990,0,0,1.411,E,8,0.110,E,8,0.20,E,8,0,-9990,0,0
10/25/2005,24:00,0,0,0,3,0,0,3,0,0,3,0,0,3,0,0,3,0,0,3,0,-9990,0,0,8,E,8,7,E,8,5.8,E,8,5.4,E,8,98,E,8,989,E,8,348,E,8,1.3,E,8,-9990,0,0,-9990,0,0,1.358,E,8,0.110,E,8,0.20,E,8,0,-9990,0,0
10/26/2005,01:00,0,0,0,3,0,0,3,0,0,3,0,0,3,0,0,3,0,0,3,0,-9990,0,0,8,E,8,7,E,8,5.6,E,8,4.8,E,8,95,E,8,988,E,8,344,E,8,1.0,E,8,-9990,0,0,-9990,0,0,1.298,E,8,0.107,E,8,0.20,E,8,0,-9990,0,0
10/26/2005,02:00,0,0,0,3,0,0,3,0,0,3,0,0,3,0,0,3,0,0,3,0,-9990,0,0,9,E,8,8,E,8,5.4,E,8,4.5,E,8,94,E,8,988,E,8,348,E,8,2.0,E,8,-9990,0,0,-9990,0,0,1.274,E,8,0.107,E,8,0.20,E,8,0,-9990,0,0
10/26/2005,03:00,0,0,0,3,0,0,3,0,0,3,0,0,3,0,0,3,0,0,3,0,-9990,0,0,9,E,8,8,E,8,5.2,E,8,4.6,E,8,96,E,8,987,E,8,357,E,8,0.8,E,8,-9990,0,0,-9990,0,0,1.283,E,8,0.107,E,8,0.20,E,8,0,-9990,0,0
10/26/2005,04:00,0,0,0,3,0,0,3,0,0,3,0,0,3,0,0,3,0,0,3,0,-9990,0,0,9,E,8,8,E,8,5.2,E,8,4.7,E,8,97,E,8,987,E,8,321,E,8,1.3,E,8,-9990,0,0,-9990,0,0,1.289,E,8,0.107,E,8,0.20,E,8,0,-9990,0,0
10/26/2005,05:00,0,0,0,3,0,0,3,0,0,3,0,0,3,0,0,3,0,0,3,0,-9990,0,0,9,E,8,8,E,8,5.1,E,8,4.6,E,8,97,E,8,986,E,8,55,E,8,2.6,E,8,-9990,0,0,-9990,0,0,1.279,E,8,0.107,E,8,0.20,E,8,0,-9990,0,0
10/26/2005,06:00,0,0,0,3,0,0,3,0,0,3,0,0,3,0,0,3,0,0,3,0,-9990,0,0,9,E,8,8,E,8,5.0,E,8,4.8,E,8,98,E,8,986,E,8,50,E,8,2.0,E,8,-9990,0,0,-9990,0,0,1.298,E,8,0.107,E,8,0.20,E,8,0,-9990,0,0
10/26/2005,07:00,0,0,0,3,0,0,3,0,0,3,0,0,3,0,0,3,0,0,3,0,-9990,0,0,10,E,8,9,E,8,4.6,E,8,4.5,E,8,99,E,8,986,E,8,113,E,8,1.2,E,8,-9990,0,0,-9990,0,0,1.267,E,8,0.107,E,8,0.20,E,8,2,-9990,0,0
10/26/2005,08:00,38,399,2,3,10,0,3,20,2,3,10,249,3,10,9,3,20,249,3,10,-9990,0,0,10,E,8,9,E,8,4.9,E,8,4.6,E,8,98,E,8,985,E,8,225,E,8,0.9,E,8,-9990,0,0,-9990,0,0,1.281,E,8,0.107,E,8,0.20,E,8,0,-9990,0,0
10/26/2005,09:00,238,1382,29,3,10,0,3,20,29,3,10,3615,3,10,0,3,20,3615,3,10,-9990,0,0,10,E,8,9,E,8,4.7,E,8,4.5,E,8,99,E,8,985,E,8,243,E,8,0.4,E,8,-9990,0,0,-9990,0,0,1.273,E,8,0.107,E,8,0.20,E,8,4,-9990,0,0
10/26/2005,10:00,426,1382,64,3,10,0,3,20,64,3,10,7737,3,10,0,3,20,7737,3,10,-9990,0,0,10,E,8,9,E,8,5.8,E,8,5.0,E,8,94,E,8,984,E,8,198,E,8,0.9,E,8,-9990,0,0,-9990,0,0,1.317,E,8,0.107,E,8,0.20,E,8,1,-9990,0,0
10/26/2005,11:00,570,1382,76,3,10,0,3,20,76,3,10,9334,3,10,0,3,20,9334,3,10,-9990,0,0,10,E,8,9,E,8,6.3,E,8,5.3,E,8,93,E,8,984,E,8,289,E,8,0.9,E,8,-9990,0,0,-9990,0,0,1.344,E,8,0.107,E,8,0.20,E,8,1,-9990,0,0
10/26/2005,12:00,660,1382,100,3,10,0,3,20,100,3,10,12247,3,10,0,3,20,12247,3,10,-9990,0,0,10,E,8,9,E,8,6.7,E,8,5.6,E,8,92,E,8,983,E,8,203,E,8,2.2,E,8,-9990,0,0,-9990,0,0,1.368,E,8,0.107,E,8,0.20,E,8,0,-9990,0,0
10/26/2005,13:00,690,1382,110,3,10,0,3,20,110,3,10,13522,3,10,0,3,20,13522,3,10,-9990,0,0,10,E,8,9,E,8,7.0,E,8,6.4,E,8,95,E,8,983,E,8,225,E,8,2.4,E,8,-9990,0,0,-9990,0,0,1.448,E,8,0.107,E,8,0.20,E,8,0,-9990,0,0
10/26/2005,14:00,659,1382,102,3,10,0,3,20,102,3,10,12549,3,10,0,3,20,12549,3,10,-9990,0,0,10,E,8,9,E,8,7.3,E,8,6.0,E,8,92,E,8,983,E,8,228,E,8,2.2,E,8,-9990,0,0,-9990,0,0,1.414,E,8,0.107,E,8,0.20,E,8,0,-9990,0,0
10/26/2005,15:00,568,1382,88,3,10,0,3,20,88,3,10,10813,3,10,0,3,20,10813,3,10,-9990,0,0,10,E,8,9,E,8,7.3,E,8,5.3,E,8,87,E,8,984,E,8,200,E,8,1.3,E,8,-9990,0,0,-9990,0,0,1.343,E,8,0.107,E,8,0.20,E,8,0,-9990,0,0
10/26/2005,16:00,423,1382,65,3,10,0,3,20,65,3,10,8001,3,10,0,3,20,8001,3,10,-9990,0,0,10,E,8,9,E,8,7.3,E,8,5.2,E,8,87,E,8,984,E,8,170,E,8,0.8,E,8,-9990,0,0,-9990,0,0,1.339,E,8,0.107,E,8,0.20,E,8,0,-9990,0,0
10/26/2005,17:00,235,1382,32,3,10,0,3,20,32,3,10,3967,3,10,0,3,20,3967,3,10,-9990,0,0,10,E,8,9,E,8,7.1,E,8,5.0,E,8,87,E,8,984,E,8,93,E,8,1.0,E,8,-9990,0,0,-9990,0,0,1.319,E,8,0.107,E,8,0.20,E,8,0,-9990,0,0
10/26/2005,18:00,36,388,2,3,10,0,3,20,2,3,10,244,3,10,10,3,20,243,3,10,-9990,0,0,10,E,8,9,E,8,6.8,E,8,3.4,E,8,79,E,8,984,E,8,45,E,8,1.2,E,8,-9990,0,0,-9990,0,0,1.173,E,8,0.107,E,8,0.20,E,8,0,-9990,0,0
10/26/2005,19:00,0,0,0,3,0,0,3,0,0,3,0,0,3,0,0,3,0,0,3,0,-9990,0,0,10,E,8,9,E,8,6.4,E,8,3.2,E,8,80,E,8,985,E,8,32,E,8,1.7,E,8,-9990,0,0,-9990,0,0,1.164,E,8,0.107,E,8,0.20,E,8,0,-9990,0,0
10/26/2005,20:00,0,0,0,3,0,0,3,0,0,3,0,0,3,0,0,3,0,0,3,0,-9990,0,0,10,E,8,9,E,8,6.1,E,8,3.0,E,8,80,E,8,985,E,8,68,E,8,0.2,E,8,-9990,0,0,-9990,0,0,1.144,E,8,0.107,E,8,0.20,E,8,0,-9990,0,0
10/26/2005,21:00,0,0,0,3,0,0,3,0,0,3,0,0,3,0,0,3,0,0,3,0,-9990,0,0,9,E,8,8,E,8,5.8,E,8,2.5,E,8,79,E,8,985,E,8,1,E,8,0.8,E,8,-9990,0,0,-9990,0,0,1.104,E,8,0.107,E,8,0.20,E,8,0,-9990,0,0
10/26/2005,22:00,0,0,0,3,0,0,3,0,0,3,0,0,3,0,0,3,0,0,3,0,-9990,0,0,9,E,8,8,E,8,5.5,E,8,2.8,E,8,83,E,8,986,E,8,7,E,8,0.6,E,8,-9990,0,0,-9990,0,0,1.127,E,8,0.107,E,8,0.20,E,8,0,-9990,0,0
10/26/2005,23:00,0,0,0,3,0,0,3,0,0,3,0,0,3,0,0,3,0,0,3,0,-9990,0,0,9,E,8,8,E,8,5.2,E,8,2.8,E,8,84,E,8,986,E,8,122,E,8,0.3,E,8,-9990,0,0,-9990,0,0,1.125,E,8,0.107,E,8,0.20,E,8,0,-9990,0,0
10/26/2005,24:00,0,0,0,3,0,0,3,0,0,3,0,0,3,0,0,3,0,0,3,0,-9990,0,0,9,E,8,8,E,8,4.9,E,8,2.6,E,8,85,E,8,986,E,8,58,E,8,0.1,E,8,-9990,0,0,-9990,0,0,1.109,E,8,0.107,E,8,0.20,E,8,0,-9990,0,0
10/27/2005,01:00,0,0,0,3,0,0,3,0,0,3,0,0,3,0,0,3,0,0,3,0,-9990,0,0,9,E,8,8,E,8,4.5,E,8,2.3,E,8,86,E,8,986,E,8,85,E,8,0.2,E,8,-9990,0,0,-9990,0,0,1.093,E,8,0.108,E,8,0.20,E,8,0,-9990,0,0
10/27/2005,02:00,0,0,0,3,0,0,3,0,0,3,0,0,3,0,0,3,0,0,3,0,-9990,0,0,9,E,8,8,E,8,4.2,E,8,2.2,E,8,86,E,8,987,E,8,35,E,8,0.2,E,8,-9990,0,0,-9990,0,0,1.080,E,8,0.108,E,8,0.20,E,8,0,-9990,0,0
10/27/2005,03:00,0,0,0,3,0,0,3,0,0,3,0,0,3,0,0,3,0,0,3,0,-9990,0,0,9,E,8,8,E,8,3.9,E,8,2.2,E,8,88,E,8,987,E,8,328,E,8,0.3,E,8,-9990,0,0,-9990,0,0,1.080,E,8,0.108,E,8,0.20,E,8,0,-9990,0,0
10/27/2005,04:00,0,0,0,3,0,0,3,0,0,3,0,0,3,0,0,3,0,0,3,0,-9990,0,0,9,E,8,8,E,8,3.8,E,8,2.5,E,8,92,E,8,987,E,8,23,E,8,1.2,E,8,-9990,0,0,-9990,0,0,1.107,E,8,0.108,E,8,0.20,E,8,0,-9990,0,0
10/27/2005,05:00,0,0,0,3,0,0,3,0,0,3,0,0,3,0,0,3,0,0,3,0,-9990,0,0,8,E,8,7,E,8,3.6,E,8,2.2,E,8,90,E,8,988,E,8,96,E,8,0.8,E,8,-9990,0,0,-9990,0,0,1.079,E,8,0.108,E,8,0.20,E,8,0,-9990,0,0
10/27/2005,06:00,0,0,0,3,0,0,3,0,0,3,0,0,3,0,0,3,0,0,3,0,-9990,0,0,8,E,8,7,E,8,3.5,E,8,2.0,E,8,90,E,8,988,E,8,215,E,8,1.3,E,8,-9990,0,0,-9990,0,0,1.066,E,8,0.108,E,8,0.20,E,8,0,-9990,0,0
10/27/2005,07:00,0,0,0,3,0,0,3,0,0,3,0,0,3,0,0,3,0,0,3,0,-9990,0,0,8,E,8,7,E,8,3.4,E,8,1.7,E,8,89,E,8,988,E,8,215,E,8,3.0,E,8,-9990,0,0,-9990,0,0,1.048,E,8,0.108,E,8,0.20,E,8,0,-9990,0,0
10/27/2005,08:00,35,381,4,3,10,0,3,20,4,3,10,524,3,10,12,3,20,522,3,10,-9990,0,0,8,E,8,7,E,8,3.5,E,8,1.8,E,8,88,E,8,988,E,8,276,E,8,1.5,E,8,-9990,0,0,-9990,0,0,1.050,E,8,0.108,E,8,0.20,E,8,0,-9990,0,0
10/27/2005,09:00,232,1383,98,3,10,182,3,20,68,3,10,10894,3,10,12510,3,20,8794,3,10,-9990,0,0,8,E,8,7,E,8,5.2,E,8,2.5,E,8,83,E,8,989,E,8,280,E,8,1.6,E,8,-9990,0,0,-9990,0,0,1.108,E,8,0.108,E,8,0.20,E,8,0,-9990,0,0
10/27/2005,10:00,420,1383,207,3,10,314,3,20,111,3,10,22651,3,10,20253,3,20,16505,3,10,-9990,0,0,6,E,8,5,E,8,7.0,E,8,3.3,E,8,77,E,8,989,E,8,289,E,8,1.9,E,8,-9990,0,0,-9990,0,0,1.168,E,8,0.108,E,8,0.20,E,8,0,-9990,0,0
10/27/2005,11:00,563,1383,304,3,10,387,3,20,146,3,10,33393,3,10,29110,3,20,21536,3,10,-9990,0,0,5,E,8,4,E,8,8.8,E,8,4.5,E,8,74,E,8,989,E,8,258,E,8,0.8,E,8,-9990,0,0,-9990,0,0,1.270,E,8,0.108,E,8,0.20,E,8,0,-9990,0,0
10/27/2005,12:00,653,1383,364,3,10,400,3,20,175,3,10,39934,3,10,30502,3,20,25524,3,10,-9990,0,0,6,E,8,5,E,8,10.2,E,8,3.7,E,8,64,E,8,990,E,8,299,E,8,0.4,E,8,-9990,0,0,-9990,0,0,1.203,E,8,0.108,E,8,0.20,E,8,0,-9990,0,0
10/27/2005,13:00,684,1383,373,3,10,370,3,20,190,3,10,40807,3,10,26964,3,20,27478,3,10,-9990,0,0,6,E,8,5,E,8,11.3,E,8,3.2,E,8,57,E,8,990,E,8,310,E,8,0.7,E,8,-9990,0,0,-9990,0,0,1.162,E,8,0.108,E,8,0.20,E,8,0,-9990,0,0
10/27/2005,14:00,652,1383,316,3,10,167,3,20,237,3,10,35154,3,10,15989,3,20,27615,3,10,-9990,0,0,9,E,8,8,E,8,11.7,E,8,3.4,E,8,56,E,8,990,E,8,323,E,8,0.7,E,8,-9990,0,0,-9990,0,0,1.175,E,8,0.108,E,8,0.20,E,8,0,-9990,0,0
10/27/2005,15:00,561,1383,261,3,10,158,3,20,197,3,10,29173,3,10,14863,3,20,23144,3,10,-9990,0,0,9,E,8,8,E,8,11.9,E,8,2.8,E,8,54,E,8,990,E,8,266,E,8,0.4,E,8,-9990,0,0,-9990,0,0,1.125,E,8,0.108,E,8,0.20,E,8,0,-9990,0,0
10/27/2005,16:00,416,1383,173,3,10,132,3,20,133,3,10,19485,3,10,11651,3,20,15977,3,10,-9990,0,0,9,E,8,8,E,8,11.4,E,8,3.2,E,8,57,E,8,990,E,8,282,E,8,0.1,E,8,-9990,0,0,-9990,0,0,1.161,E,8,0.108,E,8,0.20,E,8,0,-9990,0,0
10/27/2005,17:00,228,1383,80,3,10,108,3,20,62,3,10,8995,3,10,4738,3,20,8212,3,10,-9990,0,0,9,E,8,8,E,8,10.5,E,8,3.3,E,8,61,E,8,990,E,8,291,E,8,0.1,E,8,-9990,0,0,-9990,0,0,1.166,E,8,0.108,E,8,0.20,E,8,0,-9990,0,0
10/27/2005,18:00,32,368,1,3,10,0,3,20,1,3,10,211,3,10,9,3,20,210,3,10,-9990,0,0,8,E,8,6,E,8,9.3,E,8,3.4,E,8,66,E,8,990,E,8,297,E,8,0.4,E,8,-9990,0,0,-9990,0,0,1.176,E,8,0.108,E,8,0.20,E,8,0,-9990,0,0
10/27/2005,19:00,0,0,0,3,0,0,3,0,0,3,0,0,3,0,0,3,0,0,3,0,-9990,0,0,8,E,8,6,E,8,8.8,E,8,3.2,E,8,68,E,8,990,E,8,308,E,8,0.2,E,8,-9990,0,0,-9990,0,0,1.163,E,8,0.108,E,8,0.20,E,8,0,-9990,0,0
10/27/2005,20:00,0,0,0,3,0,0,3,0,0,3,0,0,3,0,0,3,0,0,3,0,-9990,0,0,8,E,8,6,E,8,8.3,E,8,2.7,E,8,67,E,8,990,E,8,302,E,8,0.3,E,8,-9990,0,0,-9990,0,0,1.118,E,8,0.108,E,8,0.20,E,8,0,-9990,0,0
10/27/2005,21:00,0,0,0,3,0,0,3,0,0,3,0,0,3,0,0,3,0,0,3,0,-9990,0,0,6,E,8,5,E,8,7.8,E,8,3.2,E,8,73,E,8,990,E,8,303,E,8,0.2,E,8,-9990,0,0,-9990,0,0,1.164,E,8,0.108,E,8,0.20,E,8,0,-9990,0,0
10/27/2005,22:00,0,0,0,3,0,0,3,0,0,3,0,0,3,0,0,3,0,0,3,0,-9990,0,0,6,E,8,5,E,8,7.3,E,8,3.6,E,8,78,E,8,990,E,8,300,E,8,0.2,E,8,-9990,0,0,-9990,0,0,1.196,E,8,0.108,E,8,0.20,E,8,0,-9990,0,0
10/27/2005,23:00,0,0,0,3,0,0,3,0,0,3,0,0,3,0,0,3,0,0,3,0,-9990,0,0,5,E,8,4,E,8,6.8,E,8,3.0,E,8,77,E,8,990,E,8,301,E,8,0.2,E,8,-9990,0,0,-9990,0,0,1.145,E,8,0.108,E,8,0.20,E,8,0,-9990,0,0
10/27/2005,24:00,0,0,0,3,0,0,3,0,0,3,0,0,3,0,0,3,0,0,3,0,-9990,0,0,5,E,8,5,E,8,6.2,E,8,3.2,E,8,81,E,8,990,E,8,263,E,8,0.9,E,8,-9990,0,0,-9990,0,0,1.158,E,8,0.108,E,8,0.20,E,8,0,-9990,0,0
10/28/2005,01:00,0,0,0,3,0,0,3,0,0,3,0,0,3,0,0,3,0,0,3,0,-9990,0,0,5,E,8,5,E,8,5.7,E,8,3.1,E,8,83,E,8,990,E,8,325,E,8,0.8,E,8,-9990,0,0,-9990,0,0,1.157,E,8,0.120,E,8,0.20,E,8,0,-9990,0,0
10/28/2005,02:00,0,0,0,3,0,0,3,0,0,3,0,0,3,0,0,3,0,0,3,0,-9990,0,0,4,E,8,3,E,8,5.0,E,8,3.5,E,8,90,E,8,990,E,8,346,E,8,1.3,E,8,-9990,0,0,-9990,0,0,1.185,E,8,0.120,E,8,0.20,E,8,0,-9990,0,0
10/28/2005,03:00,0,0,0,3,0,0,3,0,0,3,0,0,3,0,0,3,0,0,3,0,-9990,0,0,4,E,8,3,E,8,4.3,E,8,3.1,E,8,92,E,8,990,E,8,263,E,8,1.5,E,8,-9990,0,0,-9990,0,0,1.151,E,8,0.120,E,8,0.20,E,8,0,-9990,0,0
10/28/2005,04:00,0,0,0,3,0,0,3,0,0,3,0,0,3,0,0,3,0,0,3,0,-9990,0,0,3,E,8,2,E,8,3.9,E,8,2.7,E,8,92,E,8,990,E,8,257,E,8,0.2,E,8,-9990,0,0,-9990,0,0,1.120,E,8,0.120,E,8,0.20,E,8,0,-9990,0,0
10/28/2005,05:00,0,0,0,3,0,0,3,0,0,3,0,0,3,0,0,3,0,0,3,0,-9990,0,0,3,E,8,2,E,8,3.4,E,8,2.5,E,8,93,E,8,990,E,8,282,E,8,0.6,E,8,-9990,0,0,-9990,0,0,1.104,E,8,0.120,E,8,0.20,E,8,0,-9990,0,0
10/28/2005,06:00,0,0,0,3,0,0,3,0,0,3,0,0,3,0,0,3,0,0,3,0,-9990,0,0,3,E,8,2,E,8,3.1,E,8,2.3,E,8,94,E,8,990,E,8,286,E,8,0.2,E,8,-9990,0,0,-9990,0,0,1.088,E,8,0.120,E,8,0.20,E,8,0,-9990,0,0
10/28/2005,07:00,0,0,0,3,0,0,3,0,0,3,0,0,3,0,0,3,0,0,3,0,-9990,0,0,1,E,8,1,E,8,2.7,E,8,2.1,E,8,96,E,8,990,E,8,273,E,8,0.4,E,8,-9990,0,0,-9990,0,0,1.075,E,8,0.120,E,8,0.20,E,8,0,-9990,0,0
10/28/2005,08:00,32,363,7,3,10,0,3,20,7,3,10,872,3,10,12,3,20,871,3,10,-9990,0,0,1,E,8,1,E,8,2.7,E,8,2.1,E,8,96,E,8,990,E,8,220,E,8,0.9,E,8,-9990,0,0,-9990,0,0,1.078,E,8,0.120,E,8,0.20,E,8,0,-9990,0,0
10/28/2005,09:00,226,1384,128,3,10,527,3,20,42,3,10,13823,3,10,43103,3,20,6781,3,10,-9990,0,0,0,E,8,0,E,8,3.9,E,8,3.2,E,8,95,E,8,990,E,8,189,E,8,0.7,E,8,-9990,0,0,-9990,0,0,1.164,E,8,0.120,E,8,0.20,E,8,0,-9990,0,0
10/28/2005,10:00,413,1384,276,3,10,743,3,20,55,3,10,29746,3,10,71705,3,20,8329,3,10,-9990,0,0,0,E,8,0,E,8,5.3,E,8,3.9,E,8,91,E,8,990,E,8,219,E,8,0.8,E,8,-9990,0,0,-9990,0,0,1.219,E,8,0.120,E,8,0.20,E,8,0,-9990,0,0
10/28/2005,11:00,557,1384,381,3,10,687,3,20,105,3,10,41389,3,10,64015,3,20,15633,3,10,-9990,0,0,0,E,8,0,E,8,6.5,E,8,5.0,E,8,90,E,8,991,E,8,104,E,8,0.7,E,8,-9990,0,0,-9990,0,0,1.317,E,8,0.120,E,8,0.20,E,8,0,-9990,0,0
10/28/2005,12:00,647,1384,383,3,10,460,3,20,168,3,10,42269,3,10,37355,3,20,24812,3,10,-9990,0,0,5,E,8,5,E,8,7.1,E,8,5.3,E,8,88,E,8,991,E,8,7,E,8,1.3,E,8,-9990,0,0,-9990,0,0,1.341,E,8,0.120,E,8,0.20,E,8,0,-9990,0,0
10/28/2005,13:00,677,1384,350,3,10,309,3,20,199,3,10,38974,3,10,30006,3,20,24297,3,10,-9990,0,0,6,E,8,6,E,8,7.4,E,8,5.6,E,8,89,E,8,991,E,8,35,E,8,1.0,E,8,-9990,0,0,-9990,0,0,1.374,E,8,0.120,E,8,0.20,E,8,0,-9990,0,0
10/28/2005,14:00,645,1384,311,3,10,166,3,20,234,3,10,34755,3,10,15659,3,20,27452,3,10,-9990,0,0,9,E,8,8,E,8,7.4,E,8,6.1,E,8,92,E,8,990,E,8,354,E,8,1.2,E,8,-9990,0,0,-9990,0,0,1.424,E,8,0.120,E,8,0.20,E,8,0,-9990,0,0
10/28/2005,15:00,554,1384,268,3,10,184,3,20,194,3,10,30025,3,10,17446,3,20,23037,3,10,-9990,0,0,9,E,8,8,E,8,7.2,E,8,6.4,E,8,95,E,8,990,E,8,60,E,8,1.3,E,8,-9990,0,0,-9990,0,0,1.452,E,8,0.120,E,8,0.20,E,8,0,-9990,0,0
10/28/2005,16:00,410,1384,169,3,10,154,3,20,124,3,10,18805,3,10,10365,3,20,15736,3,10,-9990,0,0,9,E,8,8,E,8,6.7,E,8,6.2,E,8,97,E,8,990,E,8,184,E,8,1.3,E,8,-9990,0,0,-9990,0,0,1.431,E,8,0.120,E,8,0.20,E,8,0,-9990,0,0
10/28/2005,17:00,222,1384,61,3,10,27,3,20,57,3,10,6865,3,10,1006,3,20,6704,3,10,-9990,0,0,9,E,8,8,E,8,5.8,E,8,5.7,E,8,100,E,8,990,E,8,276,E,8,0.6,E,8,-9990,0,0,-9990,0,0,1.385,E,8,0.120,E,8,0.20,E,8,0,-9990,0,0
10/28/2005,18:00,29,349,1,3,10,0,3,20,1,3,10,182,3,10,9,3,20,182,3,10,-9990,0,0,9,E,8,8,E,8,4.8,E,8,4.8,E,8,100,E,8,990,E,8,317,E,8,0.1,E,8,-9990,0,0,-9990,0,0,1.297,E,8,0.120,E,8,0.20,E,8,0,-9990,0,0
10/28/2005,19:00,0,0,0,3,0,0,3,0,0,3,0,0,3,0,0,3,0,0,3,0,-9990,0,0,9,E,8,8,E,8,4.5,E,8,4.5,E,8,100,E,8,990,E,8,203,E,8,0.6,E,8,-9990,0,0,-9990,0,0,1.270,E,8,0.120,E,8,0.20,E,8,0,-9990,0,0
10/28/2005,20:00,0,0,0,3,0,0,3,0,0,3,0,0,3,0,0,3,0,0,3,0,-9990,0,0,9,E,8,8,E,8,4.2,E,8,4.2,E,8,100,E,8,990,E,8,213,E,8,1.2,E,8,-9990,0,0,-9990,0,0,1.243,E,8,0.120,E,8,0.20,E,8,0,-9990,0,0
10/28/2005,21:00,0,0,0,3,0,0,3,0,0,3,0,0,3,0,0,3,0,0,3,0,-9990,0,0,9,E,8,8,E,8,3.9,E,8,3.9,E,8,100,E,8,990,E,8,92,E,8,0.3,E,8,-9990,0,0,-9990,0,0,1.217,E,8,0.120,E,8,0.20,E,8,0,-9990,0,0
10/28/2005,22:00,0,0,0,3,0,0,3,0,0,3,0,0,3,0,0,3,0,0,3,0,-9990,0,0,9,E,8,8,E,8,3.6,E,8,3.6,E,8,100,E,8,990,E,8,34,E,8,0.4,E,8,-9990,0,0,-9990,0,0,1.192,E,8,0.120,E,8,0.20,E,8,0,-9990,0,0
10/28/2005,23:00,0,0,0,3,0,0,3,0,0,3,0,0,3,0,0,3,0,0,3,0,-9990,0,0,9,E,8,8,E,8,3.3,E,8,3.3,E,8,100,E,8,990,E,8,348,E,8,0.9,E,8,-9990,0,0,-9990,0,0,1.167,E,8,0.120,E,8,0.20,E,8,0,-9990,0,0
10/28/2005,24:00,0,0,0,3,0,0,3,0,0,3,0,0,3,0,0,3,0,0,3,0,-9990,0,0,9,E,8,8,E,8,3.0,E,8,3.0,E,8,100,E,8,989,E,8,314,E,8,0.8,E,8,-9990,0,0,-9990,0,0,1.143,E,8,0.120,E,8,0.20,E,8,0,-9990,0,0
10/29/2005,01:00,0,0,0,3,0,0,3,0,0,3,0,0,3,0,0,3,0,0,3,0,-9990,0,0,9,E,8,8,E,8,3.4,E,8,3.4,E,8,100,E,8,989,E,8,42,E,8,0.9,E,8,-9990,0,0,-9990,0,0,1.178,E,8,0.119,E,8,0.20,E,8,0,-9990,0,0
10/29/2005,02:00,0,0,0,3,0,0,3,0,0,3,0,0,3,0,0,3,0,0,3,0,-9990,0,0,9,E,8,8,E,8,3.9,E,8,3.8,E,8,99,E,8,989,E,8,88,E,8,0.4,E,8,-9990,0,0,-9990,0,0,1.208,E,8,0.119,E,8,0.20,E,8,0,-9990,0,0
10/29/2005,03:00,0,0,0,3,0,0,3,0,0,3,0,0,3,0,0,3,0,0,3,0,-9990,0,0,9,E,8,8,E,8,4.5,E,8,4.0,E,8,97,E,8,989,E,8,79,E,8,0.3,E,8,-9990,0,0,-9990,0,0,1.226,E,8,0.119,E,8,0.20,E,8,0,-9990,0,0
10/29/2005,04:00,0,0,0,3,0,0,3,0,0,3,0,0,3,0,0,3,0,0,3,0,-9990,0,0,9,E,8,8,E,8,4.8,E,8,4.3,E,8,96,E,8,989,E,8,120,E,8,0.2,E,8,-9990,0,0,-9990,0,0,1.250,E,8,0.119,E,8,0.20,E,8,0,-9990,0,0
10/29/2005,05:00,0,0,0,3,0,0,3,0,0,3,0,0,3,0,0,3,0,0,3,0,-9990,0,0,9,E,8,8,E,8,5.1,E,8,4.0,E,8,93,E,8,989,E,8,217,E,8,0.1,E,8,-9990,0,0,-9990,0,0,1.229,E,8,0.119,E,8,0.20,E,8,0,-9990,0,0
10/29/2005,06:00,0,0,0,3,0,0,3,0,0,3,0,0,3,0,0,3,0,0,3,0,-9990,0,0,10,E,8,9,E,8,5.3,E,8,4.3,E,8,93,E,8,989,E,8,213,E,8,1.0,E,8,-9990,0,0,-9990,0,0,1.254,E,8,0.119,E,8,0.20,E,8,0,-9990,0,0
10/29/2005,07:00,0,0,0,3,0,0,3,0,0,3,0,0,3,0,0,3,0,0,3,0,-9990,0,0,10,E,8,9,E,8,5.6,E,8,4.8,E,8,95,E,8,989,E,8,216,E,8,1.2,E,8,-9990,0,0,-9990,0,0,1.297,E,8,0.119,E,8,0.20,E,8,0,-9990,0,0
10/29/2005,08:00,28,346,1,3,10,0,3,20,1,3,10,165,3,10,8,3,20,164,3,10,-9990,0,0,10,E,8,9,E,8,5.7,E,8,5.1,E,8,95,E,8,989,E,8,237,E,8,1.3,E,8,-9990,0,0,-9990,0,0,1.321,E,8,0.119,E,8,0.20,E,8,0,-9990,0,0
10/29/2005,09:00,220,1384,57,3,10,8,3,20,56,3,10,6755,3,10,870,3,20,6616,3,10,-9990,0,0,10,E,8,9,E,8,7.1,E,8,5.8,E,8,91,E,8,988,E,8,290,E,8,0.4,E,8,-9990,0,0,-9990,0,0,1.392,E,8,0.119,E,8,0.20,E,8,0,-9990,0,0
10/29/2005,10:00,407,1384,144,3,10,65,3,20,125,3,10,16055,3,10,5479,3,20,14444,3,10,-9990,0,0,10,E,8,9,E,8,8.9,E,8,6.8,E,8,86,E,8,988,E,8,215,E,8,0.7,E,8,-9990,0,0,-9990,0,0,1.490,E,8,0.119,E,8,0.20,E,8,0,-9990,0,0
10/29/2005,11:00,550,1384,190,3,10,33,3,20,177,3,10,21198,3,10,2101,3,20,20363,3,10,-9990,0,0,10,E,8,9,E,8,10.4,E,8,7.6,E,8,83,E,8,988,E,8,248,E,8,0.8,E,8,-9990,0,0,-9990,0,0,1.584,E,8,0.119,E,8,0.20,E,8,0,-9990,0,0
10/29/2005,12:00,640,1384,259,3,10,84,3,20,220,3,10,28907,3,10,7764,3,20,25318,3,10,-9990,0,0,10,E,8,9,E,8,12.0,E,8,9.0,E,8,82,E,8,988,E,8,47,E,8,1.6,E,8,-9990,0,0,-9990,0,0,1.744,E,8,0.119,E,8,0.20,E,8,0,-9990,0,0
10/29/2005,13:00,670,1384,278,3,10,89,3,20,235,3,10,31010,3,10,8375,3,20,26957,3,10,-9990,0,0,10,E,8,9,E,8,13.2,E,8,9.0,E,8,76,E,8,988,E,8,178,E,8,1.3,E,8,-9990,0,0,-9990,0,0,1.747,E,8,0.119,E,8,0.20,E,8,0,-9990,0,0
10/29/2005,14:00,639,1384,255,3,10,79,3,20,219,3,10,28514,3,10,7228,3,20,25180,3,10,-9990,0,0,10,E,8,9,E,8,13.9,E,8,9.9,E,8,76,E,8,988,E,8,207,E,8,0.4,E,8,-9990,0,0,-9990,0,0,1.850,E,8,0.119,E,8,0.20,E,8,0,-9990,0,0
10/29/2005,15:00,547,1384,210,3,10,79,3,20,179,3,10,23511,3,10,7167,3,20,20677,3,10,-9990,0,0,10,E,8,9,E,8,14.2,E,8,9.8,E,8,74,E,8,988,E,8,284,E,8,0.2,E,8,-9990,0,0,-9990,0,0,1.838,E,8,0.119,E,8,0.20,E,8,0,-9990,0,0
10/29/2005,16:00,403,1384,172,3,10,145,3,20,130,3,10,19494,3,10,12443,3,20,15871,3,10,-9990,0,0,9,E,8,8,E,8,14.3,E,8,9.6,E,8,73,E,8,989,E,8,276,E,8,0.2,E,8,-9990,0,0,-9990,0,0,1.815,E,8,0.119,E,8,0.20,E,8,0,-9990,0,0
10/29/2005,17:00,215,1384,74,3,10,77,3,20,62,3,10,8538,3,10,4512,3,20,7837,3,10,-9990,0,0,8,E,8,6,E,8,13.6,E,8,9.5,E,8,76,E,8,989,E,8,269,E,8,0.1,E,8,-9990,0,0,-9990,0,0,1.801,E,8,0.119,E,8,0.20,E,8,0,-9990,0,0
10/29/2005,18:00,26,330,3,3,10,0,3,20,3,3,10,420,3,10,15,3,20,419,3,10,-9990,0,0,8,E,8,7,E,8,12.6,E,8,9.4,E,8,81,E,8,989,E,8,265,E,8,0.4,E,8,-9990,0,0,-9990,0,0,1.786,E,8,0.119,E,8,0.20,E,8,0,-9990,0,0
10/29/2005,19:00,0,0,0,3,0,0,3,0,0,3,0,0,3,0,0,3,0,0,3,0,-9990,0,0,8,E,8,7,E,8,12.2,E,8,9.4,E,8,83,E,8,989,E,8,277,E,8,1.2,E,8,-9990,0,0,-9990,0,0,1.786,E,8,0.119,E,8,0.20,E,8,0,-9990,0,0
10/29/2005,20:00,0,0,0,3,0,0,3,0,0,3,0,0,3,0,0,3,0,0,3,0,-9990,0,0,6,E,8,6,E,8,11.9,E,8,9.4,E,8,85,E,8,989,E,8,283,E,8,1.0,E,8,-9990,0,0,-9990,0,0,1.790,E,8,0.119,E,8,0.20,E,8,0,-9990,0,0
10/29/2005,21:00,0,0,0,3,0,0,3,0,0,3,0,0,3,0,0,3,0,0,3,0,-9990,0,0,6,E,8,6,E,8,11.5,E,8,9.6,E,8,88,E,8,990,E,8,273,E,8,0.3,E,8,-9990,0,0,-9990,0,0,1.816,E,8,0.119,E,8,0.20,E,8,0,-9990,0,0
10/29/2005,22:00,0,0,0,3,0,0,3,0,0,3,0,0,3,0,0,3,0,0,3,0,-9990,0,0,6,E,8,6,E,8,11.1,E,8,9.5,E,8,90,E,8,990,E,8,275,E,8,0.9,E,8,-9990,0,0,-9990,0,0,1.806,E,8,0.119,E,8,0.20,E,8,0,-9990,0,0
10/29/2005,23:00,0,0,0,3,0,0,3,0,0,3,0,0,3,0,0,3,0,0,3,0,-9990,0,0,5,E,8,5,E,8,10.7,E,8,9.3,E,8,91,E,8,990,E,8,287,E,8,2.0,E,8,-9990,0,0,-9990,0,0,1.774,E,8,0.119,E,8,0.20,E,8,0,-9990,0,0
10/29/2005,24:00,0,0,0,3,0,0,3,0,0,3,0,0,3,0,0,3,0,0,3,0,-9990,0,0,5,E,8,5,E,8,10.4,E,8,8.9,E,8,91,E,8,990,E,8,257,E,8,1.5,E,8,-9990,0,0,-9990,0,0,1.733,E,8,0.119,E,8,0.20,E,8,0,-9990,0,0
10/30/2005,01:00,0,0,0,3,0,0,3,0,0,3,0,0,3,0,0,3,0,0,3,0,-9990,0,0,4,E,8,3,E,8,9.6,E,8,8.2,E,8,91,E,8,991,E,8,293,E,8,0.5,E,8,-9990,0,0,-9990,0,0,1.652,E,8,0.126,E,8,0.20,E,8,0,-9990,0,0
10/30/2005,02:00,0,0,0,3,0,0,3,0,0,3,0,0,3,0,0,3,0,0,3,0,-9990,0,0,4,E,8,3,E,8,8.7,E,8,7.5,E,8,92,E,8,991,E,8,319,E,8,1.3,E,8,-9990,0,0,-9990,0,0,1.568,E,8,0.126,E,8,0.20,E,8,0,-9990,0,0
10/30/2005,03:00,0,0,0,3,0,0,3,0,0,3,0,0,3,0,0,3,0,0,3,0,-9990,0,0,4,E,8,3,E,8,7.9,E,8,7.6,E,8,98,E,8,991,E,8,295,E,8,3.4,E,8,-9990,0,0,-9990,0,0,1.582,E,8,0.126,E,8,0.20,E,8,0,-9990,0,0
10/30/2005,04:00,0,0,0,3,0,0,3,0,0,3,0,0,3,0,0,3,0,0,3,0,-9990,0,0,3,E,8,2,E,8,7.5,E,8,7.5,E,8,100,E,8,991,E,8,291,E,8,3.0,E,8,-9990,0,0,-9990,0,0,1.565,E,8,0.126,E,8,0.20,E,8,0,-9990,0,0
10/30/2005,05:00,0,0,0,3,0,0,3,0,0,3,0,0,3,0,0,3,0,0,3,0,-9990,0,0,3,E,8,2,E,8,7.0,E,8,7.0,E,8,100,E,8,991,E,8,318,E,8,5.1,E,8,-9990,0,0,-9990,0,0,1.518,E,8,0.126,E,8,0.20,E,8,0,-9990,0,0
10/30/2005,06:00,0,0,0,3,0,0,3,0,0,3,0,0,3,0,0,3,0,0,3,0,-9990,0,0,3,E,8,2,E,8,6.7,E,8,6.7,E,8,100,E,8,992,E,8,304,E,8,4.4,E,8,-9990,0,0,-9990,0,0,1.485,E,8,0.126,E,8,0.20,E,8,0,-9990,0,0
10/30/2005,07:00,0,0,0,3,0,0,3,0,0,3,0,0,3,0,0,3,0,0,3,0,-9990,0,0,1,E,8,1,E,8,6.4,E,8,6.4,E,8,100,E,8,992,E,8,305,E,8,3.0,E,8,-9990,0,0,-9990,0,0,1.453,E,8,0.126,E,8,0.20,E,8,0,-9990,0,0
10/30/2005,08:00,25,328,3,3,10,0,3,20,3,3,10,404,3,10,14,3,20,403,3,10,-9990,0,0,1,E,8,1,E,8,6.4,E,8,6.4,E,8,100,E,8,992,E,8,300,E,8,3.2,E,8,-9990,0,0,-9990,0,0,1.457,E,8,0.126,E,8,0.20,E,8,0,-9990,0,0
10/30/2005,09:00,214,1385,113,3,10,474,3,20,40,3,10,12341,3,10,37806,3,20,6508,3,10,-9990,0,0,0,E,8,0,E,8,8.2,E,8,8.2,E,8,100,E,8,992,E,8,304,E,8,1.9,E,8,-9990,0,0,-9990,0,0,1.644,E,8,0.126,E,8,0.20,E,8,0,-9990,0,0
10/30/2005,10:00,401,1385,242,3,10,655,3,20,53,3,10,26930,3,10,64344,3,20,8324,3,10,-9990,0,0,0,E,8,0,E,8,10.1,E,8,8.6,E,8,90,E,8,992,E,8,309,E,8,0.9,E,8,-9990,0,0,-9990,0,0,1.689,E,8,0.126,E,8,0.20,E,8,0,-9990,0,0
10/30/2005,11:00,544,1385,350,3,10,713,3,20,70,3,10,38843,3,10,72269,3,20,10477,3,10,-9990,0,0,0,E,8,0,E,8,11.9,E,8,8.7,E,8,81,E,8,993,E,8,295,E,8,0.9,E,8,-9990,0,0,-9990,0,0,1.710,E,8,0.126,E,8,0.20,E,8,0,-9990,0,0
10/30/2005,12:00,633,1385,420,3,10,749,3,20,78,3,10,45316,3,10,74590,3,20,11211,3,10,-9990,0,0,0,E,8,0,E,8,13.4,E,8,9.5,E,8,77,E,8,993,E,8,323,E,8,0.4,E,8,-9990,0,0,-9990,0,0,1.810,E,8,0.126,E,8,0.20,E,8,0,-9990,0,0
10/30/2005,13:00,663,1385,457,3,10,799,3,20,74,3,10,49349,3,10,80793,3,20,10655,3,10,-9990,0,0,0,E,8,0,E,8,14.6,E,8,9.3,E,8,71,E,8,993,E,8,304,E,8,1.2,E,8,-9990,0,0,-9990,0,0,1.785,E,8,0.126,E,8,0.20,E,8,0,-9990,0,0
10/30/2005,14:00,632,1385,445,3,10,780,3,20,89,3,10,49059,3,10,79488,3,20,12801,3,10,-9990,0,0,0,E,8,0,E,8,15.4,E,8,8.9,E,8,65,E,8,993,E,8,328,E,8,0.2,E,8,-9990,0,0,-9990,0,0,1.727,E,8,0.126,E,8,0.20,E,8,0,-9990,0,0
10/30/2005,15:00,541,1385,331,3,10,582,3,20,103,3,10,36241,3,10,52694,3,20,15669,3,10,-9990,0,0,0,E,8,0,E,8,15.5,E,8,8.7,E,8,64,E,8,992,E,8,335,E,8,0.1,E,8,-9990,0,0,-9990,0,0,1.707,E,8,0.126,E,8,0.20,E,8,0,-9990,0,0
10/30/2005,16:00,396,1385,234,3,10,617,3,20,58,3,10,25954,3,10,59413,3,20,8948,3,10,-9990,0,0,0,E,8,0,E,8,15.1,E,8,8.3,E,8,64,E,8,992,E,8,335,E,8,0.2,E,8,-9990,0,0,-9990,0,0,1.661,E,8,0.126,E,8,0.20,E,8,0,-9990,0,0
10/30/2005,17:00,209,1385,105,3,10,429,3,20,41,3,10,11605,3,10,33190,3,20,6604,3,10,-9990,0,0,0,E,8,0,E,8,14.0,E,8,8.2,E,8,68,E,8,992,E,8,304,E,8,1.0,E,8,-9990,0,0,-9990,0,0,1.653,E,8,0.126,E,8,0.20,E,8,0,-9990,0,0
10/30/2005,18:00,23,311,1,3,10,0,3,20,1,3,10,188,3,10,10,3,20,188,3,10,-9990,0,0,1,E,8,1,E,8,12.6,E,8,7.6,E,8,71,E,8,991,E,8,316,E,8,1.9,E,8,-9990,0,0,-9990,0,0,1.582,E,8,0.126,E,8,0.20,E,8,0,-9990,0,0
10/30/2005,19:00,0,0,0,3,0,0,3,0,0,3,0,0,3,0,0,3,0,0,3,0,-9990,0,0,1,E,8,1,E,8,12.1,E,8,8.7,E,8,80,E,8,991,E,8,268,E,8,3.7,E,8,-9990,0,0,-9990,0,0,1.707,E,8,0.126,E,8,0.20,E,8,0,-9990,0,0
10/30/2005,20:00,0,0,0,3,0,0,3,0,0,3,0,0,3,0,0,3,0,0,3,0,-9990,0,0,3,E,8,2,E,8,11.5,E,8,8.2,E,8,80,E,8,991,E,8,270,E,8,5.3,E,8,-9990,0,0,-9990,0,0,1.650,E,8,0.126,E,8,0.20,E,8,0,-9990,0,0
10/30/2005,21:00,0,0,0,3,0,0,3,0,0,3,0,0,3,0,0,3,0,0,3,0,-9990,0,0,3,E,8,2,E,8,10.9,E,8,8.0,E,8,82,E,8,990,E,8,331,E,8,8.2,E,8,-9990,0,0,-9990,0,0,1.625,E,8,0.126,E,8,0.20,E,8,0,-9990,0,0
10/30/2005,22:00,0,0,0,3,0,0,3,0,0,3,0,0,3,0,0,3,0,0,3,0,-9990,0,0,4,E,8,3,E,8,10.3,E,8,8.7,E,8,90,E,8,990,E,8,303,E,8,7.4,E,8,-9990,0,0,-9990,0,0,1.706,E,8,0.126,E,8,0.20,E,8,0,-9990,0,0
10/30/2005,23:00,0,0,0,3,0,0,3,0,0,3,0,0,3,0,0,3,0,0,3,0,-9990,0,0,4,E,8,3,E,8,9.7,E,8,8.3,E,8,91,E,8,989,E,8,288,E,8,5.6,E,8,-9990,0,0,-9990,0,0,1.660,E,8,0.126,E,8,0.20,E,8,0,-9990,0,0
10/30/2005,24:00,0,0,0,3,0,0,3,0,0,3,0,0,3,0,0,3,0,0,3,0,-9990,0,0,5,E,8,5,E,8,9.1,E,8,7.9,E,8,92,E,8,989,E,8,269,E,8,6.7,E,8,-9990,0,0,-9990,0,0,1.607,E,8,0.126,E,8,0.20,E,8,0,-9990,0,0
10/31/2005,01:00,0,0,0,3,0,0,3,0,0,3,0,0,3,0,0,3,0,0,3,0,-9990,0,0,5,E,8,5,E,8,8.8,E,8,7.7,E,8,93,E,8,989,E,8,288,E,8,7.8,E,8,-9990,0,0,-9990,0,0,1.596,E,8,0.116,E,8,0.20,E,8,0,-9990,0,0
10/31/2005,02:00,0,0,0,3,0,0,3,0,0,3,0,0,3,0,0,3,0,0,3,0,-9990,0,0,5,E,8,5,E,8,8.4,E,8,7.7,E,8,96,E,8,988,E,8,321,E,8,4.4,E,8,-9990,0,0,-9990,0,0,1.596,E,8,0.116,E,8,0.20,E,8,0,-9990,0,0
10/31/2005,03:00,0,0,0,3,0,0,3,0,0,3,0,0,3,0,0,3,0,0,3,0,-9990,0,0,6,E,8,6,E,8,8.0,E,8,7.3,E,8,95,E,8,988,E,8,264,E,8,3.0,E,8,-9990,0,0,-9990,0,0,1.544,E,8,0.116,E,8,0.20,E,8,0,-9990,0,0
10/31/2005,04:00,0,0,0,3,0,0,3,0,0,3,0,0,3,0,0,3,0,0,3,0,-9990,0,0,6,E,8,6,E,8,7.9,E,8,7.4,E,8,97,E,8,988,E,8,277,E,8,1.9,E,8,-9990,0,0,-9990,0,0,1.554,E,8,0.116,E,8,0.20,E,8,0,-9990,0,0
10/31/2005,05:00,0,0,0,3,0,0,3,0,0,3,0,0,3,0,0,3,0,0,3,0,-9990,0,0,8,E,8,7,E,8,7.7,E,8,7.2,E,8,97,E,8,987,E,8,275,E,8,1.7,E,8,-9990,0,0,-9990,0,0,1.533,E,8,0.116,E,8,0.20,E,8,0,-9990,0,0
10/31/2005,06:00,0,0,0,3,0,0,3,0,0,3,0,0,3,0,0,3,0,0,3,0,-9990,0,0,8,E,8,7,E,8,7.5,E,8,7.2,E,8,98,E,8,987,E,8,213,E,8,1.7,E,8,-9990,0,0,-9990,0,0,1.541,E,8,0.116,E,8,0.20,E,8,0,-9990,0,0
10/31/2005,07:00,0,0,0,3,0,0,3,0,0,3,0,0,3,0,0,3,0,0,3,0,-9990,0,0,9,E,8,8,E,8,7.4,E,8,7.4,E,8,100,E,8,987,E,8,201,E,8,2.2,E,8,-9990,0,0,-9990,0,0,1.558,E,8,0.116,E,8,0.20,E,8,0,-9990,0,0
10/31/2005,08:00,23,310,1,3,10,0,3,20,1,3,10,143,3,10,8,3,20,142,3,10,-9990,0,0,9,E,8,8,E,8,7.4,E,8,7.1,E,8,98,E,8,986,E,8,205,E,8,1.7,E,8,-9990,0,0,-9990,0,0,1.525,E,8,0.116,E,8,0.20,E,8,0,-9990,0,0
10/31/2005,09:00,208,1386,43,3,10,0,3,20,43,3,10,5178,3,10,0,3,20,5178,3,10,-9990,0,0,10,E,8,9,E,8,8.0,E,8,7.4,E,8,96,E,8,986,E,8,258,E,8,1.9,E,8,-9990,0,0,-9990,0,0,1.559,E,8,0.116,E,8,0.20,E,8,0,-9990,0,0
10/31/2005,10:00,394,1386,75,3,10,0,3,20,75,3,10,8972,3,10,0,3,20,8972,3,10,-9990,0,0,10,E,8,9,E,8,8.3,E,8,7.6,E,8,96,E,8,986,E,8,187,E,8,0.6,E,8,-9990,0,0,-9990,0,0,1.584,E,8,0.116,E,8,0.20,E,8,1,-9990,0,0
10/31/2005,11:00,537,1386,133,3,10,1,3,20,132,3,10,15705,3,10,0,3,20,15705,3,10,-9990,0,0,10,E,8,9,E,8,9.2,E,8,7.5,E,8,90,E,8,985,E,8,213,E,8,0.9,E,8,-9990,0,0,-9990,0,0,1.573,E,8,0.116,E,8,0.20,E,8,0,-9990,0,0
10/31/2005,12:00,627,1386,144,3,10,0,3,20,144,3,10,17219,3,10,0,3,20,17219,3,10,-9990,0,0,10,E,8,9,E,8,9.7,E,8,7.5,E,8,86,E,8,985,E,8,176,E,8,0.8,E,8,-9990,0,0,-9990,0,0,1.573,E,8,0.116,E,8,0.20,E,8,0,-9990,0,0
10/31/2005,13:00,657,1386,136,3,10,0,3,20,136,3,10,16436,3,10,0,3,20,16436,3,10,-9990,0,0,10,E,8,9,E,8,10.0,E,8,6.6,E,8,79,E,8,984,E,8,264,E,8,0.9,E,8,-9990,0,0,-9990,0,0,1.469,E,8,0.116,E,8,0.20,E,8,0,-9990,0,0
10/31/2005,14:00,625,1386,133,3,10,0,3,20,133,3,10,15960,3,10,0,3,20,15960,3,10,-9990,0,0,10,E,8,9,E,8,10.1,E,8,7.2,E,8,82,E,8,984,E,8,284,E,8,1.7,E,8,-9990,0,0,-9990,0,0,1.537,E,8,0.116,E,8,0.20,E,8,0,-9990,0,0
10/31/2005,15:00,534,1386,107,3,10,0,3,20,107,3,10,12939,3,10,0,3,20,12939,3,10,-9990,0,0,10,E,8,9,E,8,10.2,E,8,8.0,E,8,86,E,8,984,E,8,268,E,8,1.5,E,8,-9990,0,0,-9990,0,0,1.622,E,8,0.116,E,8,0.20,E,8,0,-9990,0,0
10/31/2005,16:00,390,1386,58,3,10,0,3,20,58,3,10,7182,3,10,0,3,20,7182,3,10,-9990,0,0,10,E,8,9,E,8,10.0,E,8,6.4,E,8,78,E,8,985,E,8,282,E,8,0.6,E,8,-9990,0,0,-9990,0,0,1.450,E,8,0.116,E,8,0.20,E,8,0,-9990,0,0
10/31/2005,17:00,202,1386,45,3,10,0,3,20,45,3,10,5403,3,10,0,3,20,5403,3,10,-9990,0,0,10,E,8,9,E,8,9.6,E,8,7.4,E,8,86,E,8,985,E,8,307,E,8,1.6,E,8,-9990,0,0,-9990,0,0,1.559,E,8,0.116,E,8,0.20,E,8,1,-9990,0,0
10/31/2005,18:00,20,292,2,3,10,0,3,20,2,3,10,244,3,10,13,3,20,243,3,10,-9990,0,0,10,E,8,9,E,8,9.3,E,8,7.2,E,8,86,E,8,985,E,8,247,E,8,1.0,E,8,-9990,0,0,-9990,0,0,1.531,E,8,0.116,E,8,0.20,E,8,0,-9990,0,0
10/31/2005,19:00,0,0,0,3,0,0,3,0,0,3,0,0,3,0,0,3,0,0,3,0,-9990,0,0,10,E,8,9,E,8,8.8,E,8,6.7,E,8,86,E,8,985,E,8,211,E,8,0.9,E,8,-9990,0,0,-9990,0,0,1.482,E,8,0.116,E,8,0.20,E,8,0,-9990,0,0
10/31/2005,20:00,0,0,0,3,0,0,3,0,0,3,0,0,3,0,0,3,0,0,3,0,-9990,0,0,10,E,8,9,E,8,8.3,E,8,6.2,E,8,86,E,8,985,E,8,222,E,8,1.0,E,8,-9990,0,0,-9990,0,0,1.434,E,8,0.116,E,8,0.20,E,8,0,-9990,0,0
10/31/2005,21:00,0,0,0,3,0,0,3,0,0,3,0,0,3,0,0,3,0,0,3,0,-9990,0,0,10,E,8,9,E,8,7.9,E,8,5.8,E,8,87,E,8,985,E,8,203,E,8,0.6,E,8,-9990,0,0,-9990,0,0,1.388,E,8,0.116,E,8,0.20,E,8,0,-9990,0,0
10/31/2005,22:00,0,0,0,3,0,0,3,0,0,3,0,0,3,0,0,3,0,0,3,0,-9990,0,0,10,E,8,9,E,8,7.4,E,8,5.5,E,8,88,E,8,985,E,8,112,E,8,0.7,E,8,-9990,0,0,-9990,0,0,1.359,E,8,0.116,E,8,0.20,E,8,0,-9990,0,0
10/31/2005,23:00,0,0,0,3,0,0,3,0,0,3,0,0,3,0,0,3,0,0,3,0,-9990,0,0,10,E,8,9,E,8,6.5,E,8,5.5,E,8,93,E,8,985,E,8,96,E,8,0.4,E,8,-9990,0,0,-9990,0,0,1.361,E,8,0.116,E,8,0.20,E,8,0,-9990,0,0
10/31/2005,24:00,0,0,0,3,0,0,3,0,0,3,0,0,3,0,0,3,0,0,3,0,-9990,0,0,10,E,8,9,E,8,5.0,E,8,4.7,E,8,98,E,8,985,E,8,124,E,8,0.4,E,8,-9990,0,0,-9990,0,0,1.291,E,8,0.116,E,8,0.20,E,8,3,-9990,0,0
11/01/2005,01:00,0,0,0,3,0,0,3,0,0,3,0,0,3,0,0,3,0,0,3,0,-9990,0,0,10,E,8,9,E,8,4.8,E,8,4.2,E,8,96,E,8,986,E,8,171,E,8,0.9,E,8,-9990,0,0,-9990,0,0,1.249,E,8,0.084,E,8,0.20,E,8,0,-9990,0,0
11/01/2005,02:00,0,0,0,3,0,0,3,0,0,3,0,0,3,0,0,3,0,0,3,0,-9990,0,0,10,E,8,9,E,8,4.0,E,8,3.6,E,8,97,E,8,986,E,8,142,E,8,1.0,E,8,-9990,0,0,-9990,0,0,1.192,E,8,0.084,E,8,0.20,E,8,0,-9990,0,0
11/01/2005,03:00,0,0,0,3,0,0,3,0,0,3,0,0,3,0,0,3,0,0,3,0,-9990,0,0,10,E,8,9,E,8,3.1,E,8,2.9,E,8,98,E,8,987,E,8,114,E,8,0.8,E,8,-9990,0,0,-9990,0,0,1.133,E,8,0.084,E,8,0.20,E,8,0,-9990,0,0
11/01/2005,04:00,0,0,0,3,0,0,3,0,0,3,0,0,3,0,0,3,0,0,3,0,-9990,0,0,10,E,8,9,E,8,2.5,E,8,1.7,E,8,95,E,8,987,E,8,94,E,8,1.4,E,8,-9990,0,0,-9990,0,0,1.047,E,8,0.084,E,8,0.20,E,8,0,-9990,0,0
11/01/2005,05:00,0,0,0,3,0,0,3,0,0,3,0,0,3,0,0,3,0,0,3,0,-9990,0,0,10,E,8,9,E,8,1.7,E,8,1.3,E,8,97,E,8,987,E,8,142,E,8,1.4,E,8,-9990,0,0,-9990,0,0,1.013,E,8,0.084,E,8,0.20,E,8,1,-9990,0,0
11/01/2005,06:00,0,0,0,3,0,0,3,0,0,3,0,0,3,0,0,3,0,0,3,0,-9990,0,0,10,E,8,9,E,8,1.4,E,8,0.2,E,8,91,E,8,987,E,8,183,E,8,2.3,E,8,-9990,0,0,-9990,0,0,0.938,E,8,0.084,E,8,0.20,E,8,0,-9990,0,0
11/01/2005,07:00,0,0,0,3,0,0,3,0,0,3,0,0,3,0,0,3,0,0,3,0,-9990,0,0,10,E,8,9,E,8,1.0,E,8,0.2,E,8,94,E,8,987,E,8,208,E,8,4.1,E,8,-9990,0,0,-9990,0,0,0.939,E,8,0.084,E,8,0.20,E,8,0,-9990,0,0
11/01/2005,08:00,20,292,1,3,10,0,3,20,1,3,10,118,3,10,7,3,20,118,3,10,-9990,0,0,10,E,8,9,E,8,0.9,E,8,0.2,E,8,95,E,8,987,E,8,231,E,8,3.5,E,8,-9990,0,0,-9990,0,0,0.940,E,8,0.084,E,8,0.20,E,8,0,-9990,0,0
11/01/2005,09:00,201,1387,39,3,10,0,3,20,39,3,10,4410,3,10,0,3,20,4410,3,10,-9990,0,0,10,E,8,9,E,8,1.4,E,8,0.3,E,8,92,E,8,987,E,8,229,E,8,3.5,E,8,-9990,0,0,-9990,0,0,0.946,E,8,0.084,E,8,0.20,E,8,0,-9990,0,0
11/01/2005,10:00,388,1387,92,3,10,0,3,20,92,3,10,10406,3,10,0,3,20,10406,3,10,-9990,0,0,10,E,8,9,E,8,2.2,E,8,0.3,E,8,87,E,8,987,E,8,216,E,8,3.8,E,8,-9990,0,0,-9990,0,0,0.947,E,8,0.084,E,8,0.20,E,8,0,-9990,0,0
11/01/2005,11:00,531,1387,138,3,10,5,3,20,137,3,10,15712,3,10,397,3,20,15560,3,10,-9990,0,0,10,E,8,9,E,8,2.9,E,8,0.7,E,8,85,E,8,987,E,8,217,E,8,3.5,E,8,-9990,0,0,-9990,0,0,0.972,E,8,0.084,E,8,0.20,E,8,0,-9990,0,0
11/01/2005,12:00,620,1387,164,3,10,7,3,20,161,3,10,18670,3,10,568,3,20,18416,3,10,-9990,0,0,10,E,8,9,E,8,3.4,E,8,0.9,E,8,84,E,8,987,E,8,174,E,8,4.5,E,8,-9990,0,0,-9990,0,0,0.991,E,8,0.084,E,8,0.20,E,8,0,-9990,0,0
11/01/2005,13:00,650,1387,180,3,10,10,3,20,175,3,10,20542,3,10,983,3,20,20081,3,10,-9990,0,0,10,E,8,9,E,8,3.9,E,8,1.1,E,8,82,E,8,987,E,8,250,E,8,5.1,E,8,-9990,0,0,-9990,0,0,1.004,E,8,0.084,E,8,0.20,E,8,0,-9990,0,0
11/01/2005,14:00,619,1387,173,3,10,11,3,20,168,3,10,19652,3,10,1051,3,20,19183,3,10,-9990,0,0,10,E,8,9,E,8,4.1,E,8,0.5,E,8,77,E,8,987,E,8,209,E,8,3.0,E,8,-9990,0,0,-9990,0,0,0.958,E,8,0.084,E,8,0.20,E,8,0,-9990,0,0
11/01/2005,15:00,528,1387,152,3,10,12,3,20,148,3,10,17162,3,10,1154,3,20,16722,3,10,-9990,0,0,10,E,8,9,E,8,4.2,E,8,0.7,E,8,78,E,8,987,E,8,157,E,8,1.9,E,8,-9990,0,0,-9990,0,0,0.974,E,8,0.084,E,8,0.20,E,8,0,-9990,0,0
11/01/2005,16:00,384,1387,100,3,10,3,3,20,99,3,10,11217,3,10,185,3,20,11166,3,10,-9990,0,0,10,E,8,9,E,8,3.9,E,8,0.8,E,8,80,E,8,986,E,8,116,E,8,2.5,E,8,-9990,0,0,-9990,0,0,0.981,E,8,0.084,E,8,0.20,E,8,0,-9990,0,0
11/01/2005,17:00,196,1387,46,3,10,0,3,20,46,3,10,5209,3,10,0,3,20,5209,3,10,-9990,0,0,10,E,8,9,E,8,3.4,E,8,0.3,E,8,80,E,8,986,E,8,25,E,8,5.1,E,8,-9990,0,0,-9990,0,0,0.946,E,8,0.084,E,8,0.20,E,8,0,-9990,0,0
11/01/2005,18:00,18,274,1,3,10,0,3,20,1,3,10,192,3,10,10,3,20,191,3,10,-9990,0,0,10,E,8,9,E,8,2.7,E,8,0.7,E,8,86,E,8,986,E,8,145,E,8,3.5,E,8,-9990,0,0,-9990,0,0,0.972,E,8,0.084,E,8,0.20,E,8,0,-9990,0,0
11/01/2005,19:00,0,0,0,3,0,0,3,0,0,3,0,0,3,0,0,3,0,0,3,0,-9990,0,0,10,E,8,9,E,8,2.4,E,8,0.5,E,8,87,E,8,986,E,8,121,E,8,3.2,E,8,-9990,0,0,-9990,0,0,0.960,E,8,0.084,E,8,0.20,E,8,0,-9990,0,0
11/01/2005,20:00,0,0,0,3,0,0,3,0,0,3,0,0,3,0,0,3,0,0,3,0,-9990,0,0,10,E,8,9,E,8,2.1,E,8,0.4,E,8,89,E,8,986,E,8,216,E,8,3.2,E,8,-9990,0,0,-9990,0,0,0.957,E,8,0.084,E,8,0.20,E,8,0,-9990,0,0
11/01/2005,21:00,0,0,0,3,0,0,3,0,0,3,0,0,3,0,0,3,0,0,3,0,-9990,0,0,10,E,8,9,E,8,1.8,E,8,0.7,E,8,92,E,8,986,E,8,190,E,8,4.9,E,8,-9990,0,0,-9990,0,0,0.971,E,8,0.084,E,8,0.20,E,8,0,-9990,0,0
11/01/2005,22:00,0,0,0,3,0,0,3,0,0,3,0,0,3,0,0,3,0,0,3,0,-9990,0,0,10,E,8,9,E,8,1.5,E,8,0.2,E,8,91,E,8,985,E,8,215,E,8,4.5,E,8,-9990,0,0,-9990,0,0,0.940,E,8,0.084,E,8,0.20,E,8,0,-9990,0,0
11/01/2005,23:00,0,0,0,3,0,0,3,0,0,3,0,0,3,0,0,3,0,0,3,0,-9990,0,0,10,E,8,9,E,8,1.2,E,8,0.5,E,8,96,E,8,985,E,8,207,E,8,3.0,E,8,-9990,0,0,-9990,0,0,0.964,E,8,0.084,E,8,0.20,E,8,0,-9990,0,0
11/01/2005,24:00,0,0,0,3,0,0,3,0,0,3,0,0,3,0,0,3,0,0,3,0,-9990,0,0,10,E,8,9,E,8,0.9,E,8,-0.2,E,8,93,E,8,985,E,8,251,E,8,3.0,E,8,-9990,0,0,-9990,0,0,0.915,E,8,0.084,E,8,0.20,E,8,0,-9990,0,0
11/02/2005,01:00,0,0,0,3,0,0,3,0,0,3,0,0,3,0,0,3,0,0,3,0,-9990,0,0,10,E,8,9,E,8,0.8,E,8,0.3,E,8,97,E,8,985,E,8,145,E,8,3.8,E,8,-9990,0,0,-9990,0,0,0.949,E,8,0.076,E,8,0.20,E,8,1,-9990,0,0
11/02/2005,02:00,0,0,0,3,0,0,3,0,0,3,0,0,3,0,0,3,0,0,3,0,-9990,0,0,10,E,8,9,E,8,1.2,E,8,0.0,E,8,92,E,8,985,E,8,213,E,8,2.8,E,8,-9990,0,0,-9990,0,0,0.930,E,8,0.076,E,8,0.20,E,8,0,-9990,0,0
11/02/2005,03:00,0,0,0,3,0,0,3,0,0,3,0,0,3,0,0,3,0,0,3,0,-9990,0,0,10,E,8,9,E,8,1.4,E,8,-0.1,E,8,89,E,8,985,E,8,144,E,8,2.3,E,8,-9990,0,0,-9990,0,0,0.919,E,8,0.076,E,8,0.20,E,8,0,-9990,0,0
11/02/2005,04:00,0,0,0,3,0,0,3,0,0,3,0,0,3,0,0,3,0,0,3,0,-9990,0,0,10,E,8,9,E,8,1.3,E,8,0.0,E,8,91,E,8,985,E,8,173,E,8,2.8,E,8,-9990,0,0,-9990,0,0,0.930,E,8,0.076,E,8,0.20,E,8,2,-9990,0,0
11/02/2005,05:00,0,0,0,3,0,0,3,0,0,3,0,0,3,0,0,3,0,0,3,0,-9990,0,0,10,E,8,9,E,8,1.6,E,8,-0.3,E,8,87,E,8,984,E,8,181,E,8,3.0,E,8,-9990,0,0,-9990,0,0,0.912,E,8,0.076,E,8,0.20,E,8,1,-9990,0,0
11/02/2005,06:00,0,0,0,3,0,0,3,0,0,3,0,0,3,0,0,3,0,0,3,0,-9990,0,0,10,E,8,9,E,8,1.3,E,8,-0.4,E,8,89,E,8,984,E,8,190,E,8,5.5,E,8,-9990,0,0,-9990,0,0,0.903,E,8,0.076,E,8,0.20,E,8,3,-9990,0,0
11/02/2005,07:00,0,0,0,3,0,0,3,0,0,3,0,0,3,0,0,3,0,0,3,0,-9990,0,0,10,E,8,9,E,8,1.9,E,8,0.0,E,8,87,E,8,984,E,8,202,E,8,7.3,E,8,-9990,0,0,-9990,0,0,0.925,E,8,0.076,E,8,0.20,E,8,0,-9990,0,0
11/02/2005,08:00,18,273,1,3,10,0,3,20,1,3,10,107,3,10,7,3,20,106,3,10,-9990,0,0,10,E,8,9,E,8,2.0,E,8,0.3,E,8,88,E,8,984,E,8,206,E,8,6.5,E,8,-9990,0,0,-9990,0,0,0.948,E,8,0.076,E,8,0.20,E,8,0,-9990,0,0
11/02/2005,09:00,195,1387,14,3,10,0,3,20,14,3,10,1690,3,10,0,3,20,1690,3,10,-9990,0,0,10,E,8,9,E,8,2.5,E,8,0.2,E,8,85,E,8,984,E,8,232,E,8,7.9,E,8,-9990,0,0,-9990,0,0,0.940,E,8,0.076,E,8,0.20,E,8,0,-9990,0,0
11/02/2005,10:00,382,1387,33,3,10,0,3,20,33,3,10,4059,3,10,0,3,20,4059,3,10,-9990,0,0,10,E,8,9,E,8,3.1,E,8,0.8,E,8,85,E,8,984,E,8,266,E,8,4.5,E,8,-9990,0,0,-9990,0,0,0.982,E,8,0.076,E,8,0.20,E,8,0,-9990,0,0
11/02/2005,11:00,524,1387,49,3,10,0,3,20,49,3,10,5971,3,10,0,3,20,5971,3,10,-9990,0,0,10,E,8,9,E,8,3.7,E,8,1.4,E,8,85,E,8,984,E,8,295,E,8,3.8,E,8,-9990,0,0,-9990,0,0,1.020,E,8,0.076,E,8,0.20,E,8,0,-9990,0,0
11/02/2005,12:00,614,1387,58,3,10,0,3,20,58,3,10,7200,3,10,0,3,20,7200,3,10,-9990,0,0,10,E,8,9,E,8,4.2,E,8,1.8,E,8,85,E,8,983,E,8,239,E,8,3.2,E,8,-9990,0,0,-9990,0,0,1.055,E,8,0.076,E,8,0.20,E,8,0,-9990,0,0
11/02/2005,13:00,644,1387,60,3,10,0,3,20,60,3,10,7400,3,10,0,3,20,7400,3,10,-9990,0,0,10,E,8,9,E,8,4.5,E,8,2.2,E,8,85,E,8,983,E,8,311,E,8,1.9,E,8,-9990,0,0,-9990,0,0,1.080,E,8,0.076,E,8,0.20,E,8,0,-9990,0,0
11/02/2005,14:00,612,1387,53,3,10,0,3,20,53,3,10,6607,3,10,0,3,20,6607,3,10,-9990,0,0,10,E,8,9,E,8,4.7,E,8,2.3,E,8,85,E,8,983,E,8,291,E,8,1.9,E,8,-9990,0,0,-9990,0,0,1.091,E,8,0.076,E,8,0.20,E,8,0,-9990,0,0
11/02/2005,15:00,521,1387,47,3,10,0,3,20,47,3,10,5801,3,10,0,3,20,5801,3,10,-9990,0,0,10,E,8,9,E,8,4.8,E,8,2.5,E,8,85,E,8,983,E,8,301,E,8,1.4,E,8,-9990,0,0,-9990,0,0,1.103,E,8,0.076,E,8,0.20,E,8,0,-9990,0,0
11/02/2005,16:00,377,1387,32,3,10,0,3,20,32,3,10,3913,3,10,0,3,20,3913,3,10,-9990,0,0,10,E,8,9,E,8,4.8,E,8,0.9,E,8,76,E,8,983,E,8,264,E,8,1.0,E,8,-9990,0,0,-9990,0,0,0.990,E,8,0.076,E,8,0.20,E,8,0,-9990,0,0
11/02/2005,17:00,190,1387,12,3,10,0,3,20,12,3,10,1521,3,10,2,3,20,1521,3,10,-9990,0,0,10,E,8,9,E,8,4.5,E,8,1.6,E,8,81,E,8,983,E,8,259,E,8,0.9,E,8,-9990,0,0,-9990,0,0,1.036,E,8,0.076,E,8,0.20,E,8,0,-9990,0,0
11/02/2005,18:00,15,256,1,3,10,0,3,20,1,3,10,101,3,10,7,3,20,101,3,10,-9990,0,0,10,E,8,9,E,8,4.1,E,8,2.2,E,8,87,E,8,984,E,8,231,E,8,0.7,E,8,-9990,0,0,-9990,0,0,1.080,E,8,0.076,E,8,0.20,E,8,0,-9990,0,0
11/02/2005,19:00,0,0,0,3,0,0,3,0,0,3,0,0,3,0,0,3,0,0,3,0,-9990,0,0,10,E,8,9,E,8,4.0,E,8,2.0,E,8,87,E,8,984,E,8,252,E,8,0.9,E,8,-9990,0,0,-9990,0,0,1.067,E,8,0.076,E,8,0.20,E,8,1,-9990,0,0
11/02/2005,20:00,0,0,0,3,0,0,3,0,0,3,0,0,3,0,0,3,0,0,3,0,-9990,0,0,10,E,8,9,E,8,4.0,E,8,1.7,E,8,85,E,8,984,E,8,284,E,8,1.2,E,8,-9990,0,0,-9990,0,0,1.044,E,8,0.076,E,8,0.20,E,8,0,-9990,0,0
11/02/2005,21:00,0,0,0,3,0,0,3,0,0,3,0,0,3,0,0,3,0,0,3,0,-9990,0,0,10,E,8,9,E,8,3.9,E,8,2.0,E,8,87,E,8,984,E,8,260,E,8,1.3,E,8,-9990,0,0,-9990,0,0,1.064,E,8,0.076,E,8,0.20,E,8,1,-9990,0,0
11/02/2005,22:00,0,0,0,3,0,0,3,0,0,3,0,0,3,0,0,3,0,0,3,0,-9990,0,0,10,E,8,9,E,8,3.8,E,8,1.7,E,8,86,E,8,984,E,8,260,E,8,0.4,E,8,-9990,0,0,-9990,0,0,1.048,E,8,0.076,E,8,0.20,E,8,1,-9990,0,0
11/02/2005,23:00,0,0,0,3,0,0,3,0,0,3,0,0,3,0,0,3,0,0,3,0,-9990,0,0,10,E,8,9,E,8,3.5,E,8,2.2,E,8,91,E,8,984,E,8,232,E,8,0.7,E,8,-9990,0,0,-9990,0,0,1.085,E,8,0.076,E,8,0.20,E,8,2,-9990,0,0
11/02/2005,24:00,0,0,0,3,0,0,3,0,0,3,0,0,3,0,0,3,0,0,3,0,-9990,0,0,10,E,8,9,E,8,2.6,E,8,2.5,E,8,99,E,8,984,E,8,237,E,8,1.7,E,8,-9990,0,0,-9990,0,0,1.103,E,8,0.076,E,8,0.20,E,8,6,-9990,0,0
11/03/2005,01:00,0,0,0,3,0,0,3,0,0,3,0,0,3,0,0,3,0,0,3,0,-9990,0,0,10,E,8,9,E,8,3.6,E,8,1.6,E,8,86,E,8,984,E,8,223,E,8,1.7,E,8,-9990,0,0,-9990,0,0,1.036,E,8,0.072,E,8,0.20,E,8,0,-9990,0,0
11/03/2005,02:00,0,0,0,3,0,0,3,0,0,3,0,0,3,0,0,3,0,0,3,0,-9990,0,0,10,E,8,9,E,8,3.5,E,8,1.9,E,8,89,E,8,984,E,8,241,E,8,2.5,E,8,-9990,0,0,-9990,0,0,1.058,E,8,0.072,E,8,0.20,E,8,0,-9990,0,0
11/03/2005,03:00,0,0,0,3,0,0,3,0,0,3,0,0,3,0,0,3,0,0,3,0,-9990,0,0,10,E,8,9,E,8,3.3,E,8,2.1,E,8,92,E,8,984,E,8,244,E,8,3.8,E,8,-9990,0,0,-9990,0,0,1.071,E,8,0.072,E,8,0.20,E,8,0,-9990,0,0
11/03/2005,04:00,0,0,0,3,0,0,3,0,0,3,0,0,3,0,0,3,0,0,3,0,-9990,0,0,10,E,8,9,E,8,3.1,E,8,2.5,E,8,95,E,8,984,E,8,234,E,8,2.1,E,8,-9990,0,0,-9990,0,0,1.103,E,8,0.072,E,8,0.20,E,8,0,-9990,0,0
11/03/2005,05:00,0,0,0,3,0,0,3,0,0,3,0,0,3,0,0,3,0,0,3,0,-9990,0,0,10,E,8,9,E,8,3.0,E,8,2.8,E,8,98,E,8,984,E,8,177,E,8,2.3,E,8,-9990,0,0,-9990,0,0,1.129,E,8,0.072,E,8,0.20,E,8,0,-9990,0,0
11/03/2005,06:00,0,0,0,3,0,0,3,0,0,3,0,0,3,0,0,3,0,0,3,0,-9990,0,0,10,E,8,9,E,8,3.0,E,8,2.7,E,8,98,E,8,984,E,8,313,E,8,1.2,E,8,-9990,0,0,-9990,0,0,1.123,E,8,0.072,E,8,0.20,E,8,0,-9990,0,0
11/03/2005,07:00,0,0,0,3,0,0,3,0,0,3,0,0,3,0,0,3,0,0,3,0,-9990,0,0,10,E,8,9,E,8,2.9,E,8,2.7,E,8,98,E,8,984,E,8,261,E,8,1.0,E,8,-9990,0,0,-9990,0,0,1.118,E,8,0.072,E,8,0.20,E,8,0,-9990,0,0
11/03/2005,08:00,15,255,1,3,10,0,3,20,1,3,10,105,3,10,8,3,20,104,3,10,-9990,0,0,10,E,8,9,E,8,2.8,E,8,2.4,E,8,97,E,8,984,E,8,262,E,8,1.0,E,8,-9990,0,0,-9990,0,0,1.094,E,8,0.072,E,8,0.20,E,8,0,-9990,0,0
11/03/2005,09:00,189,1388,19,3,10,0,3,20,19,3,10,2310,3,10,0,3,20,2310,3,10,-9990,0,0,10,E,8,9,E,8,3.3,E,8,2.8,E,8,97,E,8,984,E,8,275,E,8,2.5,E,8,-9990,0,0,-9990,0,0,1.131,E,8,0.072,E,8,0.20,E,8,0,-9990,0,0
11/03/2005,10:00,375,1388,48,3,10,0,3,20,48,3,10,5736,3,10,0,3,20,5736,3,10,-9990,0,0,10,E,8,9,E,8,3.9,E,8,3.3,E,8,96,E,8,984,E,8,226,E,8,3.2,E,8,-9990,0,0,-9990,0,0,1.169,E,8,0.072,E,8,0.20,E,8,0,-9990,0,0
11/03/2005,11:00,518,1388,73,3,10,0,3,20,73,3,10,8659,3,10,0,3,20,8659,3,10,-9990,0,0,10,E,8,9,E,8,4.4,E,8,4.0,E,8,97,E,8,984,E,8,201,E,8,3.2,E,8,-9990,0,0,-9990,0,0,1.229,E,8,0.072,E,8,0.20,E,8,0,-9990,0,0
11/03/2005,12:00,607,1388,76,3,10,0,3,20,76,3,10,9209,3,10,0,3,20,9209,3,10,-9990,0,0,10,E,8,9,E,8,4.8,E,8,4.2,E,8,95,E,8,984,E,8,221,E,8,2.1,E,8,-9990,0,0,-9990,0,0,1.241,E,8,0.072,E,8,0.20,E,8,0,-9990,0,0
11/03/2005,13:00,637,1388,74,3,10,0,3,20,74,3,10,8995,3,10,0,3,20,8995,3,10,-9990,0,0,10,E,8,9,E,8,4.5,E,8,4.3,E,8,98,E,8,984,E,8,156,E,8,4.1,E,8,-9990,0,0,-9990,0,0,1.252,E,8,0.072,E,8,0.20,E,8,3,-9990,0,0
11/03/2005,14:00,606,1388,87,3,10,0,3,20,87,3,10,10444,3,10,0,3,20,10444,3,10,-9990,0,0,10,E,8,9,E,8,5.2,E,8,3.9,E,8,91,E,8,984,E,8,73,E,8,4.9,E,8,-9990,0,0,-9990,0,0,1.215,E,8,0.072,E,8,0.20,E,8,1,-9990,0,0
11/03/2005,15:00,515,1388,70,3,10,0,3,20,70,3,10,8340,3,10,0,3,20,8340,3,10,-9990,0,0,10,E,8,9,E,8,5.4,E,8,4.0,E,8,91,E,8,984,E,8,96,E,8,5.3,E,8,-9990,0,0,-9990,0,0,1.230,E,8,0.072,E,8,0.20,E,8,0,-9990,0,0
11/03/2005,16:00,371,1388,45,3,10,0,3,20,45,3,10,5329,3,10,0,3,20,5329,3,10,-9990,0,0,10,E,8,9,E,8,5.3,E,8,4.3,E,8,94,E,8,984,E,8,37,E,8,6.9,E,8,-9990,0,0,-9990,0,0,1.257,E,8,0.072,E,8,0.20,E,8,0,-9990,0,0
11/03/2005,17:00,184,1388,17,3,10,0,3,20,17,3,10,2098,3,10,0,3,20,2098,3,10,-9990,0,0,10,E,8,9,E,8,5.0,E,8,4.1,E,8,94,E,8,984,E,8,38,E,8,7.9,E,8,-9990,0,0,-9990,0,0,1.234,E,8,0.072,E,8,0.20,E,8,0,-9990,0,0
11/03/2005,18:00,13,238,1,3,10,0,3,20,1,3,10,102,3,10,8,3,20,101,3,10,-9990,0,0,10,E,8,9,E,8,4.6,E,8,3.2,E,8,90,E,8,984,E,8,12,E,8,4.9,E,8,-9990,0,0,-9990,0,0,1.159,E,8,0.072,E,8,0.20,E,8,0,-9990,0,0
11/03/2005,19:00,0,0,0,3,0,0,3,0,0,3,0,0,3,0,0,3,0,0,3,0,-9990,0,0,10,E,8,9,E,8,4.4,E,8,2.8,E,8,89,E,8,984,E,8,84,E,8,4.5,E,8,-9990,0,0,-9990,0,0,1.131,E,8,0.072,E,8,0.20,E,8,0,-9990,0,0
11/03/2005,20:00,0,0,0,3,0,0,3,0,0,3,0,0,3,0,0,3,0,0,3,0,-9990,0,0,10,E,8,9,E,8,4.2,E,8,2.4,E,8,88,E,8,984,E,8,62,E,8,5.7,E,8,-9990,0,0,-9990,0,0,1.099,E,8,0.072,E,8,0.20,E,8,0,-9990,0,0
11/03/2005,21:00,0,0,0,3,0,0,3,0,0,3,0,0,3,0,0,3,0,0,3,0,-9990,0,0,10,E,8,9,E,8,4.0,E,8,2.0,E,8,87,E,8,985,E,8,345,E,8,5.7,E,8,-9990,0,0,-9990,0,0,1.069,E,8,0.072,E,8,0.20,E,8,0,-9990,0,0
11/03/2005,22:00,0,0,0,3,0,0,3,0,0,3,0,0,3,0,0,3,0,0,3,0,-9990,0,0,10,E,8,9,E,8,3.8,E,8,2.0,E,8,88,E,8,985,E,8,327,E,8,6.0,E,8,-9990,0,0,-9990,0,0,1.065,E,8,0.072,E,8,0.20,E,8,0,-9990,0,0
11/03/2005,23:00,0,0,0,3,0,0,3,0,0,3,0,0,3,0,0,3,0,0,3,0,-9990,0,0,10,E,8,9,E,8,3.6,E,8,1.7,E,8,87,E,8,985,E,8,335,E,8,7.3,E,8,-9990,0,0,-9990,0,0,1.043,E,8,0.072,E,8,0.20,E,8,0,-9990,0,0
11/03/2005,24:00,0,0,0,3,0,0,3,0,0,3,0,0,3,0,0,3,0,0,3,0,-9990,0,0,10,E,8,9,E,8,3.2,E,8,2.3,E,8,94,E,8,985,E,8,340,E,8,5.3,E,8,-9990,0,0,-9990,0,0,1.093,E,8,0.072,E,8,0.20,E,8,1,-9990,0,0
11/04/2005,01:00,0,0,0,3,0,0,3,0,0,3,0,0,3,0,0,3,0,0,3,0,-9990,0,0,10,E,8,9,E,8,3.3,E,8,2.3,E,8,93,E,8,985,E,8,162,E,8,5.1,E,8,-9990,0,0,-9990,0,0,1.089,E,8,0.077,E,8,0.20,E,8,0,-9990,0,0
11/04/2005,02:00,0,0,0,3,0,0,3,0,0,3,0,0,3,0,0,3,0,0,3,0,-9990,0,0,10,E,8,9,E,8,3.1,E,8,2.5,E,8,96,E,8,985,E,8,173,E,8,4.5,E,8,-9990,0,0,-9990,0,0,1.105,E,8,0.077,E,8,0.20,E,8,0,-9990,0,0
11/04/2005,03:00,0,0,0,3,0,0,3,0,0,3,0,0,3,0,0,3,0,0,3,0,-9990,0,0,10,E,8,9,E,8,3.0,E,8,2.0,E,8,94,E,8,985,E,8,87,E,8,4.1,E,8,-9990,0,0,-9990,0,0,1.071,E,8,0.077,E,8,0.20,E,8,0,-9990,0,0
11/04/2005,04:00,0,0,0,3,0,0,3,0,0,3,0,0,3,0,0,3,0,0,3,0,-9990,0,0,10,E,8,9,E,8,2.9,E,8,2.1,E,8,95,E,8,985,E,8,153,E,8,3.8,E,8,-9990,0,0,-9990,0,0,1.076,E,8,0.077,E,8,0.20,E,8,0,-9990,0,0
11/04/2005,05:00,0,0,0,3,0,0,3,0,0,3,0,0,3,0,0,3,0,0,3,0,-9990,0,0,10,E,8,9,E,8,2.8,E,8,2.2,E,8,96,E,8,985,E,8,129,E,8,4.1,E,8,-9990,0,0,-9990,0,0,1.080,E,8,0.077,E,8,0.20,E,8,0,-9990,0,0
11/04/2005,06:00,0,0,0,3,0,0,3,0,0,3,0,0,3,0,0,3,0,0,3,0,-9990,0,0,10,E,8,9,E,8,2.7,E,8,1.8,E,8,94,E,8,985,E,8,355,E,8,5.3,E,8,-9990,0,0,-9990,0,0,1.056,E,8,0.077,E,8,0.20,E,8,0,-9990,0,0
11/04/2005,07:00,0,0,0,3,0,0,3,0,0,3,0,0,3,0,0,3,0,0,3,0,-9990,0,0,10,E,8,9,E,8,2.7,E,8,0.9,E,8,88,E,8,985,E,8,92,E,8,6.9,E,8,-9990,0,0,-9990,0,0,0.989,E,8,0.077,E,8,0.20,E,8,0,-9990,0,0
11/04/2005,08:00,13,237,1,3,10,0,3,20,1,3,10,96,3,10,8,3,20,96,3,10,-9990,0,0,10,E,8,9,E,8,2.7,E,8,1.2,E,8,90,E,8,985,E,8,83,E,8,5.7,E,8,-9990,0,0,-9990,0,0,1.007,E,8,0.077,E,8,0.20,E,8,0,-9990,0,0
11/04/2005,09:00,183,1389,24,3,10,0,3,20,24,3,10,2893,3,10,0,3,20,2893,3,10,-9990,0,0,10,E,8,9,E,8,3.3,E,8,1.5,E,8,88,E,8,985,E,8,86,E,8,6.0,E,8,-9990,0,0,-9990,0,0,1.030,E,8,0.077,E,8,0.20,E,8,0,-9990,0,0
11/04/2005,10:00,369,1389,73,3,10,0,3,20,73,3,10,8452,3,10,0,3,20,8452,3,10,-9990,0,0,10,E,8,9,E,8,4.2,E,8,1.9,E,8,85,E,8,985,E,8,161,E,8,5.7,E,8,-9990,0,0,-9990,0,0,1.061,E,8,0.077,E,8,0.20,E,8,0,-9990,0,0
11/04/2005,11:00,511,1389,107,3,10,0,3,20,107,3,10,12350,3,10,0,3,20,12350,3,10,-9990,0,0,10,E,8,9,E,8,5.2,E,8,1.0,E,8,74,E,8,985,E,8,181,E,8,6.9,E,8,-9990,0,0,-9990,0,0,0.993,E,8,0.077,E,8,0.20,E,8,0,-9990,0,0
11/04/2005,12:00,601,1389,99,3,10,0,3,20,99,3,10,11783,3,10,0,3,20,11783,3,10,-9990,0,0,10,E,8,9,E,8,5.6,E,8,0.6,E,8,70,E,8,985,E,8,235,E,8,5.3,E,8,-9990,0,0,-9990,0,0,0.966,E,8,0.077,E,8,0.20,E,8,0,-9990,0,0
11/04/2005,13:00,631,1389,94,3,10,0,3,20,94,3,10,11294,3,10,0,3,20,11294,3,10,-9990,0,0,10,E,8,9,E,8,5.9,E,8,1.1,E,8,71,E,8,985,E,8,146,E,8,5.7,E,8,-9990,0,0,-9990,0,0,1.005,E,8,0.077,E,8,0.20,E,8,0,-9990,0,0
11/04/2005,14:00,599,1389,115,3,10,0,3,20,115,3,10,13486,3,10,0,3,20,13486,3,10,-9990,0,0,10,E,8,9,E,8,6.2,E,8,1.3,E,8,71,E,8,985,E,8,168,E,8,4.9,E,8,-9990,0,0,-9990,0,0,1.015,E,8,0.077,E,8,0.20,E,8,0,-9990,0,0
11/04/2005,15:00,509,1389,73,3,10,0,3,20,73,3,10,8689,3,10,0,3,20,8689,3,10,-9990,0,0,10,E,8,9,E,8,6.2,E,8,0.5,E,8,67,E,8,985,E,8,124,E,8,2.8,E,8,-9990,0,0,-9990,0,0,0.964,E,8,0.077,E,8,0.20,E,8,0,-9990,0,0
11/04/2005,16:00,365,1389,56,3,10,0,3,20,56,3,10,6570,3,10,0,3,20,6570,3,10,-9990,0,0,10,E,8,9,E,8,6.0,E,8,0.9,E,8,70,E,8,985,E,8,156,E,8,1.9,E,8,-9990,0,0,-9990,0,0,0.989,E,8,0.077,E,8,0.20,E,8,0,-9990,0,0
11/04/2005,17:00,178,1389,27,3,10,0,3,20,27,3,10,3208,3,10,0,3,20,3208,3,10,-9990,0,0,10,E,8,9,E,8,5.6,E,8,1.3,E,8,73,E,8,985,E,8,146,E,8,2.1,E,8,-9990,0,0,-9990,0,0,1.014,E,8,0.077,E,8,0.20,E,8,0,-9990,0,0
11/04/2005,18:00,12,221,1,3,10,0,3,20,1,3,10,87,3,10,8,3,20,86,3,10,-9990,0,0,10,E,8,9,E,8,4.8,E,8,3.0,E,8,88,E,8,985,E,8,12,E,8,2.1,E,8,-9990,0,0,-9990,0,0,1.144,E,8,0.077,E,8,0.20,E,8,2,-9990,0,0
11/04/2005,19:00,0,0,0,3,0,0,3,0,0,3,0,0,3,0,0,3,0,0,3,0,-9990,0,0,10,E,8,9,E,8,4.9,E,8,2.6,E,8,85,E,8,985,E,8,123,E,8,2.3,E,8,-9990,0,0,-9990,0,0,1.110,E,8,0.077,E,8,0.20,E,8,0,-9990,0,0
11/04/2005,20:00,0,0,0,3,0,0,3,0,0,3,0,0,3,0,0,3,0,0,3,0,-9990,0,0,10,E,8,9,E,8,4.9,E,8,3.1,E,8,88,E,8,985,E,8,104,E,8,2.5,E,8,-9990,0,0,-9990,0,0,1.154,E,8,0.077,E,8,0.20,E,8,0,-9990,0,0
11/04/2005,21:00,0,0,0,3,0,0,3,0,0,3,0,0,3,0,0,3,0,0,3,0,-9990,0,0,10,E,8,9,E,8,4.8,E,8,3.0,E,8,88,E,8,985,E,8,173,E,8,2.1,E,8,-9990,0,0,-9990,0,0,1.146,E,8,0.077,E,8,0.20,E,8,0,-9990,0,0
11/04/2005,22:00,0,0,0,3,0,0,3,0,0,3,0,0,3,0,0,3,0,0,3,0,-9990,0,0,10,E,8,9,E,8,4.7,E,8,2.3,E,8,85,E,8,985,E,8,162,E,8,1.3,E,8,-9990,0,0,-9990,0,0,1.092,E,8,0.077,E,8,0.20,E,8,0,-9990,0,0
11/04/2005,23:00,0,0,0,3,0,0,3,0,0,3,0,0,3,0,0,3,0,0,3,0,-9990,0,0,10,E,8,9,E,8,4.6,E,8,2.8,E,8,88,E,8,985,E,8,183,E,8,1.4,E,8,-9990,0,0,-9990,0,0,1.130,E,8,0.077,E,8,0.20,E,8,0,-9990,0,0
11/04/2005,24:00,0,0,0,3,0,0,3,0,0,3,0,0,3,0,0,3,0,0,3,0,-9990,0,0,10,E,8,9,E,8,4.5,E,8,2.7,E,8,88,E,8,985,E,8,326,E,8,1.2,E,8,-9990,0,0,-9990,0,0,1.123,E,8,0.077,E,8,0.20,E,8,0,-9990,0,0
11/05/2005,01:00,0,0,0,3,0,0,3,0,0,3,0,0,3,0,0,3,0,0,3,0,-9990,0,0,10,E,8,9,E,8,4.4,E,8,2.1,E,8,85,E,8,985,E,8,317,E,8,2.5,E,8,-9990,0,0,-9990,0,0,1.074,E,8,0.072,E,8,0.20,E,8,0,-9990,0,0
11/05/2005,02:00,0,0,0,3,0,0,3,0,0,3,0,0,3,0,0,3,0,0,3,0,-9990,0,0,10,E,8,9,E,8,4.3,E,8,2.4,E,8,87,E,8,985,E,8,339,E,8,3.8,E,8,-9990,0,0,-9990,0,0,1.096,E,8,0.072,E,8,0.20,E,8,1,-9990,0,0
11/05/2005,03:00,0,0,0,3,0,0,3,0,0,3,0,0,3,0,0,3,0,0,3,0,-9990,0,0,10,E,8,9,E,8,4.4,E,8,3.0,E,8,90,E,8,985,E,8,307,E,8,1.9,E,8,-9990,0,0,-9990,0,0,1.141,E,8,0.072,E,8,0.20,E,8,0,-9990,0,0
11/05/2005,04:00,0,0,0,3,0,0,3,0,0,3,0,0,3,0,0,3,0,0,3,0,-9990,0,0,10,E,8,9,E,8,4.4,E,8,3.2,E,8,92,E,8,985,E,8,334,E,8,1.2,E,8,-9990,0,0,-9990,0,0,1.161,E,8,0.072,E,8,0.20,E,8,0,-9990,0,0
11/05/2005,05:00,0,0,0,3,0,0,3,0,0,3,0,0,3,0,0,3,0,0,3,0,-9990,0,0,10,E,8,9,E,8,4.4,E,8,2.9,E,8,90,E,8,985,E,8,333,E,8,2.3,E,8,-9990,0,0,-9990,0,0,1.136,E,8,0.072,E,8,0.20,E,8,0,-9990,0,0
11/05/2005,06:00,0,0,0,3,0,0,3,0,0,3,0,0,3,0,0,3,0,0,3,0,-9990,0,0,10,E,8,9,E,8,4.4,E,8,3.3,E,8,93,E,8,985,E,8,322,E,8,2.5,E,8,-9990,0,0,-9990,0,0,1.169,E,8,0.072,E,8,0.20,E,8,0,-9990,0,0
11/05/2005,07:00,0,0,0,3,0,0,3,0,0,3,0,0,3,0,0,3,0,0,3,0,-9990,0,0,10,E,8,9,E,8,4.4,E,8,3.9,E,8,96,E,8,985,E,8,325,E,8,3.0,E,8,-9990,0,0,-9990,0,0,1.216,E,8,0.072,E,8,0.20,E,8,0,-9990,0,0
11/05/2005,08:00,11,219,1,3,10,0,3,20,1,3,10,76,3,10,7,3,20,75,3,10,-9990,0,0,10,E,8,9,E,8,4.4,E,8,4.2,E,8,98,E,8,985,E,8,352,E,8,5.1,E,8,-9990,0,0,-9990,0,0,1.246,E,8,0.072,E,8,0.20,E,8,0,-9990,0,0
11/05/2005,09:00,177,1389,26,3,10,0,3,20,26,3,10,3045,3,10,0,3,20,3045,3,10,-9990,0,0,10,E,8,9,E,8,5.1,E,8,4.8,E,8,98,E,8,985,E,8,326,E,8,3.8,E,8,-9990,0,0,-9990,0,0,1.295,E,8,0.072,E,8,0.20,E,8,0,-9990,0,0
11/05/2005,10:00,363,1389,53,3,10,0,3,20,53,3,10,6217,3,10,0,3,20,6217,3,10,-9990,0,0,10,E,8,9,E,8,5.8,E,8,4.7,E,8,92,E,8,985,E,8,349,E,8,6.0,E,8,-9990,0,0,-9990,0,0,1.288,E,8,0.072,E,8,0.20,E,8,0,-9990,0,0
11/05/2005,11:00,505,1389,83,3,10,0,3,20,83,3,10,9757,3,10,0,3,20,9757,3,10,-9990,0,0,10,E,8,9,E,8,6.6,E,8,5.4,E,8,92,E,8,985,E,8,358,E,8,6.0,E,8,-9990,0,0,-9990,0,0,1.353,E,8,0.072,E,8,0.20,E,8,0,-9990,0,0
11/05/2005,12:00,594,1389,102,3,10,0,3,20,102,3,10,12033,3,10,0,3,20,12033,3,10,-9990,0,0,10,E,8,9,E,8,7.2,E,8,5.8,E,8,91,E,8,985,E,8,356,E,8,4.9,E,8,-9990,0,0,-9990,0,0,1.396,E,8,0.072,E,8,0.20,E,8,0,-9990,0,0
11/05/2005,13:00,624,1389,97,3,10,0,3,20,97,3,10,11586,3,10,0,3,20,11586,3,10,-9990,0,0,10,E,8,9,E,8,7.3,E,8,7.0,E,8,98,E,8,985,E,8,346,E,8,5.5,E,8,-9990,0,0,-9990,0,0,1.517,E,8,0.072,E,8,0.20,E,8,2,-9990,0,0
11/05/2005,14:00,593,1389,80,3,10,0,3,20,80,3,10,9577,3,10,0,3,20,9577,3,10,-9990,0,0,10,E,8,9,E,8,7.8,E,8,7.4,E,8,97,E,8,985,E,8,356,E,8,6.9,E,8,-9990,0,0,-9990,0,0,1.553,E,8,0.072,E,8,0.20,E,8,0,-9990,0,0
11/05/2005,15:00,502,1389,63,3,10,0,3,20,63,3,10,7540,3,10,0,3,20,7540,3,10,-9990,0,0,10,E,8,9,E,8,7.8,E,8,6.9,E,8,94,E,8,985,E,8,348,E,8,6.0,E,8,-9990,0,0,-9990,0,0,1.506,E,8,0.072,E,8,0.20,E,8,0,-9990,0,0
11/05/2005,16:00,359,1389,45,3,10,0,3,20,45,3,10,5417,3,10,0,3,20,5417,3,10,-9990,0,0,10,E,8,9,E,8,7.6,E,8,7.0,E,8,96,E,8,985,E,8,343,E,8,4.1,E,8,-9990,0,0,-9990,0,0,1.513,E,8,0.072,E,8,0.20,E,8,0,-9990,0,0
11/05/2005,17:00,172,1389,19,3,10,0,3,20,19,3,10,2243,3,10,0,3,20,2243,3,10,-9990,0,0,10,E,8,9,E,8,7.3,E,8,6.5,E,8,95,E,8,985,E,8,348,E,8,3.2,E,8,-9990,0,0,-9990,0,0,1.465,E,8,0.072,E,8,0.20,E,8,0,-9990,0,0
11/05/2005,18:00,10,204,1,3,10,0,3,20,1,3,10,74,3,10,7,3,20,74,3,10,-9990,0,0,10,E,8,9,E,8,6.9,E,8,5.8,E,8,92,E,8,986,E,8,324,E,8,2.3,E,8,-9990,0,0,-9990,0,0,1.388,E,8,0.072,E,8,0.20,E,8,0,-9990,0,0
11/05/2005,19:00,0,0,0,3,0,0,3,0,0,3,0,0,3,0,0,3,0,0,3,0,-9990,0,0,9,E,8,8,E,8,6.6,E,8,5.4,E,8,92,E,8,986,E,8,330,E,8,1.7,E,8,-9990,0,0,-9990,0,0,1.351,E,8,0.072,E,8,0.20,E,8,0,-9990,0,0
11/05/2005,20:00,0,0,0,3,0,0,3,0,0,3,0,0,3,0,0,3,0,0,3,0,-9990,0,0,9,E,8,8,E,8,6.3,E,8,5.4,E,8,94,E,8,986,E,8,360,E,8,2.3,E,8,-9990,0,0,-9990,0,0,1.352,E,8,0.072,E,8,0.20,E,8,0,-9990,0,0
11/05/2005,21:00,0,0,0,3,0,0,3,0,0,3,0,0,3,0,0,3,0,0,3,0,-9990,0,0,9,E,8,8,E,8,6.0,E,8,5.1,E,8,94,E,8,986,E,8,359,E,8,2.1,E,8,-9990,0,0,-9990,0,0,1.329,E,8,0.072,E,8,0.20,E,8,0,-9990,0,0
11/05/2005,22:00,0,0,0,3,0,0,3,0,0,3,0,0,3,0,0,3,0,0,3,0,-9990,0,0,9,E,8,8,E,8,5.7,E,8,5.3,E,8,97,E,8,986,E,8,337,E,8,1.6,E,8,-9990,0,0,-9990,0,0,1.342,E,8,0.072,E,8,0.20,E,8,0,-9990,0,0
11/05/2005,23:00,0,0,0,3,0,0,3,0,0,3,0,0,3,0,0,3,0,0,3,0,-9990,0,0,8,E,8,7,E,8,5.4,E,8,5.0,E,8,97,E,8,986,E,8,351,E,8,2.1,E,8,-9990,0,0,-9990,0,0,1.314,E,8,0.072,E,8,0.20,E,8,0,-9990,0,0
11/05/2005,24:00,0,0,0,3,0,0,3,0,0,3,0,0,3,0,0,3,0,0,3,0,-9990,0,0,8,E,8,7,E,8,5.1,E,8,4.7,E,8,97,E,8,987,E,8,342,E,8,1.6,E,8,-9990,0,0,-9990,0,0,1.286,E,8,0.072,E,8,0.20,E,8,0,-9990,0,0
11/06/2005,01:00,0,0,0,3,0,0,3,0,0,3,0,0,3,0,0,3,0,0,3,0,-9990,0,0,8,E,8,7,E,8,4.7,E,8,4.3,E,8,97,E,8,987,E,8,62,E,8,1.9,E,8,-9990,0,0,-9990,0,0,1.251,E,8,0.074,E,8,0.20,E,8,0,-9990,0,0
11/06/2005,02:00,0,0,0,3,0,0,3,0,0,3,0,0,3,0,0,3,0,0,3,0,-9990,0,0,8,E,8,7,E,8,4.3,E,8,3.9,E,8,97,E,8,987,E,8,66,E,8,1.6,E,8,-9990,0,0,-9990,0,0,1.221,E,8,0.074,E,8,0.20,E,8,0,-9990,0,0
11/06/2005,03:00,0,0,0,3,0,0,3,0,0,3,0,0,3,0,0,3,0,0,3,0,-9990,0,0,6,E,8,6,E,8,4.0,E,8,3.9,E,8,100,E,8,987,E,8,327,E,8,2.3,E,8,-9990,0,0,-9990,0,0,1.222,E,8,0.074,E,8,0.20,E,8,0,-9990,0,0
11/06/2005,04:00,0,0,0,3,0,0,3,0,0,3,0,0,3,0,0,3,0,0,3,0,-9990,0,0,6,E,8,6,E,8,3.8,E,8,3.7,E,8,99,E,8,987,E,8,123,E,8,2.1,E,8,-9990,0,0,-9990,0,0,1.199,E,8,0.074,E,8,0.20,E,8,0,-9990,0,0
11/06/2005,05:00,0,0,0,3,0,0,3,0,0,3,0,0,3,0,0,3,0,0,3,0,-9990,0,0,6,E,8,6,E,8,3.6,E,8,3.5,E,8,99,E,8,987,E,8,83,E,8,2.6,E,8,-9990,0,0,-9990,0,0,1.184,E,8,0.074,E,8,0.20,E,8,0,-9990,0,0
11/06/2005,06:00,0,0,0,3,0,0,3,0,0,3,0,0,3,0,0,3,0,0,3,0,-9990,0,0,6,E,8,6,E,8,3.5,E,8,3.3,E,8,98,E,8,988,E,8,25,E,8,3.2,E,8,-9990,0,0,-9990,0,0,1.165,E,8,0.074,E,8,0.20,E,8,0,-9990,0,0
11/06/2005,07:00,0,0,0,3,0,0,3,0,0,3,0,0,3,0,0,3,0,0,3,0,-9990,0,0,6,E,8,6,E,8,3.4,E,8,3.2,E,8,98,E,8,988,E,8,68,E,8,3.5,E,8,-9990,0,0,-9990,0,0,1.160,E,8,0.074,E,8,0.20,E,8,0,-9990,0,0
11/06/2005,08:00,10,201,0,3,10,0,3,20,0,3,10,62,3,10,7,3,20,62,3,10,-9990,0,0,5,E,8,5,E,8,3.5,E,8,3.0,E,8,97,E,8,988,E,8,327,E,8,3.2,E,8,-9990,0,0,-9990,0,0,1.148,E,8,0.074,E,8,0.20,E,8,0,-9990,0,0
11/06/2005,09:00,171,1390,66,3,10,189,3,20,43,3,10,7059,3,10,6383,3,20,6274,3,10,-9990,0,0,5,E,8,5,E,8,4.8,E,8,3.6,E,8,92,E,8,988,E,8,53,E,8,2.8,E,8,-9990,0,0,-9990,0,0,1.194,E,8,0.074,E,8,0.20,E,8,0,-9990,0,0
11/06/2005,10:00,357,1390,192,3,10,386,3,20,93,3,10,20387,3,10,27505,3,20,13332,3,10,-9990,0,0,5,E,8,5,E,8,6.9,E,8,5.0,E,8,88,E,8,988,E,8,70,E,8,4.1,E,8,-9990,0,0,-9990,0,0,1.317,E,8,0.074,E,8,0.20,E,8,0,-9990,0,0
11/06/2005,11:00,499,1390,74,3,10,0,3,20,74,3,10,8823,3,10,0,3,20,8823,3,10,-9990,0,0,10,E,8,9,E,8,6.7,E,8,5.8,E,8,94,E,8,988,E,8,139,E,8,4.5,E,8,-9990,0,0,-9990,0,0,1.393,E,8,0.074,E,8,0.20,E,8,0,-9990,0,0
11/06/2005,12:00,588,1390,189,3,10,44,3,20,170,3,10,20980,3,10,3563,3,20,19473,3,10,-9990,0,0,10,E,8,9,E,8,7.6,E,8,5.9,E,8,89,E,8,989,E,8,147,E,8,3.8,E,8,-9990,0,0,-9990,0,0,1.402,E,8,0.074,E,8,0.20,E,8,0,-9990,0,0
11/06/2005,13:00,618,1390,388,3,10,501,3,20,165,3,10,41537,3,10,40227,3,20,23655,3,10,-9990,0,0,5,E,8,5,E,8,9.5,E,8,6.9,E,8,84,E,8,989,E,8,59,E,8,2.3,E,8,-9990,0,0,-9990,0,0,1.506,E,8,0.074,E,8,0.20,E,8,0,-9990,0,0
11/06/2005,14:00,587,1390,349,3,10,348,3,20,202,3,10,37387,3,10,30693,3,20,24433,3,10,-9990,0,0,8,E,8,6,E,8,10.6,E,8,7.0,E,8,78,E,8,989,E,8,67,E,8,2.1,E,8,-9990,0,0,-9990,0,0,1.515,E,8,0.074,E,8,0.20,E,8,0,-9990,0,0
11/06/2005,15:00,496,1390,26,3,10,0,3,20,26,3,10,3318,3,10,0,3,20,3318,3,10,-9990,0,0,10,E,8,9,E,8,9.4,E,8,6.5,E,8,82,E,8,988,E,8,28,E,8,1.9,E,8,-9990,0,0,-9990,0,0,1.465,E,8,0.074,E,8,0.20,E,8,0,-9990,0,0
11/06/2005,16:00,353,1390,17,3,10,0,3,20,17,3,10,2163,3,10,2,3,20,2163,3,10,-9990,0,0,10,E,8,9,E,8,8.4,E,8,6.4,E,8,87,E,8,988,E,8,218,E,8,3.2,E,8,-9990,0,0,-9990,0,0,1.456,E,8,0.074,E,8,0.20,E,8,0,-9990,0,0
11/06/2005,17:00,167,1390,7,3,10,0,3,20,7,3,10,878,3,10,10,3,20,876,3,10,-9990,0,0,10,E,8,9,E,8,7.5,E,8,5.9,E,8,89,E,8,988,E,8,311,E,8,1.9,E,8,-9990,0,0,-9990,0,0,1.398,E,8,0.074,E,8,0.20,E,8,0,-9990,0,0
11/06/2005,18:00,8,187,0,3,10,0,3,20,0,3,10,58,3,10,7,3,20,58,3,10,-9990,0,0,10,E,8,9,E,8,6.8,E,8,5.7,E,8,93,E,8,988,E,8,253,E,8,1.4,E,8,-9990,0,0,-9990,0,0,1.380,E,8,0.074,E,8,0.20,E,8,0,-9990,0,0
11/06/2005,19:00,0,0,0,3,0,0,3,0,0,3,0,0,3,0,0,3,0,0,3,0,-9990,0,0,10,E,8,9,E,8,6.7,E,8,5.3,E,8,90,E,8,988,E,8,194,E,8,1.1,E,8,-9990,0,0,-9990,0,0,1.344,E,8,0.074,E,8,0.20,E,8,0,-9990,0,0
11/06/2005,20:00,0,0,0,3,0,0,3,0,0,3,0,0,3,0,0,3,0,0,3,0,-9990,0,0,10,E,8,9,E,8,6.7,E,8,5.3,E,8,91,E,8,988,E,8,307,E,8,2.3,E,8,-9990,0,0,-9990,0,0,1.345,E,8,0.074,E,8,0.20,E,8,0,-9990,0,0
11/06/2005,21:00,0,0,0,3,0,0,3,0,0,3,0,0,3,0,0,3,0,0,3,0,-9990,0,0,10,E,8,9,E,8,6.6,E,8,5.1,E,8,90,E,8,988,E,8,295,E,8,1.4,E,8,-9990,0,0,-9990,0,0,1.326,E,8,0.074,E,8,0.20,E,8,0,-9990,0,0
11/06/2005,22:00,0,0,0,3,0,0,3,0,0,3,0,0,3,0,0,3,0,0,3,0,-9990,0,0,10,E,8,9,E,8,6.6,E,8,5.1,E,8,90,E,8,988,E,8,319,E,8,2.8,E,8,-9990,0,0,-9990,0,0,1.326,E,8,0.074,E,8,0.20,E,8,0,-9990,0,0
11/06/2005,23:00,0,0,0,3,0,0,3,0,0,3,0,0,3,0,0,3,0,0,3,0,-9990,0,0,10,E,8,9,E,8,6.6,E,8,4.5,E,8,87,E,8,988,E,8,284,E,8,2.6,E,8,-9990,0,0,-9990,0,0,1.273,E,8,0.074,E,8,0.20,E,8,0,-9990,0,0
11/06/2005,24:00,0,0,0,3,0,0,3,0,0,3,0,0,3,0,0,3,0,0,3,0,-9990,0,0,10,E,8,9,E,8,6.5,E,8,4.3,E,8,85,E,8,987,E,8,275,E,8,2.6,E,8,-9990,0,0,-9990,0,0,1.250,E,8,0.074,E,8,0.20,E,8,0,-9990,0,0
11/07/2005,01:00,0,0,0,3,0,0,3,0,0,3,0,0,3,0,0,3,0,0,3,0,-9990,0,0,10,E,8,9,E,8,6.3,E,8,4.0,E,8,85,E,8,987,E,8,282,E,8,2.3,E,8,-9990,0,0,-9990,0,0,1.228,E,8,0.078,E,8,0.20,E,8,0,-9990,0,0
11/07/2005,02:00,0,0,0,3,0,0,3,0,0,3,0,0,3,0,0,3,0,0,3,0,-9990,0,0,10,E,8,9,E,8,6.1,E,8,4.4,E,8,89,E,8,987,E,8,309,E,8,1.0,E,8,-9990,0,0,-9990,0,0,1.265,E,8,0.078,E,8,0.20,E,8,0,-9990,0,0
11/07/2005,03:00,0,0,0,3,0,0,3,0,0,3,0,0,3,0,0,3,0,0,3,0,-9990,0,0,10,E,8,9,E,8,5.9,E,8,4.2,E,8,89,E,8,987,E,8,324,E,8,0.8,E,8,-9990,0,0,-9990,0,0,1.248,E,8,0.078,E,8,0.20,E,8,0,-9990,0,0
11/07/2005,04:00,0,0,0,3,0,0,3,0,0,3,0,0,3,0,0,3,0,0,3,0,-9990,0,0,10,E,8,9,E,8,5.8,E,8,4.2,E,8,90,E,8,987,E,8,315,E,8,1.4,E,8,-9990,0,0,-9990,0,0,1.248,E,8,0.078,E,8,0.20,E,8,0,-9990,0,0
11/07/2005,05:00,0,0,0,3,0,0,3,0,0,3,0,0,3,0,0,3,0,0,3,0,-9990,0,0,10,E,8,9,E,8,5.6,E,8,4.1,E,8,90,E,8,987,E,8,254,E,8,1.2,E,8,-9990,0,0,-9990,0,0,1.240,E,8,0.078,E,8,0.20,E,8,0,-9990,0,0
11/07/2005,06:00,0,0,0,3,0,0,3,0,0,3,0,0,3,0,0,3,0,0,3,0,-9990,0,0,10,E,8,9,E,8,5.6,E,8,3.9,E,8,89,E,8,987,E,8,308,E,8,1.6,E,8,-9990,0,0,-9990,0,0,1.223,E,8,0.078,E,8,0.20,E,8,0,-9990,0,0
11/07/2005,07:00,0,0,0,3,0,0,3,0,0,3,0,0,3,0,0,3,0,0,3,0,-9990,0,0,10,E,8,9,E,8,5.5,E,8,3.9,E,8,89,E,8,987,E,8,218,E,8,1.6,E,8,-9990,0,0,-9990,0,0,1.216,E,8,0.078,E,8,0.20,E,8,0,-9990,0,0
11/07/2005,08:00,8,183,0,3,10,0,3,20,0,3,10,50,3,10,6,3,20,50,3,10,-9990,0,0,10,E,8,9,E,8,5.5,E,8,3.5,E,8,87,E,8,987,E,8,165,E,8,1.6,E,8,-9990,0,0,-9990,0,0,1.185,E,8,0.078,E,8,0.20,E,8,0,-9990,0,0
11/07/2005,09:00,165,1391,24,3,10,0,3,20,24,3,10,2853,3,10,0,3,20,2853,3,10,-9990,0,0,10,E,8,9,E,8,6.1,E,8,3.5,E,8,83,E,8,986,E,8,159,E,8,1.1,E,8,-9990,0,0,-9990,0,0,1.184,E,8,0.078,E,8,0.20,E,8,0,-9990,0,0
11/07/2005,10:00,350,1391,61,3,10,0,3,20,61,3,10,7120,3,10,0,3,20,7120,3,10,-9990,0,0,10,E,8,9,E,8,6.8,E,8,4.0,E,8,82,E,8,986,E,8,147,E,8,0.8,E,8,-9990,0,0,-9990,0,0,1.229,E,8,0.078,E,8,0.20,E,8,0,-9990,0,0
11/07/2005,11:00,493,1391,94,3,10,0,3,20,94,3,10,11013,3,10,0,3,20,11013,3,10,-9990,0,0,10,E,8,9,E,8,7.6,E,8,5.0,E,8,83,E,8,986,E,8,176,E,8,0.4,E,8,-9990,0,0,-9990,0,0,1.314,E,8,0.078,E,8,0.20,E,8,0,-9990,0,0
11/07/2005,12:00,582,1391,147,3,10,3,3,20,146,3,10,16929,3,10,156,3,20,16863,3,10,-9990,0,0,10,E,8,9,E,8,8.6,E,8,5.7,E,8,82,E,8,986,E,8,177,E,8,0.3,E,8,-9990,0,0,-9990,0,0,1.387,E,8,0.078,E,8,0.20,E,8,0,-9990,0,0
11/07/2005,13:00,612,1391,145,3,10,0,3,20,145,3,10,16736,3,10,0,3,20,16736,3,10,-9990,0,0,10,E,8,9,E,8,9.2,E,8,6.1,E,8,81,E,8,986,E,8,208,E,8,0.3,E,8,-9990,0,0,-9990,0,0,1.421,E,8,0.078,E,8,0.20,E,8,0,-9990,0,0
11/07/2005,14:00,581,1391,113,3,10,0,3,20,113,3,10,13195,3,10,0,3,20,13195,3,10,-9990,0,0,10,E,8,9,E,8,9.4,E,8,6.9,E,8,84,E,8,986,E,8,249,E,8,0.2,E,8,-9990,0,0,-9990,0,0,1.504,E,8,0.078,E,8,0.20,E,8,0,-9990,0,0
11/07/2005,15:00,490,1391,99,3,10,0,3,20,99,3,10,11499,3,10,0,3,20,11499,3,10,-9990,0,0,10,E,8,9,E,8,9.5,E,8,7.3,E,8,86,E,8,986,E,8,250,E,8,0.3,E,8,-9990,0,0,-9990,0,0,1.547,E,8,0.078,E,8,0.20,E,8,0,-9990,0,0
11/07/2005,16:00,347,1391,54,3,10,0,3,20,54,3,10,6334,3,10,0,3,20,6334,3,10,-9990,0,0,10,E,8,9,E,8,9.2,E,8,7.1,E,8,87,E,8,986,E,8,184,E,8,0.4,E,8,-9990,0,0,-9990,0,0,1.528,E,8,0.078,E,8,0.20,E,8,0,-9990,0,0
11/07/2005,17:00,161,1391,20,3,10,0,3,20,20,3,10,2429,3,10,0,3,20,2429,3,10,-9990,0,0,10,E,8,9,E,8,8.7,E,8,6.9,E,8,88,E,8,986,E,8,111,E,8,0.9,E,8,-9990,0,0,-9990,0,0,1.499,E,8,0.078,E,8,0.20,E,8,0,-9990,0,0
11/07/2005,18:00,7,171,0,3,10,0,3,20,0,3,10,50,3,10,7,3,20,49,3,10,-9990,0,0,10,E,8,9,E,8,8.1,E,8,6.5,E,8,90,E,8,986,E,8,162,E,8,0.6,E,8,-9990,0,0,-9990,0,0,1.467,E,8,0.078,E,8,0.20,E,8,0,-9990,0,0
11/07/2005,19:00,0,0,0,3,0,0,3,0,0,3,0,0,3,0,0,3,0,0,3,0,-9990,0,0,10,E,8,9,E,8,8.0,E,8,7.1,E,8,95,E,8,986,E,8,207,E,8,0.7,E,8,-9990,0,0,-9990,0,0,1.530,E,8,0.078,E,8,0.20,E,8,0,-9990,0,0
11/07/2005,20:00,0,0,0,3,0,0,3,0,0,3,0,0,3,0,0,3,0,0,3,0,-9990,0,0,10,E,8,9,E,8,7.9,E,8,7.5,E,8,97,E,8,986,E,8,209,E,8,0.9,E,8,-9990,0,0,-9990,0,0,1.574,E,8,0.078,E,8,0.20,E,8,0,-9990,0,0
11/07/2005,21:00,0,0,0,3,0,0,3,0,0,3,0,0,3,0,0,3,0,0,3,0,-9990,0,0,10,E,8,9,E,8,7.8,E,8,7.2,E,8,96,E,8,987,E,8,173,E,8,1.6,E,8,-9990,0,0,-9990,0,0,1.535,E,8,0.078,E,8,0.20,E,8,0,-9990,0,0
11/07/2005,22:00,0,0,0,3,0,0,3,0,0,3,0,0,3,0,0,3,0,0,3,0,-9990,0,0,10,E,8,9,E,8,7.7,E,8,6.7,E,8,93,E,8,987,E,8,190,E,8,1.9,E,8,-9990,0,0,-9990,0,0,1.484,E,8,0.078,E,8,0.20,E,8,0,-9990,0,0
11/07/2005,23:00,0,0,0,3,0,0,3,0,0,3,0,0,3,0,0,3,0,0,3,0,-9990,0,0,10,E,8,9,E,8,7.4,E,8,7.2,E,8,98,E,8,987,E,8,167,E,8,2.8,E,8,-9990,0,0,-9990,0,0,1.531,E,8,0.078,E,8,0.20,E,8,1,-9990,0,0
11/07/2005,24:00,0,0,0,3,0,0,3,0,0,3,0,0,3,0,0,3,0,0,3,0,-9990,0,0,10,E,8,9,E,8,7.5,E,8,7.0,E,8,96,E,8,987,E,8,82,E,8,1.4,E,8,-9990,0,0,-9990,0,0,1.509,E,8,0.078,E,8,0.20,E,8,0,-9990,0,0
11/08/2005,01:00,0,0,0,3,0,0,3,0,0,3,0,0,3,0,0,3,0,0,3,0,-9990,0,0,10,E,8,9,E,8,7.5,E,8,7.2,E,8,98,E,8,987,E,8,51,E,8,1.7,E,8,-9990,0,0,-9990,0,0,1.535,E,8,0.087,E,8,0.20,E,8,0,-9990,0,0
11/08/2005,02:00,0,0,0,3,0,0,3,0,0,3,0,0,3,0,0,3,0,0,3,0,-9990,0,0,10,E,8,9,E,8,7.4,E,8,7.1,E,8,98,E,8,987,E,8,27,E,8,2.1,E,8,-9990,0,0,-9990,0,0,1.527,E,8,0.087,E,8,0.20,E,8,0,-9990,0,0
11/08/2005,03:00,0,0,0,3,0,0,3,0,0,3,0,0,3,0,0,3,0,0,3,0,-9990,0,0,10,E,8,9,E,8,7.4,E,8,7.1,E,8,98,E,8,987,E,8,3,E,8,1.4,E,8,-9990,0,0,-9990,0,0,1.528,E,8,0.087,E,8,0.20,E,8,0,-9990,0,0
11/08/2005,04:00,0,0,0,3,0,0,3,0,0,3,0,0,3,0,0,3,0,0,3,0,-9990,0,0,10,E,8,9,E,8,7.4,E,8,7.1,E,8,98,E,8,987,E,8,16,E,8,0.8,E,8,-9990,0,0,-9990,0,0,1.527,E,8,0.087,E,8,0.20,E,8,0,-9990,0,0
11/08/2005,05:00,0,0,0,3,0,0,3,0,0,3,0,0,3,0,0,3,0,0,3,0,-9990,0,0,10,E,8,9,E,8,7.3,E,8,7.1,E,8,98,E,8,987,E,8,344,E,8,1.3,E,8,-9990,0,0,-9990,0,0,1.525,E,8,0.087,E,8,0.20,E,8,0,-9990,0,0
11/08/2005,06:00,0,0,0,3,0,0,3,0,0,3,0,0,3,0,0,3,0,0,3,0,-9990,0,0,10,E,8,9,E,8,7.3,E,8,7.1,E,8,98,E,8,987,E,8,326,E,8,1.7,E,8,-9990,0,0,-9990,0,0,1.524,E,8,0.087,E,8,0.20,E,8,0,-9990,0,0
11/08/2005,07:00,0,0,0,3,0,0,3,0,0,3,0,0,3,0,0,3,0,0,3,0,-9990,0,0,10,E,8,9,E,8,7.3,E,8,7.1,E,8,98,E,8,987,E,8,317,E,8,1.9,E,8,-9990,0,0,-9990,0,0,1.522,E,8,0.087,E,8,0.20,E,8,0,-9990,0,0
11/08/2005,08:00,6,166,1,3,10,0,3,20,1,3,10,177,3,10,16,3,20,177,3,10,-9990,0,0,10,E,8,9,E,8,7.4,E,8,7.2,E,8,98,E,8,987,E,8,330,E,8,1.6,E,8,-9990,0,0,-9990,0,0,1.531,E,8,0.087,E,8,0.20,E,8,0,-9990,0,0
11/08/2005,09:00,159,1391,29,3,10,0,3,20,29,3,10,3419,3,10,0,3,20,3419,3,10,-9990,0,0,10,E,8,9,E,8,8.2,E,8,7.7,E,8,96,E,8,987,E,8,29,E,8,0.8,E,8,-9990,0,0,-9990,0,0,1.586,E,8,0.087,E,8,0.20,E,8,0,-9990,0,0
11/08/2005,10:00,344,1391,41,3,10,0,3,20,41,3,10,4893,3,10,0,3,20,4893,3,10,-9990,0,0,10,E,8,9,E,8,8.7,E,8,6.2,E,8,84,E,8,988,E,8,15,E,8,1.0,E,8,-9990,0,0,-9990,0,0,1.430,E,8,0.087,E,8,0.20,E,8,0,-9990,0,0
11/08/2005,11:00,486,1391,142,3,10,18,3,20,135,3,10,16040,3,10,1835,3,20,15399,3,10,-9990,0,0,10,E,8,9,E,8,10.3,E,8,6.6,E,8,78,E,8,988,E,8,73,E,8,1.1,E,8,-9990,0,0,-9990,0,0,1.476,E,8,0.087,E,8,0.20,E,8,0,-9990,0,0
11/08/2005,12:00,575,1391,136,3,10,0,3,20,136,3,10,15685,3,10,0,3,20,15685,3,10,-9990,0,0,10,E,8,9,E,8,11.2,E,8,7.4,E,8,77,E,8,988,E,8,68,E,8,1.0,E,8,-9990,0,0,-9990,0,0,1.559,E,8,0.087,E,8,0.20,E,8,0,-9990,0,0
11/08/2005,13:00,606,1391,157,3,10,6,3,20,155,3,10,18066,3,10,515,3,20,17843,3,10,-9990,0,0,10,E,8,9,E,8,12.1,E,8,8.0,E,8,76,E,8,988,E,8,65,E,8,0.7,E,8,-9990,0,0,-9990,0,0,1.621,E,8,0.087,E,8,0.20,E,8,0,-9990,0,0
11/08/2005,14:00,574,1391,224,3,10,99,3,20,183,3,10,24917,3,10,9531,3,20,20982,3,10,-9990,0,0,9,E,8,8,E,8,13.2,E,8,8.5,E,8,73,E,8,988,E,8,167,E,8,1.2,E,8,-9990,0,0,-9990,0,0,1.683,E,8,0.087,E,8,0.20,E,8,0,-9990,0,0
11/08/2005,15:00,484,1391,131,3,10,9,3,20,128,3,10,14872,3,10,810,3,20,14590,3,10,-9990,0,0,10,E,8,9,E,8,13.4,E,8,8.1,E,8,70,E,8,987,E,8,202,E,8,1.9,E,8,-9990,0,0,-9990,0,0,1.637,E,8,0.087,E,8,0.20,E,8,0,-9990,0,0
11/08/2005,16:00,342,1391,116,3,10,71,3,20,98,3,10,12852,3,10,4008,3,20,11868,3,10,-9990,0,0,10,E,8,9,E,8,13.4,E,8,8.3,E,8,71,E,8,987,E,8,79,E,8,1.9,E,8,-9990,0,0,-9990,0,0,1.657,E,8,0.087,E,8,0.20,E,8,0,-9990,0,0
11/08/2005,17:00,156,1391,57,3,10,123,3,20,44,3,10,6204,3,10,3999,3,20,5757,3,10,-9990,0,0,10,E,8,9,E,8,13.0,E,8,8.3,E,8,73,E,8,987,E,8,109,E,8,1.2,E,8,-9990,0,0,-9990,0,0,1.658,E,8,0.087,E,8,0.20,E,8,0,-9990,0,0
11/08/2005,18:00,6,155,1,3,10,0,3,20,1,3,10,76,3,10,10,3,20,75,3,10,-9990,0,0,10,E,8,9,E,8,12.1,E,8,8.3,E,8,77,E,8,987,E,8,119,E,8,1.3,E,8,-9990,0,0,-9990,0,0,1.657,E,8,0.087,E,8,0.20,E,8,0,-9990,0,0
11/08/2005,19:00,0,0,0,3,0,0,3,0,0,3,0,0,3,0,0,3,0,0,3,0,-9990,0,0,10,E,8,9,E,8,12.0,E,8,8.9,E,8,81,E,8,987,E,8,38,E,8,1.4,E,8,-9990,0,0,-9990,0,0,1.727,E,8,0.087,E,8,0.20,E,8,0,-9990,0,0
11/08/2005,20:00,0,0,0,3,0,0,3,0,0,3,0,0,3,0,0,3,0,0,3,0,-9990,0,0,10,E,8,9,E,8,11.9,E,8,8.6,E,8,80,E,8,987,E,8,108,E,8,3.2,E,8,-9990,0,0,-9990,0,0,1.689,E,8,0.087,E,8,0.20,E,8,0,-9990,0,0
11/08/2005,21:00,0,0,0,3,0,0,3,0,0,3,0,0,3,0,0,3,0,0,3,0,-9990,0,0,10,E,8,9,E,8,11.7,E,8,8.9,E,8,82,E,8,987,E,8,155,E,8,2.8,E,8,-9990,0,0,-9990,0,0,1.724,E,8,0.087,E,8,0.20,E,8,0,-9990,0,0
11/08/2005,22:00,0,0,0,3,0,0,3,0,0,3,0,0,3,0,0,3,0,0,3,0,-9990,0,0,10,E,8,9,E,8,11.5,E,8,8.9,E,8,84,E,8,986,E,8,168,E,8,1.4,E,8,-9990,0,0,-9990,0,0,1.732,E,8,0.087,E,8,0.20,E,8,1,-9990,0,0
11/08/2005,23:00,0,0,0,3,0,0,3,0,0,3,0,0,3,0,0,3,0,0,3,0,-9990,0,0,10,E,8,9,E,8,11.5,E,8,9.6,E,8,88,E,8,986,E,8,159,E,8,1.1,E,8,-9990,0,0,-9990,0,0,1.810,E,8,0.087,E,8,0.20,E,8,0,-9990,0,0
11/08/2005,24:00,0,0,0,3,0,0,3,0,0,3,0,0,3,0,0,3,0,0,3,0,-9990,0,0,10,E,8,9,E,8,11.4,E,8,9.4,E,8,88,E,8,986,E,8,149,E,8,1.3,E,8,-9990,0,0,-9990,0,0,1.796,E,8,0.087,E,8,0.20,E,8,0,-9990,0,0
11/09/2005,01:00,0,0,0,3,0,0,3,0,0,3,0,0,3,0,0,3,0,0,3,0,-9990,0,0,10,E,8,9,E,8,11.1,E,8,8.6,E,8,84,E,8,986,E,8,148,E,8,0.6,E,8,-9990,0,0,-9990,0,0,1.692,E,8,0.078,E,8,0.20,E,8,0,-9990,0,0
11/09/2005,02:00,0,0,0,3,0,0,3,0,0,3,0,0,3,0,0,3,0,0,3,0,-9990,0,0,10,E,8,9,E,8,11.0,E,8,8.4,E,8,84,E,8,986,E,8,184,E,8,0.7,E,8,-9990,0,0,-9990,0,0,1.674,E,8,0.078,E,8,0.20,E,8,0,-9990,0,0
11/09/2005,03:00,0,0,0,3,0,0,3,0,0,3,0,0,3,0,0,3,0,0,3,0,-9990,0,0,10,E,8,9,E,8,10.8,E,8,8.3,E,8,84,E,8,986,E,8,172,E,8,0.9,E,8,-9990,0,0,-9990,0,0,1.659,E,8,0.078,E,8,0.20,E,8,0,-9990,0,0
11/09/2005,04:00,0,0,0,3,0,0,3,0,0,3,0,0,3,0,0,3,0,0,3,0,-9990,0,0,10,E,8,9,E,8,10.8,E,8,8.8,E,8,88,E,8,985,E,8,149,E,8,1.9,E,8,-9990,0,0,-9990,0,0,1.724,E,8,0.078,E,8,0.20,E,8,0,-9990,0,0
11/09/2005,05:00,0,0,0,3,0,0,3,0,0,3,0,0,3,0,0,3,0,0,3,0,-9990,0,0,10,E,8,9,E,8,10.7,E,8,8.9,E,8,88,E,8,985,E,8,227,E,8,2.1,E,8,-9990,0,0,-9990,0,0,1.724,E,8,0.078,E,8,0.20,E,8,0,-9990,0,0
11/09/2005,06:00,0,0,0,3,0,0,3,0,0,3,0,0,3,0,0,3,0,0,3,0,-9990,0,0,10,E,8,9,E,8,10.6,E,8,8.7,E,8,88,E,8,985,E,8,239,E,8,2.5,E,8,-9990,0,0,-9990,0,0,1.705,E,8,0.078,E,8,0.20,E,8,0,-9990,0,0
11/09/2005,07:00,0,0,0,3,0,0,3,0,0,3,0,0,3,0,0,3,0,0,3,0,-9990,0,0,10,E,8,9,E,8,10.6,E,8,8.9,E,8,90,E,8,985,E,8,205,E,8,2.8,E,8,-9990,0,0,-9990,0,0,1.734,E,8,0.078,E,8,0.20,E,8,0,-9990,0,0
11/09/2005,08:00,5,148,0,3,10,0,3,20,0,3,10,36,3,10,6,3,20,36,3,10,-9990,0,0,10,E,8,9,E,8,10.6,E,8,9.3,E,8,92,E,8,985,E,8,277,E,8,1.9,E,8,-9990,0,0,-9990,0,0,1.775,E,8,0.078,E,8,0.20,E,8,0,-9990,0,0
11/09/2005,09:00,153,1392,11,3,10,0,3,20,11,3,10,1336,3,10,6,3,20,1336,3,10,-9990,0,0,10,E,8,9,E,8,10.8,E,8,9.6,E,8,92,E,8,985,E,8,285,E,8,1.4,E,8,-9990,0,0,-9990,0,0,1.812,E,8,0.078,E,8,0.20,E,8,0,-9990,0,0
11/09/2005,10:00,338,1392,29,3,10,0,3,20,29,3,10,3577,3,10,0,3,20,3577,3,10,-9990,0,0,10,E,8,9,E,8,11.1,E,8,8.7,E,8,85,E,8,985,E,8,255,E,8,1.4,E,8,-9990,0,0,-9990,0,0,1.703,E,8,0.078,E,8,0.20,E,8,0,-9990,0,0
11/09/2005,11:00,480,1392,42,3,10,0,3,20,42,3,10,5190,3,10,0,3,20,5190,3,10,-9990,0,0,10,E,8,9,E,8,11.4,E,8,9.1,E,8,86,E,8,984,E,8,245,E,8,1.9,E,8,-9990,0,0,-9990,0,0,1.753,E,8,0.078,E,8,0.20,E,8,0,-9990,0,0
11/09/2005,12:00,569,1392,57,3,10,0,3,20,57,3,10,7034,3,10,0,3,20,7034,3,10,-9990,0,0,10,E,8,9,E,8,11.7,E,8,9.2,E,8,84,E,8,984,E,8,286,E,8,2.8,E,8,-9990,0,0,-9990,0,0,1.764,E,8,0.078,E,8,0.20,E,8,0,-9990,0,0
11/09/2005,13:00,599,1392,58,3,10,0,3,20,58,3,10,7192,3,10,0,3,20,7192,3,10,-9990,0,0,10,E,8,9,E,8,12.0,E,8,8.3,E,8,78,E,8,984,E,8,263,E,8,5.5,E,8,-9990,0,0,-9990,0,0,1.663,E,8,0.078,E,8,0.20,E,8,0,-9990,0,0
11/09/2005,14:00,569,1392,53,3,10,0,3,20,53,3,10,6597,3,10,0,3,20,6597,3,10,-9990,0,0,10,E,8,9,E,8,12.1,E,8,7.7,E,8,75,E,8,984,E,8,205,E,8,6.3,E,8,-9990,0,0,-9990,0,0,1.590,E,8,0.078,E,8,0.20,E,8,0,-9990,0,0
11/09/2005,15:00,479,1392,47,3,10,0,3,20,47,3,10,5760,3,10,0,3,20,5760,3,10,-9990,0,0,10,E,8,9,E,8,12.1,E,8,8.4,E,8,78,E,8,984,E,8,195,E,8,5.7,E,8,-9990,0,0,-9990,0,0,1.671,E,8,0.078,E,8,0.20,E,8,0,-9990,0,0
11/09/2005,16:00,336,1392,31,3,10,0,3,20,31,3,10,3835,3,10,0,3,20,3835,3,10,-9990,0,0,10,E,8,9,E,8,12.1,E,8,8.5,E,8,79,E,8,984,E,8,231,E,8,3.8,E,8,-9990,0,0,-9990,0,0,1.684,E,8,0.078,E,8,0.20,E,8,0,-9990,0,0
11/09/2005,17:00,150,1392,11,3,10,0,3,20,11,3,10,1389,3,10,5,3,20,1388,3,10,-9990,0,0,10,E,8,9,E,8,11.8,E,8,9.3,E,8,85,E,8,984,E,8,163,E,8,4.5,E,8,-9990,0,0,-9990,0,0,1.779,E,8,0.078,E,8,0.20,E,8,0,-9990,0,0
11/09/2005,18:00,5,139,0,3,10,0,3,20,0,3,10,36,3,10,7,3,20,36,3,10,-9990,0,0,10,E,8,9,E,8,11.4,E,8,9.5,E,8,88,E,8,984,E,8,91,E,8,5.3,E,8,-9990,0,0,-9990,0,0,1.800,E,8,0.078,E,8,0.20,E,8,1,-9990,0,0
11/09/2005,19:00,0,0,0,3,0,0,3,0,0,3,0,0,3,0,0,3,0,0,3,0,-9990,0,0,10,E,8,9,E,8,11.3,E,8,8.8,E,8,84,E,8,984,E,8,167,E,8,2.8,E,8,-9990,0,0,-9990,0,0,1.717,E,8,0.078,E,8,0.20,E,8,1,-9990,0,0
11/09/2005,20:00,0,0,0,3,0,0,3,0,0,3,0,0,3,0,0,3,0,0,3,0,-9990,0,0,10,E,8,9,E,8,11.1,E,8,9.6,E,8,91,E,8,984,E,8,66,E,8,3.8,E,8,-9990,0,0,-9990,0,0,1.820,E,8,0.078,E,8,0.20,E,8,2,-9990,0,0
11/09/2005,21:00,0,0,0,3,0,0,3,0,0,3,0,0,3,0,0,3,0,0,3,0,-9990,0,0,10,E,8,9,E,8,10.5,E,8,10.2,E,8,98,E,8,984,E,8,139,E,8,2.6,E,8,-9990,0,0,-9990,0,0,1.898,E,8,0.078,E,8,0.20,E,8,4,-9990,0,0
11/09/2005,22:00,0,0,0,3,0,0,3,0,0,3,0,0,3,0,0,3,0,0,3,0,-9990,0,0,10,E,8,9,E,8,11.0,E,8,10.2,E,8,94,E,8,984,E,8,176,E,8,2.1,E,8,-9990,0,0,-9990,0,0,1.892,E,8,0.078,E,8,0.20,E,8,1,-9990,0,0
11/09/2005,23:00,0,0,0,3,0,0,3,0,0,3,0,0,3,0,0,3,0,0,3,0,-9990,0,0,10,E,8,9,E,8,11.0,E,8,10.0,E,8,94,E,8,984,E,8,165,E,8,1.7,E,8,-9990,0,0,-9990,0,0,1.871,E,8,0.078,E,8,0.20,E,8,0,-9990,0,0
11/09/2005,24:00,0,0,0,3,0,0,3,0,0,3,0,0,3,0,0,3,0,0,3,0,-9990,0,0,10,E,8,9,E,8,10.9,E,8,10.7,E,8,98,E,8,984,E,8,151,E,8,1.7,E,8,-9990,0,0,-9990,0,0,1.962,E,8,0.078,E,8,0.20,E,8,0,-9990,0,0
11/10/2005,01:00,0,0,0,3,0,0,3,0,0,3,0,0,3,0,0,3,0,0,3,0,-9990,0,0,10,E,8,9,E,8,10.6,E,8,10.4,E,8,98,E,8,984,E,8,176,E,8,1.6,E,8,-9990,0,0,-9990,0,0,1.917,E,8,0.075,E,8,0.20,E,8,1,-9990,0,0
11/10/2005,02:00,0,0,0,3,0,0,3,0,0,3,0,0,3,0,0,3,0,0,3,0,-9990,0,0,10,E,8,9,E,8,10.2,E,8,9.8,E,8,98,E,8,984,E,8,227,E,8,0.8,E,8,-9990,0,0,-9990,0,0,1.845,E,8,0.075,E,8,0.20,E,8,3,-9990,0,0
11/10/2005,03:00,0,0,0,3,0,0,3,0,0,3,0,0,3,0,0,3,0,0,3,0,-9990,0,0,10,E,8,9,E,8,10.7,E,8,9.5,E,8,93,E,8,984,E,8,163,E,8,1.1,E,8,-9990,0,0,-9990,0,0,1.805,E,8,0.075,E,8,0.20,E,8,1,-9990,0,0
11/10/2005,04:00,0,0,0,3,0,0,3,0,0,3,0,0,3,0,0,3,0,0,3,0,-9990,0,0,10,E,8,9,E,8,10.7,E,8,9.8,E,8,94,E,8,984,E,8,229,E,8,2.1,E,8,-9990,0,0,-9990,0,0,1.847,E,8,0.075,E,8,0.20,E,8,0,-9990,0,0
11/10/2005,05:00,0,0,0,3,0,0,3,0,0,3,0,0,3,0,0,3,0,0,3,0,-9990,0,0,10,E,8,9,E,8,10.7,E,8,10.1,E,8,96,E,8,985,E,8,316,E,8,2.6,E,8,-9990,0,0,-9990,0,0,1.877,E,8,0.075,E,8,0.20,E,8,0,-9990,0,0
11/10/2005,06:00,0,0,0,3,0,0,3,0,0,3,0,0,3,0,0,3,0,0,3,0,-9990,0,0,10,E,8,9,E,8,10.7,E,8,10.1,E,8,96,E,8,985,E,8,257,E,8,1.3,E,8,-9990,0,0,-9990,0,0,1.880,E,8,0.075,E,8,0.20,E,8,0,-9990,0,0
11/10/2005,07:00,0,0,0,3,0,0,3,0,0,3,0,0,3,0,0,3,0,0,3,0,-9990,0,0,10,E,8,9,E,8,10.7,E,8,10.0,E,8,95,E,8,985,E,8,232,E,8,1.9,E,8,-9990,0,0,-9990,0,0,1.862,E,8,0.075,E,8,0.20,E,8,0,-9990,0,0
11/10/2005,08:00,4,130,0,3,10,0,3,20,0,3,10,29,3,10,6,3,20,29,3,10,-9990,0,0,10,E,8,9,E,8,10.7,E,8,10.4,E,8,98,E,8,985,E,8,152,E,8,1.0,E,8,-9990,0,0,-9990,0,0,1.925,E,8,0.075,E,8,0.20,E,8,0,-9990,0,0
11/10/2005,09:00,147,1393,13,3,10,0,3,20,13,3,10,1604,3,10,1,3,20,1604,3,10,-9990,0,0,10,E,8,9,E,8,11.0,E,8,10.3,E,8,95,E,8,985,E,8,158,E,8,1.0,E,8,-9990,0,0,-9990,0,0,1.904,E,8,0.075,E,8,0.20,E,8,0,-9990,0,0
11/10/2005,10:00,332,1393,37,3,10,0,3,20,37,3,10,4468,3,10,0,3,20,4468,3,10,-9990,0,0,10,E,8,9,E,8,11.5,E,8,10.8,E,8,95,E,8,985,E,8,120,E,8,0.4,E,8,-9990,0,0,-9990,0,0,1.971,E,8,0.075,E,8,0.20,E,8,0,-9990,0,0
11/10/2005,11:00,474,1393,54,3,10,0,3,20,54,3,10,6546,3,10,0,3,20,6546,3,10,-9990,0,0,10,E,8,9,E,8,12.1,E,8,11.4,E,8,96,E,8,985,E,8,61,E,8,0.3,E,8,-9990,0,0,-9990,0,0,2.065,E,8,0.075,E,8,0.20,E,8,0,-9990,0,0
11/10/2005,12:00,563,1393,70,3,10,0,3,20,70,3,10,8475,3,10,0,3,20,8475,3,10,-9990,0,0,10,E,8,9,E,8,12.5,E,8,11.2,E,8,91,E,8,985,E,8,91,E,8,1.1,E,8,-9990,0,0,-9990,0,0,2.026,E,8,0.075,E,8,0.20,E,8,0,-9990,0,0
11/10/2005,13:00,593,1393,78,3,10,0,3,20,78,3,10,9479,3,10,0,3,20,9479,3,10,-9990,0,0,10,E,8,9,E,8,12.9,E,8,10.9,E,8,88,E,8,985,E,8,124,E,8,1.9,E,8,-9990,0,0,-9990,0,0,1.986,E,8,0.075,E,8,0.20,E,8,0,-9990,0,0
11/10/2005,14:00,563,1393,69,3,10,0,3,20,69,3,10,8412,3,10,0,3,20,8412,3,10,-9990,0,0,10,E,8,9,E,8,13.1,E,8,10.7,E,8,85,E,8,985,E,8,196,E,8,1.6,E,8,-9990,0,0,-9990,0,0,1.964,E,8,0.075,E,8,0.20,E,8,0,-9990,0,0
11/10/2005,15:00,473,1393,63,3,10,0,3,20,63,3,10,7553,3,10,0,3,20,7553,3,10,-9990,0,0,10,E,8,9,E,8,13.2,E,8,11.6,E,8,90,E,8,985,E,8,229,E,8,0.8,E,8,-9990,0,0,-9990,0,0,2.083,E,8,0.075,E,8,0.20,E,8,0,-9990,0,0
11/10/2005,16:00,331,1393,36,3,10,0,3,20,36,3,10,4366,3,10,0,3,20,4366,3,10,-9990,0,0,10,E,8,9,E,8,12.9,E,8,11.5,E,8,91,E,8,985,E,8,162,E,8,0.8,E,8,-9990,0,0,-9990,0,0,2.080,E,8,0.075,E,8,0.20,E,8,1,-9990,0,0
11/10/2005,17:00,145,1393,14,3,10,0,3,20,14,3,10,1688,3,10,0,3,20,1688,3,10,-9990,0,0,10,E,8,9,E,8,12.7,E,8,11.8,E,8,94,E,8,985,E,8,179,E,8,0.5,E,8,-9990,0,0,-9990,0,0,2.112,E,8,0.075,E,8,0.20,E,8,0,-9990,0,0
11/10/2005,18:00,4,124,0,3,10,0,3,20,0,3,10,33,3,10,7,3,20,33,3,10,-9990,0,0,10,E,8,9,E,8,12.5,E,8,12.0,E,8,97,E,8,985,E,8,111,E,8,0.4,E,8,-9990,0,0,-9990,0,0,2.152,E,8,0.075,E,8,0.20,E,8,0,-9990,0,0
11/10/2005,19:00,0,0,0,3,0,0,3,0,0,3,0,0,3,0,0,3,0,0,3,0,-9990,0,0,9,E,8,8,E,8,12.4,E,8,12.1,E,8,98,E,8,986,E,8,139,E,8,0.5,E,8,-9990,0,0,-9990,0,0,2.165,E,8,0.075,E,8,0.20,E,8,0,-9990,0,0
11/10/2005,20:00,0,0,0,3,0,0,3,0,0,3,0,0,3,0,0,3,0,0,3,0,-9990,0,0,9,E,8,8,E,8,12.2,E,8,12.0,E,8,98,E,8,986,E,8,166,E,8,1.0,E,8,-9990,0,0,-9990,0,0,2.146,E,8,0.075,E,8,0.20,E,8,0,-9990,0,0
11/10/2005,21:00,0,0,0,3,0,0,3,0,0,3,0,0,3,0,0,3,0,0,3,0,-9990,0,0,9,E,8,8,E,8,12.1,E,8,11.9,E,8,98,E,8,986,E,8,159,E,8,1.4,E,8,-9990,0,0,-9990,0,0,2.127,E,8,0.075,E,8,0.20,E,8,0,-9990,0,0
11/10/2005,22:00,0,0,0,3,0,0,3,0,0,3,0,0,3,0,0,3,0,0,3,0,-9990,0,0,9,E,8,8,E,8,12.0,E,8,11.7,E,8,98,E,8,986,E,8,170,E,8,1.7,E,8,-9990,0,0,-9990,0,0,2.108,E,8,0.075,E,8,0.20,E,8,0,-9990,0,0
11/10/2005,23:00,0,0,0,3,0,0,3,0,0,3,0,0,3,0,0,3,0,0,3,0,-9990,0,0,9,E,8,8,E,8,11.9,E,8,11.6,E,8,98,E,8,986,E,8,121,E,8,2.5,E,8,-9990,0,0,-9990,0,0,2.089,E,8,0.075,E,8,0.20,E,8,0,-9990,0,0
11/10/2005,24:00,0,0,0,3,0,0,3,0,0,3,0,0,3,0,0,3,0,0,3,0,-9990,0,0,8,E,8,7,E,8,11.7,E,8,11.5,E,8,98,E,8,986,E,8,73,E,8,4.5,E,8,-9990,0,0,-9990,0,0,2.071,E,8,0.075,E,8,0.20,E,8,0,-9990,0,0
11/11/2005,01:00,0,0,0,3,0,0,3,0,0,3,0,0,3,0,0,3,0,0,3,0,-9990,0,0,8,E,8,7,E,8,11.6,E,8,11.3,E,8,98,E,8,987,E,8,84,E,8,4.1,E,8,-9990,0,0,-9990,0,0,2.048,E,8,0.081,E,8,0.20,E,8,0,-9990,0,0
11/11/2005,02:00,0,0,0,3,0,0,3,0,0,3,0,0,3,0,0,3,0,0,3,0,-9990,0,0,8,E,8,7,E,8,11.4,E,8,11.2,E,8,98,E,8,987,E,8,170,E,8,3.5,E,8,-9990,0,0,-9990,0,0,2.031,E,8,0.081,E,8,0.20,E,8,0,-9990,0,0
11/11/2005,03:00,0,0,0,3,0,0,3,0,0,3,0,0,3,0,0,3,0,0,3,0,-9990,0,0,8,E,8,7,E,8,11.3,E,8,11.1,E,8,98,E,8,987,E,8,157,E,8,3.5,E,8,-9990,0,0,-9990,0,0,2.015,E,8,0.081,E,8,0.20,E,8,0,-9990,0,0
11/11/2005,04:00,0,0,0,3,0,0,3,0,0,3,0,0,3,0,0,3,0,0,3,0,-9990,0,0,8,E,8,7,E,8,11.3,E,8,11.0,E,8,98,E,8,987,E,8,56,E,8,3.8,E,8,-9990,0,0,-9990,0,0,2.010,E,8,0.081,E,8,0.20,E,8,0,-9990,0,0
11/11/2005,05:00,0,0,0,3,0,0,3,0,0,3,0,0,3,0,0,3,0,0,3,0,-9990,0,0,6,E,8,6,E,8,11.3,E,8,11.3,E,8,100,E,8,987,E,8,58,E,8,4.5,E,8,-9990,0,0,-9990,0,0,2.041,E,8,0.081,E,8,0.20,E,8,0,-9990,0,0
11/11/2005,06:00,0,0,0,3,0,0,3,0,0,3,0,0,3,0,0,3,0,0,3,0,-9990,0,0,6,E,8,6,E,8,11.3,E,8,11.0,E,8,98,E,8,987,E,8,156,E,8,4.5,E,8,-9990,0,0,-9990,0,0,2.001,E,8,0.081,E,8,0.20,E,8,0,-9990,0,0
11/11/2005,07:00,0,0,0,3,0,0,3,0,0,3,0,0,3,0,0,3,0,0,3,0,-9990,0,0,6,E,8,6,E,8,11.2,E,8,11.1,E,8,99,E,8,987,E,8,170,E,8,5.3,E,8,-9990,0,0,-9990,0,0,2.022,E,8,0.081,E,8,0.20,E,8,0,-9990,0,0
11/11/2005,08:00,3,112,0,3,10,0,3,20,0,3,10,55,3,10,11,3,20,55,3,10,-9990,0,0,6,E,8,6,E,8,11.3,E,8,11.0,E,8,98,E,8,988,E,8,69,E,8,7.9,E,8,-9990,0,0,-9990,0,0,2.005,E,8,0.081,E,8,0.20,E,8,0,-9990,0,0
11/11/2005,09:00,141,1393,63,3,10,223,3,20,40,3,10,6829,3,10,6544,3,20,6166,3,10,-9990,0,0,6,E,8,6,E,8,12.8,E,8,10.1,E,8,84,E,8,988,E,8,152,E,8,10.7,E,8,-9990,0,0,-9990,0,0,1.886,E,8,0.081,E,8,0.20,E,8,0,-9990,0,0
11/11/2005,10:00,326,1393,151,3,10,288,3,20,83,3,10,16295,3,10,16142,3,20,12518,3,10,-9990,0,0,5,E,8,4,E,8,14.7,E,8,10.5,E,8,76,E,8,988,E,8,82,E,8,9.3,E,8,-9990,0,0,-9990,0,0,1.929,E,8,0.081,E,8,0.20,E,8,0,-9990,0,0
11/11/2005,11:00,468,1393,175,3,10,95,3,20,143,3,10,19497,3,10,6564,3,20,17292,3,10,-9990,0,0,9,E,8,8,E,8,15.9,E,8,10.8,E,8,72,E,8,988,E,8,108,E,8,8.5,E,8,-9990,0,0,-9990,0,0,1.974,E,8,0.081,E,8,0.20,E,8,0,-9990,0,0
11/11/2005,12:00,557,1393,226,3,10,119,3,20,178,3,10,25095,3,10,9321,3,20,21367,3,10,-9990,0,0,9,E,8,8,E,8,17.1,E,8,11.1,E,8,67,E,8,988,E,8,93,E,8,7.9,E,8,-9990,0,0,-9990,0,0,2.012,E,8,0.081,E,8,0.20,E,8,0,-9990,0,0
11/11/2005,13:00,587,1393,170,3,10,16,3,20,163,3,10,19403,3,10,1628,3,20,18717,3,10,-9990,0,0,10,E,8,9,E,8,17.5,E,8,10.7,E,8,64,E,8,988,E,8,141,E,8,6.9,E,8,-9990,0,0,-9990,0,0,1.955,E,8,0.081,E,8,0.20,E,8,0,-9990,0,0
11/11/2005,14:00,557,1393,128,3,10,0,3,20,128,3,10,14833,3,10,0,3,20,14833,3,10,-9990,0,0,10,E,8,9,E,8,17.6,E,8,10.7,E,8,64,E,8,988,E,8,208,E,8,8.5,E,8,-9990,0,0,-9990,0,0,1.962,E,8,0.081,E,8,0.20,E,8,0,-9990,0,0
11/11/2005,15:00,467,1393,100,3,10,0,3,20,100,3,10,11619,3,10,0,3,20,11619,3,10,-9990,0,0,10,E,8,9,E,8,17.3,E,8,10.0,E,8,62,E,8,988,E,8,208,E,8,7.3,E,8,-9990,0,0,-9990,0,0,1.874,E,8,0.081,E,8,0.20,E,8,0,-9990,0,0
11/11/2005,16:00,325,1393,16,3,10,0,3,20,16,3,10,2095,3,10,3,3,20,2095,3,10,-9990,0,0,10,E,8,9,E,8,16.4,E,8,9.5,E,8,64,E,8,988,E,8,186,E,8,3.8,E,8,-9990,0,0,-9990,0,0,1.807,E,8,0.081,E,8,0.20,E,8,0,-9990,0,0
11/11/2005,17:00,140,1393,6,3,10,0,3,20,6,3,10,784,3,10,12,3,20,783,3,10,-9990,0,0,10,E,8,9,E,8,15.6,E,8,9.3,E,8,66,E,8,989,E,8,200,E,8,3.2,E,8,-9990,0,0,-9990,0,0,1.777,E,8,0.081,E,8,0.20,E,8,0,-9990,0,0
11/11/2005,18:00,3,109,0,3,10,0,3,20,0,3,10,25,3,10,6,3,20,25,3,10,-9990,0,0,10,E,8,9,E,8,14.9,E,8,8.7,E,8,66,E,8,989,E,8,221,E,8,3.5,E,8,-9990,0,0,-9990,0,0,1.708,E,8,0.081,E,8,0.20,E,8,0,-9990,0,0
11/11/2005,19:00,0,0,0,3,0,0,3,0,0,3,0,0,3,0,0,3,0,0,3,0,-9990,0,0,10,E,8,9,E,8,14.3,E,8,8.5,E,8,68,E,8,989,E,8,205,E,8,1.7,E,8,-9990,0,0,-9990,0,0,1.685,E,8,0.081,E,8,0.20,E,8,0,-9990,0,0
11/11/2005,20:00,0,0,0,3,0,0,3,0,0,3,0,0,3,0,0,3,0,0,3,0,-9990,0,0,10,E,8,9,E,8,13.7,E,8,11.1,E,8,84,E,8,989,E,8,247,E,8,1.2,E,8,-9990,0,0,-9990,0,0,2.016,E,8,0.081,E,8,0.20,E,8,0,-9990,0,0
11/11/2005,21:00,0,0,0,3,0,0,3,0,0,3,0,0,3,0,0,3,0,0,3,0,-9990,0,0,10,E,8,9,E,8,13.2,E,8,11.3,E,8,88,E,8,989,E,8,256,E,8,1.4,E,8,-9990,0,0,-9990,0,0,2.039,E,8,0.081,E,8,0.20,E,8,0,-9990,0,0
11/11/2005,22:00,0,0,0,3,0,0,3,0,0,3,0,0,3,0,0,3,0,0,3,0,-9990,0,0,10,E,8,9,E,8,12.7,E,8,10.7,E,8,88,E,8,989,E,8,199,E,8,0.8,E,8,-9990,0,0,-9990,0,0,1.965,E,8,0.081,E,8,0.20,E,8,0,-9990,0,0
11/11/2005,23:00,0,0,0,3,0,0,3,0,0,3,0,0,3,0,0,3,0,0,3,0,-9990,0,0,10,E,8,9,E,8,12.2,E,8,10.2,E,8,88,E,8,989,E,8,251,E,8,0.3,E,8,-9990,0,0,-9990,0,0,1.893,E,8,0.081,E,8,0.20,E,8,0,-9990,0,0
11/11/2005,24:00,0,0,0,3,0,0,3,0,0,3,0,0,3,0,0,3,0,0,3,0,-9990,0,0,10,E,8,9,E,8,11.6,E,8,9.7,E,8,88,E,8,989,E,8,321,E,8,0.8,E,8,-9990,0,0,-9990,0,0,1.824,E,8,0.081,E,8,0.20,E,8,0,-9990,0,0
11/12/2005,01:00,0,0,0,3,0,0,3,0,0,3,0,0,3,0,0,3,0,0,3,0,-9990,0,0,10,E,8,9,E,8,10.8,E,8,9.0,E,8,89,E,8,989,E,8,299,E,8,0.7,E,8,-9990,0,0,-9990,0,0,1.744,E,8,0.077,E,8,0.20,E,8,0,-9990,0,0
11/12/2005,02:00,0,0,0,3,0,0,3,0,0,3,0,0,3,0,0,3,0,0,3,0,-9990,0,0,10,E,8,9,E,8,9.8,E,8,8.3,E,8,90,E,8,989,E,8,305,E,8,1.2,E,8,-9990,0,0,-9990,0,0,1.656,E,8,0.077,E,8,0.20,E,8,0,-9990,0,0
11/12/2005,03:00,0,0,0,3,0,0,3,0,0,3,0,0,3,0,0,3,0,0,3,0,-9990,0,0,10,E,8,9,E,8,8.9,E,8,7.8,E,8,93,E,8,989,E,8,226,E,8,2.1,E,8,-9990,0,0,-9990,0,0,1.600,E,8,0.077,E,8,0.20,E,8,0,-9990,0,0
11/12/2005,04:00,0,0,0,3,0,0,3,0,0,3,0,0,3,0,0,3,0,0,3,0,-9990,0,0,10,E,8,9,E,8,8.4,E,8,7.4,E,8,93,E,8,989,E,8,214,E,8,1.3,E,8,-9990,0,0,-9990,0,0,1.553,E,8,0.077,E,8,0.20,E,8,0,-9990,0,0
11/12/2005,05:00,0,0,0,3,0,0,3,0,0,3,0,0,3,0,0,3,0,0,3,0,-9990,0,0,10,E,8,9,E,8,7.9,E,8,6.9,E,8,93,E,8,989,E,8,218,E,8,1.2,E,8,-9990,0,0,-9990,0,0,1.502,E,8,0.077,E,8,0.20,E,8,0,-9990,0,0
11/12/2005,06:00,0,0,0,3,0,0,3,0,0,3,0,0,3,0,0,3,0,0,3,0,-9990,0,0,10,E,8,9,E,8,7.5,E,8,6.0,E,8,90,E,8,989,E,8,307,E,8,0.7,E,8,-9990,0,0,-9990,0,0,1.416,E,8,0.077,E,8,0.20,E,8,0,-9990,0,0
11/12/2005,07:00,0,0,0,3,0,0,3,0,0,3,0,0,3,0,0,3,0,0,3,0,-9990,0,0,10,E,8,9,E,8,7.2,E,8,4.3,E,8,82,E,8,989,E,8,274,E,8,1.1,E,8,-9990,0,0,-9990,0,0,1.252,E,8,0.077,E,8,0.20,E,8,0,-9990,0,0
11/12/2005,08:00,2,94,0,3,10,0,3,20,0,3,10,15,3,10,5,3,20,15,3,10,-9990,0,0,10,E,8,9,E,8,7.1,E,8,3.8,E,8,79,E,8,989,E,8,222,E,8,1.6,E,8,-9990,0,0,-9990,0,0,1.213,E,8,0.077,E,8,0.20,E,8,0,-9990,0,0
11/12/2005,09:00,135,1394,34,3,10,9,3,20,33,3,10,3751,3,10,0,3,20,3751,3,10,-9990,0,0,10,E,8,9,E,8,7.8,E,8,4.4,E,8,79,E,8,989,E,8,192,E,8,1.6,E,8,-9990,0,0,-9990,0,0,1.264,E,8,0.077,E,8,0.20,E,8,0,-9990,0,0
11/12/2005,10:00,320,1394,73,3,10,0,3,20,73,3,10,8388,3,10,0,3,20,8388,3,10,-9990,0,0,10,E,8,9,E,8,8.5,E,8,4.9,E,8,78,E,8,989,E,8,185,E,8,2.6,E,8,-9990,0,0,-9990,0,0,1.303,E,8,0.077,E,8,0.20,E,8,0,-9990,0,0
11/12/2005,11:00,462,1394,114,3,10,0,3,20,114,3,10,13130,3,10,0,3,20,13130,3,10,-9990,0,0,10,E,8,9,E,8,9.2,E,8,5.9,E,8,79,E,8,989,E,8,235,E,8,4.5,E,8,-9990,0,0,-9990,0,0,1.399,E,8,0.077,E,8,0.20,E,8,0,-9990,0,0
11/12/2005,12:00,551,1394,159,3,10,11,3,20,154,3,10,18135,3,10,1102,3,20,17699,3,10,-9990,0,0,10,E,8,9,E,8,10.1,E,8,7.0,E,8,81,E,8,989,E,8,162,E,8,3.5,E,8,-9990,0,0,-9990,0,0,1.515,E,8,0.077,E,8,0.20,E,8,0,-9990,0,0
11/12/2005,13:00,582,1394,207,3,10,65,3,20,180,3,10,23046,3,10,5821,3,20,20618,3,10,-9990,0,0,10,E,8,9,E,8,10.9,E,8,7.1,E,8,77,E,8,989,E,8,211,E,8,2.6,E,8,-9990,0,0,-9990,0,0,1.529,E,8,0.077,E,8,0.20,E,8,0,-9990,0,0
11/12/2005,14:00,551,1394,231,3,10,136,3,20,177,3,10,25548,3,10,11647,3,20,20942,3,10,-9990,0,0,9,E,8,8,E,8,11.6,E,8,7.3,E,8,74,E,8,989,E,8,204,E,8,3.8,E,8,-9990,0,0,-9990,0,0,1.542,E,8,0.077,E,8,0.20,E,8,0,-9990,0,0
11/12/2005,15:00,462,1394,215,3,10,228,3,20,140,3,10,23324,3,10,17535,3,20,17513,3,10,-9990,0,0,8,E,8,6,E,8,12.1,E,8,8.1,E,8,77,E,8,989,E,8,242,E,8,3.8,E,8,-9990,0,0,-9990,0,0,1.638,E,8,0.077,E,8,0.20,E,8,0,-9990,0,0
11/12/2005,16:00,320,1394,181,3,10,448,3,20,79,3,10,19018,3,10,31516,3,20,11781,3,10,-9990,0,0,3,E,8,2,E,8,12.3,E,8,8.2,E,8,76,E,8,989,E,8,248,E,8,2.6,E,8,-9990,0,0,-9990,0,0,1.644,E,8,0.077,E,8,0.20,E,8,0,-9990,0,0
11/12/2005,17:00,135,1394,76,3,10,361,3,20,41,3,10,7933,3,10,15755,3,20,6406,3,10,-9990,0,0,4,E,8,3,E,8,11.8,E,8,8.3,E,8,79,E,8,989,E,8,215,E,8,4.5,E,8,-9990,0,0,-9990,0,0,1.663,E,8,0.077,E,8,0.20,E,8,0,-9990,0,0
11/12/2005,18:00,2,94,1,3,10,0,3,20,1,3,10,96,3,10,20,3,20,96,3,10,-9990,0,0,4,E,8,3,E,8,10.9,E,8,8.1,E,8,83,E,8,988,E,8,226,E,8,5.3,E,8,-9990,0,0,-9990,0,0,1.639,E,8,0.077,E,8,0.20,E,8,0,-9990,0,0
11/12/2005,19:00,0,0,0,3,0,0,3,0,0,3,0,0,3,0,0,3,0,0,3,0,-9990,0,0,4,E,8,3,E,8,10.4,E,8,7.9,E,8,84,E,8,988,E,8,244,E,8,6.0,E,8,-9990,0,0,-9990,0,0,1.612,E,8,0.077,E,8,0.20,E,8,0,-9990,0,0
11/12/2005,20:00,0,0,0,3,0,0,3,0,0,3,0,0,3,0,0,3,0,0,3,0,-9990,0,0,5,E,8,5,E,8,9.9,E,8,7.8,E,8,86,E,8,988,E,8,191,E,8,5.5,E,8,-9990,0,0,-9990,0,0,1.601,E,8,0.077,E,8,0.20,E,8,0,-9990,0,0
11/12/2005,21:00,0,0,0,3,0,0,3,0,0,3,0,0,3,0,0,3,0,0,3,0,-9990,0,0,5,E,8,5,E,8,9.5,E,8,7.5,E,8,87,E,8,988,E,8,209,E,8,7.3,E,8,-9990,0,0,-9990,0,0,1.566,E,8,0.077,E,8,0.20,E,8,0,-9990,0,0
11/12/2005,22:00,0,0,0,3,0,0,3,0,0,3,0,0,3,0,0,3,0,0,3,0,-9990,0,0,5,E,8,5,E,8,9.0,E,8,7.6,E,8,91,E,8,988,E,8,250,E,8,7.9,E,8,-9990,0,0,-9990,0,0,1.580,E,8,0.077,E,8,0.20,E,8,0,-9990,0,0
11/12/2005,23:00,0,0,0,3,0,0,3,0,0,3,0,0,3,0,0,3,0,0,3,0,-9990,0,0,6,E,8,6,E,8,8.6,E,8,7.9,E,8,96,E,8,987,E,8,186,E,8,5.7,E,8,-9990,0,0,-9990,0,0,1.618,E,8,0.077,E,8,0.20,E,8,0,-9990,0,0
11/12/2005,24:00,0,0,0,3,0,0,3,0,0,3,0,0,3,0,0,3,0,0,3,0,-9990,0,0,6,E,8,6,E,8,8.1,E,8,7.7,E,8,98,E,8,987,E,8,9,E,8,6.3,E,8,-9990,0,0,-9990,0,0,1.593,E,8,0.077,E,8,0.20,E,8,0,-9990,0,0
11/13/2005,01:00,0,0,0,3,0,0,3,0,0,3,0,0,3,0,0,3,0,0,3,0,-9990,0,0,6,E,8,6,E,8,7.9,E,8,7.1,E,8,95,E,8,987,E,8,161,E,8,4.1,E,8,-9990,0,0,-9990,0,0,1.526,E,8,0.072,E,8,0.20,E,8,0,-9990,0,0
11/13/2005,02:00,0,0,0,3,0,0,3,0,0,3,0,0,3,0,0,3,0,0,3,0,-9990,0,0,6,E,8,6,E,8,7.8,E,8,7.2,E,8,96,E,8,987,E,8,193,E,8,3.5,E,8,-9990,0,0,-9990,0,0,1.534,E,8,0.072,E,8,0.20,E,8,0,-9990,0,0
11/13/2005,03:00,0,0,0,3,0,0,3,0,0,3,0,0,3,0,0,3,0,0,3,0,-9990,0,0,8,E,8,7,E,8,7.6,E,8,7.5,E,8,99,E,8,987,E,8,227,E,8,3.2,E,8,-9990,0,0,-9990,0,0,1.568,E,8,0.072,E,8,0.20,E,8,0,-9990,0,0
11/13/2005,04:00,0,0,0,3,0,0,3,0,0,3,0,0,3,0,0,3,0,0,3,0,-9990,0,0,8,E,8,7,E,8,7.6,E,8,7.3,E,8,98,E,8,987,E,8,156,E,8,2.8,E,8,-9990,0,0,-9990,0,0,1.549,E,8,0.072,E,8,0.20,E,8,0,-9990,0,0
11/13/2005,05:00,0,0,0,3,0,0,3,0,0,3,0,0,3,0,0,3,0,0,3,0,-9990,0,0,8,E,8,7,E,8,7.5,E,8,7.2,E,8,98,E,8,986,E,8,162,E,8,1.3,E,8,-9990,0,0,-9990,0,0,1.532,E,8,0.072,E,8,0.20,E,8,0,-9990,0,0
11/13/2005,06:00,0,0,0,3,0,0,3,0,0,3,0,0,3,0,0,3,0,0,3,0,-9990,0,0,9,E,8,8,E,8,7.5,E,8,7.5,E,8,100,E,8,986,E,8,159,E,8,1.1,E,8,-9990,0,0,-9990,0,0,1.564,E,8,0.072,E,8,0.20,E,8,0,-9990,0,0
11/13/2005,07:00,0,0,0,3,0,0,3,0,0,3,0,0,3,0,0,3,0,0,3,0,-9990,0,0,9,E,8,8,E,8,7.4,E,8,7.1,E,8,98,E,8,986,E,8,151,E,8,1.4,E,8,-9990,0,0,-9990,0,0,1.521,E,8,0.072,E,8,0.20,E,8,0,-9990,0,0
11/13/2005,08:00,1,77,0,3,10,0,3,20,0,3,10,10,3,10,4,3,20,10,3,10,-9990,0,0,9,E,8,8,E,8,7.4,E,8,7.0,E,8,97,E,8,986,E,8,102,E,8,0.5,E,8,-9990,0,0,-9990,0,0,1.519,E,8,0.072,E,8,0.20,E,8,0,-9990,0,0
11/13/2005,09:00,129,1395,14,3,10,0,3,20,14,3,10,1671,3,10,0,3,20,1671,3,10,-9990,0,0,10,E,8,9,E,8,7.7,E,8,7.0,E,8,95,E,8,986,E,8,118,E,8,0.5,E,8,-9990,0,0,-9990,0,0,1.510,E,8,0.072,E,8,0.20,E,8,0,-9990,0,0
11/13/2005,10:00,314,1395,38,3,10,0,3,20,38,3,10,4647,3,10,0,3,20,4647,3,10,-9990,0,0,10,E,8,9,E,8,8.2,E,8,7.1,E,8,92,E,8,985,E,8,79,E,8,1.0,E,8,-9990,0,0,-9990,0,0,1.522,E,8,0.072,E,8,0.20,E,8,0,-9990,0,0
11/13/2005,11:00,456,1395,62,3,10,0,3,20,62,3,10,7522,3,10,0,3,20,7522,3,10,-9990,0,0,10,E,8,9,E,8,8.8,E,8,7.4,E,8,91,E,8,985,E,8,28,E,8,1.6,E,8,-9990,0,0,-9990,0,0,1.562,E,8,0.072,E,8,0.20,E,8,0,-9990,0,0
11/13/2005,12:00,545,1395,81,3,10,0,3,20,81,3,10,9714,3,10,0,3,20,9714,3,10,-9990,0,0,10,E,8,9,E,8,9.3,E,8,7.6,E,8,89,E,8,985,E,8,314,E,8,2.1,E,8,-9990,0,0,-9990,0,0,1.574,E,8,0.072,E,8,0.20,E,8,0,-9990,0,0
11/13/2005,13:00,576,1395,88,3,10,0,3,20,88,3,10,10517,3,10,0,3,20,10517,3,10,-9990,0,0,10,E,8,9,E,8,9.7,E,8,7.4,E,8,86,E,8,985,E,8,44,E,8,2.3,E,8,-9990,0,0,-9990,0,0,1.558,E,8,0.072,E,8,0.20,E,8,0,-9990,0,0
11/13/2005,14:00,546,1395,83,3,10,0,3,20,83,3,10,9942,3,10,0,3,20,9942,3,10,-9990,0,0,10,E,8,9,E,8,9.8,E,8,7.9,E,8,88,E,8,985,E,8,18,E,8,3.2,E,8,-9990,0,0,-9990,0,0,1.611,E,8,0.072,E,8,0.20,E,8,1,-9990,0,0
11/13/2005,15:00,457,1395,58,3,10,0,3,20,58,3,10,6971,3,10,0,3,20,6971,3,10,-9990,0,0,10,E,8,9,E,8,9.9,E,8,7.8,E,8,86,E,8,986,E,8,107,E,8,5.1,E,8,-9990,0,0,-9990,0,0,1.598,E,8,0.072,E,8,0.20,E,8,0,-9990,0,0
11/13/2005,16:00,315,1395,34,3,10,0,3,20,34,3,10,4168,3,10,0,3,20,4168,3,10,-9990,0,0,10,E,8,9,E,8,9.8,E,8,7.3,E,8,84,E,8,986,E,8,60,E,8,6.3,E,8,-9990,0,0,-9990,0,0,1.541,E,8,0.072,E,8,0.20,E,8,0,-9990,0,0
11/13/2005,17:00,130,1395,12,3,10,0,3,20,12,3,10,1510,3,10,3,3,20,1510,3,10,-9990,0,0,10,E,8,9,E,8,9.1,E,8,7.3,E,8,89,E,8,986,E,8,140,E,8,3.8,E,8,-9990,0,0,-9990,0,0,1.546,E,8,0.072,E,8,0.20,E,8,2,-9990,0,0
11/13/2005,18:00,1,80,0,3,10,0,3,20,0,3,10,13,3,10,5,3,20,13,3,10,-9990,0,0,9,E,8,8,E,8,9.2,E,8,6.7,E,8,84,E,8,987,E,8,196,E,8,3.8,E,8,-9990,0,0,-9990,0,0,1.482,E,8,0.072,E,8,0.20,E,8,0,-9990,0,0
11/13/2005,19:00,0,0,0,3,0,0,3,0,0,3,0,0,3,0,0,3,0,0,3,0,-9990,0,0,9,E,8,8,E,8,8.9,E,8,6.4,E,8,84,E,8,987,E,8,181,E,8,4.9,E,8,-9990,0,0,-9990,0,0,1.450,E,8,0.072,E,8,0.20,E,8,0,-9990,0,0
11/13/2005,20:00,0,0,0,3,0,0,3,0,0,3,0,0,3,0,0,3,0,0,3,0,-9990,0,0,8,E,8,7,E,8,8.5,E,8,6.1,E,8,84,E,8,988,E,8,216,E,8,3.5,E,8,-9990,0,0,-9990,0,0,1.419,E,8,0.072,E,8,0.20,E,8,0,-9990,0,0
11/13/2005,21:00,0,0,0,3,0,0,3,0,0,3,0,0,3,0,0,3,0,0,3,0,-9990,0,0,8,E,8,7,E,8,8.2,E,8,6.6,E,8,89,E,8,988,E,8,199,E,8,4.5,E,8,-9990,0,0,-9990,0,0,1.470,E,8,0.072,E,8,0.20,E,8,0,-9990,0,0
11/13/2005,22:00,0,0,0,3,0,0,3,0,0,3,0,0,3,0,0,3,0,0,3,0,-9990,0,0,6,E,8,6,E,8,7.9,E,8,5.9,E,8,87,E,8,989,E,8,199,E,8,3.0,E,8,-9990,0,0,-9990,0,0,1.399,E,8,0.072,E,8,0.20,E,8,0,-9990,0,0
11/13/2005,23:00,0,0,0,3,0,0,3,0,0,3,0,0,3,0,0,3,0,0,3,0,-9990,0,0,6,E,8,6,E,8,7.6,E,8,5.7,E,8,88,E,8,989,E,8,196,E,8,2.6,E,8,-9990,0,0,-9990,0,0,1.383,E,8,0.072,E,8,0.20,E,8,0,-9990,0,0
11/13/2005,24:00,0,0,0,3,0,0,3,0,0,3,0,0,3,0,0,3,0,0,3,0,-9990,0,0,5,E,8,5,E,8,7.2,E,8,5.4,E,8,88,E,8,990,E,8,156,E,8,3.0,E,8,-9990,0,0,-9990,0,0,1.355,E,8,0.072,E,8,0.20,E,8,0,-9990,0,0
11/14/2005,01:00,0,0,0,3,0,0,3,0,0,3,0,0,3,0,0,3,0,0,3,0,-9990,0,0,5,E,8,5,E,8,6.4,E,8,4.8,E,8,90,E,8,990,E,8,153,E,8,2.8,E,8,-9990,0,0,-9990,0,0,1.297,E,8,0.071,E,8,0.20,E,8,0,-9990,0,0
11/14/2005,02:00,0,0,0,3,0,0,3,0,0,3,0,0,3,0,0,3,0,0,3,0,-9990,0,0,5,E,8,5,E,8,5.4,E,8,4.2,E,8,92,E,8,990,E,8,153,E,8,6.0,E,8,-9990,0,0,-9990,0,0,1.245,E,8,0.071,E,8,0.20,E,8,0,-9990,0,0
11/14/2005,03:00,0,0,0,3,0,0,3,0,0,3,0,0,3,0,0,3,0,0,3,0,-9990,0,0,4,E,8,3,E,8,4.5,E,8,4.0,E,8,96,E,8,991,E,8,235,E,8,4.9,E,8,-9990,0,0,-9990,0,0,1.224,E,8,0.071,E,8,0.20,E,8,0,-9990,0,0
11/14/2005,04:00,0,0,0,3,0,0,3,0,0,3,0,0,3,0,0,3,0,0,3,0,-9990,0,0,4,E,8,3,E,8,4.0,E,8,2.8,E,8,92,E,8,991,E,8,232,E,8,4.1,E,8,-9990,0,0,-9990,0,0,1.130,E,8,0.071,E,8,0.20,E,8,0,-9990,0,0
11/14/2005,05:00,0,0,0,3,0,0,3,0,0,3,0,0,3,0,0,3,0,0,3,0,-9990,0,0,3,E,8,2,E,8,3.6,E,8,2.5,E,8,93,E,8,992,E,8,164,E,8,3.5,E,8,-9990,0,0,-9990,0,0,1.108,E,8,0.071,E,8,0.20,E,8,0,-9990,0,0
11/14/2005,06:00,0,0,0,3,0,0,3,0,0,3,0,0,3,0,0,3,0,0,3,0,-9990,0,0,3,E,8,2,E,8,3.3,E,8,1.5,E,8,88,E,8,992,E,8,238,E,8,1.7,E,8,-9990,0,0,-9990,0,0,1.031,E,8,0.071,E,8,0.20,E,8,0,-9990,0,0
11/14/2005,07:00,0,0,0,3,0,0,3,0,0,3,0,0,3,0,0,3,0,0,3,0,-9990,0,0,1,E,8,1,E,8,2.9,E,8,1.1,E,8,88,E,8,993,E,8,228,E,8,1.9,E,8,-9990,0,0,-9990,0,0,1.003,E,8,0.071,E,8,0.20,E,8,0,-9990,0,0
11/14/2005,08:00,1,59,0,3,10,0,3,20,0,3,10,4,3,10,2,3,20,4,3,10,-9990,0,0,1,E,8,1,E,8,2.9,E,8,0.6,E,8,85,E,8,993,E,8,195,E,8,1.2,E,8,-9990,0,0,-9990,0,0,0.966,E,8,0.071,E,8,0.20,E,8,0,-9990,0,0
11/14/2005,09:00,124,1395,62,3,10,336,3,20,32,3,10,6507,3,10,15401,3,20,5142,3,10,-9990,0,0,0,E,8,0,E,8,4.3,E,8,0.5,E,8,77,E,8,993,E,8,200,E,8,0.4,E,8,-9990,0,0,-9990,0,0,0.963,E,8,0.071,E,8,0.20,E,8,0,-9990,0,0
11/14/2005,10:00,308,1395,180,3,10,611,3,20,45,3,10,19191,3,10,54417,3,20,7163,3,10,-9990,0,0,0,E,8,0,E,8,6.5,E,8,0.7,E,8,66,E,8,994,E,8,204,E,8,0.4,E,8,-9990,0,0,-9990,0,0,0.977,E,8,0.071,E,8,0.20,E,8,0,-9990,0,0
11/14/2005,11:00,450,1395,297,3,10,775,3,20,47,3,10,32028,3,10,76543,3,20,7328,3,10,-9990,0,0,0,E,8,0,E,8,8.9,E,8,2.3,E,8,63,E,8,994,E,8,236,E,8,1.1,E,8,-9990,0,0,-9990,0,0,1.088,E,8,0.071,E,8,0.20,E,8,0,-9990,0,0
11/14/2005,12:00,539,1395,373,3,10,840,3,20,49,3,10,40315,3,10,84987,3,20,7451,3,10,-9990,0,0,0,E,8,0,E,8,11.1,E,8,3.2,E,8,58,E,8,995,E,8,230,E,8,0.6,E,8,-9990,0,0,-9990,0,0,1.158,E,8,0.071,E,8,0.20,E,8,0,-9990,0,0
11/14/2005,13:00,570,1395,391,3,10,828,3,20,53,3,10,42166,3,10,83687,3,20,7966,3,10,-9990,0,0,0,E,8,0,E,8,12.6,E,8,3.6,E,8,54,E,8,995,E,8,187,E,8,0.5,E,8,-9990,0,0,-9990,0,0,1.194,E,8,0.071,E,8,0.20,E,8,0,-9990,0,0
11/14/2005,14:00,540,1395,369,3,10,823,3,20,50,3,10,39790,3,10,82922,3,20,7688,3,10,-9990,0,0,0,E,8,0,E,8,13.6,E,8,3.3,E,8,50,E,8,995,E,8,273,E,8,0.4,E,8,-9990,0,0,-9990,0,0,1.171,E,8,0.071,E,8,0.20,E,8,0,-9990,0,0
11/14/2005,15:00,451,1395,303,3,10,774,3,20,53,3,10,32569,3,10,75656,3,20,8091,3,10,-9990,0,0,0,E,8,0,E,8,13.9,E,8,3.0,E,8,48,E,8,995,E,8,313,E,8,0.3,E,8,-9990,0,0,-9990,0,0,1.145,E,8,0.071,E,8,0.20,E,8,0,-9990,0,0
11/14/2005,16:00,310,1395,185,3,10,642,3,20,43,3,10,19925,3,10,58762,3,20,6866,3,10,-9990,0,0,0,E,8,0,E,8,13.4,E,8,3.7,E,8,52,E,8,995,E,8,266,E,8,1.0,E,8,-9990,0,0,-9990,0,0,1.206,E,8,0.071,E,8,0.20,E,8,0,-9990,0,0
11/14/2005,17:00,126,1395,64,3,10,397,3,20,29,3,10,6723,3,10,22156,3,20,4726,3,10,-9990,0,0,0,E,8,0,E,8,12.0,E,8,3.9,E,8,58,E,8,995,E,8,284,E,8,1.1,E,8,-9990,0,0,-9990,0,0,1.221,E,8,0.071,E,8,0.20,E,8,0,-9990,0,0
11/14/2005,18:00,1,66,0,3,10,0,3,20,0,3,10,11,3,10,5,3,20,11,3,10,-9990,0,0,0,E,8,0,E,8,10.4,E,8,3.1,E,8,60,E,8,995,E,8,309,E,8,0.7,E,8,-9990,0,0,-9990,0,0,1.152,E,8,0.071,E,8,0.20,E,8,0,-9990,0,0
11/14/2005,19:00,0,0,0,3,0,0,3,0,0,3,0,0,3,0,0,3,0,0,3,0,-9990,0,0,1,E,8,1,E,8,9.5,E,8,3.2,E,8,64,E,8,995,E,8,311,E,8,0.8,E,8,-9990,0,0,-9990,0,0,1.157,E,8,0.071,E,8,0.20,E,8,0,-9990,0,0
11/14/2005,20:00,0,0,0,3,0,0,3,0,0,3,0,0,3,0,0,3,0,0,3,0,-9990,0,0,1,E,8,1,E,8,8.7,E,8,2.9,E,8,67,E,8,995,E,8,246,E,8,0.2,E,8,-9990,0,0,-9990,0,0,1.134,E,8,0.071,E,8,0.20,E,8,0,-9990,0,0
11/14/2005,21:00,0,0,0,3,0,0,3,0,0,3,0,0,3,0,0,3,0,0,3,0,-9990,0,0,1,E,8,1,E,8,7.8,E,8,2.7,E,8,70,E,8,994,E,8,258,E,8,0.3,E,8,-9990,0,0,-9990,0,0,1.121,E,8,0.071,E,8,0.20,E,8,0,-9990,0,0
11/14/2005,22:00,0,0,0,3,0,0,3,0,0,3,0,0,3,0,0,3,0,0,3,0,-9990,0,0,1,E,8,1,E,8,6.9,E,8,1.7,E,8,69,E,8,994,E,8,260,E,8,0.4,E,8,-9990,0,0,-9990,0,0,1.046,E,8,0.071,E,8,0.20,E,8,0,-9990,0,0
11/14/2005,23:00,0,0,0,3,0,0,3,0,0,3,0,0,3,0,0,3,0,0,3,0,-9990,0,0,1,E,8,1,E,8,6.1,E,8,1.0,E,8,70,E,8,994,E,8,271,E,8,0.4,E,8,-9990,0,0,-9990,0,0,0.998,E,8,0.071,E,8,0.20,E,8,0,-9990,0,0
11/14/2005,24:00,0,0,0,3,0,0,3,0,0,3,0,0,3,0,0,3,0,0,3,0,-9990,0,0,3,E,8,2,E,8,5.2,E,8,0.9,E,8,74,E,8,994,E,8,310,E,8,0.1,E,8,-9990,0,0,-9990,0,0,0.991,E,8,0.071,E,8,0.20,E,8,0,-9990,0,0
11/15/2005,01:00,0,0,0,3,0,0,3,0,0,3,0,0,3,0,0,3,0,0,3,0,-9990,0,0,3,E,8,2,E,8,4.5,E,8,1.3,E,8,80,E,8,994,E,8,319,E,8,0.3,E,8,-9990,0,0,-9990,0,0,1.019,E,8,0.073,E,8,0.20,E,8,0,-9990,0,0
11/15/2005,02:00,0,0,0,3,0,0,3,0,0,3,0,0,3,0,0,3,0,0,3,0,-9990,0,0,3,E,8,2,E,8,3.7,E,8,0.7,E,8,81,E,8,994,E,8,304,E,8,0.2,E,8,-9990,0,0,-9990,0,0,0.973,E,8,0.073,E,8,0.20,E,8,0,-9990,0,0
11/15/2005,03:00,0,0,0,3,0,0,3,0,0,3,0,0,3,0,0,3,0,0,3,0,-9990,0,0,3,E,8,2,E,8,2.9,E,8,0.1,E,8,82,E,8,994,E,8,299,E,8,0.5,E,8,-9990,0,0,-9990,0,0,0.937,E,8,0.073,E,8,0.20,E,8,0,-9990,0,0
11/15/2005,04:00,0,0,0,3,0,0,3,0,0,3,0,0,3,0,0,3,0,0,3,0,-9990,0,0,3,E,8,2,E,8,2.4,E,8,0.0,E,8,84,E,8,994,E,8,266,E,8,1.0,E,8,-9990,0,0,-9990,0,0,0.929,E,8,0.073,E,8,0.20,E,8,0,-9990,0,0
11/15/2005,05:00,0,0,0,3,0,0,3,0,0,3,0,0,3,0,0,3,0,0,3,0,-9990,0,0,4,E,8,3,E,8,2.0,E,8,-0.1,E,8,86,E,8,994,E,8,231,E,8,1.1,E,8,-9990,0,0,-9990,0,0,0.921,E,8,0.073,E,8,0.20,E,8,0,-9990,0,0
11/15/2005,06:00,0,0,0,3,0,0,3,0,0,3,0,0,3,0,0,3,0,0,3,0,-9990,0,0,4,E,8,3,E,8,1.7,E,8,-0.5,E,8,85,E,8,994,E,8,209,E,8,0.5,E,8,-9990,0,0,-9990,0,0,0.895,E,8,0.073,E,8,0.20,E,8,0,-9990,0,0
11/15/2005,07:00,0,0,0,3,0,0,3,0,0,3,0,0,3,0,0,3,0,0,3,0,-9990,0,0,4,E,8,3,E,8,1.4,E,8,-0.8,E,8,85,E,8,994,E,8,194,E,8,1.9,E,8,-9990,0,0,-9990,0,0,0.874,E,8,0.073,E,8,0.20,E,8,0,-9990,0,0
11/15/2005,08:00,0,0,0,3,10,0,3,20,0,3,10,0,3,10,0,3,20,0,3,10,-9990,0,0,4,E,8,3,E,8,1.4,E,8,-0.4,E,8,88,E,8,993,E,8,170,E,8,2.3,E,8,-9990,0,0,-9990,0,0,0.903,E,8,0.073,E,8,0.20,E,8,0,-9990,0,0
11/15/2005,09:00,118,1396,48,3,10,170,3,20,34,3,10,5282,3,10,1796,3,20,5130,3,10,-9990,0,0,4,E,8,3,E,8,2.5,E,8,0.4,E,8,86,E,8,993,E,8,151,E,8,2.8,E,8,-9990,0,0,-9990,0,0,0.951,E,8,0.073,E,8,0.20,E,8,0,-9990,0,0
11/15/2005,10:00,303,1396,132,3,10,268,3,20,74,3,10,14317,3,10,15901,3,20,10870,3,10,-9990,0,0,5,E,8,5,E,8,4.1,E,8,1.0,E,8,80,E,8,993,E,8,163,E,8,2.5,E,8,-9990,0,0,-9990,0,0,0.995,E,8,0.073,E,8,0.20,E,8,0,-9990,0,0
11/15/2005,11:00,444,1396,228,3,10,394,3,20,103,3,10,24879,3,10,30667,3,20,15114,3,10,-9990,0,0,5,E,8,4,E,8,6.0,E,8,1.1,E,8,70,E,8,993,E,8,100,E,8,2.3,E,8,-9990,0,0,-9990,0,0,1.000,E,8,0.073,E,8,0.20,E,8,0,-9990,0,0
11/15/2005,12:00,534,1396,282,3,10,378,3,20,138,3,10,30445,3,10,28019,3,20,19730,3,10,-9990,0,0,5,E,8,4,E,8,7.6,E,8,1.0,E,8,62,E,8,993,E,8,252,E,8,1.7,E,8,-9990,0,0,-9990,0,0,0.992,E,8,0.073,E,8,0.20,E,8,0,-9990,0,0
11/15/2005,13:00,565,1396,311,3,10,393,3,20,152,3,10,33430,3,10,29089,3,20,21663,3,10,-9990,0,0,6,E,8,5,E,8,8.9,E,8,1.8,E,8,61,E,8,993,E,8,208,E,8,1.3,E,8,-9990,0,0,-9990,0,0,1.055,E,8,0.073,E,8,0.20,E,8,0,-9990,0,0
11/15/2005,14:00,535,1396,348,3,10,622,3,20,109,3,10,36897,3,10,54736,3,20,15926,3,10,-9990,0,0,1,E,8,1,E,8,10.1,E,8,2.8,E,8,60,E,8,993,E,8,229,E,8,0.7,E,8,-9990,0,0,-9990,0,0,1.126,E,8,0.073,E,8,0.20,E,8,0,-9990,0,0
11/15/2005,15:00,446,1396,263,3,10,565,3,20,82,3,10,28044,3,10,48779,3,20,12447,3,10,-9990,0,0,0,E,8,0,E,8,10.5,E,8,2.9,E,8,59,E,8,993,E,8,209,E,8,0.4,E,8,-9990,0,0,-9990,0,0,1.137,E,8,0.073,E,8,0.20,E,8,0,-9990,0,0
11/15/2005,16:00,305,1396,183,3,10,516,3,20,70,3,10,19199,3,10,39411,3,20,10579,3,10,-9990,0,0,0,E,8,0,E,8,10.3,E,8,3.2,E,8,61,E,8,993,E,8,149,E,8,1.2,E,8,-9990,0,0,-9990,0,0,1.162,E,8,0.073,E,8,0.20,E,8,0,-9990,0,0
11/15/2005,17:00,121,1396,67,3,10,461,3,20,27,3,10,7032,3,10,29378,3,20,4480,3,10,-9990,0,0,0,E,8,0,E,8,9.2,E,8,2.9,E,8,65,E,8,993,E,8,179,E,8,2.3,E,8,-9990,0,0,-9990,0,0,1.136,E,8,0.073,E,8,0.20,E,8,0,-9990,0,0
11/15/2005,18:00,1,53,0,3,10,0,3,20,0,3,10,21,3,10,11,3,20,21,3,10,-9990,0,0,0,E,8,0,E,8,7.8,E,8,2.6,E,8,70,E,8,993,E,8,145,E,8,1.9,E,8,-9990,0,0,-9990,0,0,1.116,E,8,0.073,E,8,0.20,E,8,0,-9990,0,0
11/15/2005,19:00,0,0,0,3,0,0,3,0,0,3,0,0,3,0,0,3,0,0,3,0,-9990,0,0,0,E,8,0,E,8,7.2,E,8,3.3,E,8,76,E,8,993,E,8,33,E,8,4.9,E,8,-9990,0,0,-9990,0,0,1.169,E,8,0.073,E,8,0.20,E,8,0,-9990,0,0
11/15/2005,20:00,0,0,0,3,0,0,3,0,0,3,0,0,3,0,0,3,0,0,3,0,-9990,0,0,0,E,8,0,E,8,6.7,E,8,3.0,E,8,77,E,8,993,E,8,28,E,8,4.5,E,8,-9990,0,0,-9990,0,0,1.146,E,8,0.073,E,8,0.20,E,8,0,-9990,0,0
11/15/2005,21:00,0,0,0,3,0,0,3,0,0,3,0,0,3,0,0,3,0,0,3,0,-9990,0,0,0,E,8,0,E,8,6.1,E,8,3.0,E,8,80,E,8,993,E,8,107,E,8,4.9,E,8,-9990,0,0,-9990,0,0,1.145,E,8,0.073,E,8,0.20,E,8,0,-9990,0,0
11/15/2005,22:00,0,0,0,3,0,0,3,0,0,3,0,0,3,0,0,3,0,0,3,0,-9990,0,0,0,E,8,0,E,8,5.6,E,8,2.5,E,8,80,E,8,993,E,8,111,E,8,4.5,E,8,-9990,0,0,-9990,0,0,1.104,E,8,0.073,E,8,0.20,E,8,0,-9990,0,0
11/15/2005,23:00,0,0,0,3,0,0,3,0,0,3,0,0,3,0,0,3,0,0,3,0,-9990,0,0,0,E,8,0,E,8,5.0,E,8,2.2,E,8,82,E,8,993,E,8,70,E,8,2.8,E,8,-9990,0,0,-9990,0,0,1.079,E,8,0.073,E,8,0.20,E,8,0,-9990,0,0
11/15/2005,24:00,0,0,0,3,0,0,3,0,0,3,0,0,3,0,0,3,0,0,3,0,-9990,0,0,0,E,8,0,E,8,4.5,E,8,2.3,E,8,86,E,8,993,E,8,28,E,8,2.5,E,8,-9990,0,0,-9990,0,0,1.087,E,8,0.073,E,8,0.20,E,8,0,-9990,0,0
11/16/2005,01:00,0,0,0,3,0,0,3,0,0,3,0,0,3,0,0,3,0,0,3,0,-9990,0,0,0,E,8,0,E,8,4.1,E,8,2.7,E,8,91,E,8,993,E,8,28,E,8,2.5,E,8,-9990,0,0,-9990,0,0,1.124,E,8,0.070,E,8,0.20,E,8,0,-9990,0,0
11/16/2005,02:00,0,0,0,3,0,0,3,0,0,3,0,0,3,0,0,3,0,0,3,0,-9990,0,0,1,E,8,1,E,8,3.7,E,8,2.8,E,8,94,E,8,994,E,8,8,E,8,3.5,E,8,-9990,0,0,-9990,0,0,1.132,E,8,0.070,E,8,0.20,E,8,0,-9990,0,0
11/16/2005,03:00,0,0,0,3,0,0,3,0,0,3,0,0,3,0,0,3,0,0,3,0,-9990,0,0,1,E,8,1,E,8,3.4,E,8,3.0,E,8,98,E,8,994,E,8,127,E,8,5.7,E,8,-9990,0,0,-9990,0,0,1.147,E,8,0.070,E,8,0.20,E,8,0,-9990,0,0
11/16/2005,04:00,0,0,0,3,0,0,3,0,0,3,0,0,3,0,0,3,0,0,3,0,-9990,0,0,1,E,8,1,E,8,3.2,E,8,2.4,E,8,94,E,8,994,E,8,127,E,8,4.5,E,8,-9990,0,0,-9990,0,0,1.096,E,8,0.070,E,8,0.20,E,8,0,-9990,0,0
11/16/2005,05:00,0,0,0,3,0,0,3,0,0,3,0,0,3,0,0,3,0,0,3,0,-9990,0,0,1,E,8,1,E,8,3.0,E,8,2.0,E,8,93,E,8,994,E,8,193,E,8,3.5,E,8,-9990,0,0,-9990,0,0,1.064,E,8,0.070,E,8,0.20,E,8,0,-9990,0,0
11/16/2005,06:00,0,0,0,3,0,0,3,0,0,3,0,0,3,0,0,3,0,0,3,0,-9990,0,0,1,E,8,1,E,8,3.0,E,8,1.9,E,8,93,E,8,994,E,8,113,E,8,2.8,E,8,-9990,0,0,-9990,0,0,1.061,E,8,0.070,E,8,0.20,E,8,0,-9990,0,0
11/16/2005,07:00,0,0,0,3,0,0,3,0,0,3,0,0,3,0,0,3,0,0,3,0,-9990,0,0,1,E,8,1,E,8,2.9,E,8,1.9,E,8,94,E,8,994,E,8,168,E,8,2.3,E,8,-9990,0,0,-9990,0,0,1.063,E,8,0.070,E,8,0.20,E,8,0,-9990,0,0
11/16/2005,08:00,0,0,0,3,10,0,3,20,0,3,10,0,3,10,0,3,20,0,3,10,-9990,0,0,1,E,8,1,E,8,2.9,E,8,2.0,E,8,94,E,8,994,E,8,262,E,8,3.5,E,8,-9990,0,0,-9990,0,0,1.067,E,8,0.070,E,8,0.20,E,8,0,-9990,0,0
11/16/2005,09:00,112,1396,52,3,10,275,3,20,30,3,10,5498,3,10,8038,3,20,4851,3,10,-9990,0,0,1,E,8,1,E,8,4.2,E,8,2.9,E,8,91,E,8,994,E,8,143,E,8,2.1,E,8,-9990,0,0,-9990,0,0,1.137,E,8,0.070,E,8,0.20,E,8,0,-9990,0,0
11/16/2005,10:00,297,1396,165,3,10,523,3,20,53,3,10,17691,3,10,42990,3,20,8550,3,10,-9990,0,0,1,E,8,1,E,8,6.5,E,8,4.5,E,8,87,E,8,994,E,8,203,E,8,1.0,E,8,-9990,0,0,-9990,0,0,1.274,E,8,0.070,E,8,0.20,E,8,0,-9990,0,0
11/16/2005,11:00,439,1396,254,3,10,542,3,20,84,3,10,27152,3,10,45945,3,20,12716,3,10,-9990,0,0,1,E,8,1,E,8,8.8,E,8,5.1,E,8,78,E,8,994,E,8,211,E,8,0.8,E,8,-9990,0,0,-9990,0,0,1.325,E,8,0.070,E,8,0.20,E,8,0,-9990,0,0
11/16/2005,12:00,528,1396,334,3,10,660,3,20,85,3,10,36248,3,10,61354,3,20,13041,3,10,-9990,0,0,0,E,8,0,E,8,10.9,E,8,5.7,E,8,70,E,8,994,E,8,193,E,8,0.9,E,8,-9990,0,0,-9990,0,0,1.378,E,8,0.070,E,8,0.20,E,8,0,-9990,0,0
11/16/2005,13:00,559,1396,379,3,10,753,3,20,78,3,10,40850,3,10,72956,3,20,11637,3,10,-9990,0,0,0,E,8,0,E,8,12.8,E,8,5.6,E,8,61,E,8,994,E,8,185,E,8,2.1,E,8,-9990,0,0,-9990,0,0,1.370,E,8,0.070,E,8,0.20,E,8,0,-9990,0,0
11/16/2005,14:00,530,1396,324,3,10,594,3,20,99,3,10,34763,3,10,52672,3,20,14790,3,10,-9990,0,0,1,E,8,1,E,8,13.7,E,8,6.0,E,8,60,E,8,994,E,8,90,E,8,2.3,E,8,-9990,0,0,-9990,0,0,1.415,E,8,0.070,E,8,0.20,E,8,0,-9990,0,0
11/16/2005,15:00,441,1396,263,3,10,617,3,20,68,3,10,28551,3,10,56282,3,20,10762,3,10,-9990,0,0,0,E,8,0,E,8,14.0,E,8,5.9,E,8,58,E,8,994,E,8,208,E,8,2.1,E,8,-9990,0,0,-9990,0,0,1.401,E,8,0.070,E,8,0.20,E,8,0,-9990,0,0
11/16/2005,16:00,301,1396,154,3,10,450,3,20,57,3,10,16485,3,10,34461,3,20,9066,3,10,-9990,0,0,0,E,8,0,E,8,13.4,E,8,6.4,E,8,62,E,8,994,E,8,231,E,8,2.1,E,8,-9990,0,0,-9990,0,0,1.447,E,8,0.070,E,8,0.20,E,8,0,-9990,0,0
11/16/2005,17:00,117,1396,52,3,10,207,3,20,34,3,10,5659,3,10,4762,3,20,5260,3,10,-9990,0,0,0,E,8,0,E,8,12.1,E,8,6.1,E,8,67,E,8,994,E,8,224,E,8,1.9,E,8,-9990,0,0,-9990,0,0,1.424,E,8,0.070,E,8,0.20,E,8,0,-9990,0,0
11/16/2005,18:00,0,0,0,3,10,0,3,20,0,3,10,0,3,10,0,3,20,0,3,10,-9990,0,0,0,E,8,0,E,8,10.6,E,8,5.6,E,8,71,E,8,994,E,8,138,E,8,1.4,E,8,-9990,0,0,-9990,0,0,1.373,E,8,0.070,E,8,0.20,E,8,0,-9990,0,0
11/16/2005,19:00,0,0,0,3,0,0,3,0,0,3,0,0,3,0,0,3,0,0,3,0,-9990,0,0,0,E,8,0,E,8,10.0,E,8,5.6,E,8,74,E,8,994,E,8,192,E,8,1.6,E,8,-9990,0,0,-9990,0,0,1.369,E,8,0.070,E,8,0.20,E,8,0,-9990,0,0
11/16/2005,20:00,0,0,0,3,0,0,3,0,0,3,0,0,3,0,0,3,0,0,3,0,-9990,0,0,0,E,8,0,E,8,9.4,E,8,5.6,E,8,77,E,8,994,E,8,193,E,8,1.0,E,8,-9990,0,0,-9990,0,0,1.374,E,8,0.070,E,8,0.20,E,8,0,-9990,0,0
11/16/2005,21:00,0,0,0,3,0,0,3,0,0,3,0,0,3,0,0,3,0,0,3,0,-9990,0,0,0,E,8,0,E,8,8.9,E,8,5.5,E,8,79,E,8,994,E,8,230,E,8,0.4,E,8,-9990,0,0,-9990,0,0,1.363,E,8,0.070,E,8,0.20,E,8,0,-9990,0,0
11/16/2005,22:00,0,0,0,3,0,0,3,0,0,3,0,0,3,0,0,3,0,0,3,0,-9990,0,0,0,E,8,0,E,8,8.3,E,8,4.9,E,8,79,E,8,994,E,8,254,E,8,0.3,E,8,-9990,0,0,-9990,0,0,1.310,E,8,0.070,E,8,0.20,E,8,0,-9990,0,0
11/16/2005,23:00,0,0,0,3,0,0,3,0,0,3,0,0,3,0,0,3,0,0,3,0,-9990,0,0,0,E,8,0,E,8,7.7,E,8,5.0,E,8,83,E,8,994,E,8,159,E,8,0.2,E,8,-9990,0,0,-9990,0,0,1.313,E,8,0.070,E,8,0.20,E,8,0,-9990,0,0
11/16/2005,24:00,0,0,0,3,0,0,3,0,0,3,0,0,3,0,0,3,0,0,3,0,-9990,0,0,0,E,8,0,E,8,7.1,E,8,5.0,E,8,86,E,8,994,E,8,253,E,8,0.4,E,8,-9990,0,0,-9990,0,0,1.315,E,8,0.070,E,8,0.20,E,8,0,-9990,0,0
11/17/2005,01:00,0,0,0,3,0,0,3,0,0,3,0,0,3,0,0,3,0,0,3,0,-9990,0,0,0,E,8,0,E,8,6.4,E,8,4.6,E,8,88,E,8,994,E,8,224,E,8,0.4,E,8,-9990,0,0,-9990,0,0,1.282,E,8,0.077,E,8,0.20,E,8,0,-9990,0,0
11/17/2005,02:00,0,0,0,3,0,0,3,0,0,3,0,0,3,0,0,3,0,0,3,0,-9990,0,0,0,E,8,0,E,8,5.7,E,8,4.1,E,8,90,E,8,994,E,8,150,E,8,0.4,E,8,-9990,0,0,-9990,0,0,1.240,E,8,0.077,E,8,0.20,E,8,0,-9990,0,0
11/17/2005,03:00,0,0,0,3,0,0,3,0,0,3,0,0,3,0,0,3,0,0,3,0,-9990,0,0,0,E,8,0,E,8,5.0,E,8,3.8,E,8,92,E,8,994,E,8,162,E,8,0.3,E,8,-9990,0,0,-9990,0,0,1.213,E,8,0.077,E,8,0.20,E,8,0,-9990,0,0
11/17/2005,04:00,0,0,0,3,0,0,3,0,0,3,0,0,3,0,0,3,0,0,3,0,-9990,0,0,0,E,8,0,E,8,4.6,E,8,3.7,E,8,94,E,8,994,E,8,38,E,8,0.2,E,8,-9990,0,0,-9990,0,0,1.202,E,8,0.077,E,8,0.20,E,8,0,-9990,0,0
11/17/2005,05:00,0,0,0,3,0,0,3,0,0,3,0,0,3,0,0,3,0,0,3,0,-9990,0,0,0,E,8,0,E,8,4.2,E,8,4.2,E,8,99,E,8,994,E,8,88,E,8,0.2,E,8,-9990,0,0,-9990,0,0,1.241,E,8,0.077,E,8,0.20,E,8,0,-9990,0,0
11/17/2005,06:00,0,0,0,3,0,0,3,0,0,3,0,0,3,0,0,3,0,0,3,0,-9990,0,0,0,E,8,0,E,8,4.0,E,8,4.0,E,8,100,E,8,994,E,8,71,E,8,0.9,E,8,-9990,0,0,-9990,0,0,1.227,E,8,0.077,E,8,0.20,E,8,0,-9990,0,0
11/17/2005,07:00,0,0,0,3,0,0,3,0,0,3,0,0,3,0,0,3,0,0,3,0,-9990,0,0,0,E,8,0,E,8,3.7,E,8,3.7,E,8,100,E,8,994,E,8,20,E,8,0.6,E,8,-9990,0,0,-9990,0,0,1.205,E,8,0.077,E,8,0.20,E,8,0,-9990,0,0
11/17/2005,08:00,0,0,0,3,10,0,3,20,0,3,10,0,3,10,0,3,20,0,3,10,-9990,0,0,0,E,8,0,E,8,3.7,E,8,3.7,E,8,100,E,8,994,E,8,29,E,8,1.0,E,8,-9990,0,0,-9990,0,0,1.203,E,8,0.077,E,8,0.20,E,8,0,-9990,0,0
11/17/2005,09:00,107,1397,49,3,10,212,3,20,32,3,10,5366,3,10,4747,3,20,5003,3,10,-9990,0,0,0,E,8,0,E,8,4.8,E,8,4.2,E,8,96,E,8,994,E,8,56,E,8,0.7,E,8,-9990,0,0,-9990,0,0,1.247,E,8,0.077,E,8,0.20,E,8,0,-9990,0,0
11/17/2005,10:00,291,1397,147,3,10,427,3,20,58,3,10,15692,3,10,31509,3,20,9123,3,10,-9990,0,0,0,E,8,0,E,8,6.7,E,8,4.3,E,8,84,E,8,994,E,8,314,E,8,1.1,E,8,-9990,0,0,-9990,0,0,1.251,E,8,0.077,E,8,0.20,E,8,0,-9990,0,0
11/17/2005,11:00,433,1397,249,3,10,559,3,20,75,3,10,26782,3,10,48746,3,20,11669,3,10,-9990,0,0,0,E,8,0,E,8,8.8,E,8,4.8,E,8,76,E,8,994,E,8,323,E,8,1.0,E,8,-9990,0,0,-9990,0,0,1.299,E,8,0.077,E,8,0.20,E,8,0,-9990,0,0
11/17/2005,12:00,523,1397,322,3,10,640,3,20,83,3,10,34945,3,10,59308,3,20,12756,3,10,-9990,0,0,0,E,8,0,E,8,10.7,E,8,4.4,E,8,65,E,8,994,E,8,328,E,8,1.4,E,8,-9990,0,0,-9990,0,0,1.264,E,8,0.077,E,8,0.20,E,8,0,-9990,0,0
11/17/2005,13:00,554,1397,344,3,10,648,3,20,87,3,10,37430,3,10,60507,3,20,13445,3,10,-9990,0,0,0,E,8,0,E,8,12.2,E,8,5.7,E,8,65,E,8,994,E,8,318,E,8,2.1,E,8,-9990,0,0,-9990,0,0,1.384,E,8,0.077,E,8,0.20,E,8,0,-9990,0,0
11/17/2005,14:00,524,1397,329,3,10,680,3,20,74,3,10,35437,3,10,64696,3,20,11152,3,10,-9990,0,0,0,E,8,0,E,8,13.1,E,8,6.1,E,8,62,E,8,994,E,8,343,E,8,5.1,E,8,-9990,0,0,-9990,0,0,1.423,E,8,0.077,E,8,0.20,E,8,0,-9990,0,0
11/17/2005,15:00,436,1397,276,3,10,679,3,20,64,3,10,29595,3,10,63023,3,20,9903,3,10,-9990,0,0,0,E,8,0,E,8,13.5,E,8,5.8,E,8,60,E,8,993,E,8,34,E,8,5.3,E,8,-9990,0,0,-9990,0,0,1.393,E,8,0.077,E,8,0.20,E,8,0,-9990,0,0
11/17/2005,16:00,296,1397,158,3,10,470,3,20,58,3,10,16834,3,10,36136,3,20,9175,3,10,-9990,0,0,0,E,8,0,E,8,13.0,E,8,5.2,E,8,59,E,8,993,E,8,1,E,8,4.1,E,8,-9990,0,0,-9990,0,0,1.339,E,8,0.077,E,8,0.20,E,8,0,-9990,0,0
11/17/2005,17:00,113,1397,59,3,10,297,3,20,35,3,10,6226,3,10,7543,3,20,5618,3,10,-9990,0,0,1,E,8,1,E,8,11.8,E,8,5.3,E,8,65,E,8,993,E,8,57,E,8,4.9,E,8,-9990,0,0,-9990,0,0,1.346,E,8,0.077,E,8,0.20,E,8,0,-9990,0,0
11/17/2005,18:00,0,0,0,3,10,0,3,20,0,3,10,0,3,10,0,3,20,0,3,10,-9990,0,0,1,E,8,1,E,8,10.4,E,8,5.9,E,8,74,E,8,993,E,8,106,E,8,5.5,E,8,-9990,0,0,-9990,0,0,1.407,E,8,0.077,E,8,0.20,E,8,0,-9990,0,0
11/17/2005,19:00,0,0,0,3,0,0,3,0,0,3,0,0,3,0,0,3,0,0,3,0,-9990,0,0,3,E,8,2,E,8,9.8,E,8,6.5,E,8,80,E,8,992,E,8,107,E,8,6.9,E,8,-9990,0,0,-9990,0,0,1.463,E,8,0.077,E,8,0.20,E,8,0,-9990,0,0
11/17/2005,20:00,0,0,0,3,0,0,3,0,0,3,0,0,3,0,0,3,0,0,3,0,-9990,0,0,3,E,8,2,E,8,9.2,E,8,6.3,E,8,82,E,8,992,E,8,167,E,8,6.5,E,8,-9990,0,0,-9990,0,0,1.441,E,8,0.077,E,8,0.20,E,8,0,-9990,0,0
11/17/2005,21:00,0,0,0,3,0,0,3,0,0,3,0,0,3,0,0,3,0,0,3,0,-9990,0,0,4,E,8,3,E,8,8.7,E,8,5.9,E,8,83,E,8,992,E,8,172,E,8,6.5,E,8,-9990,0,0,-9990,0,0,1.406,E,8,0.077,E,8,0.20,E,8,0,-9990,0,0
11/17/2005,22:00,0,0,0,3,0,0,3,0,0,3,0,0,3,0,0,3,0,0,3,0,-9990,0,0,4,E,8,3,E,8,8.1,E,8,5.1,E,8,81,E,8,992,E,8,145,E,8,6.9,E,8,-9990,0,0,-9990,0,0,1.330,E,8,0.077,E,8,0.20,E,8,0,-9990,0,0
11/17/2005,23:00,0,0,0,3,0,0,3,0,0,3,0,0,3,0,0,3,0,0,3,0,-9990,0,0,4,E,8,3,E,8,7.6,E,8,5.3,E,8,86,E,8,991,E,8,233,E,8,7.9,E,8,-9990,0,0,-9990,0,0,1.349,E,8,0.077,E,8,0.20,E,8,0,-9990,0,0
11/17/2005,24:00,0,0,0,3,0,0,3,0,0,3,0,0,3,0,0,3,0,0,3,0,-9990,0,0,5,E,8,5,E,8,7.0,E,8,5.1,E,8,88,E,8,991,E,8,248,E,8,7.9,E,8,-9990,0,0,-9990,0,0,1.327,E,8,0.077,E,8,0.20,E,8,0,-9990,0,0
11/18/2005,01:00,0,0,0,3,0,0,3,0,0,3,0,0,3,0,0,3,0,0,3,0,-9990,0,0,5,E,8,5,E,8,6.6,E,8,5.2,E,8,90,E,8,991,E,8,234,E,8,9.3,E,8,-9990,0,0,-9990,0,0,1.331,E,8,0.083,E,8,0.20,E,8,0,-9990,0,0
11/18/2005,02:00,0,0,0,3,0,0,3,0,0,3,0,0,3,0,0,3,0,0,3,0,-9990,0,0,6,E,8,6,E,8,6.1,E,8,5.2,E,8,93,E,8,991,E,8,227,E,8,8.5,E,8,-9990,0,0,-9990,0,0,1.331,E,8,0.083,E,8,0.20,E,8,0,-9990,0,0
11/18/2005,03:00,0,0,0,3,0,0,3,0,0,3,0,0,3,0,0,3,0,0,3,0,-9990,0,0,6,E,8,6,E,8,5.7,E,8,4.2,E,8,91,E,8,990,E,8,238,E,8,9.3,E,8,-9990,0,0,-9990,0,0,1.249,E,8,0.083,E,8,0.20,E,8,0,-9990,0,0
11/18/2005,04:00,0,0,0,3,0,0,3,0,0,3,0,0,3,0,0,3,0,0,3,0,-9990,0,0,6,E,8,6,E,8,5.4,E,8,4.3,E,8,92,E,8,990,E,8,226,E,8,13.2,E,8,-9990,0,0,-9990,0,0,1.250,E,8,0.083,E,8,0.20,E,8,0,-9990,0,0
11/18/2005,05:00,0,0,0,3,0,0,3,0,0,3,0,0,3,0,0,3,0,0,3,0,-9990,0,0,8,E,8,7,E,8,5.1,E,8,4.4,E,8,95,E,8,990,E,8,255,E,8,11.7,E,8,-9990,0,0,-9990,0,0,1.260,E,8,0.083,E,8,0.20,E,8,0,-9990,0,0
11/18/2005,06:00,0,0,0,3,0,0,3,0,0,3,0,0,3,0,0,3,0,0,3,0,-9990,0,0,8,E,8,7,E,8,4.9,E,8,4.2,E,8,96,E,8,989,E,8,312,E,8,8.8,E,8,-9990,0,0,-9990,0,0,1.246,E,8,0.083,E,8,0.20,E,8,0,-9990,0,0
11/18/2005,07:00,0,0,0,3,0,0,3,0,0,3,0,0,3,0,0,3,0,0,3,0,-9990,0,0,9,E,8,8,E,8,4.6,E,8,4.6,E,8,100,E,8,989,E,8,314,E,8,6.3,E,8,-9990,0,0,-9990,0,0,1.283,E,8,0.083,E,8,0.20,E,8,0,-9990,0,0
11/18/2005,08:00,0,0,0,3,0,0,3,0,0,3,0,0,3,0,0,3,0,0,3,0,-9990,0,0,9,E,8,8,E,8,4.4,E,8,4.4,E,8,100,E,8,989,E,8,301,E,8,5.5,E,8,-9990,0,0,-9990,0,0,1.266,E,8,0.083,E,8,0.20,E,8,0,-9990,0,0
11/18/2005,09:00,98,688,4,3,10,0,3,20,4,3,10,523,3,10,9,3,20,521,3,10,-9990,0,0,10,E,8,9,E,8,4.4,E,8,4.0,E,8,97,E,8,989,E,8,285,E,8,4.1,E,8,-9990,0,0,-9990,0,0,1.229,E,8,0.083,E,8,0.20,E,8,1,-9990,0,0
11/18/2005,10:00,286,1397,71,3,10,0,3,20,71,3,10,8196,3,10,0,3,20,8196,3,10,-9990,0,0,10,E,8,9,E,8,5.7,E,8,5.1,E,8,96,E,8,988,E,8,203,E,8,2.5,E,8,-9990,0,0,-9990,0,0,1.324,E,8,0.083,E,8,0.20,E,8,0,-9990,0,0
11/18/2005,11:00,428,1397,98,3,10,0,3,20,98,3,10,11369,3,10,0,3,20,11369,3,10,-9990,0,0,10,E,8,9,E,8,6.4,E,8,5.5,E,8,94,E,8,988,E,8,212,E,8,1.7,E,8,-9990,0,0,-9990,0,0,1.362,E,8,0.083,E,8,0.20,E,8,0,-9990,0,0
11/18/2005,12:00,517,1397,129,3,10,1,3,20,129,3,10,14988,3,10,0,3,20,14988,3,10,-9990,0,0,10,E,8,9,E,8,7.0,E,8,5.8,E,8,92,E,8,988,E,8,184,E,8,2.5,E,8,-9990,0,0,-9990,0,0,1.396,E,8,0.083,E,8,0.20,E,8,0,-9990,0,0
11/18/2005,13:00,548,1397,191,3,10,61,3,20,167,3,10,21249,3,10,5306,3,20,19166,3,10,-9990,0,0,10,E,8,9,E,8,7.8,E,8,5.9,E,8,88,E,8,988,E,8,194,E,8,2.5,E,8,-9990,0,0,-9990,0,0,1.402,E,8,0.083,E,8,0.20,E,8,0,-9990,0,0
11/18/2005,14:00,519,1397,159,3,10,25,3,20,150,3,10,17648,3,10,1234,3,20,17190,3,10,-9990,0,0,10,E,8,9,E,8,8.1,E,8,6.3,E,8,88,E,8,988,E,8,262,E,8,2.3,E,8,-9990,0,0,-9990,0,0,1.438,E,8,0.083,E,8,0.20,E,8,0,-9990,0,0
11/18/2005,15:00,432,1397,176,3,10,145,3,20,132,3,10,19676,3,10,12556,3,20,15797,3,10,-9990,0,0,9,E,8,8,E,8,8.4,E,8,6.9,E,8,90,E,8,988,E,8,154,E,8,2.1,E,8,-9990,0,0,-9990,0,0,1.505,E,8,0.083,E,8,0.20,E,8,0,-9990,0,0
11/18/2005,16:00,292,1397,84,3,10,23,3,20,79,3,10,9346,3,10,828,3,20,9173,3,10,-9990,0,0,9,E,8,8,E,8,8.0,E,8,6.7,E,8,91,E,8,988,E,8,205,E,8,2.8,E,8,-9990,0,0,-9990,0,0,1.480,E,8,0.083,E,8,0.20,E,8,0,-9990,0,0
11/18/2005,17:00,109,1397,22,3,10,0,3,20,22,3,10,2638,3,10,0,3,20,2638,3,10,-9990,0,0,9,E,8,8,E,8,7.3,E,8,6.3,E,8,93,E,8,988,E,8,352,E,8,2.3,E,8,-9990,0,0,-9990,0,0,1.440,E,8,0.083,E,8,0.20,E,8,0,-9990,0,0
11/18/2005,18:00,0,0,0,3,10,0,3,20,0,3,10,0,3,10,0,3,20,0,3,10,-9990,0,0,9,E,8,8,E,8,6.6,E,8,6.1,E,8,97,E,8,988,E,8,31,E,8,2.1,E,8,-9990,0,0,-9990,0,0,1.424,E,8,0.083,E,8,0.20,E,8,0,-9990,0,0
11/18/2005,19:00,0,0,0,3,0,0,3,0,0,3,0,0,3,0,0,3,0,0,3,0,-9990,0,0,9,E,8,8,E,8,6.9,E,8,6.9,E,8,100,E,8,988,E,8,342,E,8,3.2,E,8,-9990,0,0,-9990,0,0,1.505,E,8,0.083,E,8,0.20,E,8,0,-9990,0,0
11/18/2005,20:00,0,0,0,3,0,0,3,0,0,3,0,0,3,0,0,3,0,0,3,0,-9990,0,0,9,E,8,8,E,8,7.2,E,8,7.2,E,8,100,E,8,988,E,8,59,E,8,1.9,E,8,-9990,0,0,-9990,0,0,1.540,E,8,0.083,E,8,0.20,E,8,0,-9990,0,0
11/18/2005,21:00,0,0,0,3,0,0,3,0,0,3,0,0,3,0,0,3,0,0,3,0,-9990,0,0,9,E,8,8,E,8,7.6,E,8,7.6,E,8,100,E,8,988,E,8,39,E,8,1.7,E,8,-9990,0,0,-9990,0,0,1.575,E,8,0.083,E,8,0.20,E,8,0,-9990,0,0
11/18/2005,22:00,0,0,0,3,0,0,3,0,0,3,0,0,3,0,0,3,0,0,3,0,-9990,0,0,9,E,8,8,E,8,7.9,E,8,7.9,E,8,100,E,8,988,E,8,331,E,8,1.4,E,8,-9990,0,0,-9990,0,0,1.612,E,8,0.083,E,8,0.20,E,8,0,-9990,0,0
11/18/2005,23:00,0,0,0,3,0,0,3,0,0,3,0,0,3,0,0,3,0,0,3,0,-9990,0,0,9,E,8,8,E,8,8.2,E,8,8.2,E,8,100,E,8,988,E,8,328,E,8,1.9,E,8,-9990,0,0,-9990,0,0,1.649,E,8,0.083,E,8,0.20,E,8,0,-9990,0,0
11/18/2005,24:00,0,0,0,3,0,0,3,0,0,3,0,0,3,0,0,3,0,0,3,0,-9990,0,0,9,E,8,8,E,8,8.5,E,8,8.5,E,8,100,E,8,988,E,8,324,E,8,2.5,E,8,-9990,0,0,-9990,0,0,1.687,E,8,0.083,E,8,0.20,E,8,0,-9990,0,0
11/19/2005,01:00,0,0,0,3,0,0,3,0,0,3,0,0,3,0,0,3,0,0,3,0,-9990,0,0,9,E,8,8,E,8,8.8,E,8,8.5,E,8,98,E,8,988,E,8,338,E,8,3.8,E,8,-9990,0,0,-9990,0,0,1.685,E,8,0.080,E,8,0.20,E,8,0,-9990,0,0
11/19/2005,02:00,0,0,0,3,0,0,3,0,0,3,0,0,3,0,0,3,0,0,3,0,-9990,0,0,9,E,8,8,E,8,9.1,E,8,8.4,E,8,95,E,8,988,E,8,326,E,8,4.1,E,8,-9990,0,0,-9990,0,0,1.669,E,8,0.080,E,8,0.20,E,8,0,-9990,0,0
11/19/2005,03:00,0,0,0,3,0,0,3,0,0,3,0,0,3,0,0,3,0,0,3,0,-9990,0,0,10,E,8,9,E,8,9.4,E,8,7.8,E,8,90,E,8,988,E,8,341,E,8,4.5,E,8,-9990,0,0,-9990,0,0,1.601,E,8,0.080,E,8,0.20,E,8,0,-9990,0,0
11/19/2005,04:00,0,0,0,3,0,0,3,0,0,3,0,0,3,0,0,3,0,0,3,0,-9990,0,0,10,E,8,9,E,8,9.6,E,8,8.0,E,8,89,E,8,988,E,8,79,E,8,3.8,E,8,-9990,0,0,-9990,0,0,1.619,E,8,0.080,E,8,0.20,E,8,0,-9990,0,0
11/19/2005,05:00,0,0,0,3,0,0,3,0,0,3,0,0,3,0,0,3,0,0,3,0,-9990,0,0,10,E,8,9,E,8,9.8,E,8,7.4,E,8,85,E,8,988,E,8,187,E,8,3.8,E,8,-9990,0,0,-9990,0,0,1.561,E,8,0.080,E,8,0.20,E,8,0,-9990,0,0
11/19/2005,06:00,0,0,0,3,0,0,3,0,0,3,0,0,3,0,0,3,0,0,3,0,-9990,0,0,10,E,8,9,E,8,10.1,E,8,8.2,E,8,88,E,8,988,E,8,81,E,8,4.1,E,8,-9990,0,0,-9990,0,0,1.648,E,8,0.080,E,8,0.20,E,8,0,-9990,0,0
11/19/2005,07:00,0,0,0,3,0,0,3,0,0,3,0,0,3,0,0,3,0,0,3,0,-9990,0,0,10,E,8,9,E,8,10.2,E,8,7.9,E,8,85,E,8,988,E,8,152,E,8,2.6,E,8,-9990,0,0,-9990,0,0,1.611,E,8,0.080,E,8,0.20,E,8,0,-9990,0,0
11/19/2005,08:00,0,0,0,3,0,0,3,0,0,3,0,0,3,0,0,3,0,0,3,0,-9990,0,0,10,E,8,9,E,8,10.4,E,8,8.7,E,8,89,E,8,988,E,8,174,E,8,1.9,E,8,-9990,0,0,-9990,0,0,1.708,E,8,0.080,E,8,0.20,E,8,0,-9990,0,0
11/19/2005,09:00,92,670,5,3,10,0,3,20,5,3,10,646,3,10,9,3,20,645,3,10,-9990,0,0,10,E,8,9,E,8,10.8,E,8,9.8,E,8,93,E,8,988,E,8,121,E,8,2.3,E,8,-9990,0,0,-9990,0,0,1.842,E,8,0.080,E,8,0.20,E,8,0,-9990,0,0
11/19/2005,10:00,280,1398,26,3,10,0,3,20,26,3,10,3223,3,10,0,3,20,3223,3,10,-9990,0,0,10,E,8,9,E,8,11.5,E,8,10.7,E,8,95,E,8,988,E,8,77,E,8,3.0,E,8,-9990,0,0,-9990,0,0,1.959,E,8,0.080,E,8,0.20,E,8,0,-9990,0,0
11/19/2005,11:00,422,1398,56,3,10,0,3,20,56,3,10,6835,3,10,0,3,20,6835,3,10,-9990,0,0,10,E,8,9,E,8,12.4,E,8,11.3,E,8,93,E,8,988,E,8,345,E,8,1.9,E,8,-9990,0,0,-9990,0,0,2.040,E,8,0.080,E,8,0.20,E,8,0,-9990,0,0
11/19/2005,12:00,512,1398,26,3,10,0,3,20,26,3,10,3369,3,10,0,3,20,3369,3,10,-9990,0,0,10,E,8,9,E,8,12.5,E,8,11.9,E,8,97,E,8,988,E,8,87,E,8,1.6,E,8,-9990,0,0,-9990,0,0,2.140,E,8,0.080,E,8,0.20,E,8,0,-9990,0,0
11/19/2005,13:00,543,1398,91,3,10,0,3,20,91,3,10,10869,3,10,0,3,20,10869,3,10,-9990,0,0,10,E,8,9,E,8,13.1,E,8,12.2,E,8,94,E,8,988,E,8,133,E,8,1.9,E,8,-9990,0,0,-9990,0,0,2.176,E,8,0.080,E,8,0.20,E,8,1,-9990,0,0
11/19/2005,14:00,514,1398,215,3,10,158,3,20,157,3,10,24117,3,10,13607,3,20,19110,3,10,-9990,0,0,9,E,8,8,E,8,15.1,E,8,13.0,E,8,87,E,8,988,E,8,186,E,8,2.8,E,8,-9990,0,0,-9990,0,0,2.297,E,8,0.080,E,8,0.20,E,8,0,-9990,0,0
11/19/2005,15:00,427,1398,216,3,10,352,3,20,109,3,10,23723,3,10,22979,3,20,16702,3,10,-9990,0,0,5,E,8,5,E,8,16.4,E,8,13.2,E,8,81,E,8,988,E,8,150,E,8,4.5,E,8,-9990,0,0,-9990,0,0,2.336,E,8,0.080,E,8,0.20,E,8,0,-9990,0,0
11/19/2005,16:00,287,1398,166,3,10,394,3,20,85,3,10,17934,3,10,24856,3,20,12824,3,10,-9990,0,0,5,E,8,4,E,8,17.0,E,8,12.3,E,8,74,E,8,988,E,8,110,E,8,6.0,E,8,-9990,0,0,-9990,0,0,2.200,E,8,0.080,E,8,0.20,E,8,0,-9990,0,0
11/19/2005,17:00,105,1398,55,3,10,352,3,20,28,3,10,5907,3,10,14895,3,20,4792,3,10,-9990,0,0,5,E,8,4,E,8,16.7,E,8,12.3,E,8,75,E,8,989,E,8,39,E,8,10.1,E,8,-9990,0,0,-9990,0,0,2.196,E,8,0.080,E,8,0.20,E,8,0,-9990,0,0
11/19/2005,18:00,0,0,0,3,10,0,3,20,0,3,10,0,3,10,0,3,20,0,3,10,-9990,0,0,5,E,8,4,E,8,15.9,E,8,11.9,E,8,77,E,8,989,E,8,76,E,8,7.9,E,8,-9990,0,0,-9990,0,0,2.135,E,8,0.080,E,8,0.20,E,8,0,-9990,0,0
11/19/2005,19:00,0,0,0,3,0,0,3,0,0,3,0,0,3,0,0,3,0,0,3,0,-9990,0,0,5,E,8,4,E,8,15.4,E,8,11.8,E,8,79,E,8,989,E,8,13,E,8,7.3,E,8,-9990,0,0,-9990,0,0,2.120,E,8,0.080,E,8,0.20,E,8,0,-9990,0,0
11/19/2005,20:00,0,0,0,3,0,0,3,0,0,3,0,0,3,0,0,3,0,0,3,0,-9990,0,0,5,E,8,4,E,8,15.0,E,8,10.9,E,8,77,E,8,989,E,8,79,E,8,6.3,E,8,-9990,0,0,-9990,0,0,1.993,E,8,0.080,E,8,0.20,E,8,0,-9990,0,0
11/19/2005,21:00,0,0,0,3,0,0,3,0,0,3,0,0,3,0,0,3,0,0,3,0,-9990,0,0,5,E,8,4,E,8,14.5,E,8,10.8,E,8,78,E,8,990,E,8,86,E,8,7.9,E,8,-9990,0,0,-9990,0,0,1.976,E,8,0.080,E,8,0.20,E,8,0,-9990,0,0
11/19/2005,22:00,0,0,0,3,0,0,3,0,0,3,0,0,3,0,0,3,0,0,3,0,-9990,0,0,5,E,8,4,E,8,14.0,E,8,10.2,E,8,78,E,8,990,E,8,160,E,8,7.3,E,8,-9990,0,0,-9990,0,0,1.901,E,8,0.080,E,8,0.20,E,8,0,-9990,0,0
11/19/2005,23:00,0,0,0,3,0,0,3,0,0,3,0,0,3,0,0,3,0,0,3,0,-9990,0,0,5,E,8,4,E,8,13.6,E,8,10.2,E,8,80,E,8,990,E,8,117,E,8,6.3,E,8,-9990,0,0,-9990,0,0,1.889,E,8,0.080,E,8,0.20,E,8,0,-9990,0,0
11/19/2005,24:00,0,0,0,3,0,0,3,0,0,3,0,0,3,0,0,3,0,0,3,0,-9990,0,0,5,E,8,4,E,8,13.1,E,8,9.5,E,8,79,E,8,990,E,8,147,E,8,4.5,E,8,-9990,0,0,-9990,0,0,1.810,E,8,0.080,E,8,0.20,E,8,0,-9990,0,0
11/20/2005,01:00,0,0,0,3,0,0,3,0,0,3,0,0,3,0,0,3,0,0,3,0,-9990,0,0,5,E,8,5,E,8,12.2,E,8,9.5,E,8,83,E,8,990,E,8,150,E,8,3.8,E,8,-9990,0,0,-9990,0,0,1.803,E,8,0.097,E,8,0.20,E,8,0,-9990,0,0
11/20/2005,02:00,0,0,0,3,0,0,3,0,0,3,0,0,3,0,0,3,0,0,3,0,-9990,0,0,5,E,8,5,E,8,11.2,E,8,8.9,E,8,85,E,8,991,E,8,181,E,8,3.2,E,8,-9990,0,0,-9990,0,0,1.726,E,8,0.097,E,8,0.20,E,8,0,-9990,0,0
11/20/2005,03:00,0,0,0,3,0,0,3,0,0,3,0,0,3,0,0,3,0,0,3,0,-9990,0,0,5,E,8,5,E,8,10.2,E,8,8.0,E,8,86,E,8,991,E,8,199,E,8,4.9,E,8,-9990,0,0,-9990,0,0,1.626,E,8,0.097,E,8,0.20,E,8,0,-9990,0,0
11/20/2005,04:00,0,0,0,3,0,0,3,0,0,3,0,0,3,0,0,3,0,0,3,0,-9990,0,0,5,E,8,5,E,8,9.7,E,8,8.1,E,8,90,E,8,991,E,8,155,E,8,3.2,E,8,-9990,0,0,-9990,0,0,1.641,E,8,0.097,E,8,0.20,E,8,0,-9990,0,0
11/20/2005,05:00,0,0,0,3,0,0,3,0,0,3,0,0,3,0,0,3,0,0,3,0,-9990,0,0,5,E,8,5,E,8,9.2,E,8,7.9,E,8,92,E,8,991,E,8,110,E,8,2.6,E,8,-9990,0,0,-9990,0,0,1.614,E,8,0.097,E,8,0.20,E,8,0,-9990,0,0
11/20/2005,06:00,0,0,0,3,0,0,3,0,0,3,0,0,3,0,0,3,0,0,3,0,-9990,0,0,5,E,8,5,E,8,8.6,E,8,7.5,E,8,93,E,8,992,E,8,103,E,8,3.0,E,8,-9990,0,0,-9990,0,0,1.571,E,8,0.097,E,8,0.20,E,8,0,-9990,0,0
11/20/2005,07:00,0,0,0,3,0,0,3,0,0,3,0,0,3,0,0,3,0,0,3,0,-9990,0,0,5,E,8,5,E,8,8.3,E,8,7.4,E,8,94,E,8,992,E,8,133,E,8,4.1,E,8,-9990,0,0,-9990,0,0,1.555,E,8,0.097,E,8,0.20,E,8,0,-9990,0,0
11/20/2005,08:00,0,0,0,3,0,0,3,0,0,3,0,0,3,0,0,3,0,0,3,0,-9990,0,0,5,E,8,5,E,8,7.9,E,8,6.9,E,8,94,E,8,992,E,8,148,E,8,4.9,E,8,-9990,0,0,-9990,0,0,1.504,E,8,0.097,E,8,0.20,E,8,0,-9990,0,0
11/20/2005,09:00,87,652,18,3,10,0,3,20,18,3,10,2212,3,10,0,3,20,2212,3,10,-9990,0,0,5,E,8,5,E,8,8.4,E,8,7.6,E,8,94,E,8,992,E,8,157,E,8,4.5,E,8,-9990,0,0,-9990,0,0,1.577,E,8,0.097,E,8,0.20,E,8,0,-9990,0,0
11/20/2005,10:00,275,1399,125,3,10,252,3,20,76,3,10,13630,3,10,11331,3,20,11404,3,10,-9990,0,0,5,E,8,5,E,8,10.2,E,8,8.1,E,8,87,E,8,992,E,8,164,E,8,6.0,E,8,-9990,0,0,-9990,0,0,1.639,E,8,0.097,E,8,0.20,E,8,0,-9990,0,0
11/20/2005,11:00,417,1399,174,3,10,159,3,20,126,3,10,19429,3,10,14078,3,20,15235,3,10,-9990,0,0,8,E,8,7,E,8,11.3,E,8,8.4,E,8,82,E,8,993,E,8,94,E,8,5.7,E,8,-9990,0,0,-9990,0,0,1.668,E,8,0.097,E,8,0.20,E,8,0,-9990,0,0
11/20/2005,12:00,507,1399,244,3,10,288,3,20,139,3,10,26864,3,10,25538,3,20,17614,3,10,-9990,0,0,6,E,8,5,E,8,12.4,E,8,7.7,E,8,73,E,8,993,E,8,8,E,8,6.6,E,8,-9990,0,0,-9990,0,0,1.594,E,8,0.097,E,8,0.20,E,8,0,-9990,0,0
11/20/2005,13:00,538,1399,290,3,10,376,3,20,145,3,10,31490,3,10,26364,3,20,21343,3,10,-9990,0,0,5,E,8,4,E,8,13.4,E,8,7.6,E,8,68,E,8,993,E,8,129,E,8,4.5,E,8,-9990,0,0,-9990,0,0,1.577,E,8,0.097,E,8,0.20,E,8,0,-9990,0,0
11/20/2005,14:00,510,1399,307,3,10,505,3,20,123,3,10,33732,3,10,41808,3,20,18496,3,10,-9990,0,0,1,E,8,1,E,8,14.1,E,8,8.1,E,8,67,E,8,993,E,8,114,E,8,2.6,E,8,-9990,0,0,-9990,0,0,1.640,E,8,0.097,E,8,0.20,E,8,0,-9990,0,0
11/20/2005,15:00,423,1399,265,3,10,672,3,20,62,3,10,28637,3,10,62882,3,20,9632,3,10,-9990,0,0,0,E,8,0,E,8,14.4,E,8,8.6,E,8,68,E,8,993,E,8,154,E,8,2.5,E,8,-9990,0,0,-9990,0,0,1.693,E,8,0.097,E,8,0.20,E,8,0,-9990,0,0
11/20/2005,16:00,283,1399,158,3,10,362,3,20,85,3,10,17036,3,10,22045,3,20,12571,3,10,-9990,0,0,4,E,8,3,E,8,14.0,E,8,8.0,E,8,67,E,8,993,E,8,47,E,8,2.1,E,8,-9990,0,0,-9990,0,0,1.622,E,8,0.097,E,8,0.20,E,8,0,-9990,0,0
11/20/2005,17:00,97,690,38,3,10,0,3,20,38,3,10,4295,3,10,0,3,20,4295,3,10,-9990,0,0,4,E,8,3,E,8,12.8,E,8,7.9,E,8,72,E,8,993,E,8,50,E,8,1.2,E,8,-9990,0,0,-9990,0,0,1.609,E,8,0.097,E,8,0.20,E,8,0,-9990,0,0
11/20/2005,18:00,0,0,0,3,0,0,3,0,0,3,0,0,3,0,0,3,0,0,3,0,-9990,0,0,4,E,8,3,E,8,12.1,E,8,7.7,E,8,74,E,8,993,E,8,77,E,8,1.0,E,8,-9990,0,0,-9990,0,0,1.586,E,8,0.097,E,8,0.20,E,8,0,-9990,0,0
11/20/2005,19:00,0,0,0,3,0,0,3,0,0,3,0,0,3,0,0,3,0,0,3,0,-9990,0,0,4,E,8,3,E,8,11.4,E,8,7.4,E,8,76,E,8,992,E,8,155,E,8,1.3,E,8,-9990,0,0,-9990,0,0,1.561,E,8,0.097,E,8,0.20,E,8,0,-9990,0,0
11/20/2005,20:00,0,0,0,3,0,0,3,0,0,3,0,0,3,0,0,3,0,0,3,0,-9990,0,0,4,E,8,3,E,8,10.7,E,8,7.0,E,8,78,E,8,992,E,8,225,E,8,1.4,E,8,-9990,0,0,-9990,0,0,1.516,E,8,0.097,E,8,0.20,E,8,0,-9990,0,0
11/20/2005,21:00,0,0,0,3,0,0,3,0,0,3,0,0,3,0,0,3,0,0,3,0,-9990,0,0,5,E,8,5,E,8,10.0,E,8,7.5,E,8,84,E,8,992,E,8,173,E,8,0.9,E,8,-9990,0,0,-9990,0,0,1.565,E,8,0.097,E,8,0.20,E,8,0,-9990,0,0
11/20/2005,22:00,0,0,0,3,0,0,3,0,0,3,0,0,3,0,0,3,0,0,3,0,-9990,0,0,5,E,8,5,E,8,9.3,E,8,7.7,E,8,90,E,8,992,E,8,265,E,8,0.6,E,8,-9990,0,0,-9990,0,0,1.590,E,8,0.097,E,8,0.20,E,8,0,-9990,0,0
11/20/2005,23:00,0,0,0,3,0,0,3,0,0,3,0,0,3,0,0,3,0,0,3,0,-9990,0,0,5,E,8,5,E,8,8.6,E,8,7.8,E,8,95,E,8,992,E,8,250,E,8,0.8,E,8,-9990,0,0,-9990,0,0,1.607,E,8,0.097,E,8,0.20,E,8,0,-9990,0,0
11/20/2005,24:00,0,0,0,3,0,0,3,0,0,3,0,0,3,0,0,3,0,0,3,0,-9990,0,0,5,E,8,5,E,8,7.9,E,8,7.5,E,8,97,E,8,992,E,8,238,E,8,0.7,E,8,-9990,0,0,-9990,0,0,1.567,E,8,0.097,E,8,0.20,E,8,0,-9990,0,0
11/21/2005,01:00,0,0,0,3,0,0,3,0,0,3,0,0,3,0,0,3,0,0,3,0,-9990,0,0,6,E,8,6,E,8,7.5,E,8,7.5,E,8,100,E,8,992,E,8,211,E,8,1.9,E,8,-9990,0,0,-9990,0,0,1.571,E,8,0.096,E,8,0.20,E,8,0,-9990,0,0
11/21/2005,02:00,0,0,0,3,0,0,3,0,0,3,0,0,3,0,0,3,0,0,3,0,-9990,0,0,6,E,8,6,E,8,7.1,E,8,7.1,E,8,100,E,8,992,E,8,221,E,8,1.7,E,8,-9990,0,0,-9990,0,0,1.528,E,8,0.096,E,8,0.20,E,8,0,-9990,0,0
11/21/2005,03:00,0,0,0,3,0,0,3,0,0,3,0,0,3,0,0,3,0,0,3,0,-9990,0,0,6,E,8,6,E,8,6.7,E,8,6.7,E,8,100,E,8,992,E,8,176,E,8,2.5,E,8,-9990,0,0,-9990,0,0,1.486,E,8,0.096,E,8,0.20,E,8,0,-9990,0,0
11/21/2005,04:00,0,0,0,3,0,0,3,0,0,3,0,0,3,0,0,3,0,0,3,0,-9990,0,0,6,E,8,6,E,8,6.5,E,8,6.0,E,8,97,E,8,992,E,8,140,E,8,2.5,E,8,-9990,0,0,-9990,0,0,1.415,E,8,0.096,E,8,0.20,E,8,0,-9990,0,0
11/21/2005,05:00,0,0,0,3,0,0,3,0,0,3,0,0,3,0,0,3,0,0,3,0,-9990,0,0,6,E,8,6,E,8,6.3,E,8,5.5,E,8,94,E,8,991,E,8,162,E,8,1.6,E,8,-9990,0,0,-9990,0,0,1.360,E,8,0.096,E,8,0.20,E,8,0,-9990,0,0
11/21/2005,06:00,0,0,0,3,0,0,3,0,0,3,0,0,3,0,0,3,0,0,3,0,-9990,0,0,8,E,8,7,E,8,6.1,E,8,4.5,E,8,89,E,8,991,E,8,151,E,8,3.0,E,8,-9990,0,0,-9990,0,0,1.272,E,8,0.096,E,8,0.20,E,8,0,-9990,0,0
11/21/2005,07:00,0,0,0,3,0,0,3,0,0,3,0,0,3,0,0,3,0,0,3,0,-9990,0,0,8,E,8,7,E,8,6.0,E,8,4.9,E,8,93,E,8,991,E,8,193,E,8,2.8,E,8,-9990,0,0,-9990,0,0,1.309,E,8,0.096,E,8,0.20,E,8,0,-9990,0,0
11/21/2005,08:00,0,0,0,3,0,0,3,0,0,3,0,0,3,0,0,3,0,0,3,0,-9990,0,0,8,E,8,7,E,8,5.8,E,8,5.2,E,8,96,E,8,991,E,8,184,E,8,2.6,E,8,-9990,0,0,-9990,0,0,1.332,E,8,0.096,E,8,0.20,E,8,0,-9990,0,0
11/21/2005,09:00,82,634,20,3,10,0,3,20,20,3,10,2404,3,10,0,3,20,2404,3,10,-9990,0,0,8,E,8,7,E,8,6.6,E,8,5.8,E,8,95,E,8,991,E,8,187,E,8,0.9,E,8,-9990,0,0,-9990,0,0,1.391,E,8,0.096,E,8,0.20,E,8,0,-9990,0,0
11/21/2005,10:00,269,1399,94,3,10,105,3,20,74,3,10,10587,3,10,8059,3,20,9035,3,10,-9990,0,0,9,E,8,8,E,8,8.0,E,8,6.4,E,8,90,E,8,991,E,8,204,E,8,0.6,E,8,-9990,0,0,-9990,0,0,1.451,E,8,0.096,E,8,0.20,E,8,0,-9990,0,0
11/21/2005,11:00,411,1399,142,3,10,71,3,20,121,3,10,15805,3,10,6202,3,20,13981,3,10,-9990,0,0,10,E,8,9,E,8,9.1,E,8,7.1,E,8,88,E,8,991,E,8,142,E,8,0.6,E,8,-9990,0,0,-9990,0,0,1.530,E,8,0.096,E,8,0.20,E,8,0,-9990,0,0
11/21/2005,12:00,501,1399,284,3,10,456,3,20,121,3,10,31252,3,10,36532,3,20,18160,3,10,-9990,0,0,3,E,8,2,E,8,11.0,E,8,7.7,E,8,80,E,8,991,E,8,189,E,8,0.6,E,8,-9990,0,0,-9990,0,0,1.591,E,8,0.096,E,8,0.20,E,8,0,-9990,0,0
11/21/2005,13:00,533,1399,291,3,10,392,3,20,141,3,10,31644,3,10,28321,3,20,20848,3,10,-9990,0,0,5,E,8,4,E,8,12.2,E,8,7.6,E,8,74,E,8,991,E,8,209,E,8,1.0,E,8,-9990,0,0,-9990,0,0,1.583,E,8,0.096,E,8,0.20,E,8,0,-9990,0,0
11/21/2005,14:00,505,1399,207,3,10,133,3,20,159,3,10,23098,3,10,11337,3,20,19005,3,10,-9990,0,0,9,E,8,8,E,8,12.4,E,8,7.8,E,8,73,E,8,990,E,8,212,E,8,0.6,E,8,-9990,0,0,-9990,0,0,1.597,E,8,0.096,E,8,0.20,E,8,0,-9990,0,0
11/21/2005,15:00,418,1399,153,3,10,75,3,20,130,3,10,17013,3,10,6703,3,20,15008,3,10,-9990,0,0,10,E,8,9,E,8,12.2,E,8,7.8,E,8,75,E,8,990,E,8,201,E,8,0.4,E,8,-9990,0,0,-9990,0,0,1.606,E,8,0.096,E,8,0.20,E,8,0,-9990,0,0
11/21/2005,16:00,279,1399,105,3,10,147,3,20,76,3,10,11589,3,10,8263,3,20,9939,3,10,-9990,0,0,8,E,8,6,E,8,11.7,E,8,7.5,E,8,76,E,8,990,E,8,194,E,8,1.7,E,8,-9990,0,0,-9990,0,0,1.570,E,8,0.096,E,8,0.20,E,8,0,-9990,0,0
11/21/2005,17:00,94,678,4,3,10,0,3,20,4,3,10,505,3,10,9,3,20,503,3,10,-9990,0,0,8,E,8,7,E,8,10.5,E,8,7.6,E,8,82,E,8,990,E,8,159,E,8,1.7,E,8,-9990,0,0,-9990,0,0,1.581,E,8,0.096,E,8,0.20,E,8,0,-9990,0,0
11/21/2005,18:00,0,0,0,3,0,0,3,0,0,3,0,0,3,0,0,3,0,0,3,0,-9990,0,0,8,E,8,6,E,8,10.2,E,8,6.2,E,8,76,E,8,990,E,8,208,E,8,2.1,E,8,-9990,0,0,-9990,0,0,1.434,E,8,0.096,E,8,0.20,E,8,0,-9990,0,0
11/21/2005,19:00,0,0,0,3,0,0,3,0,0,3,0,0,3,0,0,3,0,0,3,0,-9990,0,0,8,E,8,7,E,8,9.8,E,8,7.2,E,8,84,E,8,990,E,8,207,E,8,2.1,E,8,-9990,0,0,-9990,0,0,1.539,E,8,0.096,E,8,0.20,E,8,0,-9990,0,0
11/21/2005,20:00,0,0,0,3,0,0,3,0,0,3,0,0,3,0,0,3,0,0,3,0,-9990,0,0,8,E,8,7,E,8,9.5,E,8,7.9,E,8,89,E,8,990,E,8,278,E,8,1.9,E,8,-9990,0,0,-9990,0,0,1.609,E,8,0.096,E,8,0.20,E,8,0,-9990,0,0
11/21/2005,21:00,0,0,0,3,0,0,3,0,0,3,0,0,3,0,0,3,0,0,3,0,-9990,0,0,8,E,8,7,E,8,9.2,E,8,7.8,E,8,91,E,8,990,E,8,283,E,8,1.9,E,8,-9990,0,0,-9990,0,0,1.597,E,8,0.096,E,8,0.20,E,8,0,-9990,0,0
11/21/2005,22:00,0,0,0,3,0,0,3,0,0,3,0,0,3,0,0,3,0,0,3,0,-9990,0,0,8,E,8,7,E,8,8.9,E,8,7.8,E,8,93,E,8,990,E,8,281,E,8,1.6,E,8,-9990,0,0,-9990,0,0,1.599,E,8,0.096,E,8,0.20,E,8,0,-9990,0,0
11/21/2005,23:00,0,0,0,3,0,0,3,0,0,3,0,0,3,0,0,3,0,0,3,0,-9990,0,0,9,E,8,8,E,8,8.6,E,8,7.4,E,8,92,E,8,990,E,8,193,E,8,1.2,E,8,-9990,0,0,-9990,0,0,1.554,E,8,0.096,E,8,0.20,E,8,0,-9990,0,0
11/21/2005,24:00,0,0,0,3,0,0,3,0,0,3,0,0,3,0,0,3,0,0,3,0,-9990,0,0,9,E,8,8,E,8,8.2,E,8,7.6,E,8,96,E,8,990,E,8,241,E,8,1.2,E,8,-9990,0,0,-9990,0,0,1.582,E,8,0.096,E,8,0.20,E,8,0,-9990,0,0
11/22/2005,01:00,0,0,0,3,0,0,3,0,0,3,0,0,3,0,0,3,0,0,3,0,-9990,0,0,9,E,8,8,E,8,8.0,E,8,7.2,E,8,95,E,8,990,E,8,286,E,8,1.2,E,8,-9990,0,0,-9990,0,0,1.532,E,8,0.098,E,8,0.20,E,8,0,-9990,0,0
11/22/2005,02:00,0,0,0,3,0,0,3,0,0,3,0,0,3,0,0,3,0,0,3,0,-9990,0,0,9,E,8,8,E,8,7.7,E,8,6.8,E,8,94,E,8,989,E,8,264,E,8,1.7,E,8,-9990,0,0,-9990,0,0,1.494,E,8,0.098,E,8,0.20,E,8,0,-9990,0,0
11/22/2005,03:00,0,0,0,3,0,0,3,0,0,3,0,0,3,0,0,3,0,0,3,0,-9990,0,0,9,E,8,8,E,8,7.5,E,8,7.0,E,8,97,E,8,989,E,8,314,E,8,1.9,E,8,-9990,0,0,-9990,0,0,1.512,E,8,0.098,E,8,0.20,E,8,0,-9990,0,0
11/22/2005,04:00,0,0,0,3,0,0,3,0,0,3,0,0,3,0,0,3,0,0,3,0,-9990,0,0,9,E,8,8,E,8,7.3,E,8,7.2,E,8,99,E,8,989,E,8,316,E,8,1.1,E,8,-9990,0,0,-9990,0,0,1.534,E,8,0.098,E,8,0.20,E,8,0,-9990,0,0
11/22/2005,05:00,0,0,0,3,0,0,3,0,0,3,0,0,3,0,0,3,0,0,3,0,-9990,0,0,9,E,8,8,E,8,7.2,E,8,7.2,E,8,100,E,8,989,E,8,295,E,8,0.9,E,8,-9990,0,0,-9990,0,0,1.535,E,8,0.098,E,8,0.20,E,8,0,-9990,0,0
11/22/2005,06:00,0,0,0,3,0,0,3,0,0,3,0,0,3,0,0,3,0,0,3,0,-9990,0,0,9,E,8,8,E,8,7.1,E,8,6.8,E,8,98,E,8,989,E,8,289,E,8,0.9,E,8,-9990,0,0,-9990,0,0,1.498,E,8,0.098,E,8,0.20,E,8,0,-9990,0,0
11/22/2005,07:00,0,0,0,3,0,0,3,0,0,3,0,0,3,0,0,3,0,0,3,0,-9990,0,0,9,E,8,8,E,8,7.0,E,8,6.0,E,8,93,E,8,989,E,8,280,E,8,1.1,E,8,-9990,0,0,-9990,0,0,1.411,E,8,0.098,E,8,0.20,E,8,0,-9990,0,0
11/22/2005,08:00,0,0,0,3,0,0,3,0,0,3,0,0,3,0,0,3,0,0,3,0,-9990,0,0,9,E,8,8,E,8,6.9,E,8,5.7,E,8,92,E,8,989,E,8,295,E,8,1.0,E,8,-9990,0,0,-9990,0,0,1.386,E,8,0.098,E,8,0.20,E,8,0,-9990,0,0
11/22/2005,09:00,78,616,3,3,10,0,3,20,3,3,10,402,3,10,9,3,20,401,3,10,-9990,0,0,10,E,8,9,E,8,7.0,E,8,5.6,E,8,90,E,8,989,E,8,313,E,8,1.1,E,8,-9990,0,0,-9990,0,0,1.371,E,8,0.098,E,8,0.20,E,8,0,-9990,0,0
11/22/2005,10:00,264,1400,80,3,10,52,3,20,71,3,10,9122,3,10,2082,3,20,8729,3,10,-9990,0,0,10,E,8,9,E,8,8.6,E,8,7.1,E,8,90,E,8,989,E,8,251,E,8,0.8,E,8,-9990,0,0,-9990,0,0,1.523,E,8,0.098,E,8,0.20,E,8,0,-9990,0,0
11/22/2005,11:00,406,1400,85,3,10,0,3,20,85,3,10,9998,3,10,0,3,20,9998,3,10,-9990,0,0,10,E,8,9,E,8,9.2,E,8,7.2,E,8,87,E,8,989,E,8,200,E,8,1.2,E,8,-9990,0,0,-9990,0,0,1.540,E,8,0.098,E,8,0.20,E,8,0,-9990,0,0
11/22/2005,12:00,496,1400,126,3,10,3,3,20,125,3,10,14644,3,10,173,3,20,14583,3,10,-9990,0,0,10,E,8,9,E,8,9.9,E,8,8.4,E,8,91,E,8,989,E,8,244,E,8,1.4,E,8,-9990,0,0,-9990,0,0,1.674,E,8,0.098,E,8,0.20,E,8,0,-9990,0,0
11/22/2005,13:00,529,1400,241,3,10,219,3,20,159,3,10,26482,3,10,17471,3,20,19884,3,10,-9990,0,0,8,E,8,7,E,8,11.3,E,8,8.1,E,8,80,E,8,989,E,8,195,E,8,1.4,E,8,-9990,0,0,-9990,0,0,1.635,E,8,0.098,E,8,0.20,E,8,0,-9990,0,0
11/22/2005,14:00,501,1400,169,3,10,44,3,20,153,3,10,18786,3,10,3347,3,20,17589,3,10,-9990,0,0,10,E,8,9,E,8,11.8,E,8,7.8,E,8,76,E,8,989,E,8,158,E,8,2.3,E,8,-9990,0,0,-9990,0,0,1.598,E,8,0.098,E,8,0.20,E,8,0,-9990,0,0
11/22/2005,15:00,414,1400,166,3,10,112,3,20,133,3,10,18508,3,10,8626,3,20,15956,3,10,-9990,0,0,9,E,8,8,E,8,12.0,E,8,8.0,E,8,76,E,8,989,E,8,159,E,8,2.1,E,8,-9990,0,0,-9990,0,0,1.625,E,8,0.098,E,8,0.20,E,8,0,-9990,0,0
11/22/2005,16:00,275,1400,95,3,10,100,3,20,75,3,10,10730,3,10,7363,3,20,9281,3,10,-9990,0,0,9,E,8,8,E,8,11.8,E,8,7.9,E,8,77,E,8,989,E,8,151,E,8,2.6,E,8,-9990,0,0,-9990,0,0,1.617,E,8,0.098,E,8,0.20,E,8,0,-9990,0,0
11/22/2005,17:00,90,667,14,3,10,0,3,20,14,3,10,1722,3,10,0,3,20,1722,3,10,-9990,0,0,9,E,8,8,E,8,11.0,E,8,7.5,E,8,79,E,8,989,E,8,202,E,8,3.2,E,8,-9990,0,0,-9990,0,0,1.565,E,8,0.098,E,8,0.20,E,8,0,-9990,0,0
11/22/2005,18:00,0,0,0,3,0,0,3,0,0,3,0,0,3,0,0,3,0,0,3,0,-9990,0,0,9,E,8,8,E,8,10.6,E,8,6.7,E,8,77,E,8,989,E,8,196,E,8,3.2,E,8,-9990,0,0,-9990,0,0,1.484,E,8,0.098,E,8,0.20,E,8,0,-9990,0,0
11/22/2005,19:00,0,0,0,3,0,0,3,0,0,3,0,0,3,0,0,3,0,0,3,0,-9990,0,0,8,E,8,6,E,8,10.3,E,8,7.0,E,8,80,E,8,989,E,8,132,E,8,2.5,E,8,-9990,0,0,-9990,0,0,1.511,E,8,0.098,E,8,0.20,E,8,0,-9990,0,0
11/22/2005,20:00,0,0,0,3,0,0,3,0,0,3,0,0,3,0,0,3,0,0,3,0,-9990,0,0,8,E,8,7,E,8,9.9,E,8,7.4,E,8,84,E,8,989,E,8,80,E,8,3.2,E,8,-9990,0,0,-9990,0,0,1.557,E,8,0.098,E,8,0.20,E,8,0,-9990,0,0
11/22/2005,21:00,0,0,0,3,0,0,3,0,0,3,0,0,3,0,0,3,0,0,3,0,-9990,0,0,8,E,8,7,E,8,9.6,E,8,6.8,E,8,83,E,8,989,E,8,28,E,8,4.1,E,8,-9990,0,0,-9990,0,0,1.496,E,8,0.098,E,8,0.20,E,8,0,-9990,0,0
11/22/2005,22:00,0,0,0,3,0,0,3,0,0,3,0,0,3,0,0,3,0,0,3,0,-9990,0,0,8,E,8,7,E,8,9.2,E,8,7.0,E,8,86,E,8,990,E,8,308,E,8,3.5,E,8,-9990,0,0,-9990,0,0,1.517,E,8,0.098,E,8,0.20,E,8,0,-9990,0,0
11/22/2005,23:00,0,0,0,3,0,0,3,0,0,3,0,0,3,0,0,3,0,0,3,0,-9990,0,0,8,E,8,7,E,8,8.9,E,8,7.1,E,8,89,E,8,990,E,8,20,E,8,3.5,E,8,-9990,0,0,-9990,0,0,1.529,E,8,0.098,E,8,0.20,E,8,0,-9990,0,0
11/22/2005,24:00,0,0,0,3,0,0,3,0,0,3,0,0,3,0,0,3,0,0,3,0,-9990,0,0,8,E,8,7,E,8,8.6,E,8,6.8,E,8,89,E,8,990,E,8,103,E,8,3.5,E,8,-9990,0,0,-9990,0,0,1.495,E,8,0.098,E,8,0.20,E,8,0,-9990,0,0
11/23/2005,01:00,0,0,0,3,0,0,3,0,0,3,0,0,3,0,0,3,0,0,3,0,-9990,0,0,8,E,8,7,E,8,8.2,E,8,6.4,E,8,88,E,8,990,E,8,171,E,8,5.1,E,8,-9990,0,0,-9990,0,0,1.450,E,8,0.090,E,8,0.20,E,8,0,-9990,0,0
11/23/2005,02:00,0,0,0,3,0,0,3,0,0,3,0,0,3,0,0,3,0,0,3,0,-9990,0,0,8,E,8,7,E,8,7.9,E,8,6.3,E,8,90,E,8,990,E,8,142,E,8,3.8,E,8,-9990,0,0,-9990,0,0,1.445,E,8,0.090,E,8,0.20,E,8,0,-9990,0,0
11/23/2005,03:00,0,0,0,3,0,0,3,0,0,3,0,0,3,0,0,3,0,0,3,0,-9990,0,0,8,E,8,7,E,8,7.6,E,8,6.0,E,8,90,E,8,990,E,8,165,E,8,4.5,E,8,-9990,0,0,-9990,0,0,1.417,E,8,0.090,E,8,0.20,E,8,0,-9990,0,0
11/23/2005,04:00,0,0,0,3,0,0,3,0,0,3,0,0,3,0,0,3,0,0,3,0,-9990,0,0,8,E,8,7,E,8,7.4,E,8,5.9,E,8,90,E,8,990,E,8,110,E,8,3.2,E,8,-9990,0,0,-9990,0,0,1.407,E,8,0.090,E,8,0.20,E,8,0,-9990,0,0
11/23/2005,05:00,0,0,0,3,0,0,3,0,0,3,0,0,3,0,0,3,0,0,3,0,-9990,0,0,8,E,8,7,E,8,7.3,E,8,5.7,E,8,90,E,8,990,E,8,163,E,8,3.0,E,8,-9990,0,0,-9990,0,0,1.383,E,8,0.090,E,8,0.20,E,8,0,-9990,0,0
11/23/2005,06:00,0,0,0,3,0,0,3,0,0,3,0,0,3,0,0,3,0,0,3,0,-9990,0,0,8,E,8,7,E,8,7.1,E,8,6.0,E,8,92,E,8,990,E,8,78,E,8,4.5,E,8,-9990,0,0,-9990,0,0,1.410,E,8,0.090,E,8,0.20,E,8,0,-9990,0,0
11/23/2005,07:00,0,0,0,3,0,0,3,0,0,3,0,0,3,0,0,3,0,0,3,0,-9990,0,0,8,E,8,7,E,8,7.0,E,8,5.5,E,8,90,E,8,991,E,8,155,E,8,3.8,E,8,-9990,0,0,-9990,0,0,1.366,E,8,0.090,E,8,0.20,E,8,0,-9990,0,0
11/23/2005,08:00,0,0,0,3,0,0,3,0,0,3,0,0,3,0,0,3,0,0,3,0,-9990,0,0,6,E,8,6,E,8,6.9,E,8,5.6,E,8,91,E,8,991,E,8,173,E,8,4.5,E,8,-9990,0,0,-9990,0,0,1.371,E,8,0.090,E,8,0.20,E,8,0,-9990,0,0
11/23/2005,09:00,73,598,9,3,10,0,3,20,9,3,10,1140,3,10,8,3,20,1139,3,10,-9990,0,0,6,E,8,6,E,8,7.3,E,8,5.6,E,8,89,E,8,991,E,8,146,E,8,4.1,E,8,-9990,0,0,-9990,0,0,1.377,E,8,0.090,E,8,0.20,E,8,0,-9990,0,0
11/23/2005,10:00,259,1400,102,3,10,181,3,20,69,3,10,11324,3,10,12258,3,20,9056,3,10,-9990,0,0,6,E,8,6,E,8,9.2,E,8,6.8,E,8,85,E,8,991,E,8,50,E,8,4.5,E,8,-9990,0,0,-9990,0,0,1.495,E,8,0.090,E,8,0.20,E,8,0,-9990,0,0
11/23/2005,11:00,401,1400,184,3,10,283,3,20,103,3,10,20156,3,10,16389,3,20,15461,3,10,-9990,0,0,5,E,8,4,E,8,11.0,E,8,7.3,E,8,78,E,8,991,E,8,315,E,8,4.5,E,8,-9990,0,0,-9990,0,0,1.545,E,8,0.090,E,8,0.20,E,8,0,-9990,0,0
11/23/2005,12:00,491,1400,256,3,10,384,3,20,121,3,10,28123,3,10,28377,3,20,18163,3,10,-9990,0,0,4,E,8,3,E,8,12.6,E,8,7.3,E,8,70,E,8,991,E,8,38,E,8,3.0,E,8,-9990,0,0,-9990,0,0,1.545,E,8,0.090,E,8,0.20,E,8,0,-9990,0,0
11/23/2005,13:00,524,1400,256,3,10,311,3,20,140,3,10,27888,3,10,19405,3,20,20628,3,10,-9990,0,0,6,E,8,5,E,8,13.5,E,8,7.4,E,8,66,E,8,991,E,8,61,E,8,2.1,E,8,-9990,0,0,-9990,0,0,1.560,E,8,0.090,E,8,0.20,E,8,0,-9990,0,0
11/23/2005,14:00,496,1400,242,3,10,301,3,20,135,3,10,26760,3,10,26950,3,20,17211,3,10,-9990,0,0,6,E,8,5,E,8,14.1,E,8,8.1,E,8,67,E,8,991,E,8,70,E,8,2.8,E,8,-9990,0,0,-9990,0,0,1.636,E,8,0.090,E,8,0.20,E,8,0,-9990,0,0
11/23/2005,15:00,410,1400,198,3,10,334,3,20,100,3,10,21790,3,10,22436,3,20,15217,3,10,-9990,0,0,5,E,8,4,E,8,14.3,E,8,9.1,E,8,71,E,8,991,E,8,175,E,8,2.3,E,8,-9990,0,0,-9990,0,0,1.751,E,8,0.090,E,8,0.20,E,8,0,-9990,0,0
11/23/2005,16:00,272,1400,111,3,10,199,3,20,72,3,10,12223,3,10,13835,3,20,9537,3,10,-9990,0,0,6,E,8,5,E,8,13.7,E,8,9.3,E,8,75,E,8,991,E,8,246,E,8,2.1,E,8,-9990,0,0,-9990,0,0,1.779,E,8,0.090,E,8,0.20,E,8,0,-9990,0,0
11/23/2005,17:00,87,656,4,3,10,0,3,20,4,3,10,514,3,10,9,3,20,513,3,10,-9990,0,0,6,E,8,5,E,8,12.5,E,8,8.6,E,8,77,E,8,991,E,8,257,E,8,1.9,E,8,-9990,0,0,-9990,0,0,1.693,E,8,0.090,E,8,0.20,E,8,0,-9990,0,0
11/23/2005,18:00,0,0,0,3,0,0,3,0,0,3,0,0,3,0,0,3,0,0,3,0,-9990,0,0,6,E,8,6,E,8,11.8,E,8,8.6,E,8,81,E,8,991,E,8,229,E,8,4.1,E,8,-9990,0,0,-9990,0,0,1.693,E,8,0.090,E,8,0.20,E,8,0,-9990,0,0
11/23/2005,19:00,0,0,0,3,0,0,3,0,0,3,0,0,3,0,0,3,0,0,3,0,-9990,0,0,6,E,8,6,E,8,11.1,E,8,8.4,E,8,83,E,8,991,E,8,173,E,8,3.0,E,8,-9990,0,0,-9990,0,0,1.665,E,8,0.090,E,8,0.20,E,8,0,-9990,0,0
11/23/2005,20:00,0,0,0,3,0,0,3,0,0,3,0,0,3,0,0,3,0,0,3,0,-9990,0,0,8,E,8,7,E,8,10.4,E,8,7.8,E,8,84,E,8,991,E,8,219,E,8,2.5,E,8,-9990,0,0,-9990,0,0,1.601,E,8,0.090,E,8,0.20,E,8,0,-9990,0,0
11/23/2005,21:00,0,0,0,3,0,0,3,0,0,3,0,0,3,0,0,3,0,0,3,0,-9990,0,0,8,E,8,6,E,8,9.7,E,8,6.4,E,8,80,E,8,991,E,8,147,E,8,5.7,E,8,-9990,0,0,-9990,0,0,1.456,E,8,0.090,E,8,0.20,E,8,0,-9990,0,0
11/23/2005,22:00,0,0,0,3,0,0,3,0,0,3,0,0,3,0,0,3,0,0,3,0,-9990,0,0,8,E,8,7,E,8,9.1,E,8,5.8,E,8,80,E,8,991,E,8,99,E,8,6.6,E,8,-9990,0,0,-9990,0,0,1.394,E,8,0.090,E,8,0.20,E,8,0,-9990,0,0
11/23/2005,23:00,0,0,0,3,0,0,3,0,0,3,0,0,3,0,0,3,0,0,3,0,-9990,0,0,8,E,8,7,E,8,8.4,E,8,6.3,E,8,87,E,8,990,E,8,134,E,8,6.5,E,8,-9990,0,0,-9990,0,0,1.439,E,8,0.090,E,8,0.20,E,8,0,-9990,0,0
11/23/2005,24:00,0,0,0,3,0,0,3,0,0,3,0,0,3,0,0,3,0,0,3,0,-9990,0,0,8,E,8,7,E,8,7.7,E,8,5.5,E,8,86,E,8,990,E,8,94,E,8,4.5,E,8,-9990,0,0,-9990,0,0,1.364,E,8,0.090,E,8,0.20,E,8,0,-9990,0,0
11/24/2005,01:00,0,0,0,3,0,0,3,0,0,3,0,0,3,0,0,3,0,0,3,0,-9990,0,0,8,E,8,7,E,8,6.9,E,8,4.6,E,8,85,E,8,990,E,8,89,E,8,4.9,E,8,-9990,0,0,-9990,0,0,1.279,E,8,0.075,E,8,0.20,E,8,0,-9990,0,0
11/24/2005,02:00,0,0,0,3,0,0,3,0,0,3,0,0,3,0,0,3,0,0,3,0,-9990,0,0,8,E,8,7,E,8,6.0,E,8,4.4,E,8,89,E,8,990,E,8,170,E,8,4.1,E,8,-9990,0,0,-9990,0,0,1.261,E,8,0.075,E,8,0.20,E,8,0,-9990,0,0
11/24/2005,03:00,0,0,0,3,0,0,3,0,0,3,0,0,3,0,0,3,0,0,3,0,-9990,0,0,9,E,8,8,E,8,5.2,E,8,3.7,E,8,90,E,8,990,E,8,166,E,8,4.5,E,8,-9990,0,0,-9990,0,0,1.206,E,8,0.075,E,8,0.20,E,8,0,-9990,0,0
11/24/2005,04:00,0,0,0,3,0,0,3,0,0,3,0,0,3,0,0,3,0,0,3,0,-9990,0,0,9,E,8,8,E,8,4.7,E,8,3.7,E,8,93,E,8,990,E,8,218,E,8,3.2,E,8,-9990,0,0,-9990,0,0,1.201,E,8,0.075,E,8,0.20,E,8,0,-9990,0,0
11/24/2005,05:00,0,0,0,3,0,0,3,0,0,3,0,0,3,0,0,3,0,0,3,0,-9990,0,0,9,E,8,8,E,8,4.2,E,8,3.4,E,8,95,E,8,990,E,8,144,E,8,5.1,E,8,-9990,0,0,-9990,0,0,1.179,E,8,0.075,E,8,0.20,E,8,0,-9990,0,0
11/24/2005,06:00,0,0,0,3,0,0,3,0,0,3,0,0,3,0,0,3,0,0,3,0,-9990,0,0,9,E,8,8,E,8,3.7,E,8,2.5,E,8,91,E,8,990,E,8,108,E,8,4.5,E,8,-9990,0,0,-9990,0,0,1.103,E,8,0.075,E,8,0.20,E,8,0,-9990,0,0
11/24/2005,07:00,0,0,0,3,0,0,3,0,0,3,0,0,3,0,0,3,0,0,3,0,-9990,0,0,9,E,8,8,E,8,3.4,E,8,2.6,E,8,95,E,8,990,E,8,166,E,8,3.5,E,8,-9990,0,0,-9990,0,0,1.115,E,8,0.075,E,8,0.20,E,8,0,-9990,0,0
11/24/2005,08:00,0,0,0,3,0,0,3,0,0,3,0,0,3,0,0,3,0,0,3,0,-9990,0,0,9,E,8,8,E,8,3.0,E,8,2.8,E,8,98,E,8,990,E,8,98,E,8,3.8,E,8,-9990,0,0,-9990,0,0,1.127,E,8,0.075,E,8,0.20,E,8,0,-9990,0,0
11/24/2005,09:00,69,581,3,3,10,0,3,20,3,3,10,389,3,10,9,3,20,387,3,10,-9990,0,0,9,E,8,8,E,8,3.0,E,8,3.0,E,8,100,E,8,990,E,8,80,E,8,5.5,E,8,-9990,0,0,-9990,0,0,1.145,E,8,0.075,E,8,0.20,E,8,0,-9990,0,0
11/24/2005,10:00,254,1401,82,3,10,77,3,20,68,3,10,9333,3,10,5113,3,20,8406,3,10,-9990,0,0,9,E,8,8,E,8,4.2,E,8,3.8,E,8,97,E,8,990,E,8,218,E,8,4.1,E,8,-9990,0,0,-9990,0,0,1.209,E,8,0.075,E,8,0.20,E,8,0,-9990,0,0
11/24/2005,11:00,396,1401,148,3,10,73,3,20,127,3,10,16397,3,10,6439,3,20,14576,3,10,-9990,0,0,10,E,8,9,E,8,5.2,E,8,4.2,E,8,93,E,8,989,E,8,200,E,8,4.1,E,8,-9990,0,0,-9990,0,0,1.246,E,8,0.075,E,8,0.20,E,8,0,-9990,0,0
11/24/2005,12:00,487,1401,186,3,10,80,3,20,158,3,10,20631,3,10,7318,3,20,18089,3,10,-9990,0,0,10,E,8,9,E,8,5.9,E,8,4.3,E,8,89,E,8,989,E,8,227,E,8,4.9,E,8,-9990,0,0,-9990,0,0,1.249,E,8,0.075,E,8,0.20,E,8,0,-9990,0,0
11/24/2005,13:00,519,1401,214,3,10,105,3,20,175,3,10,23754,3,10,8482,3,20,20609,3,10,-9990,0,0,10,E,8,9,E,8,6.5,E,8,4.4,E,8,86,E,8,989,E,8,206,E,8,3.0,E,8,-9990,0,0,-9990,0,0,1.263,E,8,0.075,E,8,0.20,E,8,0,-9990,0,0
11/24/2005,14:00,492,1401,183,3,10,71,3,20,158,3,10,20348,3,10,6339,3,20,18122,3,10,-9990,0,0,10,E,8,9,E,8,6.7,E,8,5.0,E,8,89,E,8,989,E,8,213,E,8,2.6,E,8,-9990,0,0,-9990,0,0,1.318,E,8,0.075,E,8,0.20,E,8,0,-9990,0,0
11/24/2005,15:00,406,1401,153,3,10,106,3,20,122,3,10,17105,3,10,8494,3,20,14641,3,10,-9990,0,0,9,E,8,8,E,8,6.7,E,8,4.9,E,8,88,E,8,990,E,8,270,E,8,1.2,E,8,-9990,0,0,-9990,0,0,1.305,E,8,0.075,E,8,0.20,E,8,0,-9990,0,0
11/24/2005,16:00,268,1401,121,3,10,203,3,20,82,3,10,13237,3,10,13896,3,20,10575,3,10,-9990,0,0,8,E,8,7,E,8,6.5,E,8,5.4,E,8,93,E,8,990,E,8,243,E,8,1.9,E,8,-9990,0,0,-9990,0,0,1.358,E,8,0.075,E,8,0.20,E,8,0,-9990,0,0
11/24/2005,17:00,84,645,14,3,10,0,3,20,14,3,10,1693,3,10,0,3,20,1693,3,10,-9990,0,0,8,E,8,7,E,8,5.7,E,8,5.1,E,8,96,E,8,990,E,8,167,E,8,1.3,E,8,-9990,0,0,-9990,0,0,1.327,E,8,0.075,E,8,0.20,E,8,0,-9990,0,0
11/24/2005,18:00,0,0,0,3,0,0,3,0,0,3,0,0,3,0,0,3,0,0,3,0,-9990,0,0,8,E,8,7,E,8,5.2,E,8,5.1,E,8,99,E,8,990,E,8,117,E,8,1.6,E,8,-9990,0,0,-9990,0,0,1.330,E,8,0.075,E,8,0.20,E,8,0,-9990,0,0
11/24/2005,19:00,0,0,0,3,0,0,3,0,0,3,0,0,3,0,0,3,0,0,3,0,-9990,0,0,8,E,8,7,E,8,4.8,E,8,4.4,E,8,97,E,8,991,E,8,351,E,8,0.5,E,8,-9990,0,0,-9990,0,0,1.260,E,8,0.075,E,8,0.20,E,8,0,-9990,0,0
11/24/2005,20:00,0,0,0,3,0,0,3,0,0,3,0,0,3,0,0,3,0,0,3,0,-9990,0,0,8,E,8,7,E,8,4.3,E,8,4.0,E,8,98,E,8,991,E,8,327,E,8,0.5,E,8,-9990,0,0,-9990,0,0,1.231,E,8,0.075,E,8,0.20,E,8,0,-9990,0,0
11/24/2005,21:00,0,0,0,3,0,0,3,0,0,3,0,0,3,0,0,3,0,0,3,0,-9990,0,0,8,E,8,7,E,8,3.9,E,8,3.8,E,8,99,E,8,991,E,8,53,E,8,1.3,E,8,-9990,0,0,-9990,0,0,1.211,E,8,0.075,E,8,0.20,E,8,0,-9990,0,0
11/24/2005,22:00,0,0,0,3,0,0,3,0,0,3,0,0,3,0,0,3,0,0,3,0,-9990,0,0,8,E,8,7,E,8,3.4,E,8,3.1,E,8,97,E,8,991,E,8,143,E,8,1.4,E,8,-9990,0,0,-9990,0,0,1.149,E,8,0.075,E,8,0.20,E,8,0,-9990,0,0
11/24/2005,23:00,0,0,0,3,0,0,3,0,0,3,0,0,3,0,0,3,0,0,3,0,-9990,0,0,8,E,8,7,E,8,3.0,E,8,2.8,E,8,98,E,8,992,E,8,150,E,8,2.5,E,8,-9990,0,0,-9990,0,0,1.126,E,8,0.075,E,8,0.20,E,8,0,-9990,0,0
11/24/2005,24:00,0,0,0,3,0,0,3,0,0,3,0,0,3,0,0,3,0,0,3,0,-9990,0,0,8,E,8,7,E,8,2.5,E,8,2.2,E,8,98,E,8,992,E,8,150,E,8,2.8,E,8,-9990,0,0,-9990,0,0,1.082,E,8,0.075,E,8,0.20,E,8,0,-9990,0,0
11/25/2005,01:00,0,0,0,3,0,0,3,0,0,3,0,0,3,0,0,3,0,0,3,0,-9990,0,0,8,E,8,7,E,8,2.4,E,8,1.8,E,8,96,E,8,992,E,8,217,E,8,4.1,E,8,-9990,0,0,-9990,0,0,1.054,E,8,0.064,E,8,0.20,E,8,0,-9990,0,0
11/25/2005,02:00,0,0,0,3,0,0,3,0,0,3,0,0,3,0,0,3,0,0,3,0,-9990,0,0,6,E,8,6,E,8,2.4,E,8,1.5,E,8,94,E,8,992,E,8,138,E,8,3.5,E,8,-9990,0,0,-9990,0,0,1.031,E,8,0.064,E,8,0.20,E,8,0,-9990,0,0
11/25/2005,03:00,0,0,0,3,0,0,3,0,0,3,0,0,3,0,0,3,0,0,3,0,-9990,0,0,6,E,8,6,E,8,2.3,E,8,1.3,E,8,93,E,8,992,E,8,131,E,8,3.2,E,8,-9990,0,0,-9990,0,0,1.020,E,8,0.064,E,8,0.20,E,8,0,-9990,0,0
11/25/2005,04:00,0,0,0,3,0,0,3,0,0,3,0,0,3,0,0,3,0,0,3,0,-9990,0,0,6,E,8,6,E,8,2.3,E,8,0.7,E,8,89,E,8,993,E,8,170,E,8,3.0,E,8,-9990,0,0,-9990,0,0,0.977,E,8,0.064,E,8,0.20,E,8,0,-9990,0,0
11/25/2005,05:00,0,0,0,3,0,0,3,0,0,3,0,0,3,0,0,3,0,0,3,0,-9990,0,0,6,E,8,6,E,8,2.3,E,8,0.7,E,8,89,E,8,993,E,8,216,E,8,2.6,E,8,-9990,0,0,-9990,0,0,0.975,E,8,0.064,E,8,0.20,E,8,0,-9990,0,0
11/25/2005,06:00,0,0,0,3,0,0,3,0,0,3,0,0,3,0,0,3,0,0,3,0,-9990,0,0,6,E,8,6,E,8,2.3,E,8,0.7,E,8,89,E,8,993,E,8,262,E,8,6.0,E,8,-9990,0,0,-9990,0,0,0.973,E,8,0.064,E,8,0.20,E,8,0,-9990,0,0
11/25/2005,07:00,0,0,0,3,0,0,3,0,0,3,0,0,3,0,0,3,0,0,3,0,-9990,0,0,6,E,8,6,E,8,2.3,E,8,1.1,E,8,92,E,8,993,E,8,254,E,8,5.7,E,8,-9990,0,0,-9990,0,0,1.005,E,8,0.064,E,8,0.20,E,8,0,-9990,0,0
11/25/2005,08:00,0,0,0,3,0,0,3,0,0,3,0,0,3,0,0,3,0,0,3,0,-9990,0,0,6,E,8,6,E,8,2.3,E,8,1.5,E,8,94,E,8,994,E,8,199,E,8,3.2,E,8,-9990,0,0,-9990,0,0,1.028,E,8,0.064,E,8,0.20,E,8,0,-9990,0,0
11/25/2005,09:00,65,564,14,3,10,0,3,20,14,3,10,1686,3,10,1,3,20,1686,3,10,-9990,0,0,6,E,8,6,E,8,3.0,E,8,1.8,E,8,92,E,8,994,E,8,254,E,8,3.5,E,8,-9990,0,0,-9990,0,0,1.056,E,8,0.064,E,8,0.20,E,8,0,-9990,0,0
11/25/2005,10:00,249,1401,143,3,10,337,3,20,83,3,10,15385,3,10,18350,3,20,12125,3,10,-9990,0,0,6,E,8,5,E,8,6.0,E,8,2.8,E,8,80,E,8,994,E,8,201,E,8,4.1,E,8,-9990,0,0,-9990,0,0,1.128,E,8,0.064,E,8,0.20,E,8,0,-9990,0,0
11/25/2005,11:00,391,1401,251,3,10,734,3,20,46,3,10,27098,3,10,71654,3,20,7090,3,10,-9990,0,0,0,E,8,0,E,8,8.6,E,8,4.3,E,8,74,E,8,994,E,8,207,E,8,3.5,E,8,-9990,0,0,-9990,0,0,1.249,E,8,0.064,E,8,0.20,E,8,0,-9990,0,0
11/25/2005,12:00,482,1401,326,3,10,810,3,20,47,3,10,35328,3,10,81585,3,20,7265,3,10,-9990,0,0,0,E,8,0,E,8,10.8,E,8,4.9,E,8,67,E,8,994,E,8,278,E,8,2.3,E,8,-9990,0,0,-9990,0,0,1.307,E,8,0.064,E,8,0.20,E,8,0,-9990,0,0
11/25/2005,13:00,515,1401,346,3,10,805,3,20,51,3,10,37458,3,10,81002,3,20,7692,3,10,-9990,0,0,0,E,8,0,E,8,12.3,E,8,5.0,E,8,61,E,8,995,E,8,297,E,8,2.1,E,8,-9990,0,0,-9990,0,0,1.312,E,8,0.064,E,8,0.20,E,8,0,-9990,0,0
11/25/2005,14:00,488,1401,323,3,10,783,3,20,51,3,10,34905,3,10,78115,3,20,7711,3,10,-9990,0,0,0,E,8,0,E,8,13.1,E,8,4.4,E,8,55,E,8,994,E,8,283,E,8,2.6,E,8,-9990,0,0,-9990,0,0,1.266,E,8,0.064,E,8,0.20,E,8,0,-9990,0,0
11/25/2005,15:00,403,1401,263,3,10,743,3,20,49,3,10,28375,3,10,72243,3,20,7621,3,10,-9990,0,0,0,E,8,0,E,8,13.4,E,8,4.8,E,8,56,E,8,994,E,8,317,E,8,3.0,E,8,-9990,0,0,-9990,0,0,1.297,E,8,0.064,E,8,0.20,E,8,0,-9990,0,0
11/25/2005,16:00,265,1401,152,3,10,345,3,20,86,3,10,16224,3,10,19336,3,20,12568,3,10,-9990,0,0,6,E,8,5,E,8,12.6,E,8,5.0,E,8,60,E,8,994,E,8,320,E,8,3.2,E,8,-9990,0,0,-9990,0,0,1.312,E,8,0.064,E,8,0.20,E,8,0,-9990,0,0
11/25/2005,17:00,81,635,21,3,10,0,3,20,21,3,10,2526,3,10,0,3,20,2526,3,10,-9990,0,0,6,E,8,5,E,8,10.9,E,8,4.1,E,8,63,E,8,994,E,8,318,E,8,3.2,E,8,-9990,0,0,-9990,0,0,1.238,E,8,0.064,E,8,0.20,E,8,0,-9990,0,0
11/25/2005,18:00,0,0,0,3,0,0,3,0,0,3,0,0,3,0,0,3,0,0,3,0,-9990,0,0,6,E,8,5,E,8,10.5,E,8,4.3,E,8,65,E,8,994,E,8,305,E,8,2.1,E,8,-9990,0,0,-9990,0,0,1.253,E,8,0.064,E,8,0.20,E,8,0,-9990,0,0
11/25/2005,19:00,0,0,0,3,0,0,3,0,0,3,0,0,3,0,0,3,0,0,3,0,-9990,0,0,6,E,8,5,E,8,10.1,E,8,4.2,E,8,67,E,8,993,E,8,225,E,8,2.1,E,8,-9990,0,0,-9990,0,0,1.245,E,8,0.064,E,8,0.20,E,8,0,-9990,0,0
11/25/2005,20:00,0,0,0,3,0,0,3,0,0,3,0,0,3,0,0,3,0,0,3,0,-9990,0,0,8,E,8,6,E,8,9.7,E,8,4.0,E,8,67,E,8,993,E,8,19,E,8,3.0,E,8,-9990,0,0,-9990,0,0,1.225,E,8,0.064,E,8,0.20,E,8,0,-9990,0,0
11/25/2005,21:00,0,0,0,3,0,0,3,0,0,3,0,0,3,0,0,3,0,0,3,0,-9990,0,0,8,E,8,6,E,8,9.3,E,8,4.1,E,8,70,E,8,993,E,8,52,E,8,2.5,E,8,-9990,0,0,-9990,0,0,1.240,E,8,0.064,E,8,0.20,E,8,0,-9990,0,0
11/25/2005,22:00,0,0,0,3,0,0,3,0,0,3,0,0,3,0,0,3,0,0,3,0,-9990,0,0,8,E,8,6,E,8,8.9,E,8,4.9,E,8,76,E,8,993,E,8,2,E,8,1.9,E,8,-9990,0,0,-9990,0,0,1.310,E,8,0.064,E,8,0.20,E,8,0,-9990,0,0
11/25/2005,23:00,0,0,0,3,0,0,3,0,0,3,0,0,3,0,0,3,0,0,3,0,-9990,0,0,8,E,8,6,E,8,8.5,E,8,5.1,E,8,79,E,8,992,E,8,326,E,8,2.3,E,8,-9990,0,0,-9990,0,0,1.327,E,8,0.064,E,8,0.20,E,8,0,-9990,0,0
11/25/2005,24:00,0,0,0,3,0,0,3,0,0,3,0,0,3,0,0,3,0,0,3,0,-9990,0,0,8,E,8,7,E,8,8.2,E,8,5.2,E,8,82,E,8,992,E,8,326,E,8,2.6,E,8,-9990,0,0,-9990,0,0,1.338,E,8,0.064,E,8,0.20,E,8,0,-9990,0,0
11/26/2005,01:00,0,0,0,3,0,0,3,0,0,3,0,0,3,0,0,3,0,0,3,0,-9990,0,0,8,E,8,7,E,8,7.6,E,8,4.9,E,8,83,E,8,992,E,8,305,E,8,2.5,E,8,-9990,0,0,-9990,0,0,1.307,E,8,0.068,E,8,0.20,E,8,0,-9990,0,0
11/26/2005,02:00,0,0,0,3,0,0,3,0,0,3,0,0,3,0,0,3,0,0,3,0,-9990,0,0,8,E,8,7,E,8,7.0,E,8,5.0,E,8,87,E,8,992,E,8,314,E,8,1.6,E,8,-9990,0,0,-9990,0,0,1.320,E,8,0.068,E,8,0.20,E,8,0,-9990,0,0
11/26/2005,03:00,0,0,0,3,0,0,3,0,0,3,0,0,3,0,0,3,0,0,3,0,-9990,0,0,8,E,8,7,E,8,6.4,E,8,4.7,E,8,89,E,8,991,E,8,323,E,8,2.1,E,8,-9990,0,0,-9990,0,0,1.291,E,8,0.068,E,8,0.20,E,8,0,-9990,0,0
11/26/2005,04:00,0,0,0,3,0,0,3,0,0,3,0,0,3,0,0,3,0,0,3,0,-9990,0,0,9,E,8,8,E,8,6.1,E,8,5.1,E,8,93,E,8,991,E,8,316,E,8,1.3,E,8,-9990,0,0,-9990,0,0,1.327,E,8,0.068,E,8,0.20,E,8,0,-9990,0,0
11/26/2005,05:00,0,0,0,3,0,0,3,0,0,3,0,0,3,0,0,3,0,0,3,0,-9990,0,0,9,E,8,8,E,8,5.8,E,8,4.7,E,8,93,E,8,991,E,8,319,E,8,1.1,E,8,-9990,0,0,-9990,0,0,1.290,E,8,0.068,E,8,0.20,E,8,0,-9990,0,0
11/26/2005,06:00,0,0,0,3,0,0,3,0,0,3,0,0,3,0,0,3,0,0,3,0,-9990,0,0,9,E,8,8,E,8,5.5,E,8,4.9,E,8,96,E,8,991,E,8,338,E,8,0.6,E,8,-9990,0,0,-9990,0,0,1.309,E,8,0.068,E,8,0.20,E,8,0,-9990,0,0
11/26/2005,07:00,0,0,0,3,0,0,3,0,0,3,0,0,3,0,0,3,0,0,3,0,-9990,0,0,9,E,8,8,E,8,5.3,E,8,4.4,E,8,94,E,8,991,E,8,5,E,8,0.5,E,8,-9990,0,0,-9990,0,0,1.258,E,8,0.068,E,8,0.20,E,8,0,-9990,0,0
11/26/2005,08:00,0,0,0,3,0,0,3,0,0,3,0,0,3,0,0,3,0,0,3,0,-9990,0,0,9,E,8,8,E,8,5.1,E,8,3.2,E,8,88,E,8,990,E,8,355,E,8,0.5,E,8,-9990,0,0,-9990,0,0,1.165,E,8,0.068,E,8,0.20,E,8,0,-9990,0,0
11/26/2005,09:00,61,547,9,3,10,0,3,20,9,3,10,1131,3,10,9,3,20,1130,3,10,-9990,0,0,9,E,8,8,E,8,5.3,E,8,3.3,E,8,87,E,8,990,E,8,315,E,8,0.3,E,8,-9990,0,0,-9990,0,0,1.167,E,8,0.068,E,8,0.20,E,8,0,-9990,0,0
11/26/2005,10:00,244,1402,82,3,10,92,3,20,66,3,10,9282,3,10,6848,3,20,8090,3,10,-9990,0,0,9,E,8,8,E,8,6.5,E,8,4.1,E,8,85,E,8,990,E,8,340,E,8,0.0,E,8,-9990,0,0,-9990,0,0,1.240,E,8,0.068,E,8,0.20,E,8,0,-9990,0,0
11/26/2005,11:00,386,1402,141,3,10,67,3,20,122,3,10,15614,3,10,5665,3,20,14052,3,10,-9990,0,0,10,E,8,9,E,8,7.5,E,8,4.5,E,8,81,E,8,990,E,8,0,E,8,0.2,E,8,-9990,0,0,-9990,0,0,1.274,E,8,0.068,E,8,0.20,E,8,0,-9990,0,0
11/26/2005,12:00,477,1402,182,3,10,84,3,20,153,3,10,20314,3,10,6063,3,20,18249,3,10,-9990,0,0,10,E,8,9,E,8,8.4,E,8,4.5,E,8,77,E,8,989,E,8,79,E,8,0.3,E,8,-9990,0,0,-9990,0,0,1.275,E,8,0.068,E,8,0.20,E,8,0,-9990,0,0
11/26/2005,13:00,511,1402,235,3,10,175,3,20,172,3,10,26180,3,10,16160,3,20,20293,3,10,-9990,0,0,9,E,8,8,E,8,9.2,E,8,4.6,E,8,73,E,8,989,E,8,216,E,8,0.4,E,8,-9990,0,0,-9990,0,0,1.283,E,8,0.068,E,8,0.20,E,8,0,-9990,0,0
11/26/2005,14:00,484,1402,205,3,10,131,3,20,160,3,10,22841,3,10,11269,3,20,18952,3,10,-9990,0,0,9,E,8,8,E,8,9.6,E,8,5.0,E,8,73,E,8,989,E,8,254,E,8,0.4,E,8,-9990,0,0,-9990,0,0,1.313,E,8,0.068,E,8,0.20,E,8,0,-9990,0,0
11/26/2005,15:00,399,1402,132,3,10,57,3,20,115,3,10,14643,3,10,4712,3,20,13302,3,10,-9990,0,0,10,E,8,9,E,8,9.5,E,8,4.9,E,8,73,E,8,989,E,8,242,E,8,0.4,E,8,-9990,0,0,-9990,0,0,1.306,E,8,0.068,E,8,0.20,E,8,0,-9990,0,0
11/26/2005,16:00,262,1402,67,3,10,7,3,20,66,3,10,7793,3,10,748,3,20,7653,3,10,-9990,0,0,10,E,8,9,E,8,8.9,E,8,4.5,E,8,74,E,8,989,E,8,303,E,8,0.2,E,8,-9990,0,0,-9990,0,0,1.273,E,8,0.068,E,8,0.20,E,8,0,-9990,0,0
11/26/2005,17:00,79,626,4,3,10,0,3,20,4,3,10,480,3,10,10,3,20,478,3,10,-9990,0,0,10,E,8,9,E,8,8.1,E,8,3.8,E,8,74,E,8,989,E,8,327,E,8,0.1,E,8,-9990,0,0,-9990,0,0,1.206,E,8,0.068,E,8,0.20,E,8,0,-9990,0,0
11/26/2005,18:00,0,0,0,3,0,0,3,0,0,3,0,0,3,0,0,3,0,0,3,0,-9990,0,0,10,E,8,9,E,8,7.7,E,8,4.3,E,8,79,E,8,988,E,8,302,E,8,0.2,E,8,-9990,0,0,-9990,0,0,1.255,E,8,0.068,E,8,0.20,E,8,0,-9990,0,0
11/26/2005,19:00,0,0,0,3,0,0,3,0,0,3,0,0,3,0,0,3,0,0,3,0,-9990,0,0,10,E,8,9,E,8,7.3,E,8,4.6,E,8,83,E,8,988,E,8,295,E,8,0.2,E,8,-9990,0,0,-9990,0,0,1.280,E,8,0.068,E,8,0.20,E,8,0,-9990,0,0
11/26/2005,20:00,0,0,0,3,0,0,3,0,0,3,0,0,3,0,0,3,0,0,3,0,-9990,0,0,10,E,8,9,E,8,6.9,E,8,4.9,E,8,87,E,8,988,E,8,227,E,8,0.2,E,8,-9990,0,0,-9990,0,0,1.305,E,8,0.068,E,8,0.20,E,8,0,-9990,0,0
11/26/2005,21:00,0,0,0,3,0,0,3,0,0,3,0,0,3,0,0,3,0,0,3,0,-9990,0,0,10,E,8,9,E,8,6.5,E,8,5.0,E,8,90,E,8,988,E,8,309,E,8,0.1,E,8,-9990,0,0,-9990,0,0,1.320,E,8,0.068,E,8,0.20,E,8,0,-9990,0,0
11/26/2005,22:00,0,0,0,3,0,0,3,0,0,3,0,0,3,0,0,3,0,0,3,0,-9990,0,0,10,E,8,9,E,8,6.1,E,8,5.5,E,8,95,E,8,988,E,8,308,E,8,0.2,E,8,-9990,0,0,-9990,0,0,1.361,E,8,0.068,E,8,0.20,E,8,0,-9990,0,0
11/26/2005,23:00,0,0,0,3,0,0,3,0,0,3,0,0,3,0,0,3,0,0,3,0,-9990,0,0,10,E,8,9,E,8,5.8,E,8,4.9,E,8,94,E,8,988,E,8,219,E,8,0.1,E,8,-9990,0,0,-9990,0,0,1.303,E,8,0.068,E,8,0.20,E,8,0,-9990,0,0
11/26/2005,24:00,0,0,0,3,0,0,3,0,0,3,0,0,3,0,0,3,0,0,3,0,-9990,0,0,10,E,8,9,E,8,5.4,E,8,4.5,E,8,94,E,8,987,E,8,222,E,8,0.1,E,8,-9990,0,0,-9990,0,0,1.275,E,8,0.068,E,8,0.20,E,8,0,-9990,0,0
11/27/2005,01:00,0,0,0,3,0,0,3,0,0,3,0,0,3,0,0,3,0,0,3,0,-9990,0,0,10,E,8,9,E,8,5.2,E,8,4.4,E,8,95,E,8,987,E,8,111,E,8,0.1,E,8,-9990,0,0,-9990,0,0,1.263,E,8,0.070,E,8,0.20,E,8,0,-9990,0,0
11/27/2005,02:00,0,0,0,3,0,0,3,0,0,3,0,0,3,0,0,3,0,0,3,0,-9990,0,0,10,E,8,9,E,8,4.9,E,8,3.9,E,8,93,E,8,987,E,8,32,E,8,0.1,E,8,-9990,0,0,-9990,0,0,1.222,E,8,0.070,E,8,0.20,E,8,0,-9990,0,0
11/27/2005,03:00,0,0,0,3,0,0,3,0,0,3,0,0,3,0,0,3,0,0,3,0,-9990,0,0,10,E,8,9,E,8,4.7,E,8,4.1,E,8,95,E,8,987,E,8,59,E,8,0.1,E,8,-9990,0,0,-9990,0,0,1.232,E,8,0.070,E,8,0.20,E,8,0,-9990,0,0
11/27/2005,04:00,0,0,0,3,0,0,3,0,0,3,0,0,3,0,0,3,0,0,3,0,-9990,0,0,10,E,8,9,E,8,4.6,E,8,3.6,E,8,93,E,8,987,E,8,22,E,8,0.0,E,8,-9990,0,0,-9990,0,0,1.191,E,8,0.070,E,8,0.20,E,8,0,-9990,0,0
11/27/2005,05:00,0,0,0,3,0,0,3,0,0,3,0,0,3,0,0,3,0,0,3,0,-9990,0,0,10,E,8,9,E,8,4.5,E,8,3.0,E,8,90,E,8,987,E,8,31,E,8,0.0,E,8,-9990,0,0,-9990,0,0,1.143,E,8,0.070,E,8,0.20,E,8,0,-9990,0,0
11/27/2005,06:00,0,0,0,3,0,0,3,0,0,3,0,0,3,0,0,3,0,0,3,0,-9990,0,0,10,E,8,9,E,8,4.4,E,8,2.8,E,8,89,E,8,986,E,8,21,E,8,0.1,E,8,-9990,0,0,-9990,0,0,1.129,E,8,0.070,E,8,0.20,E,8,0,-9990,0,0
11/27/2005,07:00,0,0,0,3,0,0,3,0,0,3,0,0,3,0,0,3,0,0,3,0,-9990,0,0,10,E,8,9,E,8,4.3,E,8,2.2,E,8,86,E,8,986,E,8,172,E,8,0.1,E,8,-9990,0,0,-9990,0,0,1.082,E,8,0.070,E,8,0.20,E,8,0,-9990,0,0
11/27/2005,08:00,0,0,0,3,0,0,3,0,0,3,0,0,3,0,0,3,0,0,3,0,-9990,0,0,10,E,8,9,E,8,4.2,E,8,2.0,E,8,85,E,8,986,E,8,159,E,8,0.3,E,8,-9990,0,0,-9990,0,0,1.063,E,8,0.070,E,8,0.20,E,8,0,-9990,0,0
11/27/2005,09:00,57,530,4,3,10,0,3,20,4,3,10,527,3,10,12,3,20,525,3,10,-9990,0,0,10,E,8,9,E,8,4.4,E,8,1.8,E,8,83,E,8,986,E,8,176,E,8,0.5,E,8,-9990,0,0,-9990,0,0,1.052,E,8,0.070,E,8,0.20,E,8,0,-9990,0,0
11/27/2005,10:00,239,1402,38,3,10,0,3,20,38,3,10,4566,3,10,0,3,20,4566,3,10,-9990,0,0,10,E,8,9,E,8,5.0,E,8,1.7,E,8,79,E,8,986,E,8,216,E,8,0.8,E,8,-9990,0,0,-9990,0,0,1.043,E,8,0.070,E,8,0.20,E,8,0,-9990,0,0
11/27/2005,11:00,382,1402,80,3,10,0,3,20,80,3,10,9474,3,10,0,3,20,9474,3,10,-9990,0,0,10,E,8,9,E,8,5.7,E,8,1.9,E,8,76,E,8,986,E,8,181,E,8,1.3,E,8,-9990,0,0,-9990,0,0,1.057,E,8,0.070,E,8,0.20,E,8,0,-9990,0,0
11/27/2005,12:00,473,1402,96,3,10,0,3,20,96,3,10,11379,3,10,0,3,20,11379,3,10,-9990,0,0,10,E,8,9,E,8,6.2,E,8,2.5,E,8,77,E,8,986,E,8,235,E,8,1.4,E,8,-9990,0,0,-9990,0,0,1.108,E,8,0.070,E,8,0.20,E,8,0,-9990,0,0
11/27/2005,13:00,506,1402,100,3,10,0,3,20,100,3,10,11904,3,10,0,3,20,11904,3,10,-9990,0,0,10,E,8,9,E,8,6.5,E,8,2.7,E,8,77,E,8,985,E,8,239,E,8,1.4,E,8,-9990,0,0,-9990,0,0,1.124,E,8,0.070,E,8,0.20,E,8,0,-9990,0,0
11/27/2005,14:00,480,1402,86,3,10,0,3,20,86,3,10,10356,3,10,0,3,20,10356,3,10,-9990,0,0,10,E,8,9,E,8,6.6,E,8,3.1,E,8,78,E,8,985,E,8,170,E,8,1.9,E,8,-9990,0,0,-9990,0,0,1.149,E,8,0.070,E,8,0.20,E,8,0,-9990,0,0
11/27/2005,15:00,395,1402,65,3,10,0,3,20,65,3,10,7762,3,10,0,3,20,7762,3,10,-9990,0,0,10,E,8,9,E,8,6.6,E,8,3.3,E,8,79,E,8,985,E,8,105,E,8,1.9,E,8,-9990,0,0,-9990,0,0,1.169,E,8,0.070,E,8,0.20,E,8,0,-9990,0,0
11/27/2005,16:00,259,1402,40,3,10,0,3,20,40,3,10,4779,3,10,0,3,20,4779,3,10,-9990,0,0,10,E,8,9,E,8,6.4,E,8,2.7,E,8,77,E,8,985,E,8,182,E,8,1.6,E,8,-9990,0,0,-9990,0,0,1.120,E,8,0.070,E,8,0.20,E,8,0,-9990,0,0
11/27/2005,17:00,76,617,4,3,10,0,3,20,4,3,10,481,3,10,10,3,20,480,3,10,-9990,0,0,10,E,8,9,E,8,6.0,E,8,3.2,E,8,82,E,8,985,E,8,214,E,8,1.3,E,8,-9990,0,0,-9990,0,0,1.159,E,8,0.070,E,8,0.20,E,8,0,-9990,0,0
11/27/2005,18:00,0,0,0,3,0,0,3,0,0,3,0,0,3,0,0,3,0,0,3,0,-9990,0,0,10,E,8,9,E,8,5.7,E,8,2.9,E,8,82,E,8,985,E,8,219,E,8,1.6,E,8,-9990,0,0,-9990,0,0,1.137,E,8,0.070,E,8,0.20,E,8,0,-9990,0,0
11/27/2005,19:00,0,0,0,3,0,0,3,0,0,3,0,0,3,0,0,3,0,0,3,0,-9990,0,0,10,E,8,9,E,8,5.2,E,8,3.0,E,8,86,E,8,985,E,8,243,E,8,1.0,E,8,-9990,0,0,-9990,0,0,1.147,E,8,0.070,E,8,0.20,E,8,0,-9990,0,0
11/27/2005,20:00,0,0,0,3,0,0,3,0,0,3,0,0,3,0,0,3,0,0,3,0,-9990,0,0,10,E,8,9,E,8,5.0,E,8,2.6,E,8,85,E,8,985,E,8,223,E,8,0.8,E,8,-9990,0,0,-9990,0,0,1.113,E,8,0.070,E,8,0.20,E,8,0,-9990,0,0
11/27/2005,21:00,0,0,0,3,0,0,3,0,0,3,0,0,3,0,0,3,0,0,3,0,-9990,0,0,10,E,8,9,E,8,4.3,E,8,2.8,E,8,90,E,8,985,E,8,225,E,8,0.4,E,8,-9990,0,0,-9990,0,0,1.128,E,8,0.070,E,8,0.20,E,8,1,-9990,0,0
11/27/2005,22:00,0,0,0,3,0,0,3,0,0,3,0,0,3,0,0,3,0,0,3,0,-9990,0,0,10,E,8,9,E,8,4.3,E,8,2.6,E,8,89,E,8,985,E,8,180,E,8,0.3,E,8,-9990,0,0,-9990,0,0,1.112,E,8,0.070,E,8,0.20,E,8,0,-9990,0,0
11/27/2005,23:00,0,0,0,3,0,0,3,0,0,3,0,0,3,0,0,3,0,0,3,0,-9990,0,0,10,E,8,9,E,8,3.9,E,8,2.3,E,8,89,E,8,985,E,8,221,E,8,0.3,E,8,-9990,0,0,-9990,0,0,1.090,E,8,0.070,E,8,0.20,E,8,0,-9990,0,0
11/27/2005,24:00,0,0,0,3,0,0,3,0,0,3,0,0,3,0,0,3,0,0,3,0,-9990,0,0,10,E,8,9,E,8,3.6,E,8,1.8,E,8,88,E,8,985,E,8,232,E,8,0.2,E,8,-9990,0,0,-9990,0,0,1.055,E,8,0.070,E,8,0.20,E,8,0,-9990,0,0
11/28/2005,01:00,0,0,0,3,0,0,3,0,0,3,0,0,3,0,0,3,0,0,3,0,-9990,0,0,10,E,8,9,E,8,3.1,E,8,1.7,E,8,91,E,8,985,E,8,232,E,8,0.4,E,8,-9990,0,0,-9990,0,0,1.047,E,8,0.079,E,8,0.20,E,8,1,-9990,0,0
11/28/2005,02:00,0,0,0,3,0,0,3,0,0,3,0,0,3,0,0,3,0,0,3,0,-9990,0,0,10,E,8,9,E,8,2.4,E,8,1.8,E,8,96,E,8,985,E,8,268,E,8,0.6,E,8,-9990,0,0,-9990,0,0,1.050,E,8,0.079,E,8,0.20,E,8,2,-9990,0,0
11/28/2005,03:00,0,0,0,3,0,0,3,0,0,3,0,0,3,0,0,3,0,0,3,0,-9990,0,0,10,E,8,9,E,8,2.4,E,8,1.6,E,8,95,E,8,985,E,8,261,E,8,0.9,E,8,-9990,0,0,-9990,0,0,1.039,E,8,0.079,E,8,0.20,E,8,0,-9990,0,0
11/28/2005,04:00,0,0,0,3,0,0,3,0,0,3,0,0,3,0,0,3,0,0,3,0,-9990,0,0,10,E,8,9,E,8,2.2,E,8,1.8,E,8,97,E,8,985,E,8,271,E,8,1.1,E,8,-9990,0,0,-9990,0,0,1.051,E,8,0.079,E,8,0.20,E,8,0,-9990,0,0
11/28/2005,05:00,0,0,0,3,0,0,3,0,0,3,0,0,3,0,0,3,0,0,3,0,-9990,0,0,10,E,8,9,E,8,2.0,E,8,1.6,E,8,97,E,8,985,E,8,167,E,8,1.6,E,8,-9990,0,0,-9990,0,0,1.038,E,8,0.079,E,8,0.20,E,8,0,-9990,0,0
11/28/2005,06:00,0,0,0,3,0,0,3,0,0,3,0,0,3,0,0,3,0,0,3,0,-9990,0,0,10,E,8,9,E,8,1.8,E,8,1.2,E,8,96,E,8,984,E,8,187,E,8,3.2,E,8,-9990,0,0,-9990,0,0,1.011,E,8,0.079,E,8,0.20,E,8,0,-9990,0,0
11/28/2005,07:00,0,0,0,3,0,0,3,0,0,3,0,0,3,0,0,3,0,0,3,0,-9990,0,0,10,E,8,9,E,8,1.6,E,8,1.4,E,8,98,E,8,984,E,8,143,E,8,3.0,E,8,-9990,0,0,-9990,0,0,1.025,E,8,0.079,E,8,0.20,E,8,0,-9990,0,0
11/28/2005,08:00,0,0,0,3,0,0,3,0,0,3,0,0,3,0,0,3,0,0,3,0,-9990,0,0,10,E,8,9,E,8,1.5,E,8,1.1,E,8,97,E,8,984,E,8,23,E,8,3.8,E,8,-9990,0,0,-9990,0,0,1.001,E,8,0.079,E,8,0.20,E,8,0,-9990,0,0
11/28/2005,09:00,54,514,3,3,10,0,3,20,3,3,10,373,3,10,11,3,20,372,3,10,-9990,0,0,10,E,8,9,E,8,1.5,E,8,1.1,E,8,97,E,8,984,E,8,43,E,8,4.1,E,8,-9990,0,0,-9990,0,0,1.004,E,8,0.079,E,8,0.20,E,8,0,-9990,0,0
11/28/2005,10:00,235,1403,26,3,10,0,3,20,26,3,10,3198,3,10,0,3,20,3198,3,10,-9990,0,0,10,E,8,9,E,8,1.8,E,8,1.6,E,8,98,E,8,984,E,8,317,E,8,3.5,E,8,-9990,0,0,-9990,0,0,1.034,E,8,0.079,E,8,0.20,E,8,0,-9990,0,0
11/28/2005,11:00,377,1403,46,3,10,0,3,20,46,3,10,5647,3,10,0,3,20,5647,3,10,-9990,0,0,10,E,8,9,E,8,2.0,E,8,0.9,E,8,92,E,8,984,E,8,321,E,8,4.1,E,8,-9990,0,0,-9990,0,0,0.986,E,8,0.079,E,8,0.20,E,8,0,-9990,0,0
11/28/2005,12:00,469,1403,65,3,10,0,3,20,65,3,10,7973,3,10,0,3,20,7973,3,10,-9990,0,0,10,E,8,9,E,8,2.2,E,8,1.2,E,8,93,E,8,984,E,8,28,E,8,3.8,E,8,-9990,0,0,-9990,0,0,1.007,E,8,0.079,E,8,0.20,E,8,0,-9990,0,0
11/28/2005,13:00,502,1403,70,3,10,0,3,20,70,3,10,8524,3,10,0,3,20,8524,3,10,-9990,0,0,10,E,8,9,E,8,2.4,E,8,1.3,E,8,93,E,8,984,E,8,334,E,8,3.0,E,8,-9990,0,0,-9990,0,0,1.016,E,8,0.079,E,8,0.20,E,8,0,-9990,0,0
11/28/2005,14:00,476,1403,75,3,10,0,3,20,75,3,10,9045,3,10,0,3,20,9045,3,10,-9990,0,0,10,E,8,9,E,8,2.5,E,8,0.8,E,8,88,E,8,984,E,8,358,E,8,3.5,E,8,-9990,0,0,-9990,0,0,0.980,E,8,0.079,E,8,0.20,E,8,0,-9990,0,0
11/28/2005,15:00,392,1403,58,3,10,0,3,20,58,3,10,6995,3,10,0,3,20,6995,3,10,-9990,0,0,10,E,8,9,E,8,2.5,E,8,-0.4,E,8,81,E,8,985,E,8,351,E,8,5.3,E,8,-9990,0,0,-9990,0,0,0.903,E,8,0.079,E,8,0.20,E,8,0,-9990,0,0
11/28/2005,16:00,256,1403,35,3,10,0,3,20,35,3,10,4219,3,10,0,3,20,4219,3,10,-9990,0,0,10,E,8,9,E,8,2.4,E,8,-0.1,E,8,84,E,8,985,E,8,2,E,8,6.9,E,8,-9990,0,0,-9990,0,0,0.922,E,8,0.079,E,8,0.20,E,8,0,-9990,0,0
11/28/2005,17:00,74,609,5,3,10,0,3,20,5,3,10,646,3,10,10,3,20,645,3,10,-9990,0,0,10,E,8,9,E,8,2.2,E,8,0.5,E,8,89,E,8,985,E,8,334,E,8,9.3,E,8,-9990,0,0,-9990,0,0,0.963,E,8,0.079,E,8,0.20,E,8,0,-9990,0,0
11/28/2005,18:00,0,0,0,3,0,0,3,0,0,3,0,0,3,0,0,3,0,0,3,0,-9990,0,0,10,E,8,9,E,8,1.9,E,8,0.6,E,8,91,E,8,985,E,8,113,E,8,10.7,E,8,-9990,0,0,-9990,0,0,0.969,E,8,0.079,E,8,0.20,E,8,0,-9990,0,0
11/28/2005,19:00,0,0,0,3,0,0,3,0,0,3,0,0,3,0,0,3,0,0,3,0,-9990,0,0,10,E,8,9,E,8,1.5,E,8,0.7,E,8,94,E,8,986,E,8,120,E,8,9.3,E,8,-9990,0,0,-9990,0,0,0.975,E,8,0.079,E,8,0.20,E,8,0,-9990,0,0
11/28/2005,20:00,0,0,0,3,0,0,3,0,0,3,0,0,3,0,0,3,0,0,3,0,-9990,0,0,10,E,8,9,E,8,1.2,E,8,0.3,E,8,94,E,8,986,E,8,109,E,8,6.5,E,8,-9990,0,0,-9990,0,0,0.950,E,8,0.079,E,8,0.20,E,8,0,-9990,0,0
11/28/2005,21:00,0,0,0,3,0,0,3,0,0,3,0,0,3,0,0,3,0,0,3,0,-9990,0,0,10,E,8,9,E,8,0.8,E,8,0.4,E,8,97,E,8,986,E,8,55,E,8,3.5,E,8,-9990,0,0,-9990,0,0,0.953,E,8,0.079,E,8,0.20,E,8,0,-9990,0,0
11/28/2005,22:00,0,0,0,3,0,0,3,0,0,3,0,0,3,0,0,3,0,0,3,0,-9990,0,0,9,E,8,8,E,8,0.6,E,8,0.4,E,8,98,E,8,986,E,8,89,E,8,2.1,E,8,-9990,0,0,-9990,0,0,0.952,E,8,0.079,E,8,0.20,E,8,0,-9990,0,0
11/28/2005,23:00,0,0,0,3,0,0,3,0,0,3,0,0,3,0,0,3,0,0,3,0,-9990,0,0,9,E,8,8,E,8,0.3,E,8,0.0,E,8,98,E,8,987,E,8,133,E,8,2.8,E,8,-9990,0,0,-9990,0,0,0.928,E,8,0.079,E,8,0.20,E,8,0,-9990,0,0
11/28/2005,24:00,0,0,0,3,0,0,3,0,0,3,0,0,3,0,0,3,0,0,3,0,-9990,0,0,9,E,8,8,E,8,0.0,E,8,-0.8,E,8,95,E,8,987,E,8,89,E,8,1.9,E,8,-9990,0,0,-9990,0,0,0.880,E,8,0.079,E,8,0.20,E,8,0,-9990,0,0
11/29/2005,01:00,0,0,0,3,0,0,3,0,0,3,0,0,3,0,0,3,0,0,3,0,-9990,0,0,9,E,8,8,E,8,-0.3,E,8,-0.5,E,8,98,E,8,987,E,8,145,E,8,1.9,E,8,-9990,0,0,-9990,0,0,0.898,E,8,0.084,E,8,0.20,E,8,0,-9990,0,0
11/29/2005,02:00,0,0,0,3,0,0,3,0,0,3,0,0,3,0,0,3,0,0,3,0,-9990,0,0,9,E,8,8,E,8,-0.5,E,8,-1.0,E,8,97,E,8,987,E,8,4,E,8,2.5,E,8,-9990,0,0,-9990,0,0,0.866,E,8,0.084,E,8,0.20,E,8,0,-9990,0,0
11/29/2005,03:00,0,0,0,3,0,0,3,0,0,3,0,0,3,0,0,3,0,0,3,0,-9990,0,0,9,E,8,8,E,8,-0.8,E,8,-1.5,E,8,95,E,8,988,E,8,12,E,8,1.9,E,8,-9990,0,0,-9990,0,0,0.833,E,8,0.084,E,8,0.20,E,8,0,-9990,0,0
11/29/2005,04:00,0,0,0,3,0,0,3,0,0,3,0,0,3,0,0,3,0,0,3,0,-9990,0,0,9,E,8,8,E,8,-0.9,E,8,-1.2,E,8,98,E,8,988,E,8,350,E,8,1.3,E,8,-9990,0,0,-9990,0,0,0.851,E,8,0.084,E,8,0.20,E,8,0,-9990,0,0
11/29/2005,05:00,0,0,0,3,0,0,3,0,0,3,0,0,3,0,0,3,0,0,3,0,-9990,0,0,9,E,8,8,E,8,-1.1,E,8,-1.3,E,8,98,E,8,988,E,8,321,E,8,1.4,E,8,-9990,0,0,-9990,0,0,0.848,E,8,0.084,E,8,0.20,E,8,0,-9990,0,0
11/29/2005,06:00,0,0,0,3,0,0,3,0,0,3,0,0,3,0,0,3,0,0,3,0,-9990,0,0,9,E,8,8,E,8,-1.2,E,8,-1.4,E,8,98,E,8,988,E,8,17,E,8,2.1,E,8,-9990,0,0,-9990,0,0,0.839,E,8,0.084,E,8,0.20,E,8,0,-9990,0,0
11/29/2005,07:00,0,0,0,3,0,0,3,0,0,3,0,0,3,0,0,3,0,0,3,0,-9990,0,0,9,E,8,8,E,8,-1.3,E,8,-1.9,E,8,96,E,8,989,E,8,63,E,8,3.8,E,8,-9990,0,0,-9990,0,0,0.813,E,8,0.084,E,8,0.20,E,8,0,-9990,0,0
11/29/2005,08:00,0,0,0,3,0,0,3,0,0,3,0,0,3,0,0,3,0,0,3,0,-9990,0,0,8,E,8,7,E,8,-1.5,E,8,-2.8,E,8,91,E,8,989,E,8,142,E,8,3.2,E,8,-9990,0,0,-9990,0,0,0.764,E,8,0.084,E,8,0.20,E,8,0,-9990,0,0
11/29/2005,09:00,51,498,3,3,10,0,3,20,3,3,10,434,3,10,12,3,20,433,3,10,-9990,0,0,8,E,8,7,E,8,-1.4,E,8,-3.3,E,8,87,E,8,989,E,8,102,E,8,1.9,E,8,-9990,0,0,-9990,0,0,0.736,E,8,0.084,E,8,0.20,E,8,0,-9990,0,0
11/29/2005,10:00,230,1403,90,3,10,143,3,20,67,3,10,10008,3,10,8844,3,20,8558,3,10,-9990,0,0,8,E,8,6,E,8,-0.2,E,8,-3.5,E,8,79,E,8,989,E,8,105,E,8,2.6,E,8,-9990,0,0,-9990,0,0,0.727,E,8,0.084,E,8,0.20,E,8,0,-9990,0,0
11/29/2005,11:00,373,1403,175,3,10,322,3,20,90,3,10,19320,3,10,22517,3,20,13337,3,10,-9990,0,0,5,E,8,4,E,8,0.9,E,8,-2.5,E,8,78,E,8,990,E,8,132,E,8,3.0,E,8,-9990,0,0,-9990,0,0,0.779,E,8,0.084,E,8,0.20,E,8,0,-9990,0,0
11/29/2005,12:00,464,1403,260,3,10,466,3,20,105,3,10,27529,3,10,36762,3,20,15361,3,10,-9990,0,0,3,E,8,2,E,8,2.0,E,8,-2.5,E,8,72,E,8,990,E,8,103,E,8,2.8,E,8,-9990,0,0,-9990,0,0,0.779,E,8,0.084,E,8,0.20,E,8,0,-9990,0,0
11/29/2005,13:00,499,1403,323,3,10,624,3,20,101,3,10,34514,3,10,55055,3,20,14953,3,10,-9990,0,0,0,E,8,0,E,8,3.0,E,8,-2.4,E,8,67,E,8,990,E,8,169,E,8,2.8,E,8,-9990,0,0,-9990,0,0,0.784,E,8,0.084,E,8,0.20,E,8,0,-9990,0,0
11/29/2005,14:00,473,1403,241,3,10,300,3,20,140,3,10,26482,3,10,27866,3,20,17092,3,10,-9990,0,0,6,E,8,5,E,8,3.3,E,8,-2.1,E,8,67,E,8,990,E,8,186,E,8,3.0,E,8,-9990,0,0,-9990,0,0,0.800,E,8,0.084,E,8,0.20,E,8,0,-9990,0,0
11/29/2005,15:00,389,1403,69,3,10,0,3,20,69,3,10,8272,3,10,0,3,20,8272,3,10,-9990,0,0,10,E,8,9,E,8,2.5,E,8,-2.5,E,8,69,E,8,990,E,8,217,E,8,5.1,E,8,-9990,0,0,-9990,0,0,0.777,E,8,0.084,E,8,0.20,E,8,0,-9990,0,0
11/29/2005,16:00,253,1403,72,3,10,35,3,20,66,3,10,7968,3,10,2131,3,20,7584,3,10,-9990,0,0,10,E,8,9,E,8,1.9,E,8,-3.0,E,8,69,E,8,991,E,8,247,E,8,3.5,E,8,-9990,0,0,-9990,0,0,0.749,E,8,0.084,E,8,0.20,E,8,0,-9990,0,0
11/29/2005,17:00,72,601,3,3,10,0,3,20,3,3,10,372,3,10,9,3,20,370,3,10,-9990,0,0,10,E,8,9,E,8,1.1,E,8,-3.2,E,8,73,E,8,991,E,8,241,E,8,3.0,E,8,-9990,0,0,-9990,0,0,0.741,E,8,0.084,E,8,0.20,E,8,0,-9990,0,0
11/29/2005,18:00,0,0,0,3,0,0,3,0,0,3,0,0,3,0,0,3,0,0,3,0,-9990,0,0,10,E,8,9,E,8,0.8,E,8,-3.2,E,8,74,E,8,991,E,8,286,E,8,1.6,E,8,-9990,0,0,-9990,0,0,0.740,E,8,0.084,E,8,0.20,E,8,0,-9990,0,0
11/29/2005,19:00,0,0,0,3,0,0,3,0,0,3,0,0,3,0,0,3,0,0,3,0,-9990,0,0,10,E,8,9,E,8,0.5,E,8,-3.2,E,8,76,E,8,991,E,8,316,E,8,2.3,E,8,-9990,0,0,-9990,0,0,0.743,E,8,0.084,E,8,0.20,E,8,0,-9990,0,0
11/29/2005,20:00,0,0,0,3,0,0,3,0,0,3,0,0,3,0,0,3,0,0,3,0,-9990,0,0,10,E,8,9,E,8,0.2,E,8,-3.2,E,8,77,E,8,991,E,8,314,E,8,1.6,E,8,-9990,0,0,-9990,0,0,0.739,E,8,0.084,E,8,0.20,E,8,0,-9990,0,0
11/29/2005,21:00,0,0,0,3,0,0,3,0,0,3,0,0,3,0,0,3,0,0,3,0,-9990,0,0,10,E,8,9,E,8,0.0,E,8,-3.5,E,8,78,E,8,991,E,8,320,E,8,1.1,E,8,-9990,0,0,-9990,0,0,0.728,E,8,0.084,E,8,0.20,E,8,0,-9990,0,0
11/29/2005,22:00,0,0,0,3,0,0,3,0,0,3,0,0,3,0,0,3,0,0,3,0,-9990,0,0,10,E,8,9,E,8,-0.3,E,8,-3.3,E,8,80,E,8,991,E,8,254,E,8,0.6,E,8,-9990,0,0,-9990,0,0,0.736,E,8,0.084,E,8,0.20,E,8,0,-9990,0,0
11/29/2005,23:00,0,0,0,3,0,0,3,0,0,3,0,0,3,0,0,3,0,0,3,0,-9990,0,0,10,E,8,9,E,8,-0.6,E,8,-3.1,E,8,83,E,8,991,E,8,269,E,8,0.6,E,8,-9990,0,0,-9990,0,0,0.748,E,8,0.084,E,8,0.20,E,8,0,-9990,0,0
11/29/2005,24:00,0,0,0,3,0,0,3,0,0,3,0,0,3,0,0,3,0,0,3,0,-9990,0,0,9,E,8,8,E,8,-0.9,E,8,-3.3,E,8,84,E,8,991,E,8,227,E,8,0.9,E,8,-9990,0,0,-9990,0,0,0.738,E,8,0.084,E,8,0.20,E,8,0,-9990,0,0
11/30/2005,01:00,0,0,0,3,0,0,3,0,0,3,0,0,3,0,0,3,0,0,3,0,-9990,0,0,9,E,8,8,E,8,-1.0,E,8,-2.6,E,8,88,E,8,992,E,8,235,E,8,0.8,E,8,-9990,0,0,-9990,0,0,0.771,E,8,0.082,E,8,0.20,E,8,0,-9990,0,0
11/30/2005,02:00,0,0,0,3,0,0,3,0,0,3,0,0,3,0,0,3,0,0,3,0,-9990,0,0,9,E,8,8,E,8,-1.2,E,8,-2.9,E,8,88,E,8,992,E,8,156,E,8,1.1,E,8,-9990,0,0,-9990,0,0,0.756,E,8,0.082,E,8,0.20,E,8,0,-9990,0,0
11/30/2005,03:00,0,0,0,3,0,0,3,0,0,3,0,0,3,0,0,3,0,0,3,0,-9990,0,0,9,E,8,8,E,8,-1.4,E,8,-2.7,E,8,91,E,8,992,E,8,59,E,8,1.7,E,8,-9990,0,0,-9990,0,0,0.768,E,8,0.082,E,8,0.20,E,8,0,-9990,0,0
11/30/2005,04:00,0,0,0,3,0,0,3,0,0,3,0,0,3,0,0,3,0,0,3,0,-9990,0,0,9,E,8,8,E,8,-1.5,E,8,-2.5,E,8,93,E,8,992,E,8,321,E,8,2.1,E,8,-9990,0,0,-9990,0,0,0.778,E,8,0.082,E,8,0.20,E,8,0,-9990,0,0
11/30/2005,05:00,0,0,0,3,0,0,3,0,0,3,0,0,3,0,0,3,0,0,3,0,-9990,0,0,9,E,8,8,E,8,-1.7,E,8,-2.6,E,8,93,E,8,992,E,8,346,E,8,2.8,E,8,-9990,0,0,-9990,0,0,0.773,E,8,0.082,E,8,0.20,E,8,0,-9990,0,0
11/30/2005,06:00,0,0,0,3,0,0,3,0,0,3,0,0,3,0,0,3,0,0,3,0,-9990,0,0,9,E,8,8,E,8,-1.8,E,8,-2.7,E,8,93,E,8,992,E,8,323,E,8,2.5,E,8,-9990,0,0,-9990,0,0,0.768,E,8,0.082,E,8,0.20,E,8,0,-9990,0,0
11/30/2005,07:00,0,0,0,3,0,0,3,0,0,3,0,0,3,0,0,3,0,0,3,0,-9990,0,0,9,E,8,8,E,8,-1.9,E,8,-3.2,E,8,91,E,8,992,E,8,346,E,8,2.8,E,8,-9990,0,0,-9990,0,0,0.743,E,8,0.082,E,8,0.20,E,8,0,-9990,0,0
11/30/2005,08:00,0,0,0,3,0,0,3,0,0,3,0,0,3,0,0,3,0,0,3,0,-9990,0,0,9,E,8,8,E,8,-2.0,E,8,-2.9,E,8,94,E,8,992,E,8,340,E,8,3.2,E,8,-9990,0,0,-9990,0,0,0.759,E,8,0.082,E,8,0.20,E,8,0,-9990,0,0
11/30/2005,09:00,47,483,5,3,10,0,3,20,5,3,10,661,3,10,13,3,20,660,3,10,-9990,0,0,9,E,8,8,E,8,-1.9,E,8,-2.0,E,8,100,E,8,992,E,8,334,E,8,4.1,E,8,-9990,0,0,-9990,0,0,0.807,E,8,0.082,E,8,0.20,E,8,0,-9990,0,0
11/30/2005,10:00,226,1404,93,3,10,119,3,20,74,3,10,10268,3,10,5043,3,20,9457,3,10,-9990,0,0,9,E,8,8,E,8,-0.5,E,8,-0.8,E,8,98,E,8,993,E,8,340,E,8,4.1,E,8,-9990,0,0,-9990,0,0,0.877,E,8,0.082,E,8,0.20,E,8,0,-9990,0,0
11/30/2005,11:00,369,1404,199,3,10,499,3,20,68,3,10,21485,3,10,41323,3,20,10635,3,10,-9990,0,0,0,E,8,0,E,8,1.2,E,8,0.5,E,8,95,E,8,993,E,8,32,E,8,2.8,E,8,-9990,0,0,-9990,0,0,0.958,E,8,0.082,E,8,0.20,E,8,0,-9990,0,0
11/30/2005,12:00,460,1404,278,3,10,606,3,20,79,3,10,30157,3,10,54630,3,20,12239,3,10,-9990,0,0,0,E,8,0,E,8,2.7,E,8,0.9,E,8,88,E,8,993,E,8,55,E,8,1.2,E,8,-9990,0,0,-9990,0,0,0.985,E,8,0.082,E,8,0.20,E,8,0,-9990,0,0
11/30/2005,13:00,495,1404,319,3,10,740,3,20,58,3,10,34173,3,10,72089,3,20,8762,3,10,-9990,0,0,0,E,8,0,E,8,3.8,E,8,0.8,E,8,81,E,8,993,E,8,328,E,8,0.8,E,8,-9990,0,0,-9990,0,0,0.984,E,8,0.082,E,8,0.20,E,8,0,-9990,0,0
11/30/2005,14:00,469,1404,298,3,10,718,3,20,58,3,10,31921,3,10,69088,3,20,8815,3,10,-9990,0,0,0,E,8,0,E,8,4.5,E,8,0.6,E,8,76,E,8,993,E,8,336,E,8,0.6,E,8,-9990,0,0,-9990,0,0,0.968,E,8,0.082,E,8,0.20,E,8,0,-9990,0,0
11/30/2005,15:00,386,1404,229,3,10,637,3,20,54,3,10,24849,3,10,59834,3,20,8391,3,10,-9990,0,0,0,E,8,0,E,8,4.5,E,8,0.7,E,8,76,E,8,992,E,8,11,E,8,1.4,E,8,-9990,0,0,-9990,0,0,0.973,E,8,0.082,E,8,0.20,E,8,0,-9990,0,0
11/30/2005,16:00,250,1404,137,3,10,311,3,20,82,3,10,14706,3,10,16232,3,20,11811,3,10,-9990,0,0,5,E,8,4,E,8,4.0,E,8,0.4,E,8,78,E,8,992,E,8,18,E,8,1.3,E,8,-9990,0,0,-9990,0,0,0.956,E,8,0.082,E,8,0.20,E,8,0,-9990,0,0
11/30/2005,17:00,70,593,16,3,10,0,3,20,16,3,10,1936,3,10,0,3,20,1936,3,10,-9990,0,0,6,E,8,6,E,8,2.7,E,8,0.5,E,8,86,E,8,992,E,8,360,E,8,0.7,E,8,-9990,0,0,-9990,0,0,0.963,E,8,0.082,E,8,0.20,E,8,0,-9990,0,0
11/30/2005,18:00,0,0,0,3,0,0,3,0,0,3,0,0,3,0,0,3,0,0,3,0,-9990,0,0,6,E,8,6,E,8,2.6,E,8,0.6,E,8,87,E,8,992,E,8,68,E,8,0.5,E,8,-9990,0,0,-9990,0,0,0.969,E,8,0.082,E,8,0.20,E,8,0,-9990,0,0
11/30/2005,19:00,0,0,0,3,0,0,3,0,0,3,0,0,3,0,0,3,0,0,3,0,-9990,0,0,6,E,8,6,E,8,2.5,E,8,0.7,E,8,88,E,8,991,E,8,201,E,8,0.5,E,8,-9990,0,0,-9990,0,0,0.977,E,8,0.082,E,8,0.20,E,8,0,-9990,0,0
11/30/2005,20:00,0,0,0,3,0,0,3,0,0,3,0,0,3,0,0,3,0,0,3,0,-9990,0,0,6,E,8,6,E,8,2.4,E,8,1.1,E,8,91,E,8,991,E,8,214,E,8,0.5,E,8,-9990,0,0,-9990,0,0,1.002,E,8,0.082,E,8,0.20,E,8,0,-9990,0,0
11/30/2005,21:00,0,0,0,3,0,0,3,0,0,3,0,0,3,0,0,3,0,0,3,0,-9990,0,0,6,E,8,6,E,8,2.4,E,8,0.8,E,8,90,E,8,991,E,8,272,E,8,0.6,E,8,-9990,0,0,-9990,0,0,0.983,E,8,0.082,E,8,0.20,E,8,0,-9990,0,0
11/30/2005,22:00,0,0,0,3,0,0,3,0,0,3,0,0,3,0,0,3,0,0,3,0,-9990,0,0,6,E,8,6,E,8,2.3,E,8,1.1,E,8,92,E,8,990,E,8,240,E,8,0.9,E,8,-9990,0,0,-9990,0,0,1.000,E,8,0.082,E,8,0.20,E,8,0,-9990,0,0
11/30/2005,23:00,0,0,0,3,0,0,3,0,0,3,0,0,3,0,0,3,0,0,3,0,-9990,0,0,6,E,8,6,E,8,2.2,E,8,1.4,E,8,94,E,8,990,E,8,240,E,8,0.5,E,8,-9990,0,0,-9990,0,0,1.020,E,8,0.082,E,8,0.20,E,8,0,-9990,0,0
11/30/2005,24:00,0,0,0,3,0,0,3,0,0,3,0,0,3,0,0,3,0,0,3,0,-9990,0,0,8,E,8,7,E,8,2.1,E,8,1.6,E,8,96,E,8,990,E,8,214,E,8,0.9,E,8,-9990,0,0,-9990,0,0,1.034,E,8,0.082,E,8,0.20,E,8,0,-9990,0,0
12/01/2005,01:00,0,0,0,3,0,0,3,0,0,3,0,0,3,0,0,3,0,0,3,0,-9990,0,0,10,E,8,9,E,8,2.4,E,8,1.8,E,8,96,E,8,990,E,8,212,E,8,1.4,E,8,-9990,0,0,-9990,0,0,1.056,E,8,0.092,E,8,0.20,E,8,0,-9990,0,0
12/01/2005,02:00,0,0,0,3,0,0,3,0,0,3,0,0,3,0,0,3,0,0,3,0,-9990,0,0,10,E,8,9,E,8,2.7,E,8,2.5,E,8,99,E,8,990,E,8,135,E,8,1.2,E,8,-9990,0,0,-9990,0,0,1.108,E,8,0.092,E,8,0.20,E,8,0,-9990,0,0
12/01/2005,03:00,0,0,0,3,0,0,3,0,0,3,0,0,3,0,0,3,0,0,3,0,-9990,0,0,10,E,8,9,E,8,3.0,E,8,3.0,E,8,100,E,8,990,E,8,214,E,8,0.7,E,8,-9990,0,0,-9990,0,0,1.146,E,8,0.092,E,8,0.20,E,8,0,-9990,0,0
12/01/2005,04:00,0,0,0,3,0,0,3,0,0,3,0,0,3,0,0,3,0,0,3,0,-9990,0,0,10,E,8,9,E,8,3.2,E,8,3.2,E,8,100,E,8,989,E,8,44,E,8,0.4,E,8,-9990,0,0,-9990,0,0,1.163,E,8,0.092,E,8,0.20,E,8,0,-9990,0,0
12/01/2005,05:00,0,0,0,3,0,0,3,0,0,3,0,0,3,0,0,3,0,0,3,0,-9990,0,0,10,E,8,9,E,8,3.4,E,8,3.1,E,8,98,E,8,989,E,8,185,E,8,1.4,E,8,-9990,0,0,-9990,0,0,1.156,E,8,0.092,E,8,0.20,E,8,0,-9990,0,0
12/01/2005,06:00,0,0,0,3,0,0,3,0,0,3,0,0,3,0,0,3,0,0,3,0,-9990,0,0,10,E,8,9,E,8,3.6,E,8,2.8,E,8,94,E,8,989,E,8,232,E,8,1.6,E,8,-9990,0,0,-9990,0,0,1.131,E,8,0.092,E,8,0.20,E,8,0,-9990,0,0
12/01/2005,07:00,0,0,0,3,0,0,3,0,0,3,0,0,3,0,0,3,0,0,3,0,-9990,0,0,10,E,8,9,E,8,3.8,E,8,3.1,E,8,95,E,8,989,E,8,270,E,8,1.2,E,8,-9990,0,0,-9990,0,0,1.151,E,8,0.092,E,8,0.20,E,8,0,-9990,0,0
12/01/2005,08:00,0,0,0,3,0,0,3,0,0,3,0,0,3,0,0,3,0,0,3,0,-9990,0,0,10,E,8,9,E,8,4.0,E,8,3.3,E,8,96,E,8,988,E,8,271,E,8,0.8,E,8,-9990,0,0,-9990,0,0,1.172,E,8,0.092,E,8,0.20,E,8,0,-9990,0,0
12/01/2005,09:00,44,467,2,3,10,0,3,20,2,3,10,333,3,10,10,3,20,332,3,10,-9990,0,0,10,E,8,9,E,8,4.2,E,8,2.9,E,8,91,E,8,988,E,8,243,E,8,1.4,E,8,-9990,0,0,-9990,0,0,1.134,E,8,0.092,E,8,0.20,E,8,0,-9990,0,0
12/01/2005,10:00,221,1404,46,3,10,0,3,20,46,3,10,5199,3,10,0,3,20,5199,3,10,-9990,0,0,10,E,8,9,E,8,5.8,E,8,3.6,E,8,86,E,8,988,E,8,306,E,8,2.0,E,8,-9990,0,0,-9990,0,0,1.190,E,8,0.092,E,8,0.20,E,8,0,-9990,0,0
12/01/2005,11:00,364,1404,85,3,10,0,3,20,85,3,10,9576,3,10,0,3,20,9576,3,10,-9990,0,0,10,E,8,9,E,8,7.2,E,8,4.4,E,8,82,E,8,988,E,8,151,E,8,2.7,E,8,-9990,0,0,-9990,0,0,1.264,E,8,0.092,E,8,0.20,E,8,0,-9990,0,0
12/01/2005,12:00,456,1404,116,3,10,1,3,20,115,3,10,13047,3,10,0,3,20,13047,3,10,-9990,0,0,10,E,8,9,E,8,8.5,E,8,3.8,E,8,72,E,8,987,E,8,196,E,8,2.5,E,8,-9990,0,0,-9990,0,0,1.207,E,8,0.092,E,8,0.20,E,8,0,-9990,0,0
12/01/2005,13:00,491,1404,123,3,10,1,3,20,123,3,10,13921,3,10,5,3,20,13920,3,10,-9990,0,0,10,E,8,9,E,8,9.4,E,8,4.9,E,8,74,E,8,987,E,8,207,E,8,2.2,E,8,-9990,0,0,-9990,0,0,1.312,E,8,0.092,E,8,0.20,E,8,0,-9990,0,0
12/01/2005,14:00,466,1404,119,3,10,2,3,20,118,3,10,13413,3,10,51,3,20,13396,3,10,-9990,0,0,10,E,8,9,E,8,10.0,E,8,4.2,E,8,67,E,8,987,E,8,339,E,8,1.6,E,8,-9990,0,0,-9990,0,0,1.248,E,8,0.092,E,8,0.20,E,8,0,-9990,0,0
12/01/2005,15:00,383,1404,81,3,10,0,3,20,81,3,10,9221,3,10,0,3,20,9221,3,10,-9990,0,0,10,E,8,9,E,8,10.1,E,8,4.6,E,8,68,E,8,987,E,8,291,E,8,1.4,E,8,-9990,0,0,-9990,0,0,1.276,E,8,0.092,E,8,0.20,E,8,0,-9990,0,0
12/01/2005,16:00,248,1404,50,3,10,0,3,20,50,3,10,5710,3,10,0,3,20,5710,3,10,-9990,0,0,10,E,8,9,E,8,9.7,E,8,4.2,E,8,69,E,8,987,E,8,256,E,8,1.6,E,8,-9990,0,0,-9990,0,0,1.249,E,8,0.092,E,8,0.20,E,8,0,-9990,0,0
12/01/2005,17:00,68,587,3,3,10,0,3,20,3,3,10,429,3,10,9,3,20,428,3,10,-9990,0,0,10,E,8,9,E,8,8.9,E,8,3.7,E,8,70,E,8,986,E,8,226,E,8,1.8,E,8,-9990,0,0,-9990,0,0,1.199,E,8,0.092,E,8,0.20,E,8,0,-9990,0,0
12/01/2005,18:00,0,0,0,3,0,0,3,0,0,3,0,0,3,0,0,3,0,0,3,0,-9990,0,0,10,E,8,9,E,8,8.6,E,8,4.0,E,8,73,E,8,986,E,8,291,E,8,2.7,E,8,-9990,0,0,-9990,0,0,1.224,E,8,0.092,E,8,0.20,E,8,0,-9990,0,0
12/01/2005,19:00,0,0,0,3,0,0,3,0,0,3,0,0,3,0,0,3,0,0,3,0,-9990,0,0,10,E,8,9,E,8,8.3,E,8,4.1,E,8,75,E,8,986,E,8,286,E,8,2.5,E,8,-9990,0,0,-9990,0,0,1.232,E,8,0.092,E,8,0.20,E,8,0,-9990,0,0
12/01/2005,20:00,0,0,0,3,0,0,3,0,0,3,0,0,3,0,0,3,0,0,3,0,-9990,0,0,10,E,8,9,E,8,8.0,E,8,4.0,E,8,76,E,8,986,E,8,326,E,8,1.2,E,8,-9990,0,0,-9990,0,0,1.229,E,8,0.092,E,8,0.20,E,8,0,-9990,0,0
12/01/2005,21:00,0,0,0,3,0,0,3,0,0,3,0,0,3,0,0,3,0,0,3,0,-9990,0,0,10,E,8,9,E,8,7.7,E,8,3.9,E,8,77,E,8,986,E,8,257,E,8,1.0,E,8,-9990,0,0,-9990,0,0,1.217,E,8,0.092,E,8,0.20,E,8,0,-9990,0,0
12/01/2005,22:00,0,0,0,3,0,0,3,0,0,3,0,0,3,0,0,3,0,0,3,0,-9990,0,0,10,E,8,9,E,8,7.4,E,8,3.4,E,8,76,E,8,986,E,8,337,E,8,0.7,E,8,-9990,0,0,-9990,0,0,1.180,E,8,0.092,E,8,0.20,E,8,0,-9990,0,0
12/01/2005,23:00,0,0,0,3,0,0,3,0,0,3,0,0,3,0,0,3,0,0,3,0,-9990,0,0,10,E,8,9,E,8,7.1,E,8,3.5,E,8,78,E,8,985,E,8,149,E,8,1.4,E,8,-9990,0,0,-9990,0,0,1.185,E,8,0.092,E,8,0.20,E,8,0,-9990,0,0
12/01/2005,24:00,0,0,0,3,0,0,3,0,0,3,0,0,3,0,0,3,0,0,3,0,-9990,0,0,10,E,8,9,E,8,6.9,E,8,2.6,E,8,74,E,8,985,E,8,57,E,8,2.0,E,8,-9990,0,0,-9990,0,0,1.115,E,8,0.092,E,8,0.20,E,8,0,-9990,0,0
12/02/2005,01:00,0,0,0,3,0,0,3,0,0,3,0,0,3,0,0,3,0,0,3,0,-9990,0,0,10,E,8,9,E,8,6.0,E,8,4.0,E,8,87,E,8,985,E,8,139,E,8,2.5,E,8,-9990,0,0,-9990,0,0,1.227,E,8,0.101,E,8,0.20,E,8,1,-9990,0,0
12/02/2005,02:00,0,0,0,3,0,0,3,0,0,3,0,0,3,0,0,3,0,0,3,0,-9990,0,0,10,E,8,9,E,8,5.3,E,8,2.8,E,8,84,E,8,985,E,8,204,E,8,2.2,E,8,-9990,0,0,-9990,0,0,1.126,E,8,0.101,E,8,0.20,E,8,1,-9990,0,0
12/02/2005,03:00,0,0,0,3,0,0,3,0,0,3,0,0,3,0,0,3,0,0,3,0,-9990,0,0,10,E,8,9,E,8,4.7,E,8,3.3,E,8,91,E,8,985,E,8,223,E,8,2.5,E,8,-9990,0,0,-9990,0,0,1.166,E,8,0.101,E,8,0.20,E,8,0,-9990,0,0
12/02/2005,04:00,0,0,0,3,0,0,3,0,0,3,0,0,3,0,0,3,0,0,3,0,-9990,0,0,10,E,8,9,E,8,4.1,E,8,2.3,E,8,88,E,8,985,E,8,264,E,8,2.2,E,8,-9990,0,0,-9990,0,0,1.088,E,8,0.101,E,8,0.20,E,8,0,-9990,0,0
12/02/2005,05:00,0,0,0,3,0,0,3,0,0,3,0,0,3,0,0,3,0,0,3,0,-9990,0,0,10,E,8,9,E,8,3.7,E,8,1.5,E,8,86,E,8,984,E,8,226,E,8,2.8,E,8,-9990,0,0,-9990,0,0,1.033,E,8,0.101,E,8,0.20,E,8,0,-9990,0,0
12/02/2005,06:00,0,0,0,3,0,0,3,0,0,3,0,0,3,0,0,3,0,0,3,0,-9990,0,0,10,E,8,9,E,8,3.2,E,8,1.3,E,8,88,E,8,984,E,8,224,E,8,3.0,E,8,-9990,0,0,-9990,0,0,1.018,E,8,0.101,E,8,0.20,E,8,0,-9990,0,0
12/02/2005,07:00,0,0,0,3,0,0,3,0,0,3,0,0,3,0,0,3,0,0,3,0,-9990,0,0,10,E,8,9,E,8,2.9,E,8,0.6,E,8,85,E,8,984,E,8,260,E,8,2.7,E,8,-9990,0,0,-9990,0,0,0.970,E,8,0.101,E,8,0.20,E,8,0,-9990,0,0
12/02/2005,08:00,0,0,0,3,0,0,3,0,0,3,0,0,3,0,0,3,0,0,3,0,-9990,0,0,10,E,8,9,E,8,2.4,E,8,1.2,E,8,91,E,8,984,E,8,193,E,8,3.9,E,8,-9990,0,0,-9990,0,0,1.008,E,8,0.101,E,8,0.20,E,8,0,-9990,0,0
12/02/2005,09:00,42,452,2,3,10,0,3,20,2,3,10,237,3,10,9,3,20,236,3,10,-9990,0,0,10,E,8,9,E,8,2.3,E,8,1.9,E,8,97,E,8,984,E,8,283,E,8,4.3,E,8,-9990,0,0,-9990,0,0,1.057,E,8,0.101,E,8,0.20,E,8,0,-9990,0,0
12/02/2005,10:00,217,1404,9,3,10,0,3,20,9,3,10,1166,3,10,7,3,20,1165,3,10,-9990,0,0,10,E,8,9,E,8,2.0,E,8,1.0,E,8,93,E,8,984,E,8,207,E,8,4.5,E,8,-9990,0,0,-9990,0,0,0.992,E,8,0.101,E,8,0.20,E,8,0,-9990,0,0
12/02/2005,11:00,360,1404,17,3,10,0,3,20,17,3,10,2218,3,10,2,3,20,2218,3,10,-9990,0,0,10,E,8,9,E,8,1.6,E,8,1.2,E,8,97,E,8,983,E,8,147,E,8,5.4,E,8,-9990,0,0,-9990,0,0,1.009,E,8,0.101,E,8,0.20,E,8,0,-9990,0,0
12/02/2005,12:00,453,1404,23,3,10,0,3,20,23,3,10,2981,3,10,0,3,20,2981,3,10,-9990,0,0,10,E,8,9,E,8,1.3,E,8,0.8,E,8,97,E,8,983,E,8,231,E,8,5.9,E,8,-9990,0,0,-9990,0,0,0.984,E,8,0.101,E,8,0.20,E,8,0,-9990,0,0
12/02/2005,13:00,488,1404,26,3,10,0,3,20,26,3,10,3285,3,10,0,3,20,3285,3,10,-9990,0,0,10,E,8,9,E,8,1.0,E,8,0.6,E,8,97,E,8,983,E,8,204,E,8,5.9,E,8,-9990,0,0,-9990,0,0,0.970,E,8,0.101,E,8,0.20,E,8,0,-9990,0,0
12/02/2005,14:00,463,1404,24,3,10,0,3,20,24,3,10,3077,3,10,0,3,20,3077,3,10,-9990,0,0,10,E,8,9,E,8,0.8,E,8,0.4,E,8,97,E,8,983,E,8,207,E,8,4.8,E,8,-9990,0,0,-9990,0,0,0.955,E,8,0.101,E,8,0.20,E,8,0,-9990,0,0
12/02/2005,15:00,381,1404,19,3,10,0,3,20,19,3,10,2401,3,10,1,3,20,2400,3,10,-9990,0,0,10,E,8,9,E,8,0.6,E,8,0.2,E,8,97,E,8,983,E,8,216,E,8,4.8,E,8,-9990,0,0,-9990,0,0,0.944,E,8,0.101,E,8,0.20,E,8,0,-9990,0,0
12/02/2005,16:00,246,1404,11,3,10,0,3,20,11,3,10,1375,3,10,6,3,20,1374,3,10,-9990,0,0,10,E,8,9,E,8,1.2,E,8,0.8,E,8,97,E,8,984,E,8,207,E,8,2.7,E,8,-9990,0,0,-9990,0,0,0.981,E,8,0.101,E,8,0.20,E,8,0,-9990,0,0
12/02/2005,17:00,67,580,3,3,10,0,3,20,3,3,10,381,3,10,9,3,20,380,3,10,-9990,0,0,10,E,8,9,E,8,1.1,E,8,0.7,E,8,97,E,8,984,E,8,168,E,8,3.0,E,8,-9990,0,0,-9990,0,0,0.976,E,8,0.101,E,8,0.20,E,8,0,-9990,0,0
12/02/2005,18:00,0,0,0,3,0,0,3,0,0,3,0,0,3,0,0,3,0,0,3,0,-9990,0,0,10,E,8,9,E,8,1.3,E,8,0.9,E,8,97,E,8,984,E,8,170,E,8,2.5,E,8,-9990,0,0,-9990,0,0,0.988,E,8,0.101,E,8,0.20,E,8,1,-9990,0,0
12/02/2005,19:00,0,0,0,3,0,0,3,0,0,3,0,0,3,0,0,3,0,0,3,0,-9990,0,0,10,E,8,9,E,8,1.4,E,8,1.2,E,8,98,E,8,984,E,8,83,E,8,3.0,E,8,-9990,0,0,-9990,0,0,1.006,E,8,0.101,E,8,0.20,E,8,1,-9990,0,0
12/02/2005,20:00,0,0,0,3,0,0,3,0,0,3,0,0,3,0,0,3,0,0,3,0,-9990,0,0,10,E,8,9,E,8,1.6,E,8,1.2,E,8,97,E,8,984,E,8,167,E,8,3.3,E,8,-9990,0,0,-9990,0,0,1.011,E,8,0.101,E,8,0.20,E,8,1,-9990,0,0
12/02/2005,21:00,0,0,0,3,0,0,3,0,0,3,0,0,3,0,0,3,0,0,3,0,-9990,0,0,10,E,8,9,E,8,0.9,E,8,0.7,E,8,99,E,8,984,E,8,79,E,8,2.5,E,8,-9990,0,0,-9990,0,0,0.975,E,8,0.101,E,8,0.20,E,8,6,-9990,0,0
12/02/2005,22:00,0,0,0,3,0,0,3,0,0,3,0,0,3,0,0,3,0,0,3,0,-9990,0,0,10,E,8,9,E,8,1.7,E,8,1.4,E,8,98,E,8,985,E,8,65,E,8,3.0,E,8,-9990,0,0,-9990,0,0,1.025,E,8,0.101,E,8,0.20,E,8,3,-9990,0,0
12/02/2005,23:00,0,0,0,3,0,0,3,0,0,3,0,0,3,0,0,3,0,0,3,0,-9990,0,0,10,E,8,9,E,8,2.4,E,8,2.2,E,8,98,E,8,985,E,8,75,E,8,4.1,E,8,-9990,0,0,-9990,0,0,1.079,E,8,0.101,E,8,0.20,E,8,0,-9990,0,0
12/02/2005,24:00,0,0,0,3,0,0,3,0,0,3,0,0,3,0,0,3,0,0,3,0,-9990,0,0,10,E,8,9,E,8,2.2,E,8,2.0,E,8,98,E,8,985,E,8,143,E,8,5.9,E,8,-9990,0,0,-9990,0,0,1.066,E,8,0.101,E,8,0.20,E,8,2,-9990,0,0
12/03/2005,01:00,0,0,0,3,0,0,3,0,0,3,0,0,3,0,0,3,0,0,3,0,-9990,0,0,10,E,8,9,E,8,3.1,E,8,2.8,E,8,98,E,8,985,E,8,200,E,8,5.9,E,8,-9990,0,0,-9990,0,0,1.125,E,8,0.099,E,8,0.20,E,8,0,-9990,0,0
12/03/2005,02:00,0,0,0,3,0,0,3,0,0,3,0,0,3,0,0,3,0,0,3,0,-9990,0,0,10,E,8,9,E,8,3.7,E,8,3.0,E,8,95,E,8,985,E,8,90,E,8,5.4,E,8,-9990,0,0,-9990,0,0,1.144,E,8,0.099,E,8,0.20,E,8,0,-9990,0,0
12/03/2005,03:00,0,0,0,3,0,0,3,0,0,3,0,0,3,0,0,3,0,0,3,0,-9990,0,0,10,E,8,9,E,8,4.3,E,8,4.0,E,8,98,E,8,985,E,8,148,E,8,4.5,E,8,-9990,0,0,-9990,0,0,1.228,E,8,0.099,E,8,0.20,E,8,0,-9990,0,0
12/03/2005,04:00,0,0,0,3,0,0,3,0,0,3,0,0,3,0,0,3,0,0,3,0,-9990,0,0,10,E,8,9,E,8,4.7,E,8,4.3,E,8,98,E,8,986,E,8,199,E,8,4.1,E,8,-9990,0,0,-9990,0,0,1.257,E,8,0.099,E,8,0.20,E,8,0,-9990,0,0
12/03/2005,05:00,0,0,0,3,0,0,3,0,0,3,0,0,3,0,0,3,0,0,3,0,-9990,0,0,10,E,8,9,E,8,5.0,E,8,4.5,E,8,96,E,8,986,E,8,281,E,8,3.9,E,8,-9990,0,0,-9990,0,0,1.267,E,8,0.099,E,8,0.20,E,8,0,-9990,0,0
12/03/2005,06:00,0,0,0,3,0,0,3,0,0,3,0,0,3,0,0,3,0,0,3,0,-9990,0,0,10,E,8,9,E,8,5.4,E,8,4.7,E,8,95,E,8,986,E,8,237,E,8,3.3,E,8,-9990,0,0,-9990,0,0,1.286,E,8,0.099,E,8,0.20,E,8,0,-9990,0,0
12/03/2005,07:00,0,0,0,3,0,0,3,0,0,3,0,0,3,0,0,3,0,0,3,0,-9990,0,0,10,E,8,9,E,8,5.7,E,8,4.8,E,8,94,E,8,986,E,8,204,E,8,4.1,E,8,-9990,0,0,-9990,0,0,1.301,E,8,0.099,E,8,0.20,E,8,0,-9990,0,0
12/03/2005,08:00,0,0,0,3,0,0,3,0,0,3,0,0,3,0,0,3,0,0,3,0,-9990,0,0,10,E,8,9,E,8,6.0,E,8,5.0,E,8,93,E,8,986,E,8,196,E,8,2.8,E,8,-9990,0,0,-9990,0,0,1.318,E,8,0.099,E,8,0.20,E,8,0,-9990,0,0
12/03/2005,09:00,39,438,2,3,10,0,3,20,2,3,10,243,3,10,9,3,20,242,3,10,-9990,0,0,10,E,8,9,E,8,6.3,E,8,5.2,E,8,93,E,8,986,E,8,71,E,8,1.8,E,8,-9990,0,0,-9990,0,0,1.336,E,8,0.099,E,8,0.20,E,8,0,-9990,0,0
12/03/2005,10:00,213,1405,10,3,10,0,3,20,10,3,10,1236,3,10,6,3,20,1235,3,10,-9990,0,0,10,E,8,9,E,8,6.8,E,8,5.9,E,8,94,E,8,987,E,8,38,E,8,1.0,E,8,-9990,0,0,-9990,0,0,1.400,E,8,0.099,E,8,0.20,E,8,0,-9990,0,0
12/03/2005,11:00,356,1405,19,3,10,0,3,20,19,3,10,2372,3,10,0,3,20,2372,3,10,-9990,0,0,10,E,8,9,E,8,7.3,E,8,4.5,E,8,83,E,8,987,E,8,57,E,8,1.0,E,8,-9990,0,0,-9990,0,0,1.274,E,8,0.099,E,8,0.20,E,8,0,-9990,0,0
12/03/2005,12:00,449,1405,25,3,10,0,3,20,25,3,10,3197,3,10,0,3,20,3197,3,10,-9990,0,0,10,E,8,9,E,8,7.8,E,8,4.3,E,8,79,E,8,987,E,8,165,E,8,0.3,E,8,-9990,0,0,-9990,0,0,1.252,E,8,0.099,E,8,0.20,E,8,0,-9990,0,0
12/03/2005,13:00,484,1405,28,3,10,0,3,20,28,3,10,3528,3,10,0,3,20,3528,3,10,-9990,0,0,10,E,8,9,E,8,8.1,E,8,4.1,E,8,76,E,8,987,E,8,165,E,8,0.2,E,8,-9990,0,0,-9990,0,0,1.238,E,8,0.099,E,8,0.20,E,8,0,-9990,0,0
12/03/2005,14:00,460,1405,221,3,10,248,3,20,140,3,10,23554,3,10,19635,3,20,17122,3,10,-9990,0,0,8,E,8,6,E,8,11.0,E,8,5.1,E,8,67,E,8,987,E,8,210,E,8,0.1,E,8,-9990,0,0,-9990,0,0,1.323,E,8,0.099,E,8,0.20,E,8,0,-9990,0,0
12/03/2005,15:00,378,1405,182,3,10,343,3,20,90,3,10,19376,3,10,23847,3,20,12959,3,10,-9990,0,0,5,E,8,4,E,8,12.7,E,8,5.8,E,8,63,E,8,987,E,8,249,E,8,0.2,E,8,-9990,0,0,-9990,0,0,1.390,E,8,0.099,E,8,0.20,E,8,0,-9990,0,0
12/03/2005,16:00,244,1405,106,3,10,198,3,20,71,3,10,11189,3,10,12540,3,20,9015,3,10,-9990,0,0,6,E,8,5,E,8,13.2,E,8,6.8,E,8,65,E,8,987,E,8,247,E,8,0.5,E,8,-9990,0,0,-9990,0,0,1.489,E,8,0.099,E,8,0.20,E,8,0,-9990,0,0
12/03/2005,17:00,65,575,19,3,10,0,3,20,19,3,10,2190,3,10,0,3,20,2190,3,10,-9990,0,0,6,E,8,5,E,8,12.5,E,8,6.9,E,8,68,E,8,988,E,8,259,E,8,0.6,E,8,-9990,0,0,-9990,0,0,1.501,E,8,0.099,E,8,0.20,E,8,0,-9990,0,0
12/03/2005,18:00,0,0,0,3,0,0,3,0,0,3,0,0,3,0,0,3,0,0,3,0,-9990,0,0,6,E,8,5,E,8,12.3,E,8,6.9,E,8,69,E,8,988,E,8,233,E,8,0.4,E,8,-9990,0,0,-9990,0,0,1.503,E,8,0.099,E,8,0.20,E,8,0,-9990,0,0
12/03/2005,19:00,0,0,0,3,0,0,3,0,0,3,0,0,3,0,0,3,0,0,3,0,-9990,0,0,6,E,8,5,E,8,12.1,E,8,7.7,E,8,75,E,8,988,E,8,253,E,8,0.6,E,8,-9990,0,0,-9990,0,0,1.595,E,8,0.099,E,8,0.20,E,8,0,-9990,0,0
12/03/2005,20:00,0,0,0,3,0,0,3,0,0,3,0,0,3,0,0,3,0,0,3,0,-9990,0,0,6,E,8,5,E,8,11.9,E,8,7.4,E,8,74,E,8,988,E,8,303,E,8,0.6,E,8,-9990,0,0,-9990,0,0,1.557,E,8,0.099,E,8,0.20,E,8,0,-9990,0,0
12/03/2005,21:00,0,0,0,3,0,0,3,0,0,3,0,0,3,0,0,3,0,0,3,0,-9990,0,0,6,E,8,5,E,8,11.7,E,8,7.8,E,8,77,E,8,988,E,8,217,E,8,1.0,E,8,-9990,0,0,-9990,0,0,1.599,E,8,0.099,E,8,0.20,E,8,0,-9990,0,0
12/03/2005,22:00,0,0,0,3,0,0,3,0,0,3,0,0,3,0,0,3,0,0,3,0,-9990,0,0,6,E,8,5,E,8,11.5,E,8,7.7,E,8,78,E,8,988,E,8,266,E,8,0.8,E,8,-9990,0,0,-9990,0,0,1.594,E,8,0.099,E,8,0.20,E,8,0,-9990,0,0
12/03/2005,23:00,0,0,0,3,0,0,3,0,0,3,0,0,3,0,0,3,0,0,3,0,-9990,0,0,6,E,8,5,E,8,11.3,E,8,7.5,E,8,78,E,8,988,E,8,280,E,8,1.4,E,8,-9990,0,0,-9990,0,0,1.571,E,8,0.099,E,8,0.20,E,8,0,-9990,0,0
12/03/2005,24:00,0,0,0,3,0,0,3,0,0,3,0,0,3,0,0,3,0,0,3,0,-9990,0,0,5,E,8,5,E,8,11.1,E,8,8.1,E,8,82,E,8,988,E,8,290,E,8,0.8,E,8,-9990,0,0,-9990,0,0,1.638,E,8,0.099,E,8,0.20,E,8,0,-9990,0,0
12/04/2005,01:00,0,0,0,3,0,0,3,0,0,3,0,0,3,0,0,3,0,0,3,0,-9990,0,0,5,E,8,5,E,8,10.3,E,8,8.1,E,8,86,E,8,988,E,8,266,E,8,1.6,E,8,-9990,0,0,-9990,0,0,1.633,E,8,0.113,E,8,0.20,E,8,0,-9990,0,0
12/04/2005,02:00,0,0,0,3,0,0,3,0,0,3,0,0,3,0,0,3,0,0,3,0,-9990,0,0,5,E,8,5,E,8,9.4,E,8,7.7,E,8,89,E,8,988,E,8,315,E,8,0.8,E,8,-9990,0,0,-9990,0,0,1.589,E,8,0.113,E,8,0.20,E,8,0,-9990,0,0
12/04/2005,03:00,0,0,0,3,0,0,3,0,0,3,0,0,3,0,0,3,0,0,3,0,-9990,0,0,5,E,8,5,E,8,8.6,E,8,7.6,E,8,93,E,8,988,E,8,285,E,8,1.0,E,8,-9990,0,0,-9990,0,0,1.576,E,8,0.113,E,8,0.20,E,8,0,-9990,0,0
12/04/2005,04:00,0,0,0,3,0,0,3,0,0,3,0,0,3,0,0,3,0,0,3,0,-9990,0,0,5,E,8,5,E,8,8.2,E,8,7.8,E,8,98,E,8,988,E,8,300,E,8,0.8,E,8,-9990,0,0,-9990,0,0,1.607,E,8,0.113,E,8,0.20,E,8,0,-9990,0,0
12/04/2005,05:00,0,0,0,3,0,0,3,0,0,3,0,0,3,0,0,3,0,0,3,0,-9990,0,0,5,E,8,5,E,8,7.8,E,8,7.6,E,8,99,E,8,989,E,8,282,E,8,0.6,E,8,-9990,0,0,-9990,0,0,1.575,E,8,0.113,E,8,0.20,E,8,0,-9990,0,0
12/04/2005,06:00,0,0,0,3,0,0,3,0,0,3,0,0,3,0,0,3,0,0,3,0,-9990,0,0,5,E,8,5,E,8,7.3,E,8,7.3,E,8,100,E,8,989,E,8,236,E,8,1.4,E,8,-9990,0,0,-9990,0,0,1.548,E,8,0.113,E,8,0.20,E,8,0,-9990,0,0
12/04/2005,07:00,0,0,0,3,0,0,3,0,0,3,0,0,3,0,0,3,0,0,3,0,-9990,0,0,5,E,8,5,E,8,7.0,E,8,7.0,E,8,100,E,8,989,E,8,248,E,8,1.2,E,8,-9990,0,0,-9990,0,0,1.516,E,8,0.113,E,8,0.20,E,8,0,-9990,0,0
12/04/2005,08:00,0,0,0,3,0,0,3,0,0,3,0,0,3,0,0,3,0,0,3,0,-9990,0,0,4,E,8,3,E,8,6.7,E,8,6.7,E,8,100,E,8,989,E,8,274,E,8,1.1,E,8,-9990,0,0,-9990,0,0,1.484,E,8,0.113,E,8,0.20,E,8,0,-9990,0,0
12/04/2005,09:00,36,424,6,3,10,0,3,20,6,3,10,730,3,10,10,3,20,729,3,10,-9990,0,0,4,E,8,3,E,8,6.9,E,8,6.5,E,8,98,E,8,989,E,8,209,E,8,1.1,E,8,-9990,0,0,-9990,0,0,1.467,E,8,0.113,E,8,0.20,E,8,0,-9990,0,0
12/04/2005,10:00,209,1405,69,3,10,87,3,20,56,3,10,7621,3,10,5583,3,20,6791,3,10,-9990,0,0,4,E,8,3,E,8,7.9,E,8,7.0,E,8,94,E,8,989,E,8,159,E,8,0.8,E,8,-9990,0,0,-9990,0,0,1.517,E,8,0.113,E,8,0.20,E,8,0,-9990,0,0
12/04/2005,11:00,353,1405,182,3,10,347,3,20,95,3,10,19174,3,10,22328,3,20,13572,3,10,-9990,0,0,4,E,8,3,E,8,9.5,E,8,7.5,E,8,87,E,8,989,E,8,209,E,8,0.8,E,8,-9990,0,0,-9990,0,0,1.566,E,8,0.113,E,8,0.20,E,8,0,-9990,0,0
12/04/2005,12:00,445,1405,177,3,10,129,3,20,136,3,10,19504,3,10,10472,3,20,16185,3,10,-9990,0,0,9,E,8,8,E,8,10.3,E,8,6.9,E,8,79,E,8,989,E,8,209,E,8,0.2,E,8,-9990,0,0,-9990,0,0,1.500,E,8,0.113,E,8,0.20,E,8,0,-9990,0,0
12/04/2005,13:00,481,1405,229,3,10,246,3,20,145,3,10,24556,3,10,19325,3,20,17938,3,10,-9990,0,0,6,E,8,5,E,8,11.1,E,8,7.2,E,8,77,E,8,989,E,8,233,E,8,0.6,E,8,-9990,0,0,-9990,0,0,1.534,E,8,0.113,E,8,0.20,E,8,0,-9990,0,0
12/04/2005,14:00,457,1405,38,3,10,0,3,20,38,3,10,4663,3,10,0,3,20,4663,3,10,-9990,0,0,10,E,8,9,E,8,10.1,E,8,7.0,E,8,81,E,8,989,E,8,175,E,8,0.2,E,8,-9990,0,0,-9990,0,0,1.516,E,8,0.113,E,8,0.20,E,8,0,-9990,0,0
12/04/2005,15:00,376,1405,61,3,10,0,3,20,61,3,10,7112,3,10,0,3,20,7112,3,10,-9990,0,0,10,E,8,9,E,8,9.6,E,8,7.5,E,8,86,E,8,989,E,8,162,E,8,0.2,E,8,-9990,0,0,-9990,0,0,1.564,E,8,0.113,E,8,0.20,E,8,0,-9990,0,0
12/04/2005,16:00,242,1405,95,3,10,98,3,20,78,3,10,10387,3,10,6012,3,20,9353,3,10,-9990,0,0,9,E,8,8,E,8,9.5,E,8,7.2,E,8,86,E,8,989,E,8,73,E,8,0.2,E,8,-9990,0,0,-9990,0,0,1.537,E,8,0.113,E,8,0.20,E,8,0,-9990,0,0
12/04/2005,17:00,64,569,23,3,10,0,3,20,23,3,10,2666,3,10,0,3,20,2666,3,10,-9990,0,0,9,E,8,8,E,8,8.9,E,8,6.6,E,8,86,E,8,989,E,8,148,E,8,0.4,E,8,-9990,0,0,-9990,0,0,1.477,E,8,0.113,E,8,0.20,E,8,0,-9990,0,0
12/04/2005,18:00,0,0,0,3,0,0,3,0,0,3,0,0,3,0,0,3,0,0,3,0,-9990,0,0,9,E,8,8,E,8,8.3,E,8,6.0,E,8,85,E,8,989,E,8,30,E,8,0.5,E,8,-9990,0,0,-9990,0,0,1.410,E,8,0.113,E,8,0.20,E,8,0,-9990,0,0
12/04/2005,19:00,0,0,0,3,0,0,3,0,0,3,0,0,3,0,0,3,0,0,3,0,-9990,0,0,9,E,8,8,E,8,7.8,E,8,4.3,E,8,78,E,8,989,E,8,25,E,8,1.0,E,8,-9990,0,0,-9990,0,0,1.251,E,8,0.113,E,8,0.20,E,8,0,-9990,0,0
12/04/2005,20:00,0,0,0,3,0,0,3,0,0,3,0,0,3,0,0,3,0,0,3,0,-9990,0,0,9,E,8,8,E,8,7.2,E,8,3.3,E,8,76,E,8,988,E,8,91,E,8,1.7,E,8,-9990,0,0,-9990,0,0,1.173,E,8,0.113,E,8,0.20,E,8,0,-9990,0,0
12/04/2005,21:00,0,0,0,3,0,0,3,0,0,3,0,0,3,0,0,3,0,0,3,0,-9990,0,0,9,E,8,8,E,8,6.7,E,8,2.7,E,8,76,E,8,988,E,8,204,E,8,1.1,E,8,-9990,0,0,-9990,0,0,1.124,E,8,0.113,E,8,0.20,E,8,0,-9990,0,0
12/04/2005,22:00,0,0,0,3,0,0,3,0,0,3,0,0,3,0,0,3,0,0,3,0,-9990,0,0,9,E,8,8,E,8,6.1,E,8,2.0,E,8,75,E,8,988,E,8,206,E,8,1.6,E,8,-9990,0,0,-9990,0,0,1.068,E,8,0.113,E,8,0.20,E,8,0,-9990,0,0
12/04/2005,23:00,0,0,0,3,0,0,3,0,0,3,0,0,3,0,0,3,0,0,3,0,-9990,0,0,9,E,8,8,E,8,5.6,E,8,2.3,E,8,80,E,8,988,E,8,270,E,8,1.4,E,8,-9990,0,0,-9990,0,0,1.093,E,8,0.113,E,8,0.20,E,8,0,-9990,0,0
12/04/2005,24:00,0,0,0,3,0,0,3,0,0,3,0,0,3,0,0,3,0,0,3,0,-9990,0,0,9,E,8,8,E,8,5.0,E,8,2.3,E,8,82,E,8,988,E,8,215,E,8,1.2,E,8,-9990,0,0,-9990,0,0,1.089,E,8,0.113,E,8,0.20,E,8,0,-9990,0,0
12/05/2005,01:00,0,0,0,3,0,0,3,0,0,3,0,0,3,0,0,3,0,0,3,0,-9990,0,0,9,E,8,8,E,8,4.6,E,8,2.4,E,8,85,E,8,988,E,8,168,E,8,2.1,E,8,-9990,0,0,-9990,0,0,1.096,E,8,0.100,E,8,0.20,E,8,0,-9990,0,0
12/05/2005,02:00,0,0,0,3,0,0,3,0,0,3,0,0,3,0,0,3,0,0,3,0,-9990,0,0,10,E,8,9,E,8,4.2,E,8,2.4,E,8,88,E,8,988,E,8,164,E,8,2.8,E,8,-9990,0,0,-9990,0,0,1.098,E,8,0.100,E,8,0.20,E,8,0,-9990,0,0
12/05/2005,03:00,0,0,0,3,0,0,3,0,0,3,0,0,3,0,0,3,0,0,3,0,-9990,0,0,10,E,8,9,E,8,3.8,E,8,2.0,E,8,88,E,8,988,E,8,231,E,8,4.1,E,8,-9990,0,0,-9990,0,0,1.066,E,8,0.100,E,8,0.20,E,8,0,-9990,0,0
12/05/2005,04:00,0,0,0,3,0,0,3,0,0,3,0,0,3,0,0,3,0,0,3,0,-9990,0,0,10,E,8,9,E,8,3.6,E,8,2.1,E,8,90,E,8,987,E,8,248,E,8,3.0,E,8,-9990,0,0,-9990,0,0,1.073,E,8,0.100,E,8,0.20,E,8,0,-9990,0,0
12/05/2005,05:00,0,0,0,3,0,0,3,0,0,3,0,0,3,0,0,3,0,0,3,0,-9990,0,0,10,E,8,9,E,8,3.4,E,8,1.8,E,8,89,E,8,987,E,8,271,E,8,2.5,E,8,-9990,0,0,-9990,0,0,1.055,E,8,0.100,E,8,0.20,E,8,0,-9990,0,0
12/05/2005,06:00,0,0,0,3,0,0,3,0,0,3,0,0,3,0,0,3,0,0,3,0,-9990,0,0,10,E,8,9,E,8,3.2,E,8,0.6,E,8,83,E,8,987,E,8,252,E,8,3.9,E,8,-9990,0,0,-9990,0,0,0.968,E,8,0.100,E,8,0.20,E,8,0,-9990,0,0
12/05/2005,07:00,0,0,0,3,0,0,3,0,0,3,0,0,3,0,0,3,0,0,3,0,-9990,0,0,10,E,8,9,E,8,3.1,E,8,1.0,E,8,86,E,8,987,E,8,287,E,8,4.5,E,8,-9990,0,0,-9990,0,0,0.996,E,8,0.100,E,8,0.20,E,8,0,-9990,0,0
12/05/2005,08:00,0,0,0,3,0,0,3,0,0,3,0,0,3,0,0,3,0,0,3,0,-9990,0,0,10,E,8,9,E,8,2.9,E,8,0.3,E,8,83,E,8,987,E,8,276,E,8,4.3,E,8,-9990,0,0,-9990,0,0,0.947,E,8,0.100,E,8,0.20,E,8,0,-9990,0,0
12/05/2005,09:00,34,410,1,3,10,0,3,20,1,3,10,205,3,10,9,3,20,205,3,10,-9990,0,0,10,E,8,9,E,8,3.0,E,8,1.1,E,8,87,E,8,987,E,8,303,E,8,5.9,E,8,-9990,0,0,-9990,0,0,1.004,E,8,0.100,E,8,0.20,E,8,0,-9990,0,0
12/05/2005,10:00,205,1406,9,3,10,0,3,20,9,3,10,1134,3,10,8,3,20,1133,3,10,-9990,0,0,10,E,8,9,E,8,3.2,E,8,1.3,E,8,87,E,8,987,E,8,301,E,8,5.6,E,8,-9990,0,0,-9990,0,0,1.013,E,8,0.100,E,8,0.20,E,8,0,-9990,0,0
12/05/2005,11:00,349,1406,19,3,10,0,3,20,19,3,10,2382,3,10,0,3,20,2382,3,10,-9990,0,0,10,E,8,9,E,8,3.2,E,8,2.0,E,8,92,E,8,987,E,8,312,E,8,5.1,E,8,-9990,0,0,-9990,0,0,1.069,E,8,0.100,E,8,0.20,E,8,1,-9990,0,0
12/05/2005,12:00,442,1406,26,3,10,0,3,20,26,3,10,3286,3,10,0,3,20,3286,3,10,-9990,0,0,10,E,8,9,E,8,3.6,E,8,2.8,E,8,95,E,8,987,E,8,254,E,8,2.8,E,8,-9990,0,0,-9990,0,0,1.128,E,8,0.100,E,8,0.20,E,8,0,-9990,0,0
12/05/2005,13:00,478,1406,27,3,10,0,3,20,27,3,10,3437,3,10,0,3,20,3437,3,10,-9990,0,0,10,E,8,9,E,8,3.7,E,8,2.7,E,8,93,E,8,986,E,8,273,E,8,3.3,E,8,-9990,0,0,-9990,0,0,1.118,E,8,0.100,E,8,0.20,E,8,0,-9990,0,0
12/05/2005,14:00,455,1406,209,3,10,247,3,20,129,3,10,22397,3,10,20355,3,20,15811,3,10,-9990,0,0,8,E,8,7,E,8,5.2,E,8,2.9,E,8,85,E,8,987,E,8,174,E,8,2.7,E,8,-9990,0,0,-9990,0,0,1.140,E,8,0.100,E,8,0.20,E,8,0,-9990,0,0
12/05/2005,15:00,374,1406,160,3,10,134,3,20,125,3,10,17446,3,10,10714,3,20,14599,3,10,-9990,0,0,9,E,8,8,E,8,5.9,E,8,3.0,E,8,81,E,8,987,E,8,207,E,8,3.3,E,8,-9990,0,0,-9990,0,0,1.143,E,8,0.100,E,8,0.20,E,8,0,-9990,0,0
12/05/2005,16:00,240,1406,92,3,10,160,3,20,65,3,10,9846,3,10,9629,3,20,8203,3,10,-9990,0,0,8,E,8,7,E,8,6.1,E,8,3.2,E,8,82,E,8,987,E,8,271,E,8,2.5,E,8,-9990,0,0,-9990,0,0,1.159,E,8,0.100,E,8,0.20,E,8,0,-9990,0,0
12/05/2005,17:00,63,565,9,3,10,0,3,20,9,3,10,1103,3,10,6,3,20,1102,3,10,-9990,0,0,8,E,8,6,E,8,5.5,E,8,2.0,E,8,78,E,8,987,E,8,295,E,8,2.2,E,8,-9990,0,0,-9990,0,0,1.067,E,8,0.100,E,8,0.20,E,8,0,-9990,0,0
12/05/2005,18:00,0,0,0,3,0,0,3,0,0,3,0,0,3,0,0,3,0,0,3,0,-9990,0,0,8,E,8,6,E,8,5.1,E,8,1.7,E,8,79,E,8,987,E,8,257,E,8,1.7,E,8,-9990,0,0,-9990,0,0,1.045,E,8,0.100,E,8,0.20,E,8,0,-9990,0,0
12/05/2005,19:00,0,0,0,3,0,0,3,0,0,3,0,0,3,0,0,3,0,0,3,0,-9990,0,0,8,E,8,6,E,8,4.6,E,8,0.5,E,8,75,E,8,987,E,8,311,E,8,2.3,E,8,-9990,0,0,-9990,0,0,0.964,E,8,0.100,E,8,0.20,E,8,0,-9990,0,0
12/05/2005,20:00,0,0,0,3,0,0,3,0,0,3,0,0,3,0,0,3,0,0,3,0,-9990,0,0,8,E,8,6,E,8,4.2,E,8,0.3,E,8,75,E,8,987,E,8,292,E,8,3.0,E,8,-9990,0,0,-9990,0,0,0.945,E,8,0.100,E,8,0.20,E,8,0,-9990,0,0
12/05/2005,21:00,0,0,0,3,0,0,3,0,0,3,0,0,3,0,0,3,0,0,3,0,-9990,0,0,8,E,8,6,E,8,3.7,E,8,0.0,E,8,76,E,8,987,E,8,235,E,8,3.0,E,8,-9990,0,0,-9990,0,0,0.928,E,8,0.100,E,8,0.20,E,8,0,-9990,0,0
12/05/2005,22:00,0,0,0,3,0,0,3,0,0,3,0,0,3,0,0,3,0,0,3,0,-9990,0,0,8,E,8,6,E,8,3.3,E,8,-0.2,E,8,78,E,8,987,E,8,270,E,8,2.2,E,8,-9990,0,0,-9990,0,0,0.916,E,8,0.100,E,8,0.20,E,8,0,-9990,0,0
12/05/2005,23:00,0,0,0,3,0,0,3,0,0,3,0,0,3,0,0,3,0,0,3,0,-9990,0,0,8,E,8,6,E,8,2.8,E,8,-0.8,E,8,77,E,8,987,E,8,256,E,8,1.7,E,8,-9990,0,0,-9990,0,0,0.878,E,8,0.100,E,8,0.20,E,8,0,-9990,0,0
12/05/2005,24:00,0,0,0,3,0,0,3,0,0,3,0,0,3,0,0,3,0,0,3,0,-9990,0,0,8,E,8,6,E,8,2.4,E,8,-1.6,E,8,75,E,8,987,E,8,293,E,8,2.1,E,8,-9990,0,0,-9990,0,0,0.832,E,8,0.100,E,8,0.20,E,8,0,-9990,0,0
12/06/2005,01:00,0,0,0,3,0,0,3,0,0,3,0,0,3,0,0,3,0,0,3,0,-9990,0,0,9,E,8,8,E,8,1.9,E,8,-1.8,E,8,76,E,8,987,E,8,283,E,8,1.8,E,8,-9990,0,0,-9990,0,0,0.818,E,8,0.090,E,8,0.20,E,8,0,-9990,0,0
12/06/2005,02:00,0,0,0,3,0,0,3,0,0,3,0,0,3,0,0,3,0,0,3,0,-9990,0,0,9,E,8,8,E,8,1.5,E,8,-1.7,E,8,79,E,8,987,E,8,281,E,8,2.5,E,8,-9990,0,0,-9990,0,0,0.822,E,8,0.090,E,8,0.20,E,8,0,-9990,0,0
12/06/2005,03:00,0,0,0,3,0,0,3,0,0,3,0,0,3,0,0,3,0,0,3,0,-9990,0,0,9,E,8,8,E,8,1.0,E,8,-2.5,E,8,77,E,8,988,E,8,331,E,8,3.6,E,8,-9990,0,0,-9990,0,0,0.779,E,8,0.090,E,8,0.20,E,8,0,-9990,0,0
12/06/2005,04:00,0,0,0,3,0,0,3,0,0,3,0,0,3,0,0,3,0,0,3,0,-9990,0,0,9,E,8,8,E,8,0.7,E,8,-2.2,E,8,80,E,8,988,E,8,299,E,8,4.3,E,8,-9990,0,0,-9990,0,0,0.793,E,8,0.090,E,8,0.20,E,8,0,-9990,0,0
12/06/2005,05:00,0,0,0,3,0,0,3,0,0,3,0,0,3,0,0,3,0,0,3,0,-9990,0,0,9,E,8,8,E,8,0.5,E,8,-2.4,E,8,81,E,8,988,E,8,289,E,8,4.8,E,8,-9990,0,0,-9990,0,0,0.782,E,8,0.090,E,8,0.20,E,8,0,-9990,0,0
12/06/2005,06:00,0,0,0,3,0,0,3,0,0,3,0,0,3,0,0,3,0,0,3,0,-9990,0,0,9,E,8,8,E,8,0.2,E,8,-2.4,E,8,82,E,8,988,E,8,296,E,8,5.6,E,8,-9990,0,0,-9990,0,0,0.782,E,8,0.090,E,8,0.20,E,8,0,-9990,0,0
12/06/2005,07:00,0,0,0,3,0,0,3,0,0,3,0,0,3,0,0,3,0,0,3,0,-9990,0,0,9,E,8,8,E,8,0.1,E,8,-2.9,E,8,80,E,8,988,E,8,293,E,8,4.3,E,8,-9990,0,0,-9990,0,0,0.756,E,8,0.090,E,8,0.20,E,8,0,-9990,0,0
12/06/2005,08:00,0,0,0,3,0,0,3,0,0,3,0,0,3,0,0,3,0,0,3,0,-9990,0,0,9,E,8,8,E,8,-0.1,E,8,-2.2,E,8,86,E,8,988,E,8,289,E,8,4.8,E,8,-9990,0,0,-9990,0,0,0.798,E,8,0.090,E,8,0.20,E,8,0,-9990,0,0
12/06/2005,09:00,32,397,1,3,10,0,3,20,1,3,10,179,3,10,8,3,20,178,3,10,-9990,0,0,9,E,8,8,E,8,-0.1,E,8,-1.7,E,8,89,E,8,988,E,8,249,E,8,6.5,E,8,-9990,0,0,-9990,0,0,0.823,E,8,0.090,E,8,0.20,E,8,0,-9990,0,0
12/06/2005,10:00,201,1406,44,3,10,0,3,20,44,3,10,5050,3,10,0,3,20,5050,3,10,-9990,0,0,9,E,8,8,E,8,0.8,E,8,-1.2,E,8,86,E,8,988,E,8,278,E,8,5.9,E,8,-9990,0,0,-9990,0,0,0.851,E,8,0.090,E,8,0.20,E,8,0,-9990,0,0
12/06/2005,11:00,345,1406,125,3,10,99,3,20,101,3,10,13731,3,10,7595,3,20,11865,3,10,-9990,0,0,9,E,8,8,E,8,2.3,E,8,-1.1,E,8,78,E,8,988,E,8,279,E,8,4.8,E,8,-9990,0,0,-9990,0,0,0.861,E,8,0.090,E,8,0.20,E,8,0,-9990,0,0
12/06/2005,12:00,439,1406,171,3,10,83,3,20,145,3,10,18828,3,10,7822,3,20,16386,3,10,-9990,0,0,10,E,8,9,E,8,3.6,E,8,0.2,E,8,78,E,8,988,E,8,253,E,8,4.3,E,8,-9990,0,0,-9990,0,0,0.941,E,8,0.090,E,8,0.20,E,8,0,-9990,0,0
12/06/2005,13:00,475,1406,179,3,10,84,3,20,151,3,10,19803,3,10,7912,3,20,17128,3,10,-9990,0,0,10,E,8,9,E,8,4.4,E,8,0.0,E,8,73,E,8,988,E,8,303,E,8,4.1,E,8,-9990,0,0,-9990,0,0,0.930,E,8,0.090,E,8,0.20,E,8,0,-9990,0,0
12/06/2005,14:00,452,1406,156,3,10,55,3,20,139,3,10,17275,3,10,4778,3,20,15738,3,10,-9990,0,0,10,E,8,9,E,8,4.8,E,8,0.6,E,8,74,E,8,988,E,8,258,E,8,5.1,E,8,-9990,0,0,-9990,0,0,0.965,E,8,0.090,E,8,0.20,E,8,0,-9990,0,0
12/06/2005,15:00,372,1406,92,3,10,0,3,20,92,3,10,10363,3,10,0,3,20,10363,3,10,-9990,0,0,10,E,8,9,E,8,4.5,E,8,1.1,E,8,79,E,8,988,E,8,292,E,8,4.8,E,8,-9990,0,0,-9990,0,0,1.004,E,8,0.090,E,8,0.20,E,8,0,-9990,0,0
12/06/2005,16:00,238,1406,48,3,10,0,3,20,48,3,10,5450,3,10,0,3,20,5450,3,10,-9990,0,0,10,E,8,9,E,8,3.9,E,8,0.6,E,8,79,E,8,988,E,8,282,E,8,3.4,E,8,-9990,0,0,-9990,0,0,0.964,E,8,0.090,E,8,0.20,E,8,0,-9990,0,0
12/06/2005,17:00,62,561,5,3,10,0,3,20,5,3,10,660,3,10,10,3,20,659,3,10,-9990,0,0,10,E,8,9,E,8,3.0,E,8,0.1,E,8,81,E,8,988,E,8,286,E,8,5.4,E,8,-9990,0,0,-9990,0,0,0.934,E,8,0.090,E,8,0.20,E,8,0,-9990,0,0
12/06/2005,18:00,0,0,0,3,0,0,3,0,0,3,0,0,3,0,0,3,0,0,3,0,-9990,0,0,10,E,8,9,E,8,2.8,E,8,-0.8,E,8,77,E,8,988,E,8,288,E,8,5.1,E,8,-9990,0,0,-9990,0,0,0.878,E,8,0.090,E,8,0.20,E,8,0,-9990,0,0
12/06/2005,19:00,0,0,0,3,0,0,3,0,0,3,0,0,3,0,0,3,0,0,3,0,-9990,0,0,10,E,8,9,E,8,2.6,E,8,-0.5,E,8,80,E,8,988,E,8,291,E,8,4.8,E,8,-9990,0,0,-9990,0,0,0.899,E,8,0.090,E,8,0.20,E,8,0,-9990,0,0
12/06/2005,20:00,0,0,0,3,0,0,3,0,0,3,0,0,3,0,0,3,0,0,3,0,-9990,0,0,10,E,8,9,E,8,2.4,E,8,-0.4,E,8,82,E,8,988,E,8,242,E,8,3.9,E,8,-9990,0,0,-9990,0,0,0.900,E,8,0.090,E,8,0.20,E,8,0,-9990,0,0
12/06/2005,21:00,0,0,0,3,0,0,3,0,0,3,0,0,3,0,0,3,0,0,3,0,-9990,0,0,10,E,8,9,E,8,2.1,E,8,-0.3,E,8,84,E,8,988,E,8,277,E,8,2.5,E,8,-9990,0,0,-9990,0,0,0.908,E,8,0.090,E,8,0.20,E,8,0,-9990,0,0
12/06/2005,22:00,0,0,0,3,0,0,3,0,0,3,0,0,3,0,0,3,0,0,3,0,-9990,0,0,10,E,8,9,E,8,1.9,E,8,-0.1,E,8,86,E,8,988,E,8,255,E,8,2.1,E,8,-9990,0,0,-9990,0,0,0.921,E,8,0.090,E,8,0.20,E,8,0,-9990,0,0
12/06/2005,23:00,0,0,0,3,0,0,3,0,0,3,0,0,3,0,0,3,0,0,3,0,-9990,0,0,10,E,8,9,E,8,1.7,E,8,0.0,E,8,89,E,8,988,E,8,265,E,8,1.6,E,8,-9990,0,0,-9990,0,0,0.931,E,8,0.090,E,8,0.20,E,8,0,-9990,0,0
12/06/2005,24:00,0,0,0,3,0,0,3,0,0,3,0,0,3,0,0,3,0,0,3,0,-9990,0,0,10,E,8,9,E,8,1.5,E,8,0.3,E,8,92,E,8,988,E,8,206,E,8,1.6,E,8,-9990,0,0,-9990,0,0,0.948,E,8,0.090,E,8,0.20,E,8,0,-9990,0,0
12/07/2005,01:00,0,0,0,3,0,0,3,0,0,3,0,0,3,0,0,3,0,0,3,0,-9990,0,0,10,E,8,9,E,8,1.3,E,8,0.8,E,8,96,E,8,987,E,8,71,E,8,1.2,E,8,-9990,0,0,-9990,0,0,0.980,E,8,0.092,E,8,0.20,E,8,0,-9990,0,0
12/07/2005,02:00,0,0,0,3,0,0,3,0,0,3,0,0,3,0,0,3,0,0,3,0,-9990,0,0,10,E,8,9,E,8,1.3,E,8,1.0,E,8,98,E,8,987,E,8,158,E,8,1.2,E,8,-9990,0,0,-9990,0,0,0.997,E,8,0.092,E,8,0.20,E,8,0,-9990,0,0
12/07/2005,03:00,0,0,0,3,0,0,3,0,0,3,0,0,3,0,0,3,0,0,3,0,-9990,0,0,10,E,8,9,E,8,1.2,E,8,0.9,E,8,98,E,8,987,E,8,202,E,8,1.4,E,8,-9990,0,0,-9990,0,0,0.990,E,8,0.092,E,8,0.20,E,8,0,-9990,0,0
12/07/2005,04:00,0,0,0,3,0,0,3,0,0,3,0,0,3,0,0,3,0,0,3,0,-9990,0,0,10,E,8,9,E,8,1.1,E,8,0.9,E,8,98,E,8,987,E,8,146,E,8,1.4,E,8,-9990,0,0,-9990,0,0,0.987,E,8,0.092,E,8,0.20,E,8,0,-9990,0,0
12/07/2005,05:00,0,0,0,3,0,0,3,0,0,3,0,0,3,0,0,3,0,0,3,0,-9990,0,0,10,E,8,9,E,8,1.1,E,8,0.8,E,8,98,E,8,987,E,8,215,E,8,2.5,E,8,-9990,0,0,-9990,0,0,0.984,E,8,0.092,E,8,0.20,E,8,0,-9990,0,0
12/07/2005,06:00,0,0,0,3,0,0,3,0,0,3,0,0,3,0,0,3,0,0,3,0,-9990,0,0,10,E,8,9,E,8,1.0,E,8,0.8,E,8,98,E,8,987,E,8,231,E,8,2.7,E,8,-9990,0,0,-9990,0,0,0.981,E,8,0.092,E,8,0.20,E,8,0,-9990,0,0
12/07/2005,07:00,0,0,0,3,0,0,3,0,0,3,0,0,3,0,0,3,0,0,3,0,-9990,0,0,10,E,8,9,E,8,1.0,E,8,0.8,E,8,98,E,8,987,E,8,222,E,8,2.5,E,8,-9990,0,0,-9990,0,0,0.980,E,8,0.092,E,8,0.20,E,8,0,-9990,0,0
12/07/2005,08:00,0,0,0,3,0,0,3,0,0,3,0,0,3,0,0,3,0,0,3,0,-9990,0,0,10,E,8,9,E,8,1.0,E,8,0.8,E,8,98,E,8,987,E,8,211,E,8,2.5,E,8,-9990,0,0,-9990,0,0,0.978,E,8,0.092,E,8,0.20,E,8,0,-9990,0,0
12/07/2005,09:00,30,384,2,3,10,0,3,20,2,3,10,238,3,10,10,3,20,237,3,10,-9990,0,0,10,E,8,9,E,8,1.1,E,8,0.7,E,8,97,E,8,987,E,8,218,E,8,4.5,E,8,-9990,0,0,-9990,0,0,0.974,E,8,0.092,E,8,0.20,E,8,0,-9990,0,0
12/07/2005,10:00,198,1406,40,3,10,0,3,20,40,3,10,4572,3,10,0,3,20,4572,3,10,-9990,0,0,10,E,8,9,E,8,2.2,E,8,0.8,E,8,91,E,8,987,E,8,282,E,8,6.2,E,8,-9990,0,0,-9990,0,0,0.983,E,8,0.092,E,8,0.20,E,8,0,-9990,0,0
12/07/2005,11:00,342,1406,69,3,10,0,3,20,69,3,10,7891,3,10,0,3,20,7891,3,10,-9990,0,0,10,E,8,9,E,8,3.0,E,8,0.9,E,8,86,E,8,987,E,8,204,E,8,4.5,E,8,-9990,0,0,-9990,0,0,0.991,E,8,0.092,E,8,0.20,E,8,0,-9990,0,0
12/07/2005,12:00,436,1406,106,3,10,0,3,20,106,3,10,12096,3,10,0,3,20,12096,3,10,-9990,0,0,10,E,8,9,E,8,4.0,E,8,1.1,E,8,81,E,8,987,E,8,210,E,8,4.8,E,8,-9990,0,0,-9990,0,0,1.004,E,8,0.092,E,8,0.20,E,8,0,-9990,0,0
12/07/2005,13:00,473,1406,110,3,10,0,3,20,110,3,10,12542,3,10,0,3,20,12542,3,10,-9990,0,0,10,E,8,9,E,8,4.6,E,8,1.8,E,8,82,E,8,986,E,8,207,E,8,5.6,E,8,-9990,0,0,-9990,0,0,1.049,E,8,0.092,E,8,0.20,E,8,0,-9990,0,0
12/07/2005,14:00,450,1406,108,3,10,0,3,20,108,3,10,12289,3,10,0,3,20,12289,3,10,-9990,0,0,10,E,8,9,E,8,5.0,E,8,2.1,E,8,81,E,8,987,E,8,222,E,8,5.4,E,8,-9990,0,0,-9990,0,0,1.075,E,8,0.092,E,8,0.20,E,8,0,-9990,0,0
12/07/2005,15:00,370,1406,81,3,10,0,3,20,81,3,10,9224,3,10,0,3,20,9224,3,10,-9990,0,0,10,E,8,9,E,8,5.1,E,8,2.8,E,8,85,E,8,987,E,8,218,E,8,4.5,E,8,-9990,0,0,-9990,0,0,1.126,E,8,0.092,E,8,0.20,E,8,0,-9990,0,0
12/07/2005,16:00,237,1406,43,3,10,0,3,20,43,3,10,4968,3,10,0,3,20,4968,3,10,-9990,0,0,10,E,8,9,E,8,4.8,E,8,1.7,E,8,80,E,8,987,E,8,281,E,8,4.8,E,8,-9990,0,0,-9990,0,0,1.044,E,8,0.092,E,8,0.20,E,8,0,-9990,0,0
12/07/2005,17:00,61,557,3,3,10,0,3,20,3,3,10,391,3,10,10,3,20,390,3,10,-9990,0,0,10,E,8,9,E,8,4.1,E,8,0.9,E,8,80,E,8,987,E,8,258,E,8,4.5,E,8,-9990,0,0,-9990,0,0,0.986,E,8,0.092,E,8,0.20,E,8,0,-9990,0,0
12/07/2005,18:00,0,0,0,3,0,0,3,0,0,3,0,0,3,0,0,3,0,0,3,0,-9990,0,0,10,E,8,9,E,8,3.9,E,8,1.5,E,8,84,E,8,987,E,8,256,E,8,3.4,E,8,-9990,0,0,-9990,0,0,1.028,E,8,0.092,E,8,0.20,E,8,0,-9990,0,0
12/07/2005,19:00,0,0,0,3,0,0,3,0,0,3,0,0,3,0,0,3,0,0,3,0,-9990,0,0,10,E,8,9,E,8,3.7,E,8,1.9,E,8,88,E,8,987,E,8,266,E,8,2.3,E,8,-9990,0,0,-9990,0,0,1.063,E,8,0.092,E,8,0.20,E,8,0,-9990,0,0
12/07/2005,20:00,0,0,0,3,0,0,3,0,0,3,0,0,3,0,0,3,0,0,3,0,-9990,0,0,10,E,8,9,E,8,3.5,E,8,2.0,E,8,90,E,8,987,E,8,290,E,8,1.6,E,8,-9990,0,0,-9990,0,0,1.066,E,8,0.092,E,8,0.20,E,8,0,-9990,0,0
12/07/2005,21:00,0,0,0,3,0,0,3,0,0,3,0,0,3,0,0,3,0,0,3,0,-9990,0,0,10,E,8,9,E,8,3.4,E,8,1.7,E,8,89,E,8,987,E,8,318,E,8,2.0,E,8,-9990,0,0,-9990,0,0,1.042,E,8,0.092,E,8,0.20,E,8,0,-9990,0,0
12/07/2005,22:00,0,0,0,3,0,0,3,0,0,3,0,0,3,0,0,3,0,0,3,0,-9990,0,0,10,E,8,9,E,8,3.2,E,8,1.9,E,8,92,E,8,987,E,8,308,E,8,1.6,E,8,-9990,0,0,-9990,0,0,1.063,E,8,0.092,E,8,0.20,E,8,0,-9990,0,0
12/07/2005,23:00,0,0,0,3,0,0,3,0,0,3,0,0,3,0,0,3,0,0,3,0,-9990,0,0,10,E,8,9,E,8,3.0,E,8,1.0,E,8,87,E,8,988,E,8,249,E,8,2.0,E,8,-9990,0,0,-9990,0,0,0.996,E,8,0.092,E,8,0.20,E,8,0,-9990,0,0
12/07/2005,24:00,0,0,0,3,0,0,3,0,0,3,0,0,3,0,0,3,0,0,3,0,-9990,0,0,10,E,8,9,E,8,2.8,E,8,0.8,E,8,87,E,8,988,E,8,290,E,8,1.7,E,8,-9990,0,0,-9990,0,0,0.983,E,8,0.092,E,8,0.20,E,8,0,-9990,0,0
12/08/2005,01:00,0,0,0,3,0,0,3,0,0,3,0,0,3,0,0,3,0,0,3,0,-9990,0,0,10,E,8,9,E,8,2.6,E,8,0.9,E,8,88,E,8,988,E,8,259,E,8,2.2,E,8,-9990,0,0,-9990,0,0,0.987,E,8,0.093,E,8,0.20,E,8,0,-9990,0,0
12/08/2005,02:00,0,0,0,3,0,0,3,0,0,3,0,0,3,0,0,3,0,0,3,0,-9990,0,0,10,E,8,9,E,8,2.4,E,8,1.4,E,8,93,E,8,988,E,8,295,E,8,1.8,E,8,-9990,0,0,-9990,0,0,1.027,E,8,0.093,E,8,0.20,E,8,0,-9990,0,0
12/08/2005,03:00,0,0,0,3,0,0,3,0,0,3,0,0,3,0,0,3,0,0,3,0,-9990,0,0,10,E,8,9,E,8,2.2,E,8,1.4,E,8,94,E,8,988,E,8,294,E,8,1.4,E,8,-9990,0,0,-9990,0,0,1.024,E,8,0.093,E,8,0.20,E,8,0,-9990,0,0
12/08/2005,04:00,0,0,0,3,0,0,3,0,0,3,0,0,3,0,0,3,0,0,3,0,-9990,0,0,10,E,8,9,E,8,2.2,E,8,1.3,E,8,94,E,8,988,E,8,275,E,8,1.8,E,8,-9990,0,0,-9990,0,0,1.016,E,8,0.093,E,8,0.20,E,8,0,-9990,0,0
12/08/2005,05:00,0,0,0,3,0,0,3,0,0,3,0,0,3,0,0,3,0,0,3,0,-9990,0,0,10,E,8,9,E,8,2.1,E,8,1.4,E,8,95,E,8,988,E,8,228,E,8,1.2,E,8,-9990,0,0,-9990,0,0,1.022,E,8,0.093,E,8,0.20,E,8,0,-9990,0,0
12/08/2005,06:00,0,0,0,3,0,0,3,0,0,3,0,0,3,0,0,3,0,0,3,0,-9990,0,0,10,E,8,9,E,8,2.0,E,8,1.2,E,8,94,E,8,988,E,8,170,E,8,1.1,E,8,-9990,0,0,-9990,0,0,1.010,E,8,0.093,E,8,0.20,E,8,0,-9990,0,0
12/08/2005,07:00,0,0,0,3,0,0,3,0,0,3,0,0,3,0,0,3,0,0,3,0,-9990,0,0,10,E,8,9,E,8,2.0,E,8,0.9,E,8,93,E,8,988,E,8,212,E,8,0.6,E,8,-9990,0,0,-9990,0,0,0.991,E,8,0.093,E,8,0.20,E,8,0,-9990,0,0
12/08/2005,08:00,0,0,0,3,0,0,3,0,0,3,0,0,3,0,0,3,0,0,3,0,-9990,0,0,10,E,8,9,E,8,2.0,E,8,0.7,E,8,92,E,8,988,E,8,266,E,8,0.1,E,8,-9990,0,0,-9990,0,0,0.977,E,8,0.093,E,8,0.20,E,8,0,-9990,0,0
12/08/2005,09:00,28,371,3,3,10,0,3,20,3,3,10,396,3,10,13,3,20,395,3,10,-9990,0,0,10,E,8,9,E,8,2.2,E,8,0.6,E,8,89,E,8,989,E,8,198,E,8,0.0,E,8,-9990,0,0,-9990,0,0,0.965,E,8,0.093,E,8,0.20,E,8,0,-9990,0,0
12/08/2005,10:00,194,1407,65,3,10,62,3,20,56,3,10,7135,3,10,3031,3,20,6717,3,10,-9990,0,0,10,E,8,9,E,8,3.8,E,8,0.4,E,8,78,E,8,989,E,8,233,E,8,0.1,E,8,-9990,0,0,-9990,0,0,0.956,E,8,0.093,E,8,0.20,E,8,0,-9990,0,0
12/08/2005,11:00,339,1407,122,3,10,80,3,20,103,3,10,13379,3,10,5275,3,20,12109,3,10,-9990,0,0,10,E,8,9,E,8,5.4,E,8,0.4,E,8,70,E,8,989,E,8,76,E,8,0.3,E,8,-9990,0,0,-9990,0,0,0.956,E,8,0.093,E,8,0.20,E,8,0,-9990,0,0
12/08/2005,12:00,433,1407,154,3,10,68,3,20,133,3,10,17008,3,10,6098,3,20,15132,3,10,-9990,0,0,10,E,8,9,E,8,6.7,E,8,1.2,E,8,68,E,8,989,E,8,219,E,8,0.3,E,8,-9990,0,0,-9990,0,0,1.007,E,8,0.093,E,8,0.20,E,8,0,-9990,0,0
12/08/2005,13:00,470,1407,175,3,10,65,3,20,153,3,10,19275,3,10,5842,3,20,17323,3,10,-9990,0,0,10,E,8,9,E,8,7.7,E,8,1.0,E,8,63,E,8,989,E,8,230,E,8,0.7,E,8,-9990,0,0,-9990,0,0,0.997,E,8,0.093,E,8,0.20,E,8,0,-9990,0,0
12/08/2005,14:00,448,1407,163,3,10,74,3,20,140,3,10,18014,3,10,6799,3,20,15849,3,10,-9990,0,0,10,E,8,9,E,8,8.2,E,8,1.4,E,8,62,E,8,989,E,8,208,E,8,1.4,E,8,-9990,0,0,-9990,0,0,1.021,E,8,0.093,E,8,0.20,E,8,0,-9990,0,0
12/08/2005,15:00,368,1407,119,3,10,46,3,20,107,3,10,13186,3,10,3745,3,20,12207,3,10,-9990,0,0,10,E,8,9,E,8,8.3,E,8,1.7,E,8,63,E,8,989,E,8,229,E,8,1.2,E,8,-9990,0,0,-9990,0,0,1.048,E,8,0.093,E,8,0.20,E,8,0,-9990,0,0
12/08/2005,16:00,236,1407,62,3,10,51,3,20,53,3,10,6904,3,10,2561,3,20,6475,3,10,-9990,0,0,10,E,8,9,E,8,7.8,E,8,1.6,E,8,65,E,8,990,E,8,271,E,8,0.6,E,8,-9990,0,0,-9990,0,0,1.041,E,8,0.093,E,8,0.20,E,8,0,-9990,0,0
12/08/2005,17:00,60,555,3,3,10,0,3,20,3,3,10,354,3,10,9,3,20,353,3,10,-9990,0,0,9,E,8,8,E,8,6.8,E,8,1.4,E,8,68,E,8,990,E,8,161,E,8,0.8,E,8,-9990,0,0,-9990,0,0,1.020,E,8,0.093,E,8,0.20,E,8,0,-9990,0,0
12/08/2005,18:00,0,0,0,3,0,0,3,0,0,3,0,0,3,0,0,3,0,0,3,0,-9990,0,0,9,E,8,8,E,8,6.1,E,8,1.5,E,8,72,E,8,990,E,8,83,E,8,0.5,E,8,-9990,0,0,-9990,0,0,1.027,E,8,0.093,E,8,0.20,E,8,0,-9990,0,0
12/08/2005,19:00,0,0,0,3,0,0,3,0,0,3,0,0,3,0,0,3,0,0,3,0,-9990,0,0,8,E,8,6,E,8,5.5,E,8,1.3,E,8,74,E,8,990,E,8,35,E,8,0.2,E,8,-9990,0,0,-9990,0,0,1.018,E,8,0.093,E,8,0.20,E,8,0,-9990,0,0
12/08/2005,20:00,0,0,0,3,0,0,3,0,0,3,0,0,3,0,0,3,0,0,3,0,-9990,0,0,8,E,8,6,E,8,4.9,E,8,0.8,E,8,75,E,8,990,E,8,27,E,8,0.3,E,8,-9990,0,0,-9990,0,0,0.984,E,8,0.093,E,8,0.20,E,8,0,-9990,0,0
12/08/2005,21:00,0,0,0,3,0,0,3,0,0,3,0,0,3,0,0,3,0,0,3,0,-9990,0,0,8,E,8,6,E,8,4.3,E,8,0.4,E,8,76,E,8,991,E,8,51,E,8,0.3,E,8,-9990,0,0,-9990,0,0,0.955,E,8,0.093,E,8,0.20,E,8,0,-9990,0,0
12/08/2005,22:00,0,0,0,3,0,0,3,0,0,3,0,0,3,0,0,3,0,0,3,0,-9990,0,0,6,E,8,5,E,8,3.6,E,8,-0.1,E,8,77,E,8,991,E,8,49,E,8,0.7,E,8,-9990,0,0,-9990,0,0,0.922,E,8,0.093,E,8,0.20,E,8,0,-9990,0,0
12/08/2005,23:00,0,0,0,3,0,0,3,0,0,3,0,0,3,0,0,3,0,0,3,0,-9990,0,0,6,E,8,5,E,8,3.0,E,8,-0.5,E,8,78,E,8,991,E,8,40,E,8,0.8,E,8,-9990,0,0,-9990,0,0,0.897,E,8,0.093,E,8,0.20,E,8,0,-9990,0,0
12/08/2005,24:00,0,0,0,3,0,0,3,0,0,3,0,0,3,0,0,3,0,0,3,0,-9990,0,0,5,E,8,4,E,8,2.4,E,8,-1.0,E,8,78,E,8,991,E,8,22,E,8,0.3,E,8,-9990,0,0,-9990,0,0,0.865,E,8,0.093,E,8,0.20,E,8,0,-9990,0,0
12/09/2005,01:00,0,0,0,3,0,0,3,0,0,3,0,0,3,0,0,3,0,0,3,0,-9990,0,0,5,E,8,4,E,8,1.6,E,8,-1.9,E,8,78,E,8,991,E,8,11,E,8,0.4,E,8,-9990,0,0,-9990,0,0,0.812,E,8,0.104,E,8,0.20,E,8,0,-9990,0,0
12/09/2005,02:00,0,0,0,3,0,0,3,0,0,3,0,0,3,0,0,3,0,0,3,0,-9990,0,0,5,E,8,5,E,8,0.7,E,8,-2.3,E,8,80,E,8,992,E,8,41,E,8,0.3,E,8,-9990,0,0,-9990,0,0,0.789,E,8,0.104,E,8,0.20,E,8,0,-9990,0,0
12/09/2005,03:00,0,0,0,3,0,0,3,0,0,3,0,0,3,0,0,3,0,0,3,0,-9990,0,0,4,E,8,3,E,8,-0.2,E,8,-3.0,E,8,81,E,8,992,E,8,28,E,8,0.7,E,8,-9990,0,0,-9990,0,0,0.751,E,8,0.104,E,8,0.20,E,8,0,-9990,0,0
12/09/2005,04:00,0,0,0,3,0,0,3,0,0,3,0,0,3,0,0,3,0,0,3,0,-9990,0,0,4,E,8,3,E,8,-0.7,E,8,-3.7,E,8,80,E,8,992,E,8,73,E,8,0.5,E,8,-9990,0,0,-9990,0,0,0.718,E,8,0.104,E,8,0.20,E,8,0,-9990,0,0
12/09/2005,05:00,0,0,0,3,0,0,3,0,0,3,0,0,3,0,0,3,0,0,3,0,-9990,0,0,3,E,8,2,E,8,-1.2,E,8,-3.4,E,8,85,E,8,992,E,8,48,E,8,0.8,E,8,-9990,0,0,-9990,0,0,0.734,E,8,0.104,E,8,0.20,E,8,0,-9990,0,0
12/09/2005,06:00,0,0,0,3,0,0,3,0,0,3,0,0,3,0,0,3,0,0,3,0,-9990,0,0,3,E,8,2,E,8,-1.6,E,8,-3.2,E,8,89,E,8,992,E,8,157,E,8,0.4,E,8,-9990,0,0,-9990,0,0,0.742,E,8,0.104,E,8,0.20,E,8,0,-9990,0,0
12/09/2005,07:00,0,0,0,3,0,0,3,0,0,3,0,0,3,0,0,3,0,0,3,0,-9990,0,0,3,E,8,2,E,8,-2.0,E,8,-2.9,E,8,94,E,8,993,E,8,231,E,8,0.4,E,8,-9990,0,0,-9990,0,0,0.758,E,8,0.104,E,8,0.20,E,8,0,-9990,0,0
12/09/2005,08:00,0,0,0,3,0,0,3,0,0,3,0,0,3,0,0,3,0,0,3,0,-9990,0,0,1,E,8,1,E,8,-2.3,E,8,-3.3,E,8,93,E,8,993,E,8,21,E,8,0.7,E,8,-9990,0,0,-9990,0,0,0.738,E,8,0.104,E,8,0.20,E,8,0,-9990,0,0
12/09/2005,09:00,26,359,3,3,10,0,3,20,3,3,10,423,3,10,14,3,20,422,3,10,-9990,0,0,1,E,8,1,E,8,-2.3,E,8,-2.6,E,8,98,E,8,993,E,8,169,E,8,0.6,E,8,-9990,0,0,-9990,0,0,0.775,E,8,0.104,E,8,0.20,E,8,0,-9990,0,0
12/09/2005,10:00,191,1407,84,3,10,289,3,20,45,3,10,9024,3,10,18185,3,20,6558,3,10,-9990,0,0,0,E,8,0,E,8,-0.4,E,8,-2.0,E,8,89,E,8,993,E,8,163,E,8,0.3,E,8,-9990,0,0,-9990,0,0,0.807,E,8,0.104,E,8,0.20,E,8,0,-9990,0,0
12/09/2005,11:00,336,1407,169,3,10,417,3,20,69,3,10,17585,3,10,30231,3,20,10375,3,10,-9990,0,0,0,E,8,0,E,8,1.5,E,8,-0.5,E,8,86,E,8,993,E,8,32,E,8,0.6,E,8,-9990,0,0,-9990,0,0,0.895,E,8,0.104,E,8,0.20,E,8,0,-9990,0,0
12/09/2005,12:00,430,1407,254,3,10,588,3,20,75,3,10,26902,3,10,50917,3,20,11340,3,10,-9990,0,0,0,E,8,0,E,8,3.4,E,8,0.3,E,8,80,E,8,994,E,8,20,E,8,0.5,E,8,-9990,0,0,-9990,0,0,0.945,E,8,0.104,E,8,0.20,E,8,0,-9990,0,0
12/09/2005,13:00,468,1407,277,3,10,570,3,20,87,3,10,29121,3,10,48664,3,20,12944,3,10,-9990,0,0,0,E,8,0,E,8,4.8,E,8,0.7,E,8,75,E,8,994,E,8,72,E,8,0.8,E,8,-9990,0,0,-9990,0,0,0.972,E,8,0.104,E,8,0.20,E,8,0,-9990,0,0
12/09/2005,14:00,446,1407,291,3,10,715,3,20,65,3,10,30503,3,10,64759,3,20,9975,3,10,-9990,0,0,0,E,8,0,E,8,5.8,E,8,0.5,E,8,69,E,8,994,E,8,146,E,8,0.6,E,8,-9990,0,0,-9990,0,0,0.960,E,8,0.104,E,8,0.20,E,8,0,-9990,0,0
12/09/2005,15:00,366,1407,227,3,10,676,3,20,51,3,10,23785,3,10,60582,3,20,8008,3,10,-9990,0,0,0,E,8,0,E,8,6.0,E,8,0.1,E,8,66,E,8,993,E,8,150,E,8,1.1,E,8,-9990,0,0,-9990,0,0,0.935,E,8,0.104,E,8,0.20,E,8,0,-9990,0,0
12/09/2005,16:00,234,1407,129,3,10,323,3,20,75,3,10,13218,3,10,18185,3,20,10188,3,10,-9990,0,0,5,E,8,4,E,8,5.3,E,8,-0.1,E,8,68,E,8,993,E,8,237,E,8,1.1,E,8,-9990,0,0,-9990,0,0,0.919,E,8,0.104,E,8,0.20,E,8,0,-9990,0,0
12/09/2005,17:00,59,552,21,3,10,0,3,20,21,3,10,2478,3,10,0,3,20,2478,3,10,-9990,0,0,5,E,8,4,E,8,3.8,E,8,-0.6,E,8,73,E,8,993,E,8,212,E,8,1.0,E,8,-9990,0,0,-9990,0,0,0.892,E,8,0.104,E,8,0.20,E,8,0,-9990,0,0
12/09/2005,18:00,0,0,0,3,0,0,3,0,0,3,0,0,3,0,0,3,0,0,3,0,-9990,0,0,5,E,8,4,E,8,3.5,E,8,-0.4,E,8,75,E,8,992,E,8,158,E,8,1.1,E,8,-9990,0,0,-9990,0,0,0.900,E,8,0.104,E,8,0.20,E,8,0,-9990,0,0
12/09/2005,19:00,0,0,0,3,0,0,3,0,0,3,0,0,3,0,0,3,0,0,3,0,-9990,0,0,5,E,8,4,E,8,3.1,E,8,-0.2,E,8,79,E,8,992,E,8,346,E,8,1.1,E,8,-9990,0,0,-9990,0,0,0.915,E,8,0.104,E,8,0.20,E,8,0,-9990,0,0
12/09/2005,20:00,0,0,0,3,0,0,3,0,0,3,0,0,3,0,0,3,0,0,3,0,-9990,0,0,6,E,8,6,E,8,2.8,E,8,0.1,E,8,82,E,8,992,E,8,19,E,8,1.4,E,8,-9990,0,0,-9990,0,0,0.935,E,8,0.104,E,8,0.20,E,8,0,-9990,0,0
12/09/2005,21:00,0,0,0,3,0,0,3,0,0,3,0,0,3,0,0,3,0,0,3,0,-9990,0,0,6,E,8,6,E,8,2.5,E,8,0.2,E,8,85,E,8,991,E,8,111,E,8,1.7,E,8,-9990,0,0,-9990,0,0,0.939,E,8,0.104,E,8,0.20,E,8,0,-9990,0,0
12/09/2005,22:00,0,0,0,3,0,0,3,0,0,3,0,0,3,0,0,3,0,0,3,0,-9990,0,0,6,E,8,6,E,8,2.1,E,8,-0.4,E,8,83,E,8,991,E,8,173,E,8,1.4,E,8,-9990,0,0,-9990,0,0,0.903,E,8,0.104,E,8,0.20,E,8,0,-9990,0,0
12/09/2005,23:00,0,0,0,3,0,0,3,0,0,3,0,0,3,0,0,3,0,0,3,0,-9990,0,0,6,E,8,6,E,8,1.8,E,8,-0.7,E,8,84,E,8,991,E,8,171,E,8,1.8,E,8,-9990,0,0,-9990,0,0,0.885,E,8,0.104,E,8,0.20,E,8,0,-9990,0,0
12/09/2005,24:00,0,0,0,3,0,0,3,0,0,3,0,0,3,0,0,3,0,0,3,0,-9990,0,0,6,E,8,6,E,8,1.5,E,8,-0.2,E,8,89,E,8,991,E,8,203,E,8,2.2,E,8,-9990,0,0,-9990,0,0,0.914,E,8,0.104,E,8,0.20,E,8,0,-9990,0,0
12/10/2005,01:00,0,0,0,3,0,0,3,0,0,3,0,0,3,0,0,3,0,0,3,0,-9990,0,0,8,E,8,7,E,8,1.4,E,8,-0.6,E,8,86,E,8,990,E,8,105,E,8,1.2,E,8,-9990,0,0,-9990,0,0,0.887,E,8,0.106,E,8,0.20,E,8,0,-9990,0,0
12/10/2005,02:00,0,0,0,3,0,0,3,0,0,3,0,0,3,0,0,3,0,0,3,0,-9990,0,0,8,E,8,7,E,8,1.5,E,8,-1.4,E,8,81,E,8,990,E,8,164,E,8,1.7,E,8,-9990,0,0,-9990,0,0,0.838,E,8,0.106,E,8,0.20,E,8,0,-9990,0,0
12/10/2005,03:00,0,0,0,3,0,0,3,0,0,3,0,0,3,0,0,3,0,0,3,0,-9990,0,0,8,E,8,6,E,8,1.5,E,8,-1.8,E,8,78,E,8,990,E,8,207,E,8,1.4,E,8,-9990,0,0,-9990,0,0,0.817,E,8,0.106,E,8,0.20,E,8,0,-9990,0,0
12/10/2005,04:00,0,0,0,3,0,0,3,0,0,3,0,0,3,0,0,3,0,0,3,0,-9990,0,0,8,E,8,6,E,8,1.6,E,8,-1.7,E,8,79,E,8,989,E,8,68,E,8,1.7,E,8,-9990,0,0,-9990,0,0,0.822,E,8,0.106,E,8,0.20,E,8,0,-9990,0,0
12/10/2005,05:00,0,0,0,3,0,0,3,0,0,3,0,0,3,0,0,3,0,0,3,0,-9990,0,0,9,E,8,8,E,8,1.6,E,8,-1.8,E,8,78,E,8,989,E,8,208,E,8,1.7,E,8,-9990,0,0,-9990,0,0,0.820,E,8,0.106,E,8,0.20,E,8,0,-9990,0,0
12/10/2005,06:00,0,0,0,3,0,0,3,0,0,3,0,0,3,0,0,3,0,0,3,0,-9990,0,0,9,E,8,8,E,8,1.7,E,8,-1.4,E,8,80,E,8,989,E,8,163,E,8,2.0,E,8,-9990,0,0,-9990,0,0,0.839,E,8,0.106,E,8,0.20,E,8,0,-9990,0,0
12/10/2005,07:00,0,0,0,3,0,0,3,0,0,3,0,0,3,0,0,3,0,0,3,0,-9990,0,0,9,E,8,8,E,8,1.7,E,8,-0.6,E,8,84,E,8,988,E,8,194,E,8,1.4,E,8,-9990,0,0,-9990,0,0,0.888,E,8,0.106,E,8,0.20,E,8,0,-9990,0,0
12/10/2005,08:00,0,0,0,3,0,0,3,0,0,3,0,0,3,0,0,3,0,0,3,0,-9990,0,0,9,E,8,8,E,8,1.7,E,8,-0.4,E,8,86,E,8,988,E,8,166,E,8,1.1,E,8,-9990,0,0,-9990,0,0,0.903,E,8,0.106,E,8,0.20,E,8,0,-9990,0,0
12/10/2005,09:00,24,347,1,3,10,0,3,20,1,3,10,156,3,10,9,3,20,155,3,10,-9990,0,0,10,E,8,9,E,8,1.8,E,8,0.1,E,8,88,E,8,988,E,8,202,E,8,2.1,E,8,-9990,0,0,-9990,0,0,0.936,E,8,0.106,E,8,0.20,E,8,0,-9990,0,0
12/10/2005,10:00,188,1407,34,3,10,0,3,20,34,3,10,3979,3,10,0,3,20,3979,3,10,-9990,0,0,10,E,8,9,E,8,2.9,E,8,0.8,E,8,86,E,8,987,E,8,159,E,8,2.5,E,8,-9990,0,0,-9990,0,0,0.981,E,8,0.106,E,8,0.20,E,8,0,-9990,0,0
12/10/2005,11:00,333,1407,72,3,10,0,3,20,72,3,10,8212,3,10,0,3,20,8212,3,10,-9990,0,0,10,E,8,9,E,8,4.0,E,8,0.4,E,8,77,E,8,987,E,8,183,E,8,1.7,E,8,-9990,0,0,-9990,0,0,0.952,E,8,0.106,E,8,0.20,E,8,0,-9990,0,0
12/10/2005,12:00,427,1407,96,3,10,0,3,20,96,3,10,10992,3,10,0,3,20,10992,3,10,-9990,0,0,10,E,8,9,E,8,4.9,E,8,1.6,E,8,79,E,8,987,E,8,211,E,8,1.4,E,8,-9990,0,0,-9990,0,0,1.038,E,8,0.106,E,8,0.20,E,8,0,-9990,0,0
12/10/2005,13:00,466,1407,109,3,10,0,3,20,109,3,10,12505,3,10,0,3,20,12505,3,10,-9990,0,0,10,E,8,9,E,8,5.7,E,8,1.8,E,8,76,E,8,987,E,8,237,E,8,1.8,E,8,-9990,0,0,-9990,0,0,1.049,E,8,0.106,E,8,0.20,E,8,0,-9990,0,0
12/10/2005,14:00,444,1407,104,3,10,0,3,20,104,3,10,11887,3,10,0,3,20,11887,3,10,-9990,0,0,10,E,8,9,E,8,6.1,E,8,1.6,E,8,73,E,8,986,E,8,192,E,8,1.6,E,8,-9990,0,0,-9990,0,0,1.037,E,8,0.106,E,8,0.20,E,8,0,-9990,0,0
12/10/2005,15:00,365,1407,84,3,10,0,3,20,84,3,10,9550,3,10,0,3,20,9550,3,10,-9990,0,0,10,E,8,9,E,8,6.3,E,8,1.9,E,8,73,E,8,986,E,8,226,E,8,1.1,E,8,-9990,0,0,-9990,0,0,1.057,E,8,0.106,E,8,0.20,E,8,0,-9990,0,0
12/10/2005,16:00,233,1407,47,3,10,0,3,20,47,3,10,5407,3,10,0,3,20,5407,3,10,-9990,0,0,10,E,8,9,E,8,6.0,E,8,1.0,E,8,70,E,8,986,E,8,207,E,8,0.8,E,8,-9990,0,0,-9990,0,0,0.998,E,8,0.106,E,8,0.20,E,8,0,-9990,0,0
12/10/2005,17:00,59,551,4,3,10,0,3,20,4,3,10,575,3,10,10,3,20,574,3,10,-9990,0,0,10,E,8,9,E,8,5.4,E,8,1.1,E,8,74,E,8,986,E,8,225,E,8,1.6,E,8,-9990,0,0,-9990,0,0,1.003,E,8,0.106,E,8,0.20,E,8,0,-9990,0,0
12/10/2005,18:00,0,0,0,3,0,0,3,0,0,3,0,0,3,0,0,3,0,0,3,0,-9990,0,0,10,E,8,9,E,8,5.0,E,8,1.0,E,8,75,E,8,986,E,8,223,E,8,2.1,E,8,-9990,0,0,-9990,0,0,0.993,E,8,0.106,E,8,0.20,E,8,0,-9990,0,0
12/10/2005,19:00,0,0,0,3,0,0,3,0,0,3,0,0,3,0,0,3,0,0,3,0,-9990,0,0,10,E,8,9,E,8,4.7,E,8,2.2,E,8,84,E,8,986,E,8,228,E,8,2.5,E,8,-9990,0,0,-9990,0,0,1.080,E,8,0.106,E,8,0.20,E,8,0,-9990,0,0
12/10/2005,20:00,0,0,0,3,0,0,3,0,0,3,0,0,3,0,0,3,0,0,3,0,-9990,0,0,10,E,8,9,E,8,4.4,E,8,2.5,E,8,87,E,8,986,E,8,204,E,8,2.1,E,8,-9990,0,0,-9990,0,0,1.106,E,8,0.106,E,8,0.20,E,8,0,-9990,0,0
12/10/2005,21:00,0,0,0,3,0,0,3,0,0,3,0,0,3,0,0,3,0,0,3,0,-9990,0,0,10,E,8,9,E,8,4.1,E,8,2.2,E,8,87,E,8,986,E,8,268,E,8,1.7,E,8,-9990,0,0,-9990,0,0,1.083,E,8,0.106,E,8,0.20,E,8,0,-9990,0,0
12/10/2005,22:00,0,0,0,3,0,0,3,0,0,3,0,0,3,0,0,3,0,0,3,0,-9990,0,0,10,E,8,9,E,8,3.8,E,8,1.9,E,8,87,E,8,986,E,8,237,E,8,2.1,E,8,-9990,0,0,-9990,0,0,1.060,E,8,0.106,E,8,0.20,E,8,0,-9990,0,0
12/10/2005,23:00,0,0,0,3,0,0,3,0,0,3,0,0,3,0,0,3,0,0,3,0,-9990,0,0,10,E,8,9,E,8,3.5,E,8,1.6,E,8,87,E,8,986,E,8,269,E,8,1.4,E,8,-9990,0,0,-9990,0,0,1.038,E,8,0.106,E,8,0.20,E,8,0,-9990,0,0
12/10/2005,24:00,0,0,0,3,0,0,3,0,0,3,0,0,3,0,0,3,0,0,3,0,-9990,0,0,10,E,8,9,E,8,3.2,E,8,1.3,E,8,87,E,8,985,E,8,172,E,8,2.0,E,8,-9990,0,0,-9990,0,0,1.017,E,8,0.106,E,8,0.20,E,8,0,-9990,0,0
12/11/2005,01:00,0,0,0,3,0,0,3,0,0,3,0,0,3,0,0,3,0,0,3,0,-9990,0,0,10,E,8,9,E,8,2.6,E,8,0.2,E,8,84,E,8,985,E,8,164,E,8,1.7,E,8,-9990,0,0,-9990,0,0,0.939,E,8,0.121,E,8,0.20,E,8,0,-9990,0,0
12/11/2005,02:00,0,0,0,3,0,0,3,0,0,3,0,0,3,0,0,3,0,0,3,0,-9990,0,0,10,E,8,9,E,8,2.2,E,8,-0.3,E,8,84,E,8,985,E,8,167,E,8,2.0,E,8,-9990,0,0,-9990,0,0,0.909,E,8,0.121,E,8,0.20,E,8,0,-9990,0,0
12/11/2005,03:00,0,0,0,3,0,0,3,0,0,3,0,0,3,0,0,3,0,0,3,0,-9990,0,0,10,E,8,9,E,8,1.4,E,8,-0.3,E,8,88,E,8,985,E,8,98,E,8,1.1,E,8,-9990,0,0,-9990,0,0,0.908,E,8,0.121,E,8,0.20,E,8,1,-9990,0,0
12/11/2005,04:00,0,0,0,3,0,0,3,0,0,3,0,0,3,0,0,3,0,0,3,0,-9990,0,0,10,E,8,9,E,8,0.8,E,8,0.0,E,8,95,E,8,985,E,8,208,E,8,0.3,E,8,-9990,0,0,-9990,0,0,0.929,E,8,0.121,E,8,0.20,E,8,3,-9990,0,0
12/11/2005,05:00,0,0,0,3,0,0,3,0,0,3,0,0,3,0,0,3,0,0,3,0,-9990,0,0,10,E,8,9,E,8,1.1,E,8,0.5,E,8,96,E,8,985,E,8,74,E,8,0.6,E,8,-9990,0,0,-9990,0,0,0.960,E,8,0.121,E,8,0.20,E,8,0,-9990,0,0
12/11/2005,06:00,0,0,0,3,0,0,3,0,0,3,0,0,3,0,0,3,0,0,3,0,-9990,0,0,10,E,8,9,E,8,0.8,E,8,0.1,E,8,95,E,8,985,E,8,219,E,8,0.7,E,8,-9990,0,0,-9990,0,0,0.934,E,8,0.121,E,8,0.20,E,8,0,-9990,0,0
12/11/2005,07:00,0,0,0,3,0,0,3,0,0,3,0,0,3,0,0,3,0,0,3,0,-9990,0,0,10,E,8,9,E,8,0.5,E,8,-0.1,E,8,96,E,8,985,E,8,208,E,8,1.2,E,8,-9990,0,0,-9990,0,0,0.923,E,8,0.121,E,8,0.21,E,8,0,-9990,0,0
12/11/2005,08:00,0,0,0,3,0,0,3,0,0,3,0,0,3,0,0,3,0,0,3,0,-9990,0,0,10,E,8,9,E,8,0.3,E,8,0.1,E,8,98,E,8,985,E,8,288,E,8,2.0,E,8,-9990,0,0,-9990,0,0,0.935,E,8,0.121,E,8,0.21,E,8,0,-9990,0,0
12/11/2005,09:00,23,336,1,3,10,0,3,20,1,3,10,134,3,10,8,3,20,134,3,10,-9990,0,0,10,E,8,9,E,8,0.3,E,8,0.1,E,8,98,E,8,984,E,8,279,E,8,2.8,E,8,-9990,0,0,-9990,0,0,0.932,E,8,0.121,E,8,0.21,E,8,0,-9990,0,0
12/11/2005,10:00,185,1408,16,3,10,0,3,20,16,3,10,2015,3,10,0,3,20,2015,3,10,-9990,0,0,10,E,8,9,E,8,0.4,E,8,0.2,E,8,98,E,8,984,E,8,207,E,8,3.0,E,8,-9990,0,0,-9990,0,0,0.938,E,8,0.121,E,8,0.20,E,8,0,-9990,0,0
12/11/2005,11:00,330,1408,34,3,10,0,3,20,34,3,10,4163,3,10,0,3,20,4163,3,10,-9990,0,0,10,E,8,9,E,8,0.5,E,8,0.1,E,8,97,E,8,984,E,8,229,E,8,3.3,E,8,-9990,0,0,-9990,0,0,0.933,E,8,0.121,E,8,0.21,E,8,0,-9990,0,0
12/11/2005,12:00,425,1408,46,3,10,0,3,20,46,3,10,5561,3,10,0,3,20,5561,3,10,-9990,0,0,10,E,8,9,E,8,0.6,E,8,0.2,E,8,97,E,8,984,E,8,205,E,8,3.4,E,8,-9990,0,0,-9990,0,0,0.941,E,8,0.121,E,8,0.21,E,8,0,-9990,0,0
12/11/2005,13:00,463,1408,51,3,10,0,3,20,51,3,10,6243,3,10,0,3,20,6243,3,10,-9990,0,0,10,E,8,9,E,8,0.7,E,8,0.4,E,8,98,E,8,984,E,8,275,E,8,2.3,E,8,-9990,0,0,-9990,0,0,0.953,E,8,0.121,E,8,0.20,E,8,0,-9990,0,0
12/11/2005,14:00,443,1408,51,3,10,0,3,20,51,3,10,6119,3,10,0,3,20,6119,3,10,-9990,0,0,10,E,8,9,E,8,0.7,E,8,0.7,E,8,100,E,8,984,E,8,225,E,8,3.0,E,8,-9990,0,0,-9990,0,0,0.972,E,8,0.121,E,8,0.20,E,8,0,-9990,0,0
12/11/2005,15:00,364,1408,40,3,10,0,3,20,40,3,10,4805,3,10,0,3,20,4805,3,10,-9990,0,0,10,E,8,9,E,8,0.6,E,8,0.1,E,8,96,E,8,985,E,8,273,E,8,2.8,E,8,-9990,0,0,-9990,0,0,0.935,E,8,0.121,E,8,0.20,E,8,0,-9990,0,0
12/11/2005,16:00,233,1408,23,3,10,0,3,20,23,3,10,2733,3,10,0,3,20,2733,3,10,-9990,0,0,10,E,8,9,E,8,0.5,E,8,0.0,E,8,96,E,8,985,E,8,253,E,8,2.8,E,8,-9990,0,0,-9990,0,0,0.926,E,8,0.121,E,8,0.20,E,8,0,-9990,0,0
12/11/2005,17:00,59,549,2,3,10,0,3,20,2,3,10,322,3,10,9,3,20,321,3,10,-9990,0,0,10,E,8,9,E,8,0.3,E,8,-0.5,E,8,94,E,8,985,E,8,279,E,8,3.6,E,8,-9990,0,0,-9990,0,0,0.894,E,8,0.121,E,8,0.20,E,8,0,-9990,0,0
12/11/2005,18:00,0,0,0,3,0,0,3,0,0,3,0,0,3,0,0,3,0,0,3,0,-9990,0,0,10,E,8,9,E,8,0.1,E,8,-0.5,E,8,96,E,8,986,E,8,268,E,8,3.0,E,8,-9990,0,0,-9990,0,0,0.896,E,8,0.121,E,8,0.20,E,8,0,-9990,0,0
12/11/2005,19:00,0,0,0,3,0,0,3,0,0,3,0,0,3,0,0,3,0,0,3,0,-9990,0,0,10,E,8,9,E,8,-0.2,E,8,-0.6,E,8,97,E,8,986,E,8,266,E,8,3.0,E,8,-9990,0,0,-9990,0,0,0.892,E,8,0.121,E,8,0.20,E,8,0,-9990,0,0
12/11/2005,20:00,0,0,0,3,0,0,3,0,0,3,0,0,3,0,0,3,0,0,3,0,-9990,0,0,10,E,8,9,E,8,-0.5,E,8,-0.9,E,8,97,E,8,986,E,8,270,E,8,3.0,E,8,-9990,0,0,-9990,0,0,0.870,E,8,0.121,E,8,0.22,E,8,0,-9990,0,0
12/11/2005,21:00,0,0,0,3,0,0,3,0,0,3,0,0,3,0,0,3,0,0,3,0,-9990,0,0,10,E,8,9,E,8,-0.6,E,8,-0.8,E,8,98,E,8,987,E,8,324,E,8,2.8,E,8,-9990,0,0,-9990,0,0,0.874,E,8,0.121,E,8,0.22,E,8,0,-9990,0,0
12/11/2005,22:00,0,0,0,3,0,0,3,0,0,3,0,0,3,0,0,3,0,0,3,0,-9990,0,0,10,E,8,9,E,8,-0.8,E,8,-1.1,E,8,98,E,8,987,E,8,288,E,8,3.4,E,8,-9990,0,0,-9990,0,0,0.860,E,8,0.121,E,8,0.22,E,8,0,-9990,0,0
12/11/2005,23:00,0,0,0,3,0,0,3,0,0,3,0,0,3,0,0,3,0,0,3,0,-9990,0,0,10,E,8,9,E,8,-1.1,E,8,-1.3,E,8,98,E,8,987,E,8,279,E,8,4.3,E,8,-9990,0,0,-9990,0,0,0.846,E,8,0.121,E,8,0.22,E,8,0,-9990,0,0
12/11/2005,24:00,0,0,0,3,0,0,3,0,0,3,0,0,3,0,0,3,0,0,3,0,-9990,0,0,9,E,8,8,E,8,-1.3,E,8,-1.6,E,8,98,E,8,988,E,8,280,E,8,4.1,E,8,-9990,0,0,-9990,0,0,0.832,E,8,0.121,E,8,0.22,E,8,0,-9990,0,0
12/12/2005,01:00,0,0,0,3,0,0,3,0,0,3,0,0,3,0,0,3,0,0,3,0,-9990,0,0,9,E,8,8,E,8,-1.3,E,8,-1.6,E,8,98,E,8,988,E,8,271,E,8,3.9,E,8,-9990,0,0,-9990,0,0,0.827,E,8,0.118,E,8,0.22,E,8,0,-9990,0,0
12/12/2005,02:00,0,0,0,3,0,0,3,0,0,3,0,0,3,0,0,3,0,0,3,0,-9990,0,0,9,E,8,8,E,8,-1.3,E,8,-2.0,E,8,95,E,8,988,E,8,172,E,8,4.8,E,8,-9990,0,0,-9990,0,0,0.806,E,8,0.118,E,8,0.22,E,8,0,-9990,0,0
12/12/2005,03:00,0,0,0,3,0,0,3,0,0,3,0,0,3,0,0,3,0,0,3,0,-9990,0,0,9,E,8,8,E,8,-1.2,E,8,-1.7,E,8,96,E,8,988,E,8,163,E,8,4.8,E,8,-9990,0,0,-9990,0,0,0.821,E,8,0.118,E,8,0.22,E,8,0,-9990,0,0
12/12/2005,04:00,0,0,0,3,0,0,3,0,0,3,0,0,3,0,0,3,0,0,3,0,-9990,0,0,9,E,8,8,E,8,-1.2,E,8,-1.5,E,8,97,E,8,989,E,8,164,E,8,5.1,E,8,-9990,0,0,-9990,0,0,0.833,E,8,0.118,E,8,0.22,E,8,0,-9990,0,0
12/12/2005,05:00,0,0,0,3,0,0,3,0,0,3,0,0,3,0,0,3,0,0,3,0,-9990,0,0,9,E,8,8,E,8,-1.1,E,8,-1.4,E,8,98,E,8,989,E,8,215,E,8,4.8,E,8,-9990,0,0,-9990,0,0,0.843,E,8,0.118,E,8,0.22,E,8,0,-9990,0,0
12/12/2005,06:00,0,0,0,3,0,0,3,0,0,3,0,0,3,0,0,3,0,0,3,0,-9990,0,0,9,E,8,8,E,8,-1.1,E,8,-1.3,E,8,98,E,8,989,E,8,93,E,8,3.6,E,8,-9990,0,0,-9990,0,0,0.846,E,8,0.118,E,8,0.22,E,8,0,-9990,0,0
12/12/2005,07:00,0,0,0,3,0,0,3,0,0,3,0,0,3,0,0,3,0,0,3,0,-9990,0,0,9,E,8,8,E,8,-1.0,E,8,-2.3,E,8,91,E,8,990,E,8,167,E,8,3.0,E,8,-9990,0,0,-9990,0,0,0.792,E,8,0.118,E,8,0.22,E,8,0,-9990,0,0
12/12/2005,08:00,0,0,0,3,0,0,3,0,0,3,0,0,3,0,0,3,0,0,3,0,-9990,0,0,9,E,8,8,E,8,-1.0,E,8,-2.5,E,8,89,E,8,990,E,8,235,E,8,3.4,E,8,-9990,0,0,-9990,0,0,0.777,E,8,0.118,E,8,0.22,E,8,0,-9990,0,0
12/12/2005,09:00,21,325,1,3,10,0,3,20,1,3,10,128,3,10,8,3,20,128,3,10,-9990,0,0,9,E,8,8,E,8,-0.9,E,8,-2.4,E,8,90,E,8,990,E,8,253,E,8,4.5,E,8,-9990,0,0,-9990,0,0,0.786,E,8,0.118,E,8,0.22,E,8,0,-9990,0,0
12/12/2005,10:00,182,1408,61,3,10,70,3,20,52,3,10,6712,3,10,3965,3,20,6200,3,10,-9990,0,0,9,E,8,8,E,8,1.0,E,8,-1.3,E,8,85,E,8,991,E,8,266,E,8,5.4,E,8,-9990,0,0,-9990,0,0,0.848,E,8,0.118,E,8,0.21,E,8,0,-9990,0,0
12/12/2005,11:00,327,1408,128,3,10,118,3,20,101,3,10,14084,3,10,9426,3,20,11894,3,10,-9990,0,0,9,E,8,8,E,8,3.0,E,8,-1.0,E,8,75,E,8,991,E,8,272,E,8,3.9,E,8,-9990,0,0,-9990,0,0,0.865,E,8,0.118,E,8,0.21,E,8,0,-9990,0,0
12/12/2005,12:00,423,1408,218,3,10,380,3,20,104,3,10,23298,3,10,28137,3,20,14851,3,10,-9990,0,0,3,E,8,2,E,8,5.4,E,8,0.0,E,8,68,E,8,991,E,8,198,E,8,3.9,E,8,-9990,0,0,-9990,0,0,0.927,E,8,0.118,E,8,0.20,E,8,0,-9990,0,0
12/12/2005,13:00,462,1408,234,3,10,382,3,20,109,3,10,25096,3,10,28905,3,20,15621,3,10,-9990,0,0,3,E,8,2,E,8,7.1,E,8,0.8,E,8,64,E,8,992,E,8,253,E,8,3.6,E,8,-9990,0,0,-9990,0,0,0.982,E,8,0.118,E,8,0.20,E,8,0,-9990,0,0
12/12/2005,14:00,441,1408,240,3,10,440,3,20,102,3,10,25743,3,10,35221,3,20,14708,3,10,-9990,0,0,0,E,8,0,E,8,8.3,E,8,1.1,E,8,60,E,8,991,E,8,250,E,8,4.3,E,8,-9990,0,0,-9990,0,0,0.999,E,8,0.118,E,8,0.20,E,8,0,-9990,0,0
12/12/2005,15:00,363,1408,161,3,10,242,3,20,98,3,10,17252,3,10,19811,3,20,12146,3,10,-9990,0,0,6,E,8,5,E,8,8.5,E,8,0.1,E,8,56,E,8,991,E,8,328,E,8,6.2,E,8,-9990,0,0,-9990,0,0,0.937,E,8,0.118,E,8,0.20,E,8,0,-9990,0,0
12/12/2005,16:00,232,1408,114,3,10,234,3,20,75,3,10,12002,3,10,16651,3,20,9257,3,10,-9990,0,0,5,E,8,4,E,8,8.1,E,8,0.0,E,8,56,E,8,991,E,8,298,E,8,6.5,E,8,-9990,0,0,-9990,0,0,0.925,E,8,0.118,E,8,0.20,E,8,0,-9990,0,0
12/12/2005,17:00,58,549,22,3,10,0,3,20,22,3,10,2535,3,10,0,3,20,2535,3,10,-9990,0,0,6,E,8,5,E,8,6.7,E,8,0.1,E,8,62,E,8,991,E,8,243,E,8,6.2,E,8,-9990,0,0,-9990,0,0,0.931,E,8,0.118,E,8,0.20,E,8,0,-9990,0,0
12/12/2005,18:00,0,0,0,3,0,0,3,0,0,3,0,0,3,0,0,3,0,0,3,0,-9990,0,0,6,E,8,5,E,8,6.4,E,8,0.1,E,8,64,E,8,990,E,8,228,E,8,5.9,E,8,-9990,0,0,-9990,0,0,0.936,E,8,0.118,E,8,0.20,E,8,0,-9990,0,0
12/12/2005,19:00,0,0,0,3,0,0,3,0,0,3,0,0,3,0,0,3,0,0,3,0,-9990,0,0,6,E,8,5,E,8,6.0,E,8,0.0,E,8,65,E,8,990,E,8,158,E,8,5.4,E,8,-9990,0,0,-9990,0,0,0.929,E,8,0.118,E,8,0.20,E,8,0,-9990,0,0
12/12/2005,20:00,0,0,0,3,0,0,3,0,0,3,0,0,3,0,0,3,0,0,3,0,-9990,0,0,6,E,8,5,E,8,5.7,E,8,0.3,E,8,68,E,8,990,E,8,42,E,8,6.7,E,8,-9990,0,0,-9990,0,0,0.950,E,8,0.118,E,8,0.20,E,8,0,-9990,0,0
12/12/2005,21:00,0,0,0,3,0,0,3,0,0,3,0,0,3,0,0,3,0,0,3,0,-9990,0,0,6,E,8,5,E,8,5.3,E,8,0.5,E,8,71,E,8,989,E,8,52,E,8,6.2,E,8,-9990,0,0,-9990,0,0,0.958,E,8,0.118,E,8,0.20,E,8,0,-9990,0,0
12/12/2005,22:00,0,0,0,3,0,0,3,0,0,3,0,0,3,0,0,3,0,0,3,0,-9990,0,0,8,E,8,6,E,8,5.0,E,8,-0.4,E,8,68,E,8,989,E,8,70,E,8,6.5,E,8,-9990,0,0,-9990,0,0,0.900,E,8,0.118,E,8,0.20,E,8,0,-9990,0,0
12/12/2005,23:00,0,0,0,3,0,0,3,0,0,3,0,0,3,0,0,3,0,0,3,0,-9990,0,0,8,E,8,6,E,8,4.6,E,8,-0.6,E,8,69,E,8,989,E,8,172,E,8,7.7,E,8,-9990,0,0,-9990,0,0,0.887,E,8,0.118,E,8,0.20,E,8,0,-9990,0,0
12/12/2005,24:00,0,0,0,3,0,0,3,0,0,3,0,0,3,0,0,3,0,0,3,0,-9990,0,0,8,E,8,6,E,8,4.3,E,8,-0.7,E,8,70,E,8,989,E,8,104,E,8,7.7,E,8,-9990,0,0,-9990,0,0,0.883,E,8,0.118,E,8,0.20,E,8,0,-9990,0,0
12/13/2005,01:00,0,0,0,3,0,0,3,0,0,3,0,0,3,0,0,3,0,0,3,0,-9990,0,0,8,E,8,6,E,8,3.7,E,8,-1.8,E,8,67,E,8,988,E,8,19,E,8,9.1,E,8,-9990,0,0,-9990,0,0,0.821,E,8,0.113,E,8,0.20,E,8,0,-9990,0,0
12/13/2005,02:00,0,0,0,3,0,0,3,0,0,3,0,0,3,0,0,3,0,0,3,0,-9990,0,0,8,E,8,6,E,8,3.0,E,8,-2.0,E,8,69,E,8,988,E,8,215,E,8,9.6,E,8,-9990,0,0,-9990,0,0,0.806,E,8,0.113,E,8,0.20,E,8,0,-9990,0,0
12/13/2005,03:00,0,0,0,3,0,0,3,0,0,3,0,0,3,0,0,3,0,0,3,0,-9990,0,0,8,E,8,6,E,8,2.3,E,8,-2.2,E,8,72,E,8,988,E,8,231,E,8,13.0,E,8,-9990,0,0,-9990,0,0,0.795,E,8,0.113,E,8,0.20,E,8,0,-9990,0,0
12/13/2005,04:00,0,0,0,3,0,0,3,0,0,3,0,0,3,0,0,3,0,0,3,0,-9990,0,0,9,E,8,8,E,8,1.9,E,8,-1.7,E,8,77,E,8,988,E,8,136,E,8,11.6,E,8,-9990,0,0,-9990,0,0,0.821,E,8,0.113,E,8,0.20,E,8,0,-9990,0,0
12/13/2005,05:00,0,0,0,3,0,0,3,0,0,3,0,0,3,0,0,3,0,0,3,0,-9990,0,0,9,E,8,8,E,8,1.5,E,8,-1.1,E,8,83,E,8,987,E,8,161,E,8,8.0,E,8,-9990,0,0,-9990,0,0,0.857,E,8,0.113,E,8,0.20,E,8,0,-9990,0,0
12/13/2005,06:00,0,0,0,3,0,0,3,0,0,3,0,0,3,0,0,3,0,0,3,0,-9990,0,0,9,E,8,8,E,8,1.1,E,8,-0.6,E,8,89,E,8,987,E,8,179,E,8,8.5,E,8,-9990,0,0,-9990,0,0,0.892,E,8,0.113,E,8,0.20,E,8,0,-9990,0,0
12/13/2005,07:00,0,0,0,3,0,0,3,0,0,3,0,0,3,0,0,3,0,0,3,0,-9990,0,0,9,E,8,8,E,8,0.7,E,8,-1.0,E,8,88,E,8,987,E,8,155,E,8,6.9,E,8,-9990,0,0,-9990,0,0,0.867,E,8,0.113,E,8,0.20,E,8,0,-9990,0,0
12/13/2005,08:00,0,0,0,3,0,0,3,0,0,3,0,0,3,0,0,3,0,0,3,0,-9990,0,0,9,E,8,8,E,8,0.4,E,8,-0.8,E,8,92,E,8,986,E,8,173,E,8,4.5,E,8,-9990,0,0,-9990,0,0,0.880,E,8,0.113,E,8,0.20,E,8,0,-9990,0,0
12/13/2005,09:00,20,315,1,3,10,0,3,20,1,3,10,120,3,10,8,3,20,120,3,10,-9990,0,0,10,E,8,9,E,8,0.3,E,8,-1.1,E,8,90,E,8,986,E,8,201,E,8,4.3,E,8,-9990,0,0,-9990,0,0,0.861,E,8,0.113,E,8,0.20,E,8,0,-9990,0,0
12/13/2005,10:00,179,1408,19,3,10,0,3,20,19,3,10,2288,3,10,0,3,20,2288,3,10,-9990,0,0,10,E,8,9,E,8,0.4,E,8,-0.7,E,8,92,E,8,986,E,8,203,E,8,5.4,E,8,-9990,0,0,-9990,0,0,0.883,E,8,0.113,E,8,0.20,E,8,0,-9990,0,0
12/13/2005,11:00,325,1408,46,3,10,0,3,20,46,3,10,5459,3,10,0,3,20,5459,3,10,-9990,0,0,10,E,8,9,E,8,0.6,E,8,-0.5,E,8,92,E,8,986,E,8,46,E,8,5.1,E,8,-9990,0,0,-9990,0,0,0.898,E,8,0.113,E,8,0.20,E,8,0,-9990,0,0
12/13/2005,12:00,421,1408,65,3,10,0,3,20,65,3,10,7676,3,10,0,3,20,7676,3,10,-9990,0,0,10,E,8,9,E,8,0.8,E,8,0.1,E,8,95,E,8,985,E,8,51,E,8,4.8,E,8,-9990,0,0,-9990,0,0,0.931,E,8,0.113,E,8,0.20,E,8,0,-9990,0,0
12/13/2005,13:00,460,1408,73,3,10,0,3,20,73,3,10,8675,3,10,0,3,20,8675,3,10,-9990,0,0,10,E,8,9,E,8,0.9,E,8,0.4,E,8,97,E,8,985,E,8,31,E,8,4.5,E,8,-9990,0,0,-9990,0,0,0.956,E,8,0.113,E,8,0.20,E,8,0,-9990,0,0
12/13/2005,14:00,440,1408,67,3,10,0,3,20,67,3,10,7870,3,10,0,3,20,7870,3,10,-9990,0,0,10,E,8,9,E,8,0.8,E,8,0.8,E,8,100,E,8,985,E,8,167,E,8,2.0,E,8,-9990,0,0,-9990,0,0,0.983,E,8,0.113,E,8,0.20,E,8,0,-9990,0,0
12/13/2005,15:00,362,1408,61,3,10,0,3,20,61,3,10,7062,3,10,0,3,20,7062,3,10,-9990,0,0,10,E,8,9,E,8,0.8,E,8,0.8,E,8,100,E,8,985,E,8,16,E,8,1.2,E,8,-9990,0,0,-9990,0,0,0.979,E,8,0.113,E,8,0.20,E,8,0,-9990,0,0
12/13/2005,16:00,232,1408,37,3,10,0,3,20,37,3,10,4282,3,10,0,3,20,4282,3,10,-9990,0,0,10,E,8,9,E,8,0.5,E,8,0.1,E,8,97,E,8,985,E,8,26,E,8,1.4,E,8,-9990,0,0,-9990,0,0,0.937,E,8,0.113,E,8,0.20,E,8,0,-9990,0,0
12/13/2005,17:00,58,549,6,3,10,0,3,20,6,3,10,725,3,10,10,3,20,724,3,10,-9990,0,0,10,E,8,9,E,8,-0.2,E,8,-0.4,E,8,98,E,8,985,E,8,71,E,8,2.0,E,8,-9990,0,0,-9990,0,0,0.901,E,8,0.113,E,8,0.26,E,8,0,-9990,0,0
12/13/2005,18:00,0,0,0,3,0,0,3,0,0,3,0,0,3,0,0,3,0,0,3,0,-9990,0,0,10,E,8,9,E,8,0.5,E,8,0.1,E,8,97,E,8,985,E,8,46,E,8,2.3,E,8,-9990,0,0,-9990,0,0,0.932,E,8,0.113,E,8,0.27,E,8,0,-9990,0,0
12/13/2005,19:00,0,0,0,3,0,0,3,0,0,3,0,0,3,0,0,3,0,0,3,0,-9990,0,0,10,E,8,9,E,8,0.7,E,8,0.3,E,8,97,E,8,985,E,8,58,E,8,3.3,E,8,-9990,0,0,-9990,0,0,0.949,E,8,0.113,E,8,0.27,E,8,1,-9990,0,0
12/13/2005,20:00,0,0,0,3,0,0,3,0,0,3,0,0,3,0,0,3,0,0,3,0,-9990,0,0,10,E,8,9,E,8,1.2,E,8,1.0,E,8,98,E,8,985,E,8,49,E,8,2.7,E,8,-9990,0,0,-9990,0,0,0.992,E,8,0.113,E,8,0.27,E,8,0,-9990,0,0
12/13/2005,21:00,0,0,0,3,0,0,3,0,0,3,0,0,3,0,0,3,0,0,3,0,-9990,0,0,10,E,8,9,E,8,1.5,E,8,1.1,E,8,97,E,8,985,E,8,201,E,8,2.1,E,8,-9990,0,0,-9990,0,0,1.000,E,8,0.113,E,8,0.26,E,8,0,-9990,0,0
12/13/2005,22:00,0,0,0,3,0,0,3,0,0,3,0,0,3,0,0,3,0,0,3,0,-9990,0,0,10,E,8,9,E,8,1.9,E,8,1.6,E,8,98,E,8,985,E,8,222,E,8,3.6,E,8,-9990,0,0,-9990,0,0,1.038,E,8,0.113,E,8,0.26,E,8,0,-9990,0,0
12/13/2005,23:00,0,0,0,3,0,0,3,0,0,3,0,0,3,0,0,3,0,0,3,0,-9990,0,0,10,E,8,9,E,8,2.2,E,8,1.9,E,8,98,E,8,985,E,8,227,E,8,5.1,E,8,-9990,0,0,-9990,0,0,1.062,E,8,0.113,E,8,0.26,E,8,0,-9990,0,0
12/13/2005,24:00,0,0,0,3,0,0,3,0,0,3,0,0,3,0,0,3,0,0,3,0,-9990,0,0,10,E,8,9,E,8,2.5,E,8,2.2,E,8,98,E,8,985,E,8,224,E,8,5.9,E,8,-9990,0,0,-9990,0,0,1.080,E,8,0.113,E,8,0.25,E,8,0,-9990,0,0
12/14/2005,01:00,0,0,0,3,0,0,3,0,0,3,0,0,3,0,0,3,0,0,3,0,-9990,0,0,10,E,8,9,E,8,2.9,E,8,2.3,E,8,96,E,8,985,E,8,279,E,8,5.4,E,8,-9990,0,0,-9990,0,0,1.092,E,8,0.106,E,8,0.24,E,8,0,-9990,0,0
12/14/2005,02:00,0,0,0,3,0,0,3,0,0,3,0,0,3,0,0,3,0,0,3,0,-9990,0,0,10,E,8,9,E,8,3.3,E,8,1.9,E,8,90,E,8,985,E,8,193,E,8,6.2,E,8,-9990,0,0,-9990,0,0,1.063,E,8,0.106,E,8,0.23,E,8,0,-9990,0,0
12/14/2005,03:00,0,0,0,3,0,0,3,0,0,3,0,0,3,0,0,3,0,0,3,0,-9990,0,0,10,E,8,9,E,8,3.9,E,8,3.0,E,8,94,E,8,985,E,8,277,E,8,6.2,E,8,-9990,0,0,-9990,0,0,1.146,E,8,0.106,E,8,0.23,E,8,0,-9990,0,0
12/14/2005,04:00,0,0,0,3,0,0,3,0,0,3,0,0,3,0,0,3,0,0,3,0,-9990,0,0,10,E,8,9,E,8,4.1,E,8,3.7,E,8,97,E,8,985,E,8,269,E,8,6.5,E,8,-9990,0,0,-9990,0,0,1.200,E,8,0.106,E,8,0.21,E,8,0,-9990,0,0
12/14/2005,05:00,0,0,0,3,0,0,3,0,0,3,0,0,3,0,0,3,0,0,3,0,-9990,0,0,10,E,8,9,E,8,4.4,E,8,4.1,E,8,98,E,8,985,E,8,246,E,8,7.2,E,8,-9990,0,0,-9990,0,0,1.236,E,8,0.106,E,8,0.20,E,8,0,-9990,0,0
12/14/2005,06:00,0,0,0,3,0,0,3,0,0,3,0,0,3,0,0,3,0,0,3,0,-9990,0,0,10,E,8,9,E,8,4.7,E,8,4.5,E,8,98,E,8,985,E,8,307,E,8,6.2,E,8,-9990,0,0,-9990,0,0,1.268,E,8,0.106,E,8,0.20,E,8,0,-9990,0,0
12/14/2005,07:00,0,0,0,3,0,0,3,0,0,3,0,0,3,0,0,3,0,0,3,0,-9990,0,0,10,E,8,9,E,8,4.9,E,8,4.7,E,8,98,E,8,985,E,8,282,E,8,6.5,E,8,-9990,0,0,-9990,0,0,1.288,E,8,0.106,E,8,0.20,E,8,0,-9990,0,0
12/14/2005,08:00,0,0,0,3,0,0,3,0,0,3,0,0,3,0,0,3,0,0,3,0,-9990,0,0,10,E,8,9,E,8,5.1,E,8,4.7,E,8,97,E,8,985,E,8,261,E,8,6.9,E,8,-9990,0,0,-9990,0,0,1.289,E,8,0.106,E,8,0.20,E,8,0,-9990,0,0
12/14/2005,09:00,19,305,1,3,10,0,3,20,1,3,10,118,3,10,8,3,20,117,3,10,-9990,0,0,10,E,8,9,E,8,5.3,E,8,4.8,E,8,97,E,8,985,E,8,286,E,8,8.3,E,8,-9990,0,0,-9990,0,0,1.301,E,8,0.106,E,8,0.20,E,8,0,-9990,0,0
12/14/2005,10:00,176,1409,18,3,10,0,3,20,18,3,10,2233,3,10,0,3,20,2233,3,10,-9990,0,0,10,E,8,9,E,8,6.1,E,8,5.6,E,8,97,E,8,985,E,8,246,E,8,10.0,E,8,-9990,0,0,-9990,0,0,1.376,E,8,0.106,E,8,0.20,E,8,1,-9990,0,0
12/14/2005,11:00,322,1409,40,3,10,0,3,20,40,3,10,4831,3,10,0,3,20,4831,3,10,-9990,0,0,10,E,8,9,E,8,7.1,E,8,5.8,E,8,91,E,8,985,E,8,299,E,8,10.0,E,8,-9990,0,0,-9990,0,0,1.392,E,8,0.106,E,8,0.20,E,8,0,-9990,0,0
12/14/2005,12:00,419,1409,58,3,10,0,3,20,58,3,10,6922,3,10,0,3,20,6922,3,10,-9990,0,0,10,E,8,9,E,8,8.1,E,8,6.9,E,8,92,E,8,985,E,8,310,E,8,10.7,E,8,-9990,0,0,-9990,0,0,1.499,E,8,0.106,E,8,0.20,E,8,0,-9990,0,0
12/14/2005,13:00,458,1409,67,3,10,0,3,20,67,3,10,7957,3,10,0,3,20,7957,3,10,-9990,0,0,10,E,8,9,E,8,8.8,E,8,7.3,E,8,90,E,8,985,E,8,287,E,8,10.7,E,8,-9990,0,0,-9990,0,0,1.545,E,8,0.106,E,8,0.20,E,8,0,-9990,0,0
12/14/2005,14:00,439,1409,63,3,10,0,3,20,63,3,10,7466,3,10,0,3,20,7466,3,10,-9990,0,0,10,E,8,9,E,8,9.3,E,8,6.2,E,8,81,E,8,985,E,8,276,E,8,8.8,E,8,-9990,0,0,-9990,0,0,1.435,E,8,0.106,E,8,0.20,E,8,0,-9990,0,0
12/14/2005,15:00,361,1409,51,3,10,0,3,20,51,3,10,5971,3,10,0,3,20,5971,3,10,-9990,0,0,10,E,8,9,E,8,9.5,E,8,5.7,E,8,77,E,8,986,E,8,296,E,8,8.0,E,8,-9990,0,0,-9990,0,0,1.387,E,8,0.106,E,8,0.20,E,8,0,-9990,0,0
12/14/2005,16:00,231,1409,31,3,10,0,3,20,31,3,10,3622,3,10,0,3,20,3622,3,10,-9990,0,0,10,E,8,9,E,8,9.4,E,8,6.1,E,8,80,E,8,986,E,8,197,E,8,7.7,E,8,-9990,0,0,-9990,0,0,1.422,E,8,0.106,E,8,0.20,E,8,0,-9990,0,0
12/14/2005,17:00,58,550,3,3,10,0,3,20,3,3,10,411,3,10,10,3,20,410,3,10,-9990,0,0,10,E,8,9,E,8,8.8,E,8,5.4,E,8,79,E,8,986,E,8,178,E,8,6.2,E,8,-9990,0,0,-9990,0,0,1.357,E,8,0.106,E,8,0.20,E,8,0,-9990,0,0
12/14/2005,18:00,0,0,0,3,0,0,3,0,0,3,0,0,3,0,0,3,0,0,3,0,-9990,0,0,10,E,8,9,E,8,8.7,E,8,4.6,E,8,75,E,8,986,E,8,167,E,8,5.6,E,8,-9990,0,0,-9990,0,0,1.279,E,8,0.106,E,8,0.20,E,8,0,-9990,0,0
12/14/2005,19:00,0,0,0,3,0,0,3,0,0,3,0,0,3,0,0,3,0,0,3,0,-9990,0,0,10,E,8,9,E,8,8.1,E,8,6.0,E,8,87,E,8,986,E,8,47,E,8,5.6,E,8,-9990,0,0,-9990,0,0,1.417,E,8,0.106,E,8,0.20,E,8,3,-9990,0,0
12/14/2005,20:00,0,0,0,3,0,0,3,0,0,3,0,0,3,0,0,3,0,0,3,0,-9990,0,0,10,E,8,9,E,8,8.2,E,8,5.6,E,8,83,E,8,987,E,8,20,E,8,6.7,E,8,-9990,0,0,-9990,0,0,1.374,E,8,0.106,E,8,0.20,E,8,1,-9990,0,0
12/14/2005,21:00,0,0,0,3,0,0,3,0,0,3,0,0,3,0,0,3,0,0,3,0,-9990,0,0,9,E,8,8,E,8,8.3,E,8,6.3,E,8,87,E,8,987,E,8,45,E,8,7.4,E,8,-9990,0,0,-9990,0,0,1.439,E,8,0.106,E,8,0.20,E,8,0,-9990,0,0
12/14/2005,22:00,0,0,0,3,0,0,3,0,0,3,0,0,3,0,0,3,0,0,3,0,-9990,0,0,9,E,8,8,E,8,8.2,E,8,6.1,E,8,87,E,8,987,E,8,16,E,8,7.7,E,8,-9990,0,0,-9990,0,0,1.426,E,8,0.106,E,8,0.20,E,8,0,-9990,0,0
12/14/2005,23:00,0,0,0,3,0,0,3,0,0,3,0,0,3,0,0,3,0,0,3,0,-9990,0,0,9,E,8,8,E,8,8.0,E,8,6.0,E,8,87,E,8,987,E,8,60,E,8,5.9,E,8,-9990,0,0,-9990,0,0,1.413,E,8,0.106,E,8,0.20,E,8,0,-9990,0,0
12/14/2005,24:00,0,0,0,3,0,0,3,0,0,3,0,0,3,0,0,3,0,0,3,0,-9990,0,0,9,E,8,8,E,8,7.9,E,8,5.9,E,8,87,E,8,987,E,8,155,E,8,6.9,E,8,-9990,0,0,-9990,0,0,1.400,E,8,0.106,E,8,0.20,E,8,0,-9990,0,0
12/15/2005,01:00,0,0,0,3,0,0,3,0,0,3,0,0,3,0,0,3,0,0,3,0,-9990,0,0,9,E,8,8,E,8,7.4,E,8,5.4,E,8,87,E,8,987,E,8,156,E,8,5.6,E,8,-9990,0,0,-9990,0,0,1.353,E,8,0.122,E,8,0.20,E,8,0,-9990,0,0
12/15/2005,02:00,0,0,0,3,0,0,3,0,0,3,0,0,3,0,0,3,0,0,3,0,-9990,0,0,9,E,8,8,E,8,6.8,E,8,5.0,E,8,88,E,8,988,E,8,234,E,8,4.8,E,8,-9990,0,0,-9990,0,0,1.315,E,8,0.122,E,8,0.20,E,8,0,-9990,0,0
12/15/2005,03:00,0,0,0,3,0,0,3,0,0,3,0,0,3,0,0,3,0,0,3,0,-9990,0,0,9,E,8,8,E,8,6.2,E,8,4.5,E,8,89,E,8,988,E,8,210,E,8,4.1,E,8,-9990,0,0,-9990,0,0,1.274,E,8,0.122,E,8,0.20,E,8,0,-9990,0,0
12/15/2005,04:00,0,0,0,3,0,0,3,0,0,3,0,0,3,0,0,3,0,0,3,0,-9990,0,0,9,E,8,8,E,8,5.9,E,8,4.5,E,8,91,E,8,988,E,8,235,E,8,3.3,E,8,-9990,0,0,-9990,0,0,1.274,E,8,0.122,E,8,0.20,E,8,0,-9990,0,0
12/15/2005,05:00,0,0,0,3,0,0,3,0,0,3,0,0,3,0,0,3,0,0,3,0,-9990,0,0,9,E,8,8,E,8,5.6,E,8,4.0,E,8,90,E,8,988,E,8,201,E,8,2.0,E,8,-9990,0,0,-9990,0,0,1.231,E,8,0.122,E,8,0.20,E,8,0,-9990,0,0
12/15/2005,06:00,0,0,0,3,0,0,3,0,0,3,0,0,3,0,0,3,0,0,3,0,-9990,0,0,9,E,8,8,E,8,5.2,E,8,4.1,E,8,92,E,8,988,E,8,220,E,8,2.3,E,8,-9990,0,0,-9990,0,0,1.236,E,8,0.122,E,8,0.20,E,8,0,-9990,0,0
12/15/2005,07:00,0,0,0,3,0,0,3,0,0,3,0,0,3,0,0,3,0,0,3,0,-9990,0,0,8,E,8,7,E,8,5.0,E,8,3.7,E,8,91,E,8,989,E,8,97,E,8,2.2,E,8,-9990,0,0,-9990,0,0,1.199,E,8,0.122,E,8,0.20,E,8,0,-9990,0,0
12/15/2005,08:00,0,0,0,3,0,0,3,0,0,3,0,0,3,0,0,3,0,0,3,0,-9990,0,0,8,E,8,7,E,8,4.8,E,8,3.2,E,8,90,E,8,989,E,8,181,E,8,2.0,E,8,-9990,0,0,-9990,0,0,1.163,E,8,0.122,E,8,0.20,E,8,0,-9990,0,0
12/15/2005,09:00,18,296,3,3,10,0,3,20,3,3,10,347,3,10,15,3,20,346,3,10,-9990,0,0,8,E,8,7,E,8,4.8,E,8,3.6,E,8,92,E,8,989,E,8,61,E,8,2.0,E,8,-9990,0,0,-9990,0,0,1.195,E,8,0.122,E,8,0.20,E,8,0,-9990,0,0
12/15/2005,10:00,174,1409,73,3,10,253,3,20,42,3,10,7898,3,10,13446,3,20,6241,3,10,-9990,0,0,8,E,8,7,E,8,6.3,E,8,3.9,E,8,84,E,8,989,E,8,132,E,8,3.3,E,8,-9990,0,0,-9990,0,0,1.216,E,8,0.122,E,8,0.20,E,8,0,-9990,0,0
12/15/2005,11:00,320,1409,135,3,10,156,3,20,99,3,10,14855,3,10,13294,3,20,11834,3,10,-9990,0,0,8,E,8,7,E,8,7.8,E,8,4.6,E,8,80,E,8,989,E,8,236,E,8,3.4,E,8,-9990,0,0,-9990,0,0,1.282,E,8,0.122,E,8,0.20,E,8,0,-9990,0,0
12/15/2005,12:00,417,1409,184,3,10,165,3,20,135,3,10,20243,3,10,14415,3,20,15979,3,10,-9990,0,0,8,E,8,6,E,8,9.0,E,8,4.8,E,8,75,E,8,990,E,8,154,E,8,2.7,E,8,-9990,0,0,-9990,0,0,1.296,E,8,0.122,E,8,0.20,E,8,0,-9990,0,0
12/15/2005,13:00,457,1409,179,3,10,120,3,20,140,3,10,19756,3,10,9575,3,20,16651,3,10,-9990,0,0,9,E,8,8,E,8,9.7,E,8,6.2,E,8,79,E,8,990,E,8,227,E,8,2.7,E,8,-9990,0,0,-9990,0,0,1.431,E,8,0.122,E,8,0.20,E,8,0,-9990,0,0
12/15/2005,14:00,438,1409,130,3,10,22,3,20,123,3,10,14642,3,10,2330,3,20,13918,3,10,-9990,0,0,10,E,8,9,E,8,9.7,E,8,6.6,E,8,81,E,8,990,E,8,209,E,8,1.6,E,8,-9990,0,0,-9990,0,0,1.475,E,8,0.122,E,8,0.20,E,8,0,-9990,0,0
12/15/2005,15:00,361,1409,121,3,10,55,3,20,107,3,10,13439,3,10,4638,3,20,12251,3,10,-9990,0,0,10,E,8,9,E,8,9.7,E,8,6.6,E,8,81,E,8,989,E,8,208,E,8,1.1,E,8,-9990,0,0,-9990,0,0,1.471,E,8,0.122,E,8,0.20,E,8,0,-9990,0,0
12/15/2005,16:00,231,1409,60,3,10,47,3,20,53,3,10,6759,3,10,1728,3,20,6476,3,10,-9990,0,0,9,E,8,8,E,8,9.0,E,8,7.0,E,8,87,E,8,989,E,8,165,E,8,1.0,E,8,-9990,0,0,-9990,0,0,1.517,E,8,0.122,E,8,0.20,E,8,0,-9990,0,0
12/15/2005,17:00,58,551,3,3,10,0,3,20,3,3,10,346,3,10,9,3,20,345,3,10,-9990,0,0,9,E,8,8,E,8,8.0,E,8,6.5,E,8,90,E,8,989,E,8,215,E,8,0.4,E,8,-9990,0,0,-9990,0,0,1.465,E,8,0.122,E,8,0.20,E,8,0,-9990,0,0
12/15/2005,18:00,0,0,0,3,0,0,3,0,0,3,0,0,3,0,0,3,0,0,3,0,-9990,0,0,9,E,8,8,E,8,8.0,E,8,6.5,E,8,90,E,8,989,E,8,285,E,8,0.3,E,8,-9990,0,0,-9990,0,0,1.461,E,8,0.122,E,8,0.20,E,8,0,-9990,0,0
12/15/2005,19:00,0,0,0,3,0,0,3,0,0,3,0,0,3,0,0,3,0,0,3,0,-9990,0,0,9,E,8,8,E,8,7.9,E,8,6.4,E,8,90,E,8,989,E,8,320,E,8,0.4,E,8,-9990,0,0,-9990,0,0,1.451,E,8,0.122,E,8,0.20,E,8,0,-9990,0,0
12/15/2005,20:00,0,0,0,3,0,0,3,0,0,3,0,0,3,0,0,3,0,0,3,0,-9990,0,0,10,E,8,9,E,8,7.9,E,8,7.0,E,8,94,E,8,989,E,8,296,E,8,1.0,E,8,-9990,0,0,-9990,0,0,1.514,E,8,0.122,E,8,0.20,E,8,0,-9990,0,0
12/15/2005,21:00,0,0,0,3,0,0,3,0,0,3,0,0,3,0,0,3,0,0,3,0,-9990,0,0,10,E,8,9,E,8,7.9,E,8,7.8,E,8,99,E,8,989,E,8,248,E,8,1.4,E,8,-9990,0,0,-9990,0,0,1.602,E,8,0.122,E,8,0.20,E,8,0,-9990,0,0
12/15/2005,22:00,0,0,0,3,0,0,3,0,0,3,0,0,3,0,0,3,0,0,3,0,-9990,0,0,10,E,8,9,E,8,7.9,E,8,7.7,E,8,99,E,8,989,E,8,221,E,8,1.2,E,8,-9990,0,0,-9990,0,0,1.592,E,8,0.122,E,8,0.20,E,8,0,-9990,0,0
12/15/2005,23:00,0,0,0,3,0,0,3,0,0,3,0,0,3,0,0,3,0,0,3,0,-9990,0,0,10,E,8,9,E,8,7.8,E,8,7.8,E,8,100,E,8,988,E,8,200,E,8,1.7,E,8,-9990,0,0,-9990,0,0,1.605,E,8,0.122,E,8,0.20,E,8,0,-9990,0,0
12/15/2005,24:00,0,0,0,3,0,0,3,0,0,3,0,0,3,0,0,3,0,0,3,0,-9990,0,0,10,E,8,9,E,8,7.8,E,8,7.8,E,8,100,E,8,988,E,8,226,E,8,1.4,E,8,-9990,0,0,-9990,0,0,1.602,E,8,0.122,E,8,0.20,E,8,0,-9990,0,0
12/16/2005,01:00,0,0,0,3,0,0,3,0,0,3,0,0,3,0,0,3,0,0,3,0,-9990,0,0,10,E,8,9,E,8,8.0,E,8,7.5,E,8,97,E,8,988,E,8,217,E,8,1.4,E,8,-9990,0,0,-9990,0,0,1.568,E,8,0.120,E,8,0.20,E,8,0,-9990,0,0
12/16/2005,02:00,0,0,0,3,0,0,3,0,0,3,0,0,3,0,0,3,0,0,3,0,-9990,0,0,10,E,8,9,E,8,8.3,E,8,8.0,E,8,98,E,8,988,E,8,35,E,8,1.8,E,8,-9990,0,0,-9990,0,0,1.628,E,8,0.120,E,8,0.20,E,8,0,-9990,0,0
12/16/2005,03:00,0,0,0,3,0,0,3,0,0,3,0,0,3,0,0,3,0,0,3,0,-9990,0,0,10,E,8,9,E,8,8.7,E,8,8.2,E,8,97,E,8,988,E,8,234,E,8,1.1,E,8,-9990,0,0,-9990,0,0,1.647,E,8,0.120,E,8,0.20,E,8,0,-9990,0,0
12/16/2005,04:00,0,0,0,3,0,0,3,0,0,3,0,0,3,0,0,3,0,0,3,0,-9990,0,0,10,E,8,9,E,8,8.9,E,8,7.9,E,8,94,E,8,988,E,8,182,E,8,0.8,E,8,-9990,0,0,-9990,0,0,1.615,E,8,0.120,E,8,0.20,E,8,0,-9990,0,0
12/16/2005,05:00,0,0,0,3,0,0,3,0,0,3,0,0,3,0,0,3,0,0,3,0,-9990,0,0,10,E,8,9,E,8,9.1,E,8,8.1,E,8,94,E,8,988,E,8,97,E,8,1.0,E,8,-9990,0,0,-9990,0,0,1.641,E,8,0.120,E,8,0.20,E,8,0,-9990,0,0
12/16/2005,06:00,0,0,0,3,0,0,3,0,0,3,0,0,3,0,0,3,0,0,3,0,-9990,0,0,10,E,8,9,E,8,9.3,E,8,8.3,E,8,94,E,8,987,E,8,55,E,8,0.8,E,8,-9990,0,0,-9990,0,0,1.660,E,8,0.120,E,8,0.20,E,8,0,-9990,0,0
12/16/2005,07:00,0,0,0,3,0,0,3,0,0,3,0,0,3,0,0,3,0,0,3,0,-9990,0,0,10,E,8,9,E,8,9.5,E,8,7.9,E,8,90,E,8,987,E,8,47,E,8,1.2,E,8,-9990,0,0,-9990,0,0,1.613,E,8,0.120,E,8,0.20,E,8,0,-9990,0,0
12/16/2005,08:00,0,0,0,3,0,0,3,0,0,3,0,0,3,0,0,3,0,0,3,0,-9990,0,0,10,E,8,9,E,8,9.7,E,8,8.4,E,8,92,E,8,987,E,8,51,E,8,2.0,E,8,-9990,0,0,-9990,0,0,1.673,E,8,0.120,E,8,0.20,E,8,0,-9990,0,0
12/16/2005,09:00,17,287,1,3,10,0,3,20,1,3,10,112,3,10,9,3,20,111,3,10,-9990,0,0,10,E,8,9,E,8,9.8,E,8,8.5,E,8,91,E,8,987,E,8,45,E,8,2.8,E,8,-9990,0,0,-9990,0,0,1.680,E,8,0.120,E,8,0.20,E,8,0,-9990,0,0
12/16/2005,10:00,171,1409,8,3,10,0,3,20,8,3,10,1076,3,10,9,3,20,1075,3,10,-9990,0,0,10,E,8,9,E,8,10.2,E,8,7.9,E,8,86,E,8,987,E,8,357,E,8,2.7,E,8,-9990,0,0,-9990,0,0,1.615,E,8,0.120,E,8,0.20,E,8,0,-9990,0,0
12/16/2005,11:00,318,1409,16,3,10,0,3,20,16,3,10,2041,3,10,3,3,20,2040,3,10,-9990,0,0,10,E,8,9,E,8,10.6,E,8,8.0,E,8,84,E,8,987,E,8,17,E,8,2.3,E,8,-9990,0,0,-9990,0,0,1.625,E,8,0.120,E,8,0.20,E,8,0,-9990,0,0
12/16/2005,12:00,415,1409,30,3,10,0,3,20,30,3,10,3777,3,10,0,3,20,3777,3,10,-9990,0,0,10,E,8,9,E,8,11.1,E,8,7.5,E,8,78,E,8,987,E,8,47,E,8,1.8,E,8,-9990,0,0,-9990,0,0,1.567,E,8,0.120,E,8,0.20,E,8,0,-9990,0,0
12/16/2005,13:00,456,1409,32,3,10,0,3,20,32,3,10,3975,3,10,0,3,20,3975,3,10,-9990,0,0,10,E,8,9,E,8,11.4,E,8,7.6,E,8,77,E,8,987,E,8,69,E,8,1.8,E,8,-9990,0,0,-9990,0,0,1.581,E,8,0.120,E,8,0.20,E,8,0,-9990,0,0
12/16/2005,14:00,437,1409,179,3,10,163,3,20,128,3,10,19785,3,10,14305,3,20,15348,3,10,-9990,0,0,8,E,8,6,E,8,13.5,E,8,8.3,E,8,71,E,8,987,E,8,29,E,8,2.5,E,8,-9990,0,0,-9990,0,0,1.663,E,8,0.120,E,8,0.20,E,8,0,-9990,0,0
12/16/2005,15:00,361,1409,123,3,10,63,3,20,107,3,10,13724,3,10,5425,3,20,12336,3,10,-9990,0,0,10,E,8,9,E,8,13.1,E,8,10.9,E,8,87,E,8,987,E,8,146,E,8,2.5,E,8,-9990,0,0,-9990,0,0,1.993,E,8,0.120,E,8,0.20,E,8,1,-9990,0,0
12/16/2005,16:00,231,1409,71,3,10,56,3,20,62,3,10,7896,3,10,1937,3,20,7578,3,10,-9990,0,0,9,E,8,8,E,8,13.3,E,8,10.5,E,8,83,E,8,987,E,8,41,E,8,3.0,E,8,-9990,0,0,-9990,0,0,1.934,E,8,0.120,E,8,0.20,E,8,0,-9990,0,0
12/16/2005,17:00,59,553,3,3,10,0,3,20,3,3,10,429,3,10,10,3,20,428,3,10,-9990,0,0,9,E,8,8,E,8,14.0,E,8,8.7,E,8,70,E,8,987,E,8,34,E,8,3.9,E,8,-9990,0,0,-9990,0,0,1.710,E,8,0.120,E,8,0.20,E,8,0,-9990,0,0
12/16/2005,18:00,0,0,0,3,0,0,3,0,0,3,0,0,3,0,0,3,0,0,3,0,-9990,0,0,9,E,8,8,E,8,13.7,E,8,7.6,E,8,67,E,8,987,E,8,26,E,8,4.5,E,8,-9990,0,0,-9990,0,0,1.584,E,8,0.120,E,8,0.20,E,8,0,-9990,0,0
12/16/2005,19:00,0,0,0,3,0,0,3,0,0,3,0,0,3,0,0,3,0,0,3,0,-9990,0,0,9,E,8,8,E,8,13.4,E,8,7.2,E,8,66,E,8,987,E,8,35,E,8,4.8,E,8,-9990,0,0,-9990,0,0,1.539,E,8,0.120,E,8,0.20,E,8,0,-9990,0,0
12/16/2005,20:00,0,0,0,3,0,0,3,0,0,3,0,0,3,0,0,3,0,0,3,0,-9990,0,0,10,E,8,9,E,8,13.1,E,8,6.6,E,8,65,E,8,988,E,8,349,E,8,4.5,E,8,-9990,0,0,-9990,0,0,1.474,E,8,0.120,E,8,0.20,E,8,0,-9990,0,0
12/16/2005,21:00,0,0,0,3,0,0,3,0,0,3,0,0,3,0,0,3,0,0,3,0,-9990,0,0,10,E,8,9,E,8,12.8,E,8,6.4,E,8,65,E,8,988,E,8,344,E,8,5.4,E,8,-9990,0,0,-9990,0,0,1.452,E,8,0.120,E,8,0.20,E,8,0,-9990,0,0
12/16/2005,22:00,0,0,0,3,0,0,3,0,0,3,0,0,3,0,0,3,0,0,3,0,-9990,0,0,10,E,8,9,E,8,12.5,E,8,6.2,E,8,65,E,8,988,E,8,44,E,8,5.6,E,8,-9990,0,0,-9990,0,0,1.432,E,8,0.120,E,8,0.20,E,8,0,-9990,0,0
12/16/2005,23:00,0,0,0,3,0,0,3,0,0,3,0,0,3,0,0,3,0,0,3,0,-9990,0,0,10,E,8,9,E,8,12.2,E,8,5.5,E,8,64,E,8,988,E,8,38,E,8,6.9,E,8,-9990,0,0,-9990,0,0,1.368,E,8,0.120,E,8,0.20,E,8,0,-9990,0,0
12/16/2005,24:00,0,0,0,3,0,0,3,0,0,3,0,0,3,0,0,3,0,0,3,0,-9990,0,0,10,E,8,9,E,8,11.9,E,8,4.6,E,8,61,E,8,988,E,8,199,E,8,5.4,E,8,-9990,0,0,-9990,0,0,1.278,E,8,0.120,E,8,0.20,E,8,0,-9990,0,0
12/17/2005,01:00,0,0,0,3,0,0,3,0,0,3,0,0,3,0,0,3,0,0,3,0,-9990,0,0,10,E,8,9,E,8,10.8,E,8,4.3,E,8,64,E,8,988,E,8,156,E,8,4.8,E,8,-9990,0,0,-9990,0,0,1.252,E,8,0.112,E,8,0.20,E,8,0,-9990,0,0
12/17/2005,02:00,0,0,0,3,0,0,3,0,0,3,0,0,3,0,0,3,0,0,3,0,-9990,0,0,10,E,8,9,E,8,9.4,E,8,4.7,E,8,72,E,8,988,E,8,84,E,8,5.9,E,8,-9990,0,0,-9990,0,0,1.291,E,8,0.112,E,8,0.20,E,8,0,-9990,0,0
12/17/2005,03:00,0,0,0,3,0,0,3,0,0,3,0,0,3,0,0,3,0,0,3,0,-9990,0,0,10,E,8,9,E,8,8.1,E,8,4.5,E,8,78,E,8,988,E,8,36,E,8,6.2,E,8,-9990,0,0,-9990,0,0,1.272,E,8,0.112,E,8,0.20,E,8,0,-9990,0,0
12/17/2005,04:00,0,0,0,3,0,0,3,0,0,3,0,0,3,0,0,3,0,0,3,0,-9990,0,0,10,E,8,9,E,8,7.3,E,8,4.3,E,8,81,E,8,989,E,8,77,E,8,4.3,E,8,-9990,0,0,-9990,0,0,1.257,E,8,0.112,E,8,0.20,E,8,0,-9990,0,0
12/17/2005,05:00,0,0,0,3,0,0,3,0,0,3,0,0,3,0,0,3,0,0,3,0,-9990,0,0,10,E,8,9,E,8,6.5,E,8,4.6,E,8,87,E,8,989,E,8,20,E,8,3.9,E,8,-9990,0,0,-9990,0,0,1.278,E,8,0.112,E,8,0.20,E,8,0,-9990,0,0
12/17/2005,06:00,0,0,0,3,0,0,3,0,0,3,0,0,3,0,0,3,0,0,3,0,-9990,0,0,10,E,8,9,E,8,5.8,E,8,3.7,E,8,86,E,8,989,E,8,18,E,8,3.9,E,8,-9990,0,0,-9990,0,0,1.201,E,8,0.112,E,8,0.20,E,8,0,-9990,0,0
12/17/2005,07:00,0,0,0,3,0,0,3,0,0,3,0,0,3,0,0,3,0,0,3,0,-9990,0,0,10,E,8,9,E,8,5.2,E,8,3.6,E,8,90,E,8,989,E,8,63,E,8,3.4,E,8,-9990,0,0,-9990,0,0,1.197,E,8,0.112,E,8,0.20,E,8,0,-9990,0,0
12/17/2005,08:00,0,0,0,3,0,0,3,0,0,3,0,0,3,0,0,3,0,0,3,0,-9990,0,0,10,E,8,9,E,8,4.6,E,8,3.7,E,8,94,E,8,989,E,8,73,E,8,3.4,E,8,-9990,0,0,-9990,0,0,1.199,E,8,0.112,E,8,0.20,E,8,0,-9990,0,0
12/17/2005,09:00,16,279,1,3,10,0,3,20,1,3,10,94,3,10,8,3,20,94,3,10,-9990,0,0,10,E,8,9,E,8,4.5,E,8,3.1,E,8,91,E,8,989,E,8,217,E,8,4.1,E,8,-9990,0,0,-9990,0,0,1.154,E,8,0.112,E,8,0.20,E,8,0,-9990,0,0
12/17/2005,10:00,169,1409,37,3,10,0,3,20,37,3,10,4303,3,10,0,3,20,4303,3,10,-9990,0,0,10,E,8,9,E,8,4.8,E,8,3.2,E,8,89,E,8,989,E,8,6,E,8,4.3,E,8,-9990,0,0,-9990,0,0,1.157,E,8,0.112,E,8,0.20,E,8,0,-9990,0,0
12/17/2005,11:00,316,1409,96,3,10,41,3,20,87,3,10,10646,3,10,2994,3,20,9975,3,10,-9990,0,0,10,E,8,9,E,8,5.5,E,8,3.3,E,8,86,E,8,989,E,8,19,E,8,5.6,E,8,-9990,0,0,-9990,0,0,1.169,E,8,0.112,E,8,0.20,E,8,0,-9990,0,0
12/17/2005,12:00,414,1409,168,3,10,119,3,20,133,3,10,18417,3,10,9474,3,20,15637,3,10,-9990,0,0,9,E,8,8,E,8,6.2,E,8,3.2,E,8,81,E,8,990,E,8,353,E,8,3.6,E,8,-9990,0,0,-9990,0,0,1.161,E,8,0.112,E,8,0.20,E,8,0,-9990,0,0
12/17/2005,13:00,455,1409,197,3,10,151,3,20,148,3,10,21579,3,10,12998,3,20,17387,3,10,-9990,0,0,9,E,8,8,E,8,6.8,E,8,3.5,E,8,79,E,8,990,E,8,354,E,8,3.9,E,8,-9990,0,0,-9990,0,0,1.187,E,8,0.112,E,8,0.20,E,8,0,-9990,0,0
12/17/2005,14:00,437,1409,174,3,10,112,3,20,139,3,10,19126,3,10,8721,3,20,16426,3,10,-9990,0,0,9,E,8,8,E,8,7.0,E,8,4.2,E,8,82,E,8,990,E,8,39,E,8,3.4,E,8,-9990,0,0,-9990,0,0,1.243,E,8,0.112,E,8,0.20,E,8,0,-9990,0,0
12/17/2005,15:00,360,1409,146,3,10,127,3,20,113,3,10,15982,3,10,10058,3,20,13409,3,10,-9990,0,0,9,E,8,8,E,8,7.0,E,8,4.6,E,8,85,E,8,989,E,8,44,E,8,3.6,E,8,-9990,0,0,-9990,0,0,1.277,E,8,0.112,E,8,0.20,E,8,0,-9990,0,0
12/17/2005,16:00,232,1409,75,3,10,74,3,20,63,3,10,8258,3,10,4463,3,20,7525,3,10,-9990,0,0,9,E,8,8,E,8,6.5,E,8,3.9,E,8,83,E,8,989,E,8,7,E,8,4.8,E,8,-9990,0,0,-9990,0,0,1.218,E,8,0.112,E,8,0.20,E,8,0,-9990,0,0
12/17/2005,17:00,59,555,6,3,10,0,3,20,6,3,10,828,3,10,10,3,20,827,3,10,-9990,0,0,9,E,8,8,E,8,5.7,E,8,3.5,E,8,86,E,8,989,E,8,14,E,8,6.5,E,8,-9990,0,0,-9990,0,0,1.187,E,8,0.112,E,8,0.20,E,8,0,-9990,0,0
12/17/2005,18:00,0,0,0,3,0,0,3,0,0,3,0,0,3,0,0,3,0,0,3,0,-9990,0,0,9,E,8,8,E,8,5.6,E,8,3.8,E,8,88,E,8,989,E,8,341,E,8,5.9,E,8,-9990,0,0,-9990,0,0,1.208,E,8,0.112,E,8,0.20,E,8,0,-9990,0,0
12/17/2005,19:00,0,0,0,3,0,0,3,0,0,3,0,0,3,0,0,3,0,0,3,0,-9990,0,0,9,E,8,8,E,8,5.4,E,8,4.5,E,8,94,E,8,989,E,8,337,E,8,6.2,E,8,-9990,0,0,-9990,0,0,1.267,E,8,0.112,E,8,0.20,E,8,0,-9990,0,0
12/17/2005,20:00,0,0,0,3,0,0,3,0,0,3,0,0,3,0,0,3,0,0,3,0,-9990,0,0,9,E,8,8,E,8,5.2,E,8,4.2,E,8,93,E,8,989,E,8,341,E,8,5.6,E,8,-9990,0,0,-9990,0,0,1.248,E,8,0.112,E,8,0.20,E,8,0,-9990,0,0
12/17/2005,21:00,0,0,0,3,0,0,3,0,0,3,0,0,3,0,0,3,0,0,3,0,-9990,0,0,9,E,8,8,E,8,5.1,E,8,4.0,E,8,93,E,8,989,E,8,334,E,8,3.9,E,8,-9990,0,0,-9990,0,0,1.227,E,8,0.112,E,8,0.20,E,8,0,-9990,0,0
12/17/2005,22:00,0,0,0,3,0,0,3,0,0,3,0,0,3,0,0,3,0,0,3,0,-9990,0,0,9,E,8,8,E,8,4.9,E,8,4.4,E,8,96,E,8,988,E,8,348,E,8,4.3,E,8,-9990,0,0,-9990,0,0,1.264,E,8,0.112,E,8,0.20,E,8,0,-9990,0,0
12/17/2005,23:00,0,0,0,3,0,0,3,0,0,3,0,0,3,0,0,3,0,0,3,0,-9990,0,0,9,E,8,8,E,8,4.8,E,8,4.3,E,8,97,E,8,988,E,8,334,E,8,3.9,E,8,-9990,0,0,-9990,0,0,1.253,E,8,0.112,E,8,0.20,E,8,0,-9990,0,0
12/17/2005,24:00,0,0,0,3,0,0,3,0,0,3,0,0,3,0,0,3,0,0,3,0,-9990,0,0,9,E,8,8,E,8,4.6,E,8,3.5,E,8,93,E,8,988,E,8,2,E,8,5.9,E,8,-9990,0,0,-9990,0,0,1.188,E,8,0.112,E,8,0.20,E,8,0,-9990,0,0
12/18/2005,01:00,0,0,0,3,0,0,3,0,0,3,0,0,3,0,0,3,0,0,3,0,-9990,0,0,10,E,8,9,E,8,5.1,E,8,3.8,E,8,91,E,8,988,E,8,25,E,8,6.2,E,8,-9990,0,0,-9990,0,0,1.208,E,8,0.116,E,8,0.20,E,8,0,-9990,0,0
12/18/2005,02:00,0,0,0,3,0,0,3,0,0,3,0,0,3,0,0,3,0,0,3,0,-9990,0,0,10,E,8,9,E,8,5.8,E,8,3.4,E,8,85,E,8,988,E,8,47,E,8,6.9,E,8,-9990,0,0,-9990,0,0,1.178,E,8,0.116,E,8,0.20,E,8,0,-9990,0,0
12/18/2005,03:00,0,0,0,3,0,0,3,0,0,3,0,0,3,0,0,3,0,0,3,0,-9990,0,0,10,E,8,9,E,8,6.4,E,8,3.8,E,8,83,E,8,988,E,8,76,E,8,6.9,E,8,-9990,0,0,-9990,0,0,1.211,E,8,0.116,E,8,0.20,E,8,0,-9990,0,0
12/18/2005,04:00,0,0,0,3,0,0,3,0,0,3,0,0,3,0,0,3,0,0,3,0,-9990,0,0,10,E,8,9,E,8,6.5,E,8,5.8,E,8,95,E,8,988,E,8,43,E,8,8.3,E,8,-9990,0,0,-9990,0,0,1.393,E,8,0.116,E,8,0.20,E,8,1,-9990,0,0
12/18/2005,05:00,0,0,0,3,0,0,3,0,0,3,0,0,3,0,0,3,0,0,3,0,-9990,0,0,10,E,8,9,E,8,7.1,E,8,5.4,E,8,89,E,8,988,E,8,23,E,8,7.4,E,8,-9990,0,0,-9990,0,0,1.351,E,8,0.116,E,8,0.20,E,8,0,-9990,0,0
12/18/2005,06:00,0,0,0,3,0,0,3,0,0,3,0,0,3,0,0,3,0,0,3,0,-9990,0,0,10,E,8,9,E,8,7.5,E,8,6.3,E,8,92,E,8,987,E,8,16,E,8,7.7,E,8,-9990,0,0,-9990,0,0,1.447,E,8,0.116,E,8,0.20,E,8,0,-9990,0,0
12/18/2005,07:00,0,0,0,3,0,0,3,0,0,3,0,0,3,0,0,3,0,0,3,0,-9990,0,0,10,E,8,9,E,8,7.8,E,8,6.2,E,8,89,E,8,987,E,8,30,E,8,6.7,E,8,-9990,0,0,-9990,0,0,1.432,E,8,0.116,E,8,0.20,E,8,0,-9990,0,0
12/18/2005,08:00,0,0,0,3,0,0,3,0,0,3,0,0,3,0,0,3,0,0,3,0,-9990,0,0,10,E,8,9,E,8,8.1,E,8,7.1,E,8,93,E,8,987,E,8,169,E,8,5.4,E,8,-9990,0,0,-9990,0,0,1.527,E,8,0.116,E,8,0.20,E,8,0,-9990,0,0
12/18/2005,09:00,15,271,1,3,10,0,3,20,1,3,10,90,3,10,8,3,20,89,3,10,-9990,0,0,10,E,8,9,E,8,8.3,E,8,7.3,E,8,93,E,8,987,E,8,234,E,8,5.1,E,8,-9990,0,0,-9990,0,0,1.544,E,8,0.116,E,8,0.20,E,8,0,-9990,0,0
12/18/2005,10:00,167,1410,29,3,10,0,3,20,29,3,10,3439,3,10,0,3,20,3439,3,10,-9990,0,0,10,E,8,9,E,8,9.6,E,8,8.0,E,8,90,E,8,987,E,8,167,E,8,3.9,E,8,-9990,0,0,-9990,0,0,1.630,E,8,0.116,E,8,0.20,E,8,0,-9990,0,0
12/18/2005,11:00,314,1410,68,3,10,0,3,20,68,3,10,7793,3,10,0,3,20,7793,3,10,-9990,0,0,10,E,8,9,E,8,11.2,E,8,8.5,E,8,83,E,8,987,E,8,149,E,8,4.8,E,8,-9990,0,0,-9990,0,0,1.679,E,8,0.116,E,8,0.20,E,8,0,-9990,0,0
12/18/2005,12:00,412,1410,84,3,10,0,3,20,84,3,10,9671,3,10,0,3,20,9671,3,10,-9990,0,0,10,E,8,9,E,8,12.4,E,8,9.6,E,8,83,E,8,987,E,8,94,E,8,5.6,E,8,-9990,0,0,-9990,0,0,1.819,E,8,0.116,E,8,0.20,E,8,0,-9990,0,0
12/18/2005,13:00,454,1410,90,3,10,0,3,20,90,3,10,10371,3,10,0,3,20,10371,3,10,-9990,0,0,10,E,8,9,E,8,13.2,E,8,10.5,E,8,83,E,8,986,E,8,157,E,8,4.1,E,8,-9990,0,0,-9990,0,0,1.928,E,8,0.116,E,8,0.20,E,8,0,-9990,0,0
12/18/2005,14:00,436,1410,73,3,10,0,3,20,73,3,10,8570,3,10,0,3,20,8570,3,10,-9990,0,0,10,E,8,9,E,8,13.6,E,8,7.6,E,8,67,E,8,986,E,8,2,E,8,3.9,E,8,-9990,0,0,-9990,0,0,1.583,E,8,0.116,E,8,0.20,E,8,0,-9990,0,0
12/18/2005,15:00,360,1410,64,3,10,0,3,20,64,3,10,7443,3,10,0,3,20,7443,3,10,-9990,0,0,10,E,8,9,E,8,13.8,E,8,10.6,E,8,81,E,8,986,E,8,68,E,8,3.9,E,8,-9990,0,0,-9990,0,0,1.950,E,8,0.116,E,8,0.20,E,8,0,-9990,0,0
12/18/2005,16:00,232,1410,30,3,10,0,3,20,30,3,10,3562,3,10,0,3,20,3562,3,10,-9990,0,0,10,E,8,9,E,8,13.4,E,8,7.6,E,8,68,E,8,986,E,8,192,E,8,3.4,E,8,-9990,0,0,-9990,0,0,1.579,E,8,0.116,E,8,0.20,E,8,0,-9990,0,0
12/18/2005,17:00,60,558,3,3,10,0,3,20,3,3,10,400,3,10,10,3,20,399,3,10,-9990,0,0,10,E,8,9,E,8,12.7,E,8,6.6,E,8,66,E,8,986,E,8,214,E,8,3.0,E,8,-9990,0,0,-9990,0,0,1.477,E,8,0.116,E,8,0.20,E,8,0,-9990,0,0
12/18/2005,18:00,0,0,0,3,0,0,3,0,0,3,0,0,3,0,0,3,0,0,3,0,-9990,0,0,10,E,8,9,E,8,12.7,E,8,6.3,E,8,65,E,8,986,E,8,229,E,8,3.4,E,8,-9990,0,0,-9990,0,0,1.445,E,8,0.116,E,8,0.20,E,8,0,-9990,0,0
12/18/2005,19:00,0,0,0,3,0,0,3,0,0,3,0,0,3,0,0,3,0,0,3,0,-9990,0,0,10,E,8,9,E,8,12.6,E,8,6.4,E,8,66,E,8,986,E,8,261,E,8,3.3,E,8,-9990,0,0,-9990,0,0,1.449,E,8,0.116,E,8,0.20,E,8,0,-9990,0,0
12/18/2005,20:00,0,0,0,3,0,0,3,0,0,3,0,0,3,0,0,3,0,0,3,0,-9990,0,0,10,E,8,9,E,8,12.5,E,8,6.8,E,8,68,E,8,986,E,8,242,E,8,4.5,E,8,-9990,0,0,-9990,0,0,1.496,E,8,0.116,E,8,0.20,E,8,0,-9990,0,0
12/18/2005,21:00,0,0,0,3,0,0,3,0,0,3,0,0,3,0,0,3,0,0,3,0,-9990,0,0,10,E,8,9,E,8,12.5,E,8,6.9,E,8,69,E,8,986,E,8,267,E,8,5.1,E,8,-9990,0,0,-9990,0,0,1.504,E,8,0.116,E,8,0.20,E,8,0,-9990,0,0
12/18/2005,22:00,0,0,0,3,0,0,3,0,0,3,0,0,3,0,0,3,0,0,3,0,-9990,0,0,10,E,8,9,E,8,12.4,E,8,7.1,E,8,70,E,8,986,E,8,220,E,8,3.4,E,8,-9990,0,0,-9990,0,0,1.526,E,8,0.116,E,8,0.20,E,8,0,-9990,0,0
12/18/2005,23:00,0,0,0,3,0,0,3,0,0,3,0,0,3,0,0,3,0,0,3,0,-9990,0,0,10,E,8,9,E,8,12.3,E,8,6.6,E,8,68,E,8,986,E,8,186,E,8,2.5,E,8,-9990,0,0,-9990,0,0,1.473,E,8,0.116,E,8,0.20,E,8,0,-9990,0,0
12/18/2005,24:00,0,0,0,3,0,0,3,0,0,3,0,0,3,0,0,3,0,0,3,0,-9990,0,0,10,E,8,9,E,8,12.3,E,8,7.1,E,8,71,E,8,986,E,8,22,E,8,2.3,E,8,-9990,0,0,-9990,0,0,1.524,E,8,0.116,E,8,0.20,E,8,0,-9990,0,0
12/19/2005,01:00,0,0,0,3,0,0,3,0,0,3,0,0,3,0,0,3,0,0,3,0,-9990,0,0,10,E,8,9,E,8,11.8,E,8,7.0,E,8,72,E,8,986,E,8,74,E,8,1.4,E,8,-9990,0,0,-9990,0,0,1.514,E,8,0.109,E,8,0.20,E,8,0,-9990,0,0
12/19/2005,02:00,0,0,0,3,0,0,3,0,0,3,0,0,3,0,0,3,0,0,3,0,-9990,0,0,10,E,8,9,E,8,11.2,E,8,6.5,E,8,73,E,8,986,E,8,62,E,8,0.6,E,8,-9990,0,0,-9990,0,0,1.464,E,8,0.109,E,8,0.20,E,8,0,-9990,0,0
12/19/2005,03:00,0,0,0,3,0,0,3,0,0,3,0,0,3,0,0,3,0,0,3,0,-9990,0,0,10,E,8,9,E,8,10.3,E,8,8.2,E,8,87,E,8,986,E,8,38,E,8,1.2,E,8,-9990,0,0,-9990,0,0,1.645,E,8,0.109,E,8,0.20,E,8,2,-9990,0,0
12/19/2005,04:00,0,0,0,3,0,0,3,0,0,3,0,0,3,0,0,3,0,0,3,0,-9990,0,0,10,E,8,9,E,8,10.3,E,8,8.2,E,8,87,E,8,986,E,8,65,E,8,1.6,E,8,-9990,0,0,-9990,0,0,1.651,E,8,0.109,E,8,0.20,E,8,0,-9990,0,0
12/19/2005,05:00,0,0,0,3,0,0,3,0,0,3,0,0,3,0,0,3,0,0,3,0,-9990,0,0,10,E,8,9,E,8,10.0,E,8,7.9,E,8,87,E,8,986,E,8,44,E,8,1.8,E,8,-9990,0,0,-9990,0,0,1.615,E,8,0.109,E,8,0.20,E,8,0,-9990,0,0
12/19/2005,06:00,0,0,0,3,0,0,3,0,0,3,0,0,3,0,0,3,0,0,3,0,-9990,0,0,10,E,8,9,E,8,9.7,E,8,7.6,E,8,87,E,8,986,E,8,25,E,8,1.7,E,8,-9990,0,0,-9990,0,0,1.580,E,8,0.109,E,8,0.20,E,8,0,-9990,0,0
12/19/2005,07:00,0,0,0,3,0,0,3,0,0,3,0,0,3,0,0,3,0,0,3,0,-9990,0,0,10,E,8,9,E,8,9.4,E,8,6.7,E,8,84,E,8,986,E,8,6,E,8,2.3,E,8,-9990,0,0,-9990,0,0,1.487,E,8,0.109,E,8,0.20,E,8,0,-9990,0,0
12/19/2005,08:00,0,0,0,3,0,0,3,0,0,3,0,0,3,0,0,3,0,0,3,0,-9990,0,0,10,E,8,9,E,8,9.2,E,8,6.6,E,8,84,E,8,986,E,8,21,E,8,1.7,E,8,-9990,0,0,-9990,0,0,1.476,E,8,0.109,E,8,0.20,E,8,0,-9990,0,0
12/19/2005,09:00,14,263,1,3,10,0,3,20,1,3,10,99,3,10,9,3,20,99,3,10,-9990,0,0,10,E,8,9,E,8,9.0,E,8,6.4,E,8,83,E,8,986,E,8,52,E,8,2.0,E,8,-9990,0,0,-9990,0,0,1.450,E,8,0.109,E,8,0.20,E,8,1,-9990,0,0
12/19/2005,10:00,165,1410,27,3,10,0,3,20,27,3,10,3160,3,10,0,3,20,3160,3,10,-9990,0,0,10,E,8,9,E,8,9.5,E,8,7.5,E,8,88,E,8,986,E,8,61,E,8,2.7,E,8,-9990,0,0,-9990,0,0,1.572,E,8,0.109,E,8,0.20,E,8,0,-9990,0,0
12/19/2005,11:00,313,1410,50,3,10,0,3,20,50,3,10,5842,3,10,0,3,20,5842,3,10,-9990,0,0,10,E,8,9,E,8,9.8,E,8,7.1,E,8,83,E,8,986,E,8,53,E,8,2.0,E,8,-9990,0,0,-9990,0,0,1.527,E,8,0.109,E,8,0.20,E,8,0,-9990,0,0
12/19/2005,12:00,411,1410,60,3,10,0,3,20,60,3,10,7069,3,10,0,3,20,7069,3,10,-9990,0,0,10,E,8,9,E,8,10.0,E,8,7.3,E,8,83,E,8,986,E,8,22,E,8,2.3,E,8,-9990,0,0,-9990,0,0,1.547,E,8,0.109,E,8,0.20,E,8,0,-9990,0,0
12/19/2005,13:00,453,1410,73,3,10,0,3,20,73,3,10,8639,3,10,0,3,20,8639,3,10,-9990,0,0,10,E,8,9,E,8,10.2,E,8,6.7,E,8,79,E,8,986,E,8,65,E,8,2.3,E,8,-9990,0,0,-9990,0,0,1.481,E,8,0.109,E,8,0.20,E,8,0,-9990,0,0
12/19/2005,14:00,436,1410,67,3,10,0,3,20,67,3,10,7950,3,10,0,3,20,7950,3,10,-9990,0,0,10,E,8,9,E,8,10.2,E,8,6.5,E,8,77,E,8,986,E,8,143,E,8,2.5,E,8,-9990,0,0,-9990,0,0,1.462,E,8,0.109,E,8,0.20,E,8,0,-9990,0,0
12/19/2005,15:00,361,1410,63,3,10,0,3,20,63,3,10,7265,3,10,0,3,20,7265,3,10,-9990,0,0,10,E,8,9,E,8,10.2,E,8,6.5,E,8,77,E,8,986,E,8,68,E,8,2.3,E,8,-9990,0,0,-9990,0,0,1.458,E,8,0.109,E,8,0.20,E,8,0,-9990,0,0
12/19/2005,16:00,233,1410,36,3,10,0,3,20,36,3,10,4179,3,10,0,3,20,4179,3,10,-9990,0,0,10,E,8,9,E,8,10.1,E,8,7.0,E,8,81,E,8,986,E,8,168,E,8,3.3,E,8,-9990,0,0,-9990,0,0,1.512,E,8,0.109,E,8,0.20,E,8,0,-9990,0,0
12/19/2005,17:00,60,562,5,3,10,0,3,20,5,3,10,663,3,10,10,3,20,662,3,10,-9990,0,0,10,E,8,9,E,8,9.8,E,8,7.3,E,8,84,E,8,986,E,8,220,E,8,5.1,E,8,-9990,0,0,-9990,0,0,1.546,E,8,0.109,E,8,0.20,E,8,0,-9990,0,0
12/19/2005,18:00,0,0,0,3,0,0,3,0,0,3,0,0,3,0,0,3,0,0,3,0,-9990,0,0,10,E,8,9,E,8,9.5,E,8,7.2,E,8,86,E,8,986,E,8,235,E,8,4.8,E,8,-9990,0,0,-9990,0,0,1.540,E,8,0.109,E,8,0.20,E,8,0,-9990,0,0
12/19/2005,19:00,0,0,0,3,0,0,3,0,0,3,0,0,3,0,0,3,0,0,3,0,-9990,0,0,10,E,8,9,E,8,9.3,E,8,7.4,E,8,88,E,8,986,E,8,289,E,8,7.2,E,8,-9990,0,0,-9990,0,0,1.554,E,8,0.109,E,8,0.20,E,8,0,-9990,0,0
12/19/2005,20:00,0,0,0,3,0,0,3,0,0,3,0,0,3,0,0,3,0,0,3,0,-9990,0,0,10,E,8,9,E,8,9.0,E,8,7.5,E,8,90,E,8,986,E,8,286,E,8,9.1,E,8,-9990,0,0,-9990,0,0,1.565,E,8,0.109,E,8,0.20,E,8,0,-9990,0,0
12/19/2005,21:00,0,0,0,3,0,0,3,0,0,3,0,0,3,0,0,3,0,0,3,0,-9990,0,0,10,E,8,9,E,8,8.7,E,8,6.7,E,8,87,E,8,986,E,8,244,E,8,8.5,E,8,-9990,0,0,-9990,0,0,1.484,E,8,0.109,E,8,0.20,E,8,0,-9990,0,0
12/19/2005,22:00,0,0,0,3,0,0,3,0,0,3,0,0,3,0,0,3,0,0,3,0,-9990,0,0,10,E,8,9,E,8,8.4,E,8,6.0,E,8,85,E,8,986,E,8,247,E,8,8.5,E,8,-9990,0,0,-9990,0,0,1.411,E,8,0.109,E,8,0.20,E,8,0,-9990,0,0
12/19/2005,23:00,0,0,0,3,0,0,3,0,0,3,0,0,3,0,0,3,0,0,3,0,-9990,0,0,10,E,8,9,E,8,8.2,E,8,6.0,E,8,86,E,8,986,E,8,273,E,8,8.5,E,8,-9990,0,0,-9990,0,0,1.407,E,8,0.109,E,8,0.20,E,8,0,-9990,0,0
12/19/2005,24:00,0,0,0,3,0,0,3,0,0,3,0,0,3,0,0,3,0,0,3,0,-9990,0,0,10,E,8,9,E,8,7.9,E,8,6.5,E,8,91,E,8,986,E,8,246,E,8,9.1,E,8,-9990,0,0,-9990,0,0,1.457,E,8,0.109,E,8,0.20,E,8,0,-9990,0,0
12/20/2005,01:00,0,0,0,3,0,0,3,0,0,3,0,0,3,0,0,3,0,0,3,0,-9990,0,0,10,E,8,9,E,8,7.9,E,8,6.5,E,8,91,E,8,986,E,8,300,E,8,9.4,E,8,-9990,0,0,-9990,0,0,1.463,E,8,0.108,E,8,0.20,E,8,0,-9990,0,0
12/20/2005,02:00,0,0,0,3,0,0,3,0,0,3,0,0,3,0,0,3,0,0,3,0,-9990,0,0,10,E,8,9,E,8,7.9,E,8,6.1,E,8,88,E,8,986,E,8,297,E,8,7.2,E,8,-9990,0,0,-9990,0,0,1.418,E,8,0.108,E,8,0.20,E,8,0,-9990,0,0
12/20/2005,03:00,0,0,0,3,0,0,3,0,0,3,0,0,3,0,0,3,0,0,3,0,-9990,0,0,10,E,8,9,E,8,7.9,E,8,6.8,E,8,93,E,8,986,E,8,243,E,8,7.7,E,8,-9990,0,0,-9990,0,0,1.492,E,8,0.108,E,8,0.20,E,8,0,-9990,0,0
12/20/2005,04:00,0,0,0,3,0,0,3,0,0,3,0,0,3,0,0,3,0,0,3,0,-9990,0,0,10,E,8,9,E,8,7.9,E,8,7.1,E,8,95,E,8,986,E,8,285,E,8,8.0,E,8,-9990,0,0,-9990,0,0,1.522,E,8,0.108,E,8,0.20,E,8,0,-9990,0,0
12/20/2005,05:00,0,0,0,3,0,0,3,0,0,3,0,0,3,0,0,3,0,0,3,0,-9990,0,0,10,E,8,9,E,8,7.9,E,8,7.4,E,8,97,E,8,986,E,8,276,E,8,6.7,E,8,-9990,0,0,-9990,0,0,1.562,E,8,0.108,E,8,0.20,E,8,0,-9990,0,0
12/20/2005,06:00,0,0,0,3,0,0,3,0,0,3,0,0,3,0,0,3,0,0,3,0,-9990,0,0,10,E,8,9,E,8,7.9,E,8,6.9,E,8,93,E,8,986,E,8,255,E,8,5.9,E,8,-9990,0,0,-9990,0,0,1.503,E,8,0.108,E,8,0.20,E,8,0,-9990,0,0
12/20/2005,07:00,0,0,0,3,0,0,3,0,0,3,0,0,3,0,0,3,0,0,3,0,-9990,0,0,10,E,8,9,E,8,7.9,E,8,7.9,E,8,100,E,8,986,E,8,221,E,8,4.3,E,8,-9990,0,0,-9990,0,0,1.616,E,8,0.108,E,8,0.20,E,8,0,-9990,0,0
12/20/2005,08:00,0,0,0,3,0,0,3,0,0,3,0,0,3,0,0,3,0,0,3,0,-9990,0,0,10,E,8,9,E,8,8.0,E,8,8.0,E,8,100,E,8,986,E,8,277,E,8,4.1,E,8,-9990,0,0,-9990,0,0,1.619,E,8,0.108,E,8,0.20,E,8,0,-9990,0,0
12/20/2005,09:00,13,257,1,3,10,0,3,20,1,3,10,105,3,10,9,3,20,105,3,10,-9990,0,0,10,E,8,9,E,8,8.0,E,8,8.0,E,8,100,E,8,986,E,8,203,E,8,3.0,E,8,-9990,0,0,-9990,0,0,1.627,E,8,0.108,E,8,0.20,E,8,0,-9990,0,0
12/20/2005,10:00,163,1410,23,3,10,0,3,20,23,3,10,2709,3,10,0,3,20,2709,3,10,-9990,0,0,10,E,8,9,E,8,8.7,E,8,7.8,E,8,94,E,8,986,E,8,208,E,8,2.3,E,8,-9990,0,0,-9990,0,0,1.601,E,8,0.108,E,8,0.20,E,8,0,-9990,0,0
12/20/2005,11:00,312,1410,53,3,10,0,3,20,53,3,10,6216,3,10,0,3,20,6216,3,10,-9990,0,0,10,E,8,9,E,8,9.5,E,8,7.5,E,8,87,E,8,986,E,8,24,E,8,2.0,E,8,-9990,0,0,-9990,0,0,1.565,E,8,0.108,E,8,0.20,E,8,0,-9990,0,0
12/20/2005,12:00,410,1410,64,3,10,0,3,20,64,3,10,7531,3,10,0,3,20,7531,3,10,-9990,0,0,10,E,8,9,E,8,10.1,E,8,6.5,E,8,78,E,8,986,E,8,191,E,8,2.0,E,8,-9990,0,0,-9990,0,0,1.464,E,8,0.108,E,8,0.20,E,8,0,-9990,0,0
12/20/2005,13:00,453,1410,75,3,10,0,3,20,75,3,10,8821,3,10,0,3,20,8821,3,10,-9990,0,0,10,E,8,9,E,8,10.6,E,8,6.3,E,8,75,E,8,986,E,8,206,E,8,2.1,E,8,-9990,0,0,-9990,0,0,1.447,E,8,0.108,E,8,0.20,E,8,0,-9990,0,0
12/20/2005,14:00,436,1410,75,3,10,0,3,20,75,3,10,8812,3,10,0,3,20,8812,3,10,-9990,0,0,10,E,8,9,E,8,11.0,E,8,5.5,E,8,69,E,8,986,E,8,59,E,8,2.7,E,8,-9990,0,0,-9990,0,0,1.360,E,8,0.108,E,8,0.20,E,8,0,-9990,0,0
12/20/2005,15:00,361,1410,60,3,10,0,3,20,60,3,10,7039,3,10,0,3,20,7039,3,10,-9990,0,0,10,E,8,9,E,8,11.1,E,8,8.4,E,8,83,E,8,986,E,8,192,E,8,1.8,E,8,-9990,0,0,-9990,0,0,1.665,E,8,0.108,E,8,0.20,E,8,0,-9990,0,0
12/20/2005,16:00,233,1410,37,3,10,0,3,20,37,3,10,4309,3,10,0,3,20,4309,3,10,-9990,0,0,10,E,8,9,E,8,10.7,E,8,8.6,E,8,87,E,8,987,E,8,275,E,8,1.4,E,8,-9990,0,0,-9990,0,0,1.694,E,8,0.108,E,8,0.20,E,8,2,-9990,0,0
12/20/2005,17:00,61,566,4,3,10,0,3,20,4,3,10,559,3,10,10,3,20,558,3,10,-9990,0,0,10,E,8,9,E,8,10.4,E,8,7.7,E,8,83,E,8,987,E,8,232,E,8,1.8,E,8,-9990,0,0,-9990,0,0,1.595,E,8,0.108,E,8,0.20,E,8,0,-9990,0,0
12/20/2005,18:00,0,0,0,3,0,0,3,0,0,3,0,0,3,0,0,3,0,0,3,0,-9990,0,0,9,E,8,8,E,8,10.2,E,8,7.5,E,8,83,E,8,987,E,8,218,E,8,1.1,E,8,-9990,0,0,-9990,0,0,1.572,E,8,0.108,E,8,0.20,E,8,0,-9990,0,0
12/20/2005,19:00,0,0,0,3,0,0,3,0,0,3,0,0,3,0,0,3,0,0,3,0,-9990,0,0,9,E,8,8,E,8,9.9,E,8,7.2,E,8,83,E,8,988,E,8,231,E,8,2.0,E,8,-9990,0,0,-9990,0,0,1.540,E,8,0.108,E,8,0.20,E,8,0,-9990,0,0
12/20/2005,20:00,0,0,0,3,0,0,3,0,0,3,0,0,3,0,0,3,0,0,3,0,-9990,0,0,8,E,8,7,E,8,9.6,E,8,6.9,E,8,83,E,8,988,E,8,237,E,8,2.3,E,8,-9990,0,0,-9990,0,0,1.508,E,8,0.108,E,8,0.20,E,8,0,-9990,0,0
12/20/2005,21:00,0,0,0,3,0,0,3,0,0,3,0,0,3,0,0,3,0,0,3,0,-9990,0,0,8,E,8,7,E,8,9.3,E,8,6.6,E,8,83,E,8,988,E,8,226,E,8,2.2,E,8,-9990,0,0,-9990,0,0,1.477,E,8,0.108,E,8,0.20,E,8,0,-9990,0,0
12/20/2005,22:00,0,0,0,3,0,0,3,0,0,3,0,0,3,0,0,3,0,0,3,0,-9990,0,0,6,E,8,6,E,8,9.0,E,8,6.3,E,8,83,E,8,988,E,8,228,E,8,1.1,E,8,-9990,0,0,-9990,0,0,1.446,E,8,0.108,E,8,0.20,E,8,0,-9990,0,0
12/20/2005,23:00,0,0,0,3,0,0,3,0,0,3,0,0,3,0,0,3,0,0,3,0,-9990,0,0,6,E,8,6,E,8,8.7,E,8,6.0,E,8,83,E,8,989,E,8,159,E,8,0.8,E,8,-9990,0,0,-9990,0,0,1.417,E,8,0.108,E,8,0.20,E,8,0,-9990,0,0
12/20/2005,24:00,0,0,0,3,0,0,3,0,0,3,0,0,3,0,0,3,0,0,3,0,-9990,0,0,6,E,8,6,E,8,8.4,E,8,5.8,E,8,83,E,8,989,E,8,62,E,8,1.1,E,8,-9990,0,0,-9990,0,0,1.388,E,8,0.108,E,8,0.20,E,8,0,-9990,0,0
12/21/2005,01:00,0,0,0,3,0,0,3,0,0,3,0,0,3,0,0,3,0,0,3,0,-9990,0,0,5,E,8,5,E,8,6.7,E,8,4.1,E,8,83,E,8,989,E,8,71,E,8,0.6,E,8,-9990,0,0,-9990,0,0,1.234,E,8,0.113,E,8,0.20,E,8,0,-9990,0,0
12/21/2005,02:00,0,0,0,3,0,0,3,0,0,3,0,0,3,0,0,3,0,0,3,0,-9990,0,0,5,E,8,5,E,8,4.7,E,8,2.1,E,8,84,E,8,990,E,8,36,E,8,0.5,E,8,-9990,0,0,-9990,0,0,1.077,E,8,0.113,E,8,0.20,E,8,0,-9990,0,0
12/21/2005,03:00,0,0,0,3,0,0,3,0,0,3,0,0,3,0,0,3,0,0,3,0,-9990,0,0,4,E,8,3,E,8,2.6,E,8,0.2,E,8,84,E,8,990,E,8,39,E,8,0.4,E,8,-9990,0,0,-9990,0,0,0.940,E,8,0.113,E,8,0.20,E,8,0,-9990,0,0
12/21/2005,04:00,0,0,0,3,0,0,3,0,0,3,0,0,3,0,0,3,0,0,3,0,-9990,0,0,4,E,8,3,E,8,1.5,E,8,-2.9,E,8,72,E,8,990,E,8,50,E,8,0.3,E,8,-9990,0,0,-9990,0,0,0.756,E,8,0.113,E,8,0.20,E,8,0,-9990,0,0
12/21/2005,05:00,0,0,0,3,0,0,3,0,0,3,0,0,3,0,0,3,0,0,3,0,-9990,0,0,4,E,8,3,E,8,0.4,E,8,-3.9,E,8,73,E,8,990,E,8,63,E,8,0.3,E,8,-9990,0,0,-9990,0,0,0.707,E,8,0.113,E,8,0.20,E,8,0,-9990,0,0
12/21/2005,06:00,0,0,0,3,0,0,3,0,0,3,0,0,3,0,0,3,0,0,3,0,-9990,0,0,3,E,8,2,E,8,-0.8,E,8,-4.9,E,8,73,E,8,991,E,8,23,E,8,0.7,E,8,-9990,0,0,-9990,0,0,0.657,E,8,0.113,E,8,0.20,E,8,0,-9990,0,0
12/21/2005,07:00,0,0,0,3,0,0,3,0,0,3,0,0,3,0,0,3,0,0,3,0,-9990,0,0,3,E,8,2,E,8,-1.6,E,8,-5.5,E,8,75,E,8,991,E,8,71,E,8,0.3,E,8,-9990,0,0,-9990,0,0,0.630,E,8,0.113,E,8,0.20,E,8,0,-9990,0,0
12/21/2005,08:00,0,0,0,3,0,0,3,0,0,3,0,0,3,0,0,3,0,0,3,0,-9990,0,0,1,E,8,1,E,8,-2.5,E,8,-5.5,E,8,80,E,8,991,E,8,161,E,8,0.3,E,8,-9990,0,0,-9990,0,0,0.631,E,8,0.113,E,8,0.20,E,8,0,-9990,0,0
12/21/2005,09:00,13,250,3,3,10,0,3,20,3,3,10,352,3,10,18,3,20,351,3,10,-9990,0,0,1,E,8,1,E,8,-2.7,E,8,-5.3,E,8,82,E,8,991,E,8,72,E,8,1.0,E,8,-9990,0,0,-9990,0,0,0.642,E,8,0.113,E,8,0.20,E,8,0,-9990,0,0
12/21/2005,10:00,162,1410,79,3,10,282,3,20,47,3,10,8414,3,10,14974,3,20,6697,3,10,-9990,0,0,0,E,8,0,E,8,-1.8,E,8,-4.7,E,8,81,E,8,992,E,8,50,E,8,1.4,E,8,-9990,0,0,-9990,0,0,0.668,E,8,0.113,E,8,0.20,E,8,0,-9990,0,0
12/21/2005,11:00,310,1410,160,3,10,462,3,20,59,3,10,16868,3,10,35692,3,20,9016,3,10,-9990,0,0,0,E,8,0,E,8,-0.9,E,8,-3.7,E,8,81,E,8,992,E,8,71,E,8,1.2,E,8,-9990,0,0,-9990,0,0,0.714,E,8,0.113,E,8,0.20,E,8,0,-9990,0,0
12/21/2005,12:00,409,1410,231,3,10,559,3,20,69,3,10,24558,3,10,48126,3,20,10591,3,10,-9990,0,0,0,E,8,0,E,8,-0.1,E,8,-2.9,E,8,81,E,8,992,E,8,355,E,8,0.5,E,8,-9990,0,0,-9990,0,0,0.759,E,8,0.113,E,8,0.20,E,8,0,-9990,0,0
12/21/2005,13:00,452,1410,288,3,10,694,3,20,66,3,10,30236,3,10,62823,3,20,10095,3,10,-9990,0,0,0,E,8,0,E,8,0.7,E,8,-3.0,E,8,77,E,8,993,E,8,339,E,8,1.4,E,8,-9990,0,0,-9990,0,0,0.754,E,8,0.113,E,8,0.20,E,8,0,-9990,0,0
12/21/2005,14:00,436,1410,255,3,10,481,3,20,106,3,10,27129,3,10,39220,3,20,15008,3,10,-9990,0,0,0,E,8,0,E,8,0.9,E,8,-2.6,E,8,78,E,8,992,E,8,51,E,8,0.8,E,8,-9990,0,0,-9990,0,0,0.776,E,8,0.113,E,8,0.20,E,8,0,-9990,0,0
12/21/2005,15:00,362,1410,165,3,10,271,3,20,96,3,10,17753,3,10,23236,3,20,11796,3,10,-9990,0,0,5,E,8,5,E,8,0.6,E,8,-2.0,E,8,83,E,8,992,E,8,352,E,8,0.4,E,8,-9990,0,0,-9990,0,0,0.807,E,8,0.113,E,8,0.20,E,8,0,-9990,0,0
12/21/2005,16:00,234,1410,98,3,10,180,3,20,68,3,10,10406,3,10,11881,3,20,8433,3,10,-9990,0,0,6,E,8,6,E,8,-0.1,E,8,-1.8,E,8,88,E,8,992,E,8,23,E,8,0.6,E,8,-9990,0,0,-9990,0,0,0.816,E,8,0.113,E,8,0.20,E,8,0,-9990,0,0
12/21/2005,17:00,62,571,5,3,10,0,3,20,5,3,10,645,3,10,10,3,20,644,3,10,-9990,0,0,6,E,8,6,E,8,-1.3,E,8,-2.7,E,8,90,E,8,992,E,8,205,E,8,1.1,E,8,-9990,0,0,-9990,0,0,0.767,E,8,0.113,E,8,0.20,E,8,0,-9990,0,0
12/21/2005,18:00,0,0,0,3,0,0,3,0,0,3,0,0,3,0,0,3,0,0,3,0,-9990,0,0,6,E,8,6,E,8,-1.5,E,8,-2.6,E,8,92,E,8,991,E,8,206,E,8,2.1,E,8,-9990,0,0,-9990,0,0,0.771,E,8,0.113,E,8,0.20,E,8,0,-9990,0,0
12/21/2005,19:00,0,0,0,3,0,0,3,0,0,3,0,0,3,0,0,3,0,0,3,0,-9990,0,0,8,E,8,7,E,8,-1.7,E,8,-3.1,E,8,90,E,8,991,E,8,161,E,8,2.2,E,8,-9990,0,0,-9990,0,0,0.749,E,8,0.113,E,8,0.20,E,8,0,-9990,0,0
12/21/2005,20:00,0,0,0,3,0,0,3,0,0,3,0,0,3,0,0,3,0,0,3,0,-9990,0,0,8,E,8,7,E,8,-1.9,E,8,-2.9,E,8,93,E,8,991,E,8,241,E,8,1.6,E,8,-9990,0,0,-9990,0,0,0.760,E,8,0.113,E,8,0.20,E,8,0,-9990,0,0
12/21/2005,21:00,0,0,0,3,0,0,3,0,0,3,0,0,3,0,0,3,0,0,3,0,-9990,0,0,8,E,8,7,E,8,-2.1,E,8,-2.7,E,8,96,E,8,991,E,8,153,E,8,0.6,E,8,-9990,0,0,-9990,0,0,0.770,E,8,0.113,E,8,0.20,E,8,0,-9990,0,0
12/21/2005,22:00,0,0,0,3,0,0,3,0,0,3,0,0,3,0,0,3,0,0,3,0,-9990,0,0,8,E,8,7,E,8,-2.3,E,8,-2.4,E,8,99,E,8,990,E,8,166,E,8,0.7,E,8,-9990,0,0,-9990,0,0,0.785,E,8,0.113,E,8,0.20,E,8,0,-9990,0,0
12/21/2005,23:00,0,0,0,3,0,0,3,0,0,3,0,0,3,0,0,3,0,0,3,0,-9990,0,0,8,E,8,7,E,8,-2.5,E,8,-2.5,E,8,100,E,8,990,E,8,140,E,8,0.2,E,8,-9990,0,0,-9990,0,0,0.778,E,8,0.113,E,8,0.20,E,8,0,-9990,0,0
12/21/2005,24:00,0,0,0,3,0,0,3,0,0,3,0,0,3,0,0,3,0,0,3,0,-9990,0,0,8,E,8,7,E,8,-2.7,E,8,-2.7,E,8,100,E,8,990,E,8,153,E,8,1.4,E,8,-9990,0,0,-9990,0,0,0.767,E,8,0.113,E,8,0.20,E,8,0,-9990,0,0
12/22/2005,01:00,0,0,0,3,0,0,3,0,0,3,0,0,3,0,0,3,0,0,3,0,-9990,0,0,9,E,8,8,E,8,-1.9,E,8,-1.9,E,8,100,E,8,990,E,8,272,E,8,2.2,E,8,-9990,0,0,-9990,0,0,0.810,E,8,0.107,E,8,0.20,E,8,0,-9990,0,0
12/22/2005,02:00,0,0,0,3,0,0,3,0,0,3,0,0,3,0,0,3,0,0,3,0,-9990,0,0,9,E,8,8,E,8,-0.9,E,8,-0.9,E,8,100,E,8,989,E,8,217,E,8,2.8,E,8,-9990,0,0,-9990,0,0,0.870,E,8,0.107,E,8,0.20,E,8,0,-9990,0,0
12/22/2005,03:00,0,0,0,3,0,0,3,0,0,3,0,0,3,0,0,3,0,0,3,0,-9990,0,0,9,E,8,8,E,8,0.1,E,8,-0.3,E,8,98,E,8,989,E,8,290,E,8,2.3,E,8,-9990,0,0,-9990,0,0,0.911,E,8,0.107,E,8,0.20,E,8,0,-9990,0,0
12/22/2005,04:00,0,0,0,3,0,0,3,0,0,3,0,0,3,0,0,3,0,0,3,0,-9990,0,0,9,E,8,8,E,8,0.7,E,8,0.2,E,8,96,E,8,989,E,8,249,E,8,3.0,E,8,-9990,0,0,-9990,0,0,0.939,E,8,0.107,E,8,0.20,E,8,0,-9990,0,0
12/22/2005,05:00,0,0,0,3,0,0,3,0,0,3,0,0,3,0,0,3,0,0,3,0,-9990,0,0,9,E,8,8,E,8,1.3,E,8,0.7,E,8,96,E,8,989,E,8,277,E,8,2.1,E,8,-9990,0,0,-9990,0,0,0.977,E,8,0.107,E,8,0.20,E,8,0,-9990,0,0
12/22/2005,06:00,0,0,0,3,0,0,3,0,0,3,0,0,3,0,0,3,0,0,3,0,-9990,0,0,9,E,8,8,E,8,1.9,E,8,1.1,E,8,94,E,8,988,E,8,256,E,8,2.3,E,8,-9990,0,0,-9990,0,0,1.001,E,8,0.107,E,8,0.20,E,8,0,-9990,0,0
12/22/2005,07:00,0,0,0,3,0,0,3,0,0,3,0,0,3,0,0,3,0,0,3,0,-9990,0,0,9,E,8,8,E,8,2.4,E,8,1.0,E,8,90,E,8,988,E,8,288,E,8,2.2,E,8,-9990,0,0,-9990,0,0,0.996,E,8,0.107,E,8,0.20,E,8,0,-9990,0,0
12/22/2005,08:00,0,0,0,3,0,0,3,0,0,3,0,0,3,0,0,3,0,0,3,0,-9990,0,0,10,E,8,9,E,8,2.9,E,8,1.9,E,8,93,E,8,988,E,8,296,E,8,2.1,E,8,-9990,0,0,-9990,0,0,1.056,E,8,0.107,E,8,0.20,E,8,0,-9990,0,0
12/22/2005,09:00,12,245,1,3,10,0,3,20,1,3,10,76,3,10,8,3,20,75,3,10,-9990,0,0,10,E,8,9,E,8,3.2,E,8,1.5,E,8,89,E,8,988,E,8,247,E,8,1.6,E,8,-9990,0,0,-9990,0,0,1.029,E,8,0.107,E,8,0.20,E,8,0,-9990,0,0
12/22/2005,10:00,160,1411,6,3,10,0,3,20,6,3,10,761,3,10,12,3,20,759,3,10,-9990,0,0,10,E,8,9,E,8,3.5,E,8,2.1,E,8,90,E,8,987,E,8,315,E,8,2.7,E,8,-9990,0,0,-9990,0,0,1.071,E,8,0.107,E,8,0.20,E,8,0,-9990,0,0
12/22/2005,11:00,309,1411,13,3,10,0,3,20,13,3,10,1680,3,10,6,3,20,1679,3,10,-9990,0,0,10,E,8,9,E,8,4.2,E,8,3.0,E,8,92,E,8,987,E,8,241,E,8,2.1,E,8,-9990,0,0,-9990,0,0,1.143,E,8,0.107,E,8,0.20,E,8,0,-9990,0,0
12/22/2005,12:00,409,1411,30,3,10,0,3,20,30,3,10,3772,3,10,0,3,20,3772,3,10,-9990,0,0,10,E,8,9,E,8,5.0,E,8,3.8,E,8,92,E,8,987,E,8,265,E,8,2.3,E,8,-9990,0,0,-9990,0,0,1.208,E,8,0.107,E,8,0.20,E,8,0,-9990,0,0
12/22/2005,13:00,452,1411,25,3,10,0,3,20,25,3,10,3151,3,10,0,3,20,3151,3,10,-9990,0,0,10,E,8,9,E,8,5.4,E,8,4.5,E,8,94,E,8,987,E,8,269,E,8,3.9,E,8,-9990,0,0,-9990,0,0,1.270,E,8,0.107,E,8,0.20,E,8,0,-9990,0,0
12/22/2005,14:00,436,1411,170,3,10,133,3,20,128,3,10,18735,3,10,11273,3,20,15249,3,10,-9990,0,0,9,E,8,8,E,8,8.2,E,8,4.8,E,8,79,E,8,987,E,8,263,E,8,2.7,E,8,-9990,0,0,-9990,0,0,1.300,E,8,0.107,E,8,0.20,E,8,0,-9990,0,0
12/22/2005,15:00,362,1411,157,3,10,203,3,20,105,3,10,16833,3,10,14424,3,20,13128,3,10,-9990,0,0,8,E,8,6,E,8,10.1,E,8,5.3,E,8,72,E,8,986,E,8,154,E,8,1.4,E,8,-9990,0,0,-9990,0,0,1.340,E,8,0.107,E,8,0.20,E,8,0,-9990,0,0
12/22/2005,16:00,235,1411,106,3,10,229,3,20,68,3,10,11300,3,10,16240,3,20,8591,3,10,-9990,0,0,6,E,8,5,E,8,10.9,E,8,4.6,E,8,65,E,8,986,E,8,157,E,8,2.2,E,8,-9990,0,0,-9990,0,0,1.282,E,8,0.107,E,8,0.20,E,8,0,-9990,0,0
12/22/2005,17:00,63,576,15,3,10,0,3,20,15,3,10,1788,3,10,0,3,20,1788,3,10,-9990,0,0,6,E,8,5,E,8,10.2,E,8,4.4,E,8,67,E,8,986,E,8,83,E,8,2.3,E,8,-9990,0,0,-9990,0,0,1.262,E,8,0.107,E,8,0.20,E,8,0,-9990,0,0
12/22/2005,18:00,0,0,0,3,0,0,3,0,0,3,0,0,3,0,0,3,0,0,3,0,-9990,0,0,6,E,8,5,E,8,10.0,E,8,3.4,E,8,64,E,8,986,E,8,223,E,8,1.6,E,8,-9990,0,0,-9990,0,0,1.177,E,8,0.107,E,8,0.20,E,8,0,-9990,0,0
12/22/2005,19:00,0,0,0,3,0,0,3,0,0,3,0,0,3,0,0,3,0,0,3,0,-9990,0,0,6,E,8,5,E,8,9.8,E,8,3.3,E,8,64,E,8,986,E,8,203,E,8,1.8,E,8,-9990,0,0,-9990,0,0,1.171,E,8,0.107,E,8,0.20,E,8,0,-9990,0,0
12/22/2005,20:00,0,0,0,3,0,0,3,0,0,3,0,0,3,0,0,3,0,0,3,0,-9990,0,0,6,E,8,5,E,8,9.5,E,8,3.2,E,8,64,E,8,986,E,8,279,E,8,1.8,E,8,-9990,0,0,-9990,0,0,1.157,E,8,0.107,E,8,0.20,E,8,0,-9990,0,0
12/22/2005,21:00,0,0,0,3,0,0,3,0,0,3,0,0,3,0,0,3,0,0,3,0,-9990,0,0,6,E,8,5,E,8,9.3,E,8,2.5,E,8,62,E,8,986,E,8,228,E,8,1.6,E,8,-9990,0,0,-9990,0,0,1.106,E,8,0.107,E,8,0.20,E,8,0,-9990,0,0
12/22/2005,22:00,0,0,0,3,0,0,3,0,0,3,0,0,3,0,0,3,0,0,3,0,-9990,0,0,8,E,8,6,E,8,9.1,E,8,3.2,E,8,67,E,8,986,E,8,276,E,8,1.7,E,8,-9990,0,0,-9990,0,0,1.160,E,8,0.107,E,8,0.20,E,8,0,-9990,0,0
12/22/2005,23:00,0,0,0,3,0,0,3,0,0,3,0,0,3,0,0,3,0,0,3,0,-9990,0,0,8,E,8,6,E,8,8.8,E,8,3.0,E,8,66,E,8,986,E,8,280,E,8,2.1,E,8,-9990,0,0,-9990,0,0,1.141,E,8,0.107,E,8,0.20,E,8,0,-9990,0,0
12/22/2005,24:00,0,0,0,3,0,0,3,0,0,3,0,0,3,0,0,3,0,0,3,0,-9990,0,0,8,E,8,6,E,8,8.6,E,8,3.3,E,8,69,E,8,985,E,8,265,E,8,2.3,E,8,-9990,0,0,-9990,0,0,1.166,E,8,0.107,E,8,0.20,E,8,0,-9990,0,0
12/23/2005,01:00,0,0,0,3,0,0,3,0,0,3,0,0,3,0,0,3,0,0,3,0,-9990,0,0,8,E,8,6,E,8,7.5,E,8,3.0,E,8,73,E,8,985,E,8,272,E,8,1.7,E,8,-9990,0,0,-9990,0,0,1.147,E,8,0.100,E,8,0.20,E,8,0,-9990,0,0
12/23/2005,02:00,0,0,0,3,0,0,3,0,0,3,0,0,3,0,0,3,0,0,3,0,-9990,0,0,8,E,8,7,E,8,6.3,E,8,3.2,E,8,81,E,8,985,E,8,267,E,8,2.7,E,8,-9990,0,0,-9990,0,0,1.162,E,8,0.100,E,8,0.20,E,8,0,-9990,0,0
12/23/2005,03:00,0,0,0,3,0,0,3,0,0,3,0,0,3,0,0,3,0,0,3,0,-9990,0,0,9,E,8,8,E,8,4.9,E,8,3.2,E,8,88,E,8,985,E,8,285,E,8,3.0,E,8,-9990,0,0,-9990,0,0,1.159,E,8,0.100,E,8,0.20,E,8,0,-9990,0,0
12/23/2005,04:00,0,0,0,3,0,0,3,0,0,3,0,0,3,0,0,3,0,0,3,0,-9990,0,0,9,E,8,8,E,8,4.2,E,8,2.4,E,8,88,E,8,985,E,8,287,E,8,3.9,E,8,-9990,0,0,-9990,0,0,1.098,E,8,0.100,E,8,0.20,E,8,0,-9990,0,0
12/23/2005,05:00,0,0,0,3,0,0,3,0,0,3,0,0,3,0,0,3,0,0,3,0,-9990,0,0,9,E,8,8,E,8,3.5,E,8,2.7,E,8,94,E,8,985,E,8,296,E,8,1.8,E,8,-9990,0,0,-9990,0,0,1.124,E,8,0.100,E,8,0.20,E,8,0,-9990,0,0
12/23/2005,06:00,0,0,0,3,0,0,3,0,0,3,0,0,3,0,0,3,0,0,3,0,-9990,0,0,9,E,8,8,E,8,2.8,E,8,2.5,E,8,97,E,8,985,E,8,287,E,8,1.7,E,8,-9990,0,0,-9990,0,0,1.102,E,8,0.100,E,8,0.20,E,8,0,-9990,0,0
12/23/2005,07:00,0,0,0,3,0,0,3,0,0,3,0,0,3,0,0,3,0,0,3,0,-9990,0,0,9,E,8,8,E,8,2.3,E,8,1.8,E,8,97,E,8,985,E,8,298,E,8,1.1,E,8,-9990,0,0,-9990,0,0,1.054,E,8,0.100,E,8,0.20,E,8,0,-9990,0,0
12/23/2005,08:00,0,0,0,3,0,0,3,0,0,3,0,0,3,0,0,3,0,0,3,0,-9990,0,0,9,E,8,8,E,8,1.7,E,8,1.4,E,8,97,E,8,985,E,8,280,E,8,1.0,E,8,-9990,0,0,-9990,0,0,1.021,E,8,0.100,E,8,0.20,E,8,0,-9990,0,0
12/23/2005,09:00,12,239,1,3,10,0,3,20,1,3,10,80,3,10,8,3,20,80,3,10,-9990,0,0,10,E,8,9,E,8,1.6,E,8,1.3,E,8,98,E,8,984,E,8,319,E,8,1.2,E,8,-9990,0,0,-9990,0,0,1.017,E,8,0.100,E,8,0.20,E,8,0,-9990,0,0
12/23/2005,10:00,159,1411,13,3,10,0,3,20,13,3,10,1650,3,10,3,3,20,1649,3,10,-9990,0,0,10,E,8,9,E,8,1.1,E,8,0.6,E,8,97,E,8,984,E,8,290,E,8,2.1,E,8,-9990,0,0,-9990,0,0,0.970,E,8,0.100,E,8,0.20,E,8,0,-9990,0,0
12/23/2005,11:00,308,1411,29,3,10,0,3,20,29,3,10,3531,3,10,0,3,20,3531,3,10,-9990,0,0,10,E,8,9,E,8,0.7,E,8,-0.1,E,8,95,E,8,984,E,8,317,E,8,3.0,E,8,-9990,0,0,-9990,0,0,0.924,E,8,0.100,E,8,0.20,E,8,0,-9990,0,0
12/23/2005,12:00,408,1411,44,3,10,0,3,20,44,3,10,5333,3,10,0,3,20,5333,3,10,-9990,0,0,10,E,8,9,E,8,0.2,E,8,-0.7,E,8,94,E,8,984,E,8,287,E,8,3.4,E,8,-9990,0,0,-9990,0,0,0.886,E,8,0.100,E,8,0.20,E,8,0,-9990,0,0
12/23/2005,13:00,452,1411,52,3,10,0,3,20,52,3,10,6306,3,10,0,3,20,6306,3,10,-9990,0,0,10,E,8,9,E,8,-0.2,E,8,-0.6,E,8,97,E,8,984,E,8,227,E,8,4.1,E,8,-9990,0,0,-9990,0,0,0.890,E,8,0.100,E,8,0.20,E,8,0,-9990,0,0
12/23/2005,14:00,437,1411,46,3,10,0,3,20,46,3,10,5648,3,10,0,3,20,5648,3,10,-9990,0,0,10,E,8,9,E,8,-0.4,E,8,-0.7,E,8,98,E,8,984,E,8,313,E,8,3.4,E,8,-9990,0,0,-9990,0,0,0.885,E,8,0.100,E,8,0.20,E,8,0,-9990,0,0
12/23/2005,15:00,363,1411,38,3,10,0,3,20,38,3,10,4610,3,10,0,3,20,4610,3,10,-9990,0,0,10,E,8,9,E,8,-0.7,E,8,-1.5,E,8,94,E,8,984,E,8,270,E,8,3.3,E,8,-9990,0,0,-9990,0,0,0.837,E,8,0.100,E,8,0.20,E,8,0,-9990,0,0
12/23/2005,16:00,237,1411,22,3,10,0,3,20,22,3,10,2618,3,10,0,3,20,2618,3,10,-9990,0,0,10,E,8,9,E,8,0.4,E,8,-1.6,E,8,86,E,8,985,E,8,273,E,8,3.9,E,8,-9990,0,0,-9990,0,0,0.828,E,8,0.100,E,8,0.20,E,8,0,-9990,0,0
12/23/2005,17:00,64,582,3,3,10,0,3,20,3,3,10,363,3,10,9,3,20,362,3,10,-9990,0,0,10,E,8,9,E,8,0.5,E,8,-1.0,E,8,90,E,8,985,E,8,268,E,8,3.6,E,8,-9990,0,0,-9990,0,0,0.866,E,8,0.100,E,8,0.20,E,8,0,-9990,0,0
12/23/2005,18:00,0,0,0,3,0,0,3,0,0,3,0,0,3,0,0,3,0,0,3,0,-9990,0,0,10,E,8,9,E,8,-0.2,E,8,-1.4,E,8,91,E,8,985,E,8,227,E,8,3.6,E,8,-9990,0,0,-9990,0,0,0.840,E,8,0.100,E,8,0.20,E,8,0,-9990,0,0
12/23/2005,19:00,0,0,0,3,0,0,3,0,0,3,0,0,3,0,0,3,0,0,3,0,-9990,0,0,10,E,8,9,E,8,-1.5,E,8,-1.8,E,8,98,E,8,985,E,8,158,E,8,2.5,E,8,-9990,0,0,-9990,0,0,0.821,E,8,0.100,E,8,0.54,E,8,0,-9990,0,0
12/23/2005,20:00,0,0,0,3,0,0,3,0,0,3,0,0,3,0,0,3,0,0,3,0,-9990,0,0,10,E,8,9,E,8,-1.6,E,8,-2.3,E,8,95,E,8,985,E,8,209,E,8,1.4,E,8,-9990,0,0,-9990,0,0,0.791,E,8,0.100,E,8,0.56,E,8,0,-9990,0,0
12/23/2005,21:00,0,0,0,3,0,0,3,0,0,3,0,0,3,0,0,3,0,0,3,0,-9990,0,0,10,E,8,9,E,8,-2.2,E,8,-3.3,E,8,92,E,8,986,E,8,169,E,8,1.0,E,8,-9990,0,0,-9990,0,0,0.736,E,8,0.100,E,8,0.57,E,8,0,-9990,0,0
12/23/2005,22:00,0,0,0,3,0,0,3,0,0,3,0,0,3,0,0,3,0,0,3,0,-9990,0,0,10,E,8,9,E,8,-2.9,E,8,-3.5,E,8,96,E,8,986,E,8,212,E,8,0.8,E,8,-9990,0,0,-9990,0,0,0.728,E,8,0.100,E,8,0.59,E,8,0,-9990,0,0
12/23/2005,23:00,0,0,0,3,0,0,3,0,0,3,0,0,3,0,0,3,0,0,3,0,-9990,0,0,10,E,8,9,E,8,-3.7,E,8,-3.9,E,8,98,E,8,986,E,8,212,E,8,1.7,E,8,-9990,0,0,-9990,0,0,0.707,E,8,0.100,E,8,0.62,E,8,0,-9990,0,0
12/23/2005,24:00,0,0,0,3,0,0,3,0,0,3,0,0,3,0,0,3,0,0,3,0,-9990,0,0,10,E,8,9,E,8,-4.4,E,8,-4.7,E,8,98,E,8,986,E,8,207,E,8,1.6,E,8,-9990,0,0,-9990,0,0,0.669,E,8,0.100,E,8,0.66,E,8,0,-9990,0,0
12/24/2005,01:00,0,0,0,3,0,0,3,0,0,3,0,0,3,0,0,3,0,0,3,0,-9990,0,0,10,E,8,9,E,8,-4.3,E,8,-4.5,E,8,98,E,8,986,E,8,246,E,8,1.8,E,8,-9990,0,0,-9990,0,0,0.676,E,8,0.106,E,8,0.65,E,8,0,-9990,0,0
12/24/2005,02:00,0,0,0,3,0,0,3,0,0,3,0,0,3,0,0,3,0,0,3,0,-9990,0,0,10,E,8,9,E,8,-4.4,E,8,-4.7,E,8,98,E,8,987,E,8,211,E,8,1.4,E,8,-9990,0,0,-9990,0,0,0.669,E,8,0.106,E,8,0.63,E,8,0,-9990,0,0
12/24/2005,03:00,0,0,0,3,0,0,3,0,0,3,0,0,3,0,0,3,0,0,3,0,-9990,0,0,10,E,8,9,E,8,-4.6,E,8,-4.8,E,8,98,E,8,987,E,8,267,E,8,1.2,E,8,-9990,0,0,-9990,0,0,0.663,E,8,0.106,E,8,0.62,E,8,0,-9990,0,0
12/24/2005,04:00,0,0,0,3,0,0,3,0,0,3,0,0,3,0,0,3,0,0,3,0,-9990,0,0,10,E,8,9,E,8,-4.6,E,8,-4.8,E,8,98,E,8,987,E,8,245,E,8,1.1,E,8,-9990,0,0,-9990,0,0,0.661,E,8,0.106,E,8,0.60,E,8,0,-9990,0,0
12/24/2005,05:00,0,0,0,3,0,0,3,0,0,3,0,0,3,0,0,3,0,0,3,0,-9990,0,0,10,E,8,9,E,8,-4.7,E,8,-4.9,E,8,98,E,8,987,E,8,234,E,8,1.1,E,8,-9990,0,0,-9990,0,0,0.659,E,8,0.106,E,8,0.59,E,8,0,-9990,0,0
12/24/2005,06:00,0,0,0,3,0,0,3,0,0,3,0,0,3,0,0,3,0,0,3,0,-9990,0,0,10,E,8,9,E,8,-4.7,E,8,-5.2,E,8,96,E,8,987,E,8,218,E,8,1.2,E,8,-9990,0,0,-9990,0,0,0.645,E,8,0.106,E,8,0.58,E,8,0,-9990,0,0
12/24/2005,07:00,0,0,0,3,0,0,3,0,0,3,0,0,3,0,0,3,0,0,3,0,-9990,0,0,10,E,8,9,E,8,-4.7,E,8,-5.9,E,8,92,E,8,987,E,8,183,E,8,1.1,E,8,-9990,0,0,-9990,0,0,0.614,E,8,0.106,E,8,0.56,E,8,0,-9990,0,0
12/24/2005,08:00,0,0,0,3,0,0,3,0,0,3,0,0,3,0,0,3,0,0,3,0,-9990,0,0,10,E,8,9,E,8,-4.8,E,8,-6.3,E,8,89,E,8,988,E,8,160,E,8,0.7,E,8,-9990,0,0,-9990,0,0,0.595,E,8,0.106,E,8,0.55,E,8,0,-9990,0,0
12/24/2005,09:00,11,235,1,3,10,0,3,20,1,3,10,81,3,10,9,3,20,81,3,10,-9990,0,0,10,E,8,9,E,8,-4.7,E,8,-6.1,E,8,90,E,8,988,E,8,231,E,8,0.2,E,8,-9990,0,0,-9990,0,0,0.607,E,8,0.106,E,8,0.54,E,8,0,-9990,0,0
12/24/2005,10:00,158,1411,29,3,10,0,3,20,29,3,10,3361,3,10,0,3,20,3361,3,10,-9990,0,0,10,E,8,9,E,8,-3.8,E,8,-5.6,E,8,88,E,8,988,E,8,251,E,8,0.1,E,8,-9990,0,0,-9990,0,0,0.628,E,8,0.106,E,8,0.53,E,8,0,-9990,0,0
12/24/2005,11:00,308,1411,51,3,10,0,3,20,51,3,10,5971,3,10,0,3,20,5971,3,10,-9990,0,0,10,E,8,9,E,8,-3.1,E,8,-5.7,E,8,82,E,8,988,E,8,279,E,8,0.0,E,8,-9990,0,0,-9990,0,0,0.625,E,8,0.106,E,8,0.52,E,8,0,-9990,0,0
12/24/2005,12:00,408,1411,21,3,10,0,3,20,21,3,10,2755,3,10,0,3,20,2755,3,10,-9990,0,0,10,E,8,9,E,8,-3.1,E,8,-5.5,E,8,84,E,8,988,E,8,279,E,8,0.4,E,8,-9990,0,0,-9990,0,0,0.632,E,8,0.106,E,8,0.51,E,8,0,-9990,0,0
12/24/2005,13:00,452,1411,135,3,10,72,3,20,112,3,10,15049,3,10,5616,3,20,13250,3,10,-9990,0,0,9,E,8,8,E,8,-1.8,E,8,-5.2,E,8,78,E,8,989,E,8,264,E,8,1.4,E,8,-9990,0,0,-9990,0,0,0.645,E,8,0.106,E,8,0.50,E,8,0,-9990,0,0
12/24/2005,14:00,437,1411,239,3,10,389,3,20,119,3,10,25162,3,10,28237,3,20,16412,3,10,-9990,0,0,5,E,8,4,E,8,0.1,E,8,-4.6,E,8,71,E,8,989,E,8,283,E,8,1.2,E,8,-9990,0,0,-9990,0,0,0.673,E,8,0.106,E,8,0.49,E,8,0,-9990,0,0
12/24/2005,15:00,364,1411,236,3,10,543,3,20,96,3,10,24780,3,10,44481,3,20,13299,3,10,-9990,0,0,0,E,8,0,E,8,1.4,E,8,-4.6,E,8,64,E,8,989,E,8,205,E,8,1.4,E,8,-9990,0,0,-9990,0,0,0.671,E,8,0.106,E,8,0.48,E,8,0,-9990,0,0
12/24/2005,16:00,238,1411,96,3,10,108,3,20,78,3,10,10449,3,10,7980,3,20,9103,3,10,-9990,0,0,9,E,8,8,E,8,1.4,E,8,-4.9,E,8,63,E,8,989,E,8,282,E,8,1.4,E,8,-9990,0,0,-9990,0,0,0.660,E,8,0.106,E,8,0.48,E,8,0,-9990,0,0
12/24/2005,17:00,66,589,17,3,10,0,3,20,17,3,10,1994,3,10,0,3,20,1994,3,10,-9990,0,0,9,E,8,8,E,8,0.5,E,8,-4.5,E,8,69,E,8,989,E,8,245,E,8,1.4,E,8,-9990,0,0,-9990,0,0,0.676,E,8,0.106,E,8,0.47,E,8,0,-9990,0,0
12/24/2005,18:00,0,0,0,3,0,0,3,0,0,3,0,0,3,0,0,3,0,0,3,0,-9990,0,0,9,E,8,8,E,8,0.1,E,8,-4.1,E,8,73,E,8,989,E,8,257,E,8,0.7,E,8,-9990,0,0,-9990,0,0,0.694,E,8,0.106,E,8,0.46,E,8,0,-9990,0,0
12/24/2005,19:00,0,0,0,3,0,0,3,0,0,3,0,0,3,0,0,3,0,0,3,0,-9990,0,0,8,E,8,6,E,8,-0.3,E,8,-3.9,E,8,76,E,8,989,E,8,244,E,8,0.8,E,8,-9990,0,0,-9990,0,0,0.705,E,8,0.106,E,8,0.45,E,8,0,-9990,0,0
12/24/2005,20:00,0,0,0,3,0,0,3,0,0,3,0,0,3,0,0,3,0,0,3,0,-9990,0,0,8,E,8,6,E,8,-0.6,E,8,-4.2,E,8,77,E,8,990,E,8,284,E,8,0.8,E,8,-9990,0,0,-9990,0,0,0.690,E,8,0.106,E,8,0.45,E,8,0,-9990,0,0
12/24/2005,21:00,0,0,0,3,0,0,3,0,0,3,0,0,3,0,0,3,0,0,3,0,-9990,0,0,8,E,8,6,E,8,-1.0,E,8,-4.6,E,8,77,E,8,990,E,8,270,E,8,0.8,E,8,-9990,0,0,-9990,0,0,0.674,E,8,0.106,E,8,0.44,E,8,0,-9990,0,0
12/24/2005,22:00,0,0,0,3,0,0,3,0,0,3,0,0,3,0,0,3,0,0,3,0,-9990,0,0,8,E,8,6,E,8,-1.4,E,8,-5.2,E,8,75,E,8,990,E,8,274,E,8,1.6,E,8,-9990,0,0,-9990,0,0,0.646,E,8,0.106,E,8,0.43,E,8,0,-9990,0,0
12/24/2005,23:00,0,0,0,3,0,0,3,0,0,3,0,0,3,0,0,3,0,0,3,0,-9990,0,0,6,E,8,5,E,8,-1.7,E,8,-5.5,E,8,75,E,8,990,E,8,296,E,8,1.1,E,8,-9990,0,0,-9990,0,0,0.631,E,8,0.106,E,8,0.43,E,8,0,-9990,0,0
12/24/2005,24:00,0,0,0,3,0,0,3,0,0,3,0,0,3,0,0,3,0,0,3,0,-9990,0,0,6,E,8,5,E,8,-2.1,E,8,-5.9,E,8,75,E,8,990,E,8,264,E,8,0.8,E,8,-9990,0,0,-9990,0,0,0.616,E,8,0.106,E,8,0.42,E,8,0,-9990,0,0
12/25/2005,01:00,0,0,0,3,0,0,3,0,0,3,0,0,3,0,0,3,0,0,3,0,-9990,0,0,6,E,8,6,E,8,-2.7,E,8,-5.4,E,8,81,E,8,990,E,8,256,E,8,2.1,E,8,-9990,0,0,-9990,0,0,0.637,E,8,0.109,E,8,0.42,E,8,0,-9990,0,0
12/25/2005,02:00,0,0,0,3,0,0,3,0,0,3,0,0,3,0,0,3,0,0,3,0,-9990,0,0,6,E,8,6,E,8,-3.3,E,8,-5.5,E,8,84,E,8,990,E,8,209,E,8,3.3,E,8,-9990,0,0,-9990,0,0,0.630,E,8,0.109,E,8,0.41,E,8,0,-9990,0,0
12/25/2005,03:00,0,0,0,3,0,0,3,0,0,3,0,0,3,0,0,3,0,0,3,0,-9990,0,0,6,E,8,6,E,8,-3.9,E,8,-5.6,E,8,88,E,8,991,E,8,163,E,8,2.5,E,8,-9990,0,0,-9990,0,0,0.627,E,8,0.109,E,8,0.41,E,8,0,-9990,0,0
12/25/2005,04:00,0,0,0,3,0,0,3,0,0,3,0,0,3,0,0,3,0,0,3,0,-9990,0,0,5,E,8,5,E,8,-4.3,E,8,-5.9,E,8,89,E,8,991,E,8,198,E,8,4.3,E,8,-9990,0,0,-9990,0,0,0.616,E,8,0.109,E,8,0.40,E,8,0,-9990,0,0
12/25/2005,05:00,0,0,0,3,0,0,3,0,0,3,0,0,3,0,0,3,0,0,3,0,-9990,0,0,5,E,8,5,E,8,-4.6,E,8,-6.3,E,8,88,E,8,991,E,8,237,E,8,3.6,E,8,-9990,0,0,-9990,0,0,0.599,E,8,0.109,E,8,0.40,E,8,0,-9990,0,0
12/25/2005,06:00,0,0,0,3,0,0,3,0,0,3,0,0,3,0,0,3,0,0,3,0,-9990,0,0,5,E,8,5,E,8,-5.0,E,8,-6.6,E,8,89,E,8,991,E,8,242,E,8,5.1,E,8,-9990,0,0,-9990,0,0,0.584,E,8,0.109,E,8,0.39,E,8,0,-9990,0,0
12/25/2005,07:00,0,0,0,3,0,0,3,0,0,3,0,0,3,0,0,3,0,0,3,0,-9990,0,0,5,E,8,5,E,8,-5.3,E,8,-6.5,E,8,91,E,8,991,E,8,281,E,8,5.4,E,8,-9990,0,0,-9990,0,0,0.590,E,8,0.109,E,8,0.39,E,8,0,-9990,0,0
12/25/2005,08:00,0,0,0,3,0,0,3,0,0,3,0,0,3,0,0,3,0,0,3,0,-9990,0,0,5,E,8,5,E,8,-5.6,E,8,-6.4,E,8,94,E,8,991,E,8,247,E,8,3.0,E,8,-9990,0,0,-9990,0,0,0.592,E,8,0.109,E,8,0.38,E,8,0,-9990,0,0
12/25/2005,09:00,11,230,1,3,10,0,3,20,1,3,10,129,3,10,12,3,20,129,3,10,-9990,0,0,4,E,8,3,E,8,-5.6,E,8,-5.8,E,8,99,E,8,991,E,8,254,E,8,2.5,E,8,-9990,0,0,-9990,0,0,0.620,E,8,0.109,E,8,0.38,E,8,0,-9990,0,0
12/25/2005,10:00,157,1411,80,3,10,242,3,20,53,3,10,8380,3,10,8681,3,20,7414,3,10,-9990,0,0,4,E,8,3,E,8,-4.1,E,8,-5.5,E,8,90,E,8,992,E,8,303,E,8,3.0,E,8,-9990,0,0,-9990,0,0,0.631,E,8,0.109,E,8,0.38,E,8,0,-9990,0,0
12/25/2005,11:00,307,1411,144,3,10,316,3,20,76,3,10,15467,3,10,21261,3,20,10841,3,10,-9990,0,0,4,E,8,3,E,8,-2.8,E,8,-4.9,E,8,85,E,8,992,E,8,274,E,8,2.8,E,8,-9990,0,0,-9990,0,0,0.658,E,8,0.109,E,8,0.37,E,8,0,-9990,0,0
12/25/2005,12:00,408,1411,195,3,10,328,3,20,100,3,10,20836,3,10,22817,3,20,14242,3,10,-9990,0,0,5,E,8,5,E,8,-1.7,E,8,-4.3,E,8,82,E,8,992,E,8,222,E,8,2.8,E,8,-9990,0,0,-9990,0,0,0.689,E,8,0.109,E,8,0.37,E,8,0,-9990,0,0
12/25/2005,13:00,452,1411,231,3,10,396,3,20,104,3,10,24822,3,10,30982,3,20,14888,3,10,-9990,0,0,4,E,8,3,E,8,-0.7,E,8,-4.2,E,8,77,E,8,992,E,8,259,E,8,3.0,E,8,-9990,0,0,-9990,0,0,0.689,E,8,0.109,E,8,0.37,E,8,0,-9990,0,0
12/25/2005,14:00,438,1411,247,3,10,491,3,20,95,3,10,26593,3,10,41885,3,20,13592,3,10,-9990,0,0,0,E,8,0,E,8,0.0,E,8,-4.3,E,8,73,E,8,992,E,8,244,E,8,3.3,E,8,-9990,0,0,-9990,0,0,0.686,E,8,0.109,E,8,0.36,E,8,0,-9990,0,0
12/25/2005,15:00,365,1411,224,3,10,648,3,20,57,3,10,23196,3,10,55467,3,20,8833,3,10,-9990,0,0,0,E,8,0,E,8,0.3,E,8,-3.3,E,8,77,E,8,992,E,8,275,E,8,3.0,E,8,-9990,0,0,-9990,0,0,0.738,E,8,0.109,E,8,0.36,E,8,0,-9990,0,0
12/25/2005,16:00,240,1411,134,3,10,315,3,20,80,3,10,13613,3,10,17125,3,20,10705,3,10,-9990,0,0,5,E,8,4,E,8,0.0,E,8,-3.5,E,8,77,E,8,992,E,8,290,E,8,2.3,E,8,-9990,0,0,-9990,0,0,0.728,E,8,0.109,E,8,0.36,E,8,0,-9990,0,0
12/25/2005,17:00,67,596,11,3,10,0,3,20,11,3,10,1377,3,10,3,3,20,1377,3,10,-9990,0,0,5,E,8,5,E,8,-1.2,E,8,-3.9,E,8,82,E,8,992,E,8,254,E,8,2.5,E,8,-9990,0,0,-9990,0,0,0.707,E,8,0.109,E,8,0.35,E,8,0,-9990,0,0
12/25/2005,18:00,0,0,0,3,0,0,3,0,0,3,0,0,3,0,0,3,0,0,3,0,-9990,0,0,4,E,8,3,E,8,-1.8,E,8,-2.9,E,8,92,E,8,992,E,8,342,E,8,4.1,E,8,-9990,0,0,-9990,0,0,0.757,E,8,0.109,E,8,0.35,E,8,0,-9990,0,0
12/25/2005,19:00,0,0,0,3,0,0,3,0,0,3,0,0,3,0,0,3,0,0,3,0,-9990,0,0,4,E,8,3,E,8,-2.3,E,8,-3.7,E,8,90,E,8,992,E,8,289,E,8,2.5,E,8,-9990,0,0,-9990,0,0,0.716,E,8,0.109,E,8,0.35,E,8,0,-9990,0,0
12/25/2005,20:00,0,0,0,3,0,0,3,0,0,3,0,0,3,0,0,3,0,0,3,0,-9990,0,0,4,E,8,3,E,8,-2.9,E,8,-3.8,E,8,94,E,8,992,E,8,312,E,8,2.2,E,8,-9990,0,0,-9990,0,0,0.713,E,8,0.109,E,8,0.35,E,8,0,-9990,0,0
12/25/2005,21:00,0,0,0,3,0,0,3,0,0,3,0,0,3,0,0,3,0,0,3,0,-9990,0,0,4,E,8,3,E,8,-3.4,E,8,-4.5,E,8,92,E,8,992,E,8,242,E,8,1.7,E,8,-9990,0,0,-9990,0,0,0.677,E,8,0.109,E,8,0.34,E,8,0,-9990,0,0
12/25/2005,22:00,0,0,0,3,0,0,3,0,0,3,0,0,3,0,0,3,0,0,3,0,-9990,0,0,4,E,8,3,E,8,-4.0,E,8,-5.3,E,8,90,E,8,992,E,8,232,E,8,2.1,E,8,-9990,0,0,-9990,0,0,0.638,E,8,0.109,E,8,0.34,E,8,0,-9990,0,0
12/25/2005,23:00,0,0,0,3,0,0,3,0,0,3,0,0,3,0,0,3,0,0,3,0,-9990,0,0,3,E,8,2,E,8,-4.5,E,8,-5.1,E,8,96,E,8,992,E,8,275,E,8,1.7,E,8,-9990,0,0,-9990,0,0,0.649,E,8,0.109,E,8,0.34,E,8,0,-9990,0,0
12/25/2005,24:00,0,0,0,3,0,0,3,0,0,3,0,0,3,0,0,3,0,0,3,0,-9990,0,0,3,E,8,2,E,8,-5.1,E,8,-5.1,E,8,100,E,8,992,E,8,270,E,8,1.0,E,8,-9990,0,0,-9990,0,0,0.650,E,8,0.109,E,8,0.34,E,8,0,-9990,0,0
12/26/2005,01:00,0,0,0,3,0,0,3,0,0,3,0,0,3,0,0,3,0,0,3,0,-9990,0,0,3,E,8,2,E,8,-5.3,E,8,-5.3,E,8,100,E,8,992,E,8,207,E,8,0.5,E,8,-9990,0,0,-9990,0,0,0.642,E,8,0.109,E,8,0.33,E,8,0,-9990,0,0
12/26/2005,02:00,0,0,0,3,0,0,3,0,0,3,0,0,3,0,0,3,0,0,3,0,-9990,0,0,3,E,8,2,E,8,-5.4,E,8,-5.4,E,8,100,E,8,992,E,8,238,E,8,0.3,E,8,-9990,0,0,-9990,0,0,0.636,E,8,0.109,E,8,0.33,E,8,0,-9990,0,0
12/26/2005,03:00,0,0,0,3,0,0,3,0,0,3,0,0,3,0,0,3,0,0,3,0,-9990,0,0,3,E,8,2,E,8,-5.5,E,8,-5.5,E,8,100,E,8,992,E,8,287,E,8,0.3,E,8,-9990,0,0,-9990,0,0,0.630,E,8,0.109,E,8,0.33,E,8,0,-9990,0,0
12/26/2005,04:00,0,0,0,3,0,0,3,0,0,3,0,0,3,0,0,3,0,0,3,0,-9990,0,0,1,E,8,1,E,8,-5.6,E,8,-5.6,E,8,100,E,8,992,E,8,226,E,8,0.8,E,8,-9990,0,0,-9990,0,0,0.627,E,8,0.109,E,8,0.33,E,8,0,-9990,0,0
12/26/2005,05:00,0,0,0,3,0,0,3,0,0,3,0,0,3,0,0,3,0,0,3,0,-9990,0,0,1,E,8,1,E,8,-5.7,E,8,-5.7,E,8,100,E,8,992,E,8,231,E,8,0.7,E,8,-9990,0,0,-9990,0,0,0.625,E,8,0.109,E,8,0.33,E,8,0,-9990,0,0
12/26/2005,06:00,0,0,0,3,0,0,3,0,0,3,0,0,3,0,0,3,0,0,3,0,-9990,0,0,1,E,8,1,E,8,-5.7,E,8,-5.7,E,8,100,E,8,992,E,8,229,E,8,0.6,E,8,-9990,0,0,-9990,0,0,0.622,E,8,0.109,E,8,0.32,E,8,0,-9990,0,0
12/26/2005,07:00,0,0,0,3,0,0,3,0,0,3,0,0,3,0,0,3,0,0,3,0,-9990,0,0,1,E,8,1,E,8,-5.7,E,8,-5.7,E,8,100,E,8,992,E,8,257,E,8,0.8,E,8,-9990,0,0,-9990,0,0,0.621,E,8,0.109,E,8,0.32,E,8,0,-9990,0,0
12/26/2005,08:00,0,0,0,3,0,0,3,0,0,3,0,0,3,0,0,3,0,0,3,0,-9990,0,0,1,E,8,1,E,8,-5.8,E,8,-5.8,E,8,100,E,8,992,E,8,287,E,8,1.7,E,8,-9990,0,0,-9990,0,0,0.619,E,8,0.109,E,8,0.32,E,8,0,-9990,0,0
12/26/2005,09:00,11,227,0,3,10,0,3,20,0,3,10,71,3,10,8,3,20,70,3,10,-9990,0,0,0,E,8,0,E,8,-5.7,E,8,-5.7,E,8,100,E,8,992,E,8,221,E,8,1.7,E,8,-9990,0,0,-9990,0,0,0.621,E,8,0.109,E,8,0.32,E,8,0,-9990,0,0
12/26/2005,10:00,156,1411,59,3,10,134,3,20,44,3,10,6379,3,10,6987,3,20,5606,3,10,-9990,0,0,0,E,8,0,E,8,-4.1,E,8,-4.2,E,8,99,E,8,992,E,8,174,E,8,2.0,E,8,-9990,0,0,-9990,0,0,0.691,E,8,0.109,E,8,0.32,E,8,0,-9990,0,0
12/26/2005,11:00,307,1411,179,3,10,492,3,20,72,3,10,18610,3,10,36262,3,20,10732,3,10,-9990,0,0,0,E,8,0,E,8,-1.2,E,8,-2.8,E,8,89,E,8,992,E,8,108,E,8,2.8,E,8,-9990,0,0,-9990,0,0,0.765,E,8,0.109,E,8,0.32,E,8,0,-9990,0,0
12/26/2005,12:00,408,1411,242,3,10,511,3,20,95,3,10,25157,3,10,39774,3,20,13663,3,10,-9990,0,0,0,E,8,0,E,8,1.1,E,8,-2.0,E,8,80,E,8,992,E,8,170,E,8,1.4,E,8,-9990,0,0,-9990,0,0,0.805,E,8,0.109,E,8,0.31,E,8,0,-9990,0,0
12/26/2005,13:00,453,1411,235,3,10,377,3,20,114,3,10,25066,3,10,27790,3,20,16146,3,10,-9990,0,0,4,E,8,3,E,8,2.4,E,8,-1.7,E,8,74,E,8,992,E,8,62,E,8,2.0,E,8,-9990,0,0,-9990,0,0,0.824,E,8,0.109,E,8,0.31,E,8,0,-9990,0,0
12/26/2005,14:00,439,1411,241,3,10,503,3,20,85,3,10,25305,3,10,41013,3,20,12547,3,10,-9990,0,0,0,E,8,0,E,8,3.4,E,8,-1.1,E,8,73,E,8,992,E,8,63,E,8,1.7,E,8,-9990,0,0,-9990,0,0,0.862,E,8,0.109,E,8,0.30,E,8,0,-9990,0,0
12/26/2005,15:00,367,1411,184,3,10,401,3,20,80,3,10,19760,3,10,31598,3,20,11547,3,10,-9990,0,0,1,E,8,1,E,8,3.6,E,8,-1.4,E,8,70,E,8,992,E,8,59,E,8,1.4,E,8,-9990,0,0,-9990,0,0,0.844,E,8,0.109,E,8,0.30,E,8,0,-9990,0,0
12/26/2005,16:00,241,1411,105,3,10,201,3,20,70,3,10,11086,3,10,14131,3,20,8670,3,10,-9990,0,0,6,E,8,5,E,8,2.9,E,8,-1.6,E,8,72,E,8,991,E,8,205,E,8,1.0,E,8,-9990,0,0,-9990,0,0,0.829,E,8,0.109,E,8,0.29,E,8,0,-9990,0,0
12/26/2005,17:00,69,604,16,3,10,0,3,20,16,3,10,1894,3,10,0,3,20,1894,3,10,-9990,0,0,6,E,8,5,E,8,1.4,E,8,-2.3,E,8,76,E,8,991,E,8,278,E,8,1.8,E,8,-9990,0,0,-9990,0,0,0.792,E,8,0.109,E,8,0.29,E,8,0,-9990,0,0
12/26/2005,18:00,0,0,0,3,0,0,3,0,0,3,0,0,3,0,0,3,0,0,3,0,-9990,0,0,6,E,8,5,E,8,1.2,E,8,-1.9,E,8,80,E,8,991,E,8,294,E,8,3.0,E,8,-9990,0,0,-9990,0,0,0.810,E,8,0.109,E,8,0.29,E,8,0,-9990,0,0
12/26/2005,19:00,0,0,0,3,0,0,3,0,0,3,0,0,3,0,0,3,0,0,3,0,-9990,0,0,8,E,8,6,E,8,0.9,E,8,-2.3,E,8,79,E,8,991,E,8,263,E,8,2.1,E,8,-9990,0,0,-9990,0,0,0.789,E,8,0.109,E,8,0.29,E,8,0,-9990,0,0
12/26/2005,20:00,0,0,0,3,0,0,3,0,0,3,0,0,3,0,0,3,0,0,3,0,-9990,0,0,8,E,8,7,E,8,0.7,E,8,-1.9,E,8,82,E,8,990,E,8,233,E,8,2.5,E,8,-9990,0,0,-9990,0,0,0.810,E,8,0.109,E,8,0.28,E,8,0,-9990,0,0
12/26/2005,21:00,0,0,0,3,0,0,3,0,0,3,0,0,3,0,0,3,0,0,3,0,-9990,0,0,8,E,8,7,E,8,0.5,E,8,-2.3,E,8,82,E,8,990,E,8,295,E,8,2.5,E,8,-9990,0,0,-9990,0,0,0.790,E,8,0.109,E,8,0.28,E,8,0,-9990,0,0
12/26/2005,22:00,0,0,0,3,0,0,3,0,0,3,0,0,3,0,0,3,0,0,3,0,-9990,0,0,8,E,8,6,E,8,0.2,E,8,-3.4,E,8,77,E,8,990,E,8,289,E,8,3.3,E,8,-9990,0,0,-9990,0,0,0.732,E,8,0.109,E,8,0.28,E,8,0,-9990,0,0
12/26/2005,23:00,0,0,0,3,0,0,3,0,0,3,0,0,3,0,0,3,0,0,3,0,-9990,0,0,8,E,8,6,E,8,0.0,E,8,-3.0,E,8,80,E,8,989,E,8,315,E,8,3.3,E,8,-9990,0,0,-9990,0,0,0.749,E,8,0.109,E,8,0.28,E,8,0,-9990,0,0
12/26/2005,24:00,0,0,0,3,0,0,3,0,0,3,0,0,3,0,0,3,0,0,3,0,-9990,0,0,8,E,8,7,E,8,-0.3,E,8,-2.9,E,8,82,E,8,989,E,8,232,E,8,2.8,E,8,-9990,0,0,-9990,0,0,0.755,E,8,0.109,E,8,0.28,E,8,0,-9990,0,0
12/27/2005,01:00,0,0,0,3,0,0,3,0,0,3,0,0,3,0,0,3,0,0,3,0,-9990,0,0,8,E,8,7,E,8,-0.6,E,8,-3.0,E,8,84,E,8,989,E,8,246,E,8,3.3,E,8,-9990,0,0,-9990,0,0,0.754,E,8,0.105,E,8,0.28,E,8,0,-9990,0,0
12/27/2005,02:00,0,0,0,3,0,0,3,0,0,3,0,0,3,0,0,3,0,0,3,0,-9990,0,0,9,E,8,8,E,8,-0.9,E,8,-2.3,E,8,90,E,8,989,E,8,265,E,8,4.8,E,8,-9990,0,0,-9990,0,0,0.789,E,8,0.105,E,8,0.28,E,8,0,-9990,0,0
12/27/2005,03:00,0,0,0,3,0,0,3,0,0,3,0,0,3,0,0,3,0,0,3,0,-9990,0,0,9,E,8,8,E,8,-1.3,E,8,-2.2,E,8,93,E,8,988,E,8,280,E,8,3.4,E,8,-9990,0,0,-9990,0,0,0.795,E,8,0.105,E,8,0.27,E,8,0,-9990,0,0
12/27/2005,04:00,0,0,0,3,0,0,3,0,0,3,0,0,3,0,0,3,0,0,3,0,-9990,0,0,9,E,8,8,E,8,-1.5,E,8,-2.1,E,8,95,E,8,988,E,8,298,E,8,5.6,E,8,-9990,0,0,-9990,0,0,0.801,E,8,0.105,E,8,0.27,E,8,0,-9990,0,0
12/27/2005,05:00,0,0,0,3,0,0,3,0,0,3,0,0,3,0,0,3,0,0,3,0,-9990,0,0,9,E,8,8,E,8,-1.6,E,8,-2.2,E,8,96,E,8,988,E,8,272,E,8,4.8,E,8,-9990,0,0,-9990,0,0,0.798,E,8,0.105,E,8,0.27,E,8,0,-9990,0,0
12/27/2005,06:00,0,0,0,3,0,0,3,0,0,3,0,0,3,0,0,3,0,0,3,0,-9990,0,0,9,E,8,8,E,8,-1.8,E,8,-1.9,E,8,99,E,8,988,E,8,281,E,8,4.1,E,8,-9990,0,0,-9990,0,0,0.811,E,8,0.105,E,8,0.27,E,8,0,-9990,0,0
12/27/2005,07:00,0,0,0,3,0,0,3,0,0,3,0,0,3,0,0,3,0,0,3,0,-9990,0,0,9,E,8,8,E,8,-1.9,E,8,-3.0,E,8,93,E,8,987,E,8,156,E,8,2.5,E,8,-9990,0,0,-9990,0,0,0.754,E,8,0.105,E,8,0.27,E,8,0,-9990,0,0
12/27/2005,08:00,0,0,0,3,0,0,3,0,0,3,0,0,3,0,0,3,0,0,3,0,-9990,0,0,10,E,8,9,E,8,-2.1,E,8,-2.9,E,8,94,E,8,987,E,8,189,E,8,1.8,E,8,-9990,0,0,-9990,0,0,0.756,E,8,0.105,E,8,0.58,E,8,0,-9990,0,0
12/27/2005,09:00,10,224,0,3,10,0,3,20,0,3,10,68,3,10,8,3,20,68,3,10,-9990,0,0,10,E,8,9,E,8,-2.1,E,8,-2.9,E,8,94,E,8,987,E,8,165,E,8,1.7,E,8,-9990,0,0,-9990,0,0,0.755,E,8,0.105,E,8,0.58,E,8,0,-9990,0,0
12/27/2005,10:00,156,1411,25,3,10,0,3,20,25,3,10,2935,3,10,0,3,20,2935,3,10,-9990,0,0,10,E,8,9,E,8,-1.6,E,8,-3.1,E,8,89,E,8,986,E,8,159,E,8,2.7,E,8,-9990,0,0,-9990,0,0,0.745,E,8,0.105,E,8,0.57,E,8,0,-9990,0,0
12/27/2005,11:00,306,1411,56,3,10,0,3,20,56,3,10,6534,3,10,0,3,20,6534,3,10,-9990,0,0,10,E,8,9,E,8,-1.1,E,8,-2.4,E,8,91,E,8,986,E,8,180,E,8,2.8,E,8,-9990,0,0,-9990,0,0,0.782,E,8,0.105,E,8,0.61,E,8,0,-9990,0,0
12/27/2005,12:00,408,1411,89,3,10,0,3,20,89,3,10,10318,3,10,0,3,20,10318,3,10,-9990,0,0,10,E,8,9,E,8,-0.3,E,8,-2.6,E,8,84,E,8,986,E,8,213,E,8,2.3,E,8,-9990,0,0,-9990,0,0,0.771,E,8,0.105,E,8,0.59,E,8,0,-9990,0,0
12/27/2005,13:00,454,1411,95,3,10,0,3,20,95,3,10,10982,3,10,0,3,20,10982,3,10,-9990,0,0,10,E,8,9,E,8,0.2,E,8,-3.4,E,8,77,E,8,986,E,8,72,E,8,2.7,E,8,-9990,0,0,-9990,0,0,0.731,E,8,0.105,E,8,0.58,E,8,0,-9990,0,0
12/27/2005,14:00,440,1411,96,3,10,0,3,20,96,3,10,11047,3,10,0,3,20,11047,3,10,-9990,0,0,10,E,8,9,E,8,0.5,E,8,-2.9,E,8,78,E,8,986,E,8,218,E,8,2.7,E,8,-9990,0,0,-9990,0,0,0.759,E,8,0.105,E,8,0.56,E,8,0,-9990,0,0
12/27/2005,15:00,368,1411,61,3,10,0,3,20,61,3,10,7171,3,10,0,3,20,7171,3,10,-9990,0,0,10,E,8,9,E,8,0.4,E,8,-3.1,E,8,77,E,8,986,E,8,159,E,8,2.8,E,8,-9990,0,0,-9990,0,0,0.749,E,8,0.105,E,8,0.55,E,8,0,-9990,0,0
12/27/2005,16:00,243,1411,39,3,10,0,3,20,39,3,10,4529,3,10,0,3,20,4529,3,10,-9990,0,0,10,E,8,9,E,8,0.2,E,8,-2.9,E,8,80,E,8,986,E,8,64,E,8,3.9,E,8,-9990,0,0,-9990,0,0,0.759,E,8,0.105,E,8,0.53,E,8,0,-9990,0,0
12/27/2005,17:00,71,612,3,3,10,0,3,20,3,3,10,387,3,10,9,3,20,386,3,10,-9990,0,0,10,E,8,9,E,8,-0.3,E,8,-2.8,E,8,83,E,8,986,E,8,336,E,8,4.3,E,8,-9990,0,0,-9990,0,0,0.762,E,8,0.105,E,8,0.52,E,8,0,-9990,0,0
12/27/2005,18:00,0,0,0,3,0,0,3,0,0,3,0,0,3,0,0,3,0,0,3,0,-9990,0,0,10,E,8,9,E,8,-0.5,E,8,-3.3,E,8,82,E,8,986,E,8,10,E,8,3.6,E,8,-9990,0,0,-9990,0,0,0.739,E,8,0.105,E,8,0.51,E,8,0,-9990,0,0
12/27/2005,19:00,0,0,0,3,0,0,3,0,0,3,0,0,3,0,0,3,0,0,3,0,-9990,0,0,9,E,8,8,E,8,-0.8,E,8,-3.2,E,8,83,E,8,986,E,8,7,E,8,3.9,E,8,-9990,0,0,-9990,0,0,0.740,E,8,0.105,E,8,0.50,E,8,0,-9990,0,0
12/27/2005,20:00,0,0,0,3,0,0,3,0,0,3,0,0,3,0,0,3,0,0,3,0,-9990,0,0,9,E,8,8,E,8,-1.0,E,8,-3.6,E,8,82,E,8,987,E,8,22,E,8,2.3,E,8,-9990,0,0,-9990,0,0,0.721,E,8,0.105,E,8,0.49,E,8,0,-9990,0,0
12/27/2005,21:00,0,0,0,3,0,0,3,0,0,3,0,0,3,0,0,3,0,0,3,0,-9990,0,0,9,E,8,8,E,8,-1.3,E,8,-3.3,E,8,86,E,8,987,E,8,16,E,8,2.3,E,8,-9990,0,0,-9990,0,0,0.735,E,8,0.105,E,8,0.48,E,8,0,-9990,0,0
12/27/2005,22:00,0,0,0,3,0,0,3,0,0,3,0,0,3,0,0,3,0,0,3,0,-9990,0,0,9,E,8,8,E,8,-1.5,E,8,-2.7,E,8,91,E,8,987,E,8,46,E,8,2.1,E,8,-9990,0,0,-9990,0,0,0.767,E,8,0.105,E,8,0.47,E,8,0,-9990,0,0
12/27/2005,23:00,0,0,0,3,0,0,3,0,0,3,0,0,3,0,0,3,0,0,3,0,-9990,0,0,8,E,8,7,E,8,-1.8,E,8,-3.0,E,8,91,E,8,987,E,8,83,E,8,3.0,E,8,-9990,0,0,-9990,0,0,0.752,E,8,0.105,E,8,0.46,E,8,0,-9990,0,0
12/27/2005,24:00,0,0,0,3,0,0,3,0,0,3,0,0,3,0,0,3,0,0,3,0,-9990,0,0,8,E,8,7,E,8,-2.0,E,8,-2.6,E,8,95,E,8,987,E,8,211,E,8,3.9,E,8,-9990,0,0,-9990,0,0,0.771,E,8,0.105,E,8,0.45,E,8,0,-9990,0,0
12/28/2005,01:00,0,0,0,3,0,0,3,0,0,3,0,0,3,0,0,3,0,0,3,0,-9990,0,0,8,E,8,7,E,8,-2.2,E,8,-2.4,E,8,99,E,8,987,E,8,167,E,8,3.4,E,8,-9990,0,0,-9990,0,0,0.786,E,8,0.120,E,8,0.44,E,8,0,-9990,0,0
12/28/2005,02:00,0,0,0,3,0,0,3,0,0,3,0,0,3,0,0,3,0,0,3,0,-9990,0,0,8,E,8,7,E,8,-2.3,E,8,-2.6,E,8,98,E,8,987,E,8,59,E,8,2.8,E,8,-9990,0,0,-9990,0,0,0.776,E,8,0.120,E,8,0.43,E,8,0,-9990,0,0
12/28/2005,03:00,0,0,0,3,0,0,3,0,0,3,0,0,3,0,0,3,0,0,3,0,-9990,0,0,6,E,8,6,E,8,-2.5,E,8,-2.6,E,8,99,E,8,988,E,8,58,E,8,4.3,E,8,-9990,0,0,-9990,0,0,0.771,E,8,0.120,E,8,0.42,E,8,0,-9990,0,0
12/28/2005,04:00,0,0,0,3,0,0,3,0,0,3,0,0,3,0,0,3,0,0,3,0,-9990,0,0,6,E,8,6,E,8,-2.6,E,8,-2.7,E,8,99,E,8,988,E,8,228,E,8,3.4,E,8,-9990,0,0,-9990,0,0,0.767,E,8,0.120,E,8,0.41,E,8,0,-9990,0,0
12/28/2005,05:00,0,0,0,3,0,0,3,0,0,3,0,0,3,0,0,3,0,0,3,0,-9990,0,0,6,E,8,6,E,8,-2.7,E,8,-3.1,E,8,96,E,8,988,E,8,202,E,8,4.3,E,8,-9990,0,0,-9990,0,0,0.744,E,8,0.120,E,8,0.41,E,8,0,-9990,0,0
12/28/2005,06:00,0,0,0,3,0,0,3,0,0,3,0,0,3,0,0,3,0,0,3,0,-9990,0,0,6,E,8,6,E,8,-2.8,E,8,-3.9,E,8,92,E,8,988,E,8,286,E,8,5.1,E,8,-9990,0,0,-9990,0,0,0.706,E,8,0.120,E,8,0.40,E,8,0,-9990,0,0
12/28/2005,07:00,0,0,0,3,0,0,3,0,0,3,0,0,3,0,0,3,0,0,3,0,-9990,0,0,5,E,8,5,E,8,-2.8,E,8,-3.5,E,8,95,E,8,988,E,8,308,E,8,4.5,E,8,-9990,0,0,-9990,0,0,0.725,E,8,0.120,E,8,0.39,E,8,0,-9990,0,0
12/28/2005,08:00,0,0,0,3,0,0,3,0,0,3,0,0,3,0,0,3,0,0,3,0,-9990,0,0,5,E,8,5,E,8,-2.9,E,8,-3.6,E,8,94,E,8,988,E,8,248,E,8,3.9,E,8,-9990,0,0,-9990,0,0,0.719,E,8,0.120,E,8,0.39,E,8,0,-9990,0,0
12/28/2005,09:00,10,221,1,3,10,0,3,20,1,3,10,117,3,10,12,3,20,116,3,10,-9990,0,0,5,E,8,5,E,8,-2.8,E,8,-3.2,E,8,97,E,8,988,E,8,325,E,8,4.1,E,8,-9990,0,0,-9990,0,0,0.742,E,8,0.120,E,8,0.38,E,8,0,-9990,0,0
12/28/2005,10:00,155,1411,57,3,10,161,3,20,39,3,10,6170,3,10,3218,3,20,5816,3,10,-9990,0,0,5,E,8,5,E,8,-1.3,E,8,-2.7,E,8,90,E,8,989,E,8,332,E,8,4.3,E,8,-9990,0,0,-9990,0,0,0.765,E,8,0.120,E,8,0.38,E,8,0,-9990,0,0
12/28/2005,11:00,306,1411,131,3,10,254,3,20,76,3,10,14082,3,10,14155,3,20,11010,3,10,-9990,0,0,4,E,8,3,E,8,0.5,E,8,-1.6,E,8,86,E,8,989,E,8,289,E,8,5.1,E,8,-9990,0,0,-9990,0,0,0.828,E,8,0.120,E,8,0.37,E,8,0,-9990,0,0
12/28/2005,12:00,408,1411,180,3,10,203,3,20,121,3,10,19345,3,10,15841,3,20,14762,3,10,-9990,0,0,8,E,8,6,E,8,2.1,E,8,-1.5,E,8,77,E,8,989,E,8,315,E,8,4.5,E,8,-9990,0,0,-9990,0,0,0.833,E,8,0.120,E,8,0.36,E,8,0,-9990,0,0
12/28/2005,13:00,454,1411,152,3,10,57,3,20,134,3,10,16790,3,10,4921,3,20,15206,3,10,-9990,0,0,10,E,8,9,E,8,2.7,E,8,-0.6,E,8,79,E,8,989,E,8,288,E,8,3.0,E,8,-9990,0,0,-9990,0,0,0.889,E,8,0.120,E,8,0.35,E,8,0,-9990,0,0
12/28/2005,14:00,441,1411,164,3,10,82,3,20,138,3,10,18081,3,10,7679,3,20,15680,3,10,-9990,0,0,9,E,8,8,E,8,3.2,E,8,-1.0,E,8,74,E,8,989,E,8,296,E,8,1.7,E,8,-9990,0,0,-9990,0,0,0.864,E,8,0.120,E,8,0.34,E,8,0,-9990,0,0
12/28/2005,15:00,370,1411,129,3,10,79,3,20,108,3,10,14123,3,10,5431,3,20,12699,3,10,-9990,0,0,9,E,8,8,E,8,3.3,E,8,-0.7,E,8,75,E,8,989,E,8,273,E,8,1.1,E,8,-9990,0,0,-9990,0,0,0.884,E,8,0.120,E,8,0.33,E,8,0,-9990,0,0
12/28/2005,16:00,245,1411,50,3,10,0,3,20,50,3,10,5703,3,10,0,3,20,5703,3,10,-9990,0,0,10,E,8,9,E,8,2.6,E,8,-1.0,E,8,77,E,8,989,E,8,283,E,8,1.0,E,8,-9990,0,0,-9990,0,0,0.863,E,8,0.120,E,8,0.33,E,8,0,-9990,0,0
12/28/2005,17:00,73,621,3,3,10,0,3,20,3,3,10,402,3,10,9,3,20,401,3,10,-9990,0,0,10,E,8,9,E,8,1.5,E,8,-0.8,E,8,85,E,8,989,E,8,264,E,8,0.4,E,8,-9990,0,0,-9990,0,0,0.879,E,8,0.120,E,8,0.32,E,8,0,-9990,0,0
12/28/2005,18:00,0,0,0,3,0,0,3,0,0,3,0,0,3,0,0,3,0,0,3,0,-9990,0,0,10,E,8,9,E,8,1.5,E,8,0.0,E,8,90,E,8,989,E,8,324,E,8,0.3,E,8,-9990,0,0,-9990,0,0,0.926,E,8,0.120,E,8,0.32,E,8,0,-9990,0,0
12/28/2005,19:00,0,0,0,3,0,0,3,0,0,3,0,0,3,0,0,3,0,0,3,0,-9990,0,0,9,E,8,8,E,8,1.5,E,8,0.3,E,8,92,E,8,989,E,8,255,E,8,1.1,E,8,-9990,0,0,-9990,0,0,0.946,E,8,0.120,E,8,0.31,E,8,0,-9990,0,0
12/28/2005,20:00,0,0,0,3,0,0,3,0,0,3,0,0,3,0,0,3,0,0,3,0,-9990,0,0,9,E,8,8,E,8,1.4,E,8,0.4,E,8,93,E,8,989,E,8,264,E,8,0.8,E,8,-9990,0,0,-9990,0,0,0.953,E,8,0.120,E,8,0.31,E,8,0,-9990,0,0
12/28/2005,21:00,0,0,0,3,0,0,3,0,0,3,0,0,3,0,0,3,0,0,3,0,-9990,0,0,9,E,8,8,E,8,1.4,E,8,-0.1,E,8,89,E,8,990,E,8,218,E,8,2.1,E,8,-9990,0,0,-9990,0,0,0.919,E,8,0.120,E,8,0.30,E,8,0,-9990,0,0
12/28/2005,22:00,0,0,0,3,0,0,3,0,0,3,0,0,3,0,0,3,0,0,3,0,-9990,0,0,9,E,8,8,E,8,1.4,E,8,-0.4,E,8,88,E,8,990,E,8,169,E,8,2.7,E,8,-9990,0,0,-9990,0,0,0.904,E,8,0.120,E,8,0.30,E,8,0,-9990,0,0
12/28/2005,23:00,0,0,0,3,0,0,3,0,0,3,0,0,3,0,0,3,0,0,3,0,-9990,0,0,9,E,8,8,E,8,1.4,E,8,0.0,E,8,90,E,8,990,E,8,165,E,8,3.3,E,8,-9990,0,0,-9990,0,0,0.925,E,8,0.120,E,8,0.29,E,8,0,-9990,0,0
12/28/2005,24:00,0,0,0,3,0,0,3,0,0,3,0,0,3,0,0,3,0,0,3,0,-9990,0,0,8,E,8,7,E,8,1.3,E,8,0.2,E,8,92,E,8,990,E,8,208,E,8,3.9,E,8,-9990,0,0,-9990,0,0,0.941,E,8,0.120,E,8,0.28,E,8,0,-9990,0,0
12/29/2005,01:00,0,0,0,3,0,0,3,0,0,3,0,0,3,0,0,3,0,0,3,0,-9990,0,0,8,E,8,7,E,8,1.3,E,8,-0.4,E,8,88,E,8,990,E,8,236,E,8,4.1,E,8,-9990,0,0,-9990,0,0,0.902,E,8,0.130,E,8,0.28,E,8,0,-9990,0,0
12/29/2005,02:00,0,0,0,3,0,0,3,0,0,3,0,0,3,0,0,3,0,0,3,0,-9990,0,0,8,E,8,7,E,8,1.4,E,8,-0.4,E,8,88,E,8,990,E,8,144,E,8,3.6,E,8,-9990,0,0,-9990,0,0,0.902,E,8,0.130,E,8,0.27,E,8,0,-9990,0,0
12/29/2005,03:00,0,0,0,3,0,0,3,0,0,3,0,0,3,0,0,3,0,0,3,0,-9990,0,0,8,E,8,7,E,8,1.4,E,8,-0.5,E,8,87,E,8,990,E,8,144,E,8,5.1,E,8,-9990,0,0,-9990,0,0,0.897,E,8,0.130,E,8,0.27,E,8,0,-9990,0,0
12/29/2005,04:00,0,0,0,3,0,0,3,0,0,3,0,0,3,0,0,3,0,0,3,0,-9990,0,0,8,E,8,7,E,8,1.5,E,8,-0.6,E,8,86,E,8,990,E,8,152,E,8,5.1,E,8,-9990,0,0,-9990,0,0,0.892,E,8,0.130,E,8,0.26,E,8,0,-9990,0,0
12/29/2005,05:00,0,0,0,3,0,0,3,0,0,3,0,0,3,0,0,3,0,0,3,0,-9990,0,0,6,E,8,6,E,8,1.5,E,8,0.2,E,8,91,E,8,990,E,8,101,E,8,2.8,E,8,-9990,0,0,-9990,0,0,0.940,E,8,0.130,E,8,0.30,E,8,0,-9990,0,0
12/29/2005,06:00,0,0,0,3,0,0,3,0,0,3,0,0,3,0,0,3,0,0,3,0,-9990,0,0,6,E,8,6,E,8,1.6,E,8,0.6,E,8,93,E,8,990,E,8,158,E,8,3.0,E,8,-9990,0,0,-9990,0,0,0.966,E,8,0.130,E,8,0.30,E,8,0,-9990,0,0
12/29/2005,07:00,0,0,0,3,0,0,3,0,0,3,0,0,3,0,0,3,0,0,3,0,-9990,0,0,6,E,8,6,E,8,1.7,E,8,1.0,E,8,95,E,8,990,E,8,67,E,8,3.3,E,8,-9990,0,0,-9990,0,0,0.993,E,8,0.130,E,8,0.29,E,8,0,-9990,0,0
12/29/2005,08:00,0,0,0,3,0,0,3,0,0,3,0,0,3,0,0,3,0,0,3,0,-9990,0,0,6,E,8,6,E,8,1.7,E,8,1.3,E,8,97,E,8,990,E,8,17,E,8,3.4,E,8,-9990,0,0,-9990,0,0,1.015,E,8,0.130,E,8,0.29,E,8,0,-9990,0,0
12/29/2005,09:00,10,219,1,3,10,0,3,20,1,3,10,83,3,10,9,3,20,82,3,10,-9990,0,0,6,E,8,6,E,8,1.9,E,8,1.4,E,8,96,E,8,990,E,8,81,E,8,3.9,E,8,-9990,0,0,-9990,0,0,1.020,E,8,0.130,E,8,0.29,E,8,0,-9990,0,0
12/29/2005,10:00,155,1411,33,3,10,0,3,20,33,3,10,3807,3,10,0,3,20,3807,3,10,-9990,0,0,5,E,8,5,E,8,2.8,E,8,1.3,E,8,90,E,8,991,E,8,58,E,8,3.6,E,8,-9990,0,0,-9990,0,0,1.019,E,8,0.130,E,8,0.28,E,8,0,-9990,0,0
12/29/2005,11:00,306,1411,128,3,10,210,3,20,82,3,10,13844,3,10,16043,3,20,10362,3,10,-9990,0,0,5,E,8,5,E,8,4.9,E,8,1.9,E,8,81,E,8,991,E,8,25,E,8,3.9,E,8,-9990,0,0,-9990,0,0,1.060,E,8,0.130,E,8,0.27,E,8,0,-9990,0,0
12/29/2005,12:00,409,1411,249,3,10,543,3,20,92,3,10,25999,3,10,43365,3,20,13435,3,10,-9990,0,0,0,E,8,0,E,8,7.6,E,8,2.8,E,8,71,E,8,991,E,8,42,E,8,5.4,E,8,-9990,0,0,-9990,0,0,1.128,E,8,0.130,E,8,0.26,E,8,0,-9990,0,0
12/29/2005,13:00,455,1411,271,3,10,502,3,20,109,3,10,29077,3,10,41402,3,20,15715,3,10,-9990,0,0,0,E,8,0,E,8,9.5,E,8,3.1,E,8,64,E,8,991,E,8,1,E,8,5.4,E,8,-9990,0,0,-9990,0,0,1.149,E,8,0.130,E,8,0.24,E,8,0,-9990,0,0
12/29/2005,14:00,443,1411,199,3,10,208,3,20,134,3,10,21286,3,10,15659,3,20,16373,3,10,-9990,0,0,8,E,8,6,E,8,10.2,E,8,3.8,E,8,64,E,8,991,E,8,339,E,8,6.5,E,8,-9990,0,0,-9990,0,0,1.208,E,8,0.130,E,8,0.21,E,8,0,-9990,0,0
12/29/2005,15:00,372,1411,128,3,10,85,3,20,106,3,10,14117,3,10,5887,3,20,12566,3,10,-9990,0,0,9,E,8,8,E,8,10.0,E,8,2.9,E,8,61,E,8,991,E,8,348,E,8,7.2,E,8,-9990,0,0,-9990,0,0,1.140,E,8,0.130,E,8,0.20,E,8,0,-9990,0,0
12/29/2005,16:00,247,1411,32,3,10,0,3,20,32,3,10,3720,3,10,0,3,20,3720,3,10,-9990,0,0,10,E,8,9,E,8,8.8,E,8,3.5,E,8,69,E,8,991,E,8,346,E,8,7.2,E,8,-9990,0,0,-9990,0,0,1.183,E,8,0.130,E,8,0.20,E,8,0,-9990,0,0
12/29/2005,17:00,75,630,3,3,10,0,3,20,3,3,10,381,3,10,9,3,20,380,3,10,-9990,0,0,10,E,8,9,E,8,7.6,E,8,3.3,E,8,74,E,8,991,E,8,20,E,8,7.4,E,8,-9990,0,0,-9990,0,0,1.166,E,8,0.130,E,8,0.20,E,8,0,-9990,0,0
12/29/2005,18:00,0,0,0,3,0,0,3,0,0,3,0,0,3,0,0,3,0,0,3,0,-9990,0,0,9,E,8,8,E,8,7.4,E,8,3.6,E,8,77,E,8,991,E,8,29,E,8,7.4,E,8,-9990,0,0,-9990,0,0,1.193,E,8,0.130,E,8,0.20,E,8,0,-9990,0,0
12/29/2005,19:00,0,0,0,3,0,0,3,0,0,3,0,0,3,0,0,3,0,0,3,0,-9990,0,0,9,E,8,8,E,8,7.2,E,8,2.9,E,8,74,E,8,991,E,8,11,E,8,6.2,E,8,-9990,0,0,-9990,0,0,1.136,E,8,0.130,E,8,0.20,E,8,0,-9990,0,0
12/29/2005,20:00,0,0,0,3,0,0,3,0,0,3,0,0,3,0,0,3,0,0,3,0,-9990,0,0,8,E,8,6,E,8,7.1,E,8,2.8,E,8,74,E,8,991,E,8,33,E,8,6.9,E,8,-9990,0,0,-9990,0,0,1.125,E,8,0.130,E,8,0.20,E,8,0,-9990,0,0
12/29/2005,21:00,0,0,0,3,0,0,3,0,0,3,0,0,3,0,0,3,0,0,3,0,-9990,0,0,8,E,8,6,E,8,6.9,E,8,2.7,E,8,75,E,8,991,E,8,41,E,8,6.5,E,8,-9990,0,0,-9990,0,0,1.124,E,8,0.130,E,8,0.20,E,8,0,-9990,0,0
12/29/2005,22:00,0,0,0,3,0,0,3,0,0,3,0,0,3,0,0,3,0,0,3,0,-9990,0,0,6,E,8,5,E,8,6.8,E,8,2.8,E,8,76,E,8,991,E,8,18,E,8,5.1,E,8,-9990,0,0,-9990,0,0,1.129,E,8,0.130,E,8,0.20,E,8,0,-9990,0,0
12/29/2005,23:00,0,0,0,3,0,0,3,0,0,3,0,0,3,0,0,3,0,0,3,0,-9990,0,0,6,E,8,5,E,8,6.6,E,8,2.4,E,8,74,E,8,992,E,8,147,E,8,5.1,E,8,-9990,0,0,-9990,0,0,1.099,E,8,0.130,E,8,0.20,E,8,0,-9990,0,0
12/29/2005,24:00,0,0,0,3,0,0,3,0,0,3,0,0,3,0,0,3,0,0,3,0,-9990,0,0,6,E,8,5,E,8,6.5,E,8,3.0,E,8,79,E,8,992,E,8,130,E,8,2.8,E,8,-9990,0,0,-9990,0,0,1.147,E,8,0.130,E,8,0.20,E,8,0,-9990,0,0
12/30/2005,01:00,0,0,0,3,0,0,3,0,0,3,0,0,3,0,0,3,0,0,3,0,-9990,0,0,5,E,8,5,E,8,6.0,E,8,3.5,E,8,84,E,8,992,E,8,61,E,8,4.3,E,8,-9990,0,0,-9990,0,0,1.189,E,8,0.115,E,8,0.20,E,8,0,-9990,0,0
12/30/2005,02:00,0,0,0,3,0,0,3,0,0,3,0,0,3,0,0,3,0,0,3,0,-9990,0,0,5,E,8,5,E,8,5.6,E,8,3.0,E,8,84,E,8,992,E,8,69,E,8,3.6,E,8,-9990,0,0,-9990,0,0,1.147,E,8,0.115,E,8,0.20,E,8,0,-9990,0,0
12/30/2005,03:00,0,0,0,3,0,0,3,0,0,3,0,0,3,0,0,3,0,0,3,0,-9990,0,0,4,E,8,3,E,8,5.2,E,8,3.1,E,8,87,E,8,992,E,8,49,E,8,3.4,E,8,-9990,0,0,-9990,0,0,1.155,E,8,0.115,E,8,0.20,E,8,0,-9990,0,0
12/30/2005,04:00,0,0,0,3,0,0,3,0,0,3,0,0,3,0,0,3,0,0,3,0,-9990,0,0,4,E,8,3,E,8,4.9,E,8,3.0,E,8,87,E,8,992,E,8,19,E,8,3.4,E,8,-9990,0,0,-9990,0,0,1.148,E,8,0.115,E,8,0.20,E,8,0,-9990,0,0
12/30/2005,05:00,0,0,0,3,0,0,3,0,0,3,0,0,3,0,0,3,0,0,3,0,-9990,0,0,4,E,8,3,E,8,4.7,E,8,3.2,E,8,90,E,8,992,E,8,12,E,8,5.6,E,8,-9990,0,0,-9990,0,0,1.162,E,8,0.115,E,8,0.20,E,8,0,-9990,0,0
12/30/2005,06:00,0,0,0,3,0,0,3,0,0,3,0,0,3,0,0,3,0,0,3,0,-9990,0,0,3,E,8,2,E,8,4.5,E,8,3.6,E,8,94,E,8,992,E,8,46,E,8,3.6,E,8,-9990,0,0,-9990,0,0,1.192,E,8,0.115,E,8,0.20,E,8,0,-9990,0,0
12/30/2005,07:00,0,0,0,3,0,0,3,0,0,3,0,0,3,0,0,3,0,0,3,0,-9990,0,0,3,E,8,2,E,8,4.4,E,8,3.9,E,8,97,E,8,992,E,8,40,E,8,3.4,E,8,-9990,0,0,-9990,0,0,1.221,E,8,0.115,E,8,0.20,E,8,0,-9990,0,0
12/30/2005,08:00,0,0,0,3,0,0,3,0,0,3,0,0,3,0,0,3,0,0,3,0,-9990,0,0,1,E,8,1,E,8,4.2,E,8,3.7,E,8,97,E,8,992,E,8,42,E,8,3.9,E,8,-9990,0,0,-9990,0,0,1.206,E,8,0.115,E,8,0.20,E,8,0,-9990,0,0
12/30/2005,09:00,10,218,1,3,10,0,3,20,1,3,10,137,3,10,13,3,20,137,3,10,-9990,0,0,1,E,8,1,E,8,4.3,E,8,3.9,E,8,97,E,8,992,E,8,72,E,8,2.8,E,8,-9990,0,0,-9990,0,0,1.216,E,8,0.115,E,8,0.20,E,8,0,-9990,0,0
12/30/2005,10:00,155,1412,61,3,10,186,3,20,41,3,10,6631,3,10,4675,3,20,6119,3,10,-9990,0,0,0,E,8,0,E,8,5.8,E,8,4.1,E,8,89,E,8,992,E,8,48,E,8,2.8,E,8,-9990,0,0,-9990,0,0,1.238,E,8,0.115,E,8,0.20,E,8,0,-9990,0,0
12/30/2005,11:00,307,1412,147,3,10,363,3,20,68,3,10,15966,3,10,26915,3,20,10119,3,10,-9990,0,0,0,E,8,0,E,8,7.8,E,8,4.2,E,8,78,E,8,992,E,8,155,E,8,3.4,E,8,-9990,0,0,-9990,0,0,1.247,E,8,0.115,E,8,0.20,E,8,0,-9990,0,0
12/30/2005,12:00,410,1412,221,3,10,488,3,20,79,3,10,23396,3,10,39189,3,20,12022,3,10,-9990,0,0,0,E,8,0,E,8,9.8,E,8,4.8,E,8,71,E,8,992,E,8,161,E,8,3.3,E,8,-9990,0,0,-9990,0,0,1.297,E,8,0.115,E,8,0.20,E,8,0,-9990,0,0
12/30/2005,13:00,457,1412,271,3,10,581,3,20,83,3,10,28761,3,10,50129,3,20,12542,3,10,-9990,0,0,0,E,8,0,E,8,11.5,E,8,5.7,E,8,68,E,8,993,E,8,29,E,8,3.3,E,8,-9990,0,0,-9990,0,0,1.383,E,8,0.115,E,8,0.20,E,8,0,-9990,0,0
12/30/2005,14:00,445,1412,246,3,10,504,3,20,87,3,10,25930,3,10,40987,3,20,13022,3,10,-9990,0,0,0,E,8,0,E,8,12.4,E,8,6.0,E,8,65,E,8,992,E,8,52,E,8,3.4,E,8,-9990,0,0,-9990,0,0,1.408,E,8,0.115,E,8,0.20,E,8,0,-9990,0,0
12/30/2005,15:00,374,1412,191,3,10,427,3,20,78,3,10,20653,3,10,34329,3,20,11557,3,10,-9990,0,0,0,E,8,0,E,8,12.6,E,8,5.5,E,8,62,E,8,992,E,8,169,E,8,2.5,E,8,-9990,0,0,-9990,0,0,1.365,E,8,0.115,E,8,0.20,E,8,0,-9990,0,0
12/30/2005,16:00,250,1412,103,3,10,156,3,20,76,3,10,10910,3,10,8125,3,20,9472,3,10,-9990,0,0,8,E,8,6,E,8,12.0,E,8,5.2,E,8,63,E,8,992,E,8,163,E,8,2.8,E,8,-9990,0,0,-9990,0,0,1.334,E,8,0.115,E,8,0.20,E,8,0,-9990,0,0
12/30/2005,17:00,77,640,3,3,10,0,3,20,3,3,10,433,3,10,9,3,20,432,3,10,-9990,0,0,8,E,8,6,E,8,10.5,E,8,4.5,E,8,66,E,8,992,E,8,156,E,8,3.0,E,8,-9990,0,0,-9990,0,0,1.268,E,8,0.115,E,8,0.20,E,8,0,-9990,0,0
12/30/2005,18:00,0,0,0,3,0,0,3,0,0,3,0,0,3,0,0,3,0,0,3,0,-9990,0,0,8,E,8,6,E,8,10.0,E,8,3.7,E,8,65,E,8,992,E,8,44,E,8,2.8,E,8,-9990,0,0,-9990,0,0,1.204,E,8,0.115,E,8,0.20,E,8,0,-9990,0,0
12/30/2005,19:00,0,0,0,3,0,0,3,0,0,3,0,0,3,0,0,3,0,0,3,0,-9990,0,0,8,E,8,6,E,8,9.5,E,8,4.6,E,8,71,E,8,991,E,8,199,E,8,2.8,E,8,-9990,0,0,-9990,0,0,1.276,E,8,0.115,E,8,0.20,E,8,0,-9990,0,0
12/30/2005,20:00,0,0,0,3,0,0,3,0,0,3,0,0,3,0,0,3,0,0,3,0,-9990,0,0,8,E,8,6,E,8,8.9,E,8,4.4,E,8,73,E,8,991,E,8,72,E,8,4.5,E,8,-9990,0,0,-9990,0,0,1.266,E,8,0.115,E,8,0.20,E,8,0,-9990,0,0
12/30/2005,21:00,0,0,0,3,0,0,3,0,0,3,0,0,3,0,0,3,0,0,3,0,-9990,0,0,8,E,8,6,E,8,8.4,E,8,4.5,E,8,76,E,8,991,E,8,19,E,8,4.1,E,8,-9990,0,0,-9990,0,0,1.268,E,8,0.115,E,8,0.20,E,8,0,-9990,0,0
12/30/2005,22:00,0,0,0,3,0,0,3,0,0,3,0,0,3,0,0,3,0,0,3,0,-9990,0,0,8,E,8,6,E,8,7.9,E,8,4.5,E,8,79,E,8,991,E,8,42,E,8,4.8,E,8,-9990,0,0,-9990,0,0,1.268,E,8,0.115,E,8,0.20,E,8,0,-9990,0,0
12/30/2005,23:00,0,0,0,3,0,0,3,0,0,3,0,0,3,0,0,3,0,0,3,0,-9990,0,0,9,E,8,8,E,8,7.3,E,8,3.8,E,8,78,E,8,991,E,8,17,E,8,3.9,E,8,-9990,0,0,-9990,0,0,1.212,E,8,0.115,E,8,0.20,E,8,0,-9990,0,0
12/30/2005,24:00,0,0,0,3,0,0,3,0,0,3,0,0,3,0,0,3,0,0,3,0,-9990,0,0,9,E,8,8,E,8,6.8,E,8,3.5,E,8,79,E,8,990,E,8,33,E,8,2.7,E,8,-9990,0,0,-9990,0,0,1.181,E,8,0.115,E,8,0.20,E,8,0,-9990,0,0
12/31/2005,01:00,0,0,0,3,0,0,3,0,0,3,0,0,3,0,0,3,0,0,3,0,-9990,0,0,9,E,8,8,E,8,6.2,E,8,3.3,E,8,81,E,8,990,E,8,94,E,8,2.8,E,8,-9990,0,0,-9990,0,0,1.165,E,8,0.114,E,8,0.20,E,8,0,-9990,0,0
12/31/2005,02:00,0,0,0,3,0,0,3,0,0,3,0,0,3,0,0,3,0,0,3,0,-9990,0,0,9,E,8,8,E,8,5.6,E,8,3.1,E,8,84,E,8,990,E,8,62,E,8,3.3,E,8,-9990,0,0,-9990,0,0,1.152,E,8,0.114,E,8,0.20,E,8,0,-9990,0,0
12/31/2005,03:00,0,0,0,3,0,0,3,0,0,3,0,0,3,0,0,3,0,0,3,0,-9990,0,0,9,E,8,8,E,8,5.0,E,8,2.6,E,8,84,E,8,990,E,8,138,E,8,4.5,E,8,-9990,0,0,-9990,0,0,1.114,E,8,0.114,E,8,0.20,E,8,0,-9990,0,0
12/31/2005,04:00,0,0,0,3,0,0,3,0,0,3,0,0,3,0,0,3,0,0,3,0,-9990,0,0,9,E,8,8,E,8,4.7,E,8,2.9,E,8,88,E,8,990,E,8,41,E,8,3.6,E,8,-9990,0,0,-9990,0,0,1.138,E,8,0.114,E,8,0.20,E,8,0,-9990,0,0
12/31/2005,05:00,0,0,0,3,0,0,3,0,0,3,0,0,3,0,0,3,0,0,3,0,-9990,0,0,9,E,8,8,E,8,4.4,E,8,3.3,E,8,92,E,8,989,E,8,194,E,8,4.3,E,8,-9990,0,0,-9990,0,0,1.166,E,8,0.114,E,8,0.20,E,8,0,-9990,0,0
12/31/2005,06:00,0,0,0,3,0,0,3,0,0,3,0,0,3,0,0,3,0,0,3,0,-9990,0,0,9,E,8,8,E,8,4.1,E,8,2.5,E,8,89,E,8,989,E,8,224,E,8,3.6,E,8,-9990,0,0,-9990,0,0,1.102,E,8,0.114,E,8,0.20,E,8,0,-9990,0,0
12/31/2005,07:00,0,0,0,3,0,0,3,0,0,3,0,0,3,0,0,3,0,0,3,0,-9990,0,0,10,E,8,9,E,8,3.8,E,8,2.7,E,8,92,E,8,989,E,8,218,E,8,2.7,E,8,-9990,0,0,-9990,0,0,1.121,E,8,0.114,E,8,0.20,E,8,0,-9990,0,0
12/31/2005,08:00,0,0,0,3,0,0,3,0,0,3,0,0,3,0,0,3,0,0,3,0,-9990,0,0,10,E,8,9,E,8,3.6,E,8,2.9,E,8,95,E,8,989,E,8,148,E,8,4.1,E,8,-9990,0,0,-9990,0,0,1.137,E,8,0.114,E,8,0.20,E,8,0,-9990,0,0
12/31/2005,09:00,10,217,0,3,10,0,3,20,0,3,10,75,3,10,9,3,20,74,3,10,-9990,0,0,10,E,8,9,E,8,3.6,E,8,3.5,E,8,99,E,8,989,E,8,137,E,8,3.9,E,8,-9990,0,0,-9990,0,0,1.187,E,8,0.114,E,8,0.20,E,8,0,-9990,0,0
12/31/2005,10:00,155,1412,8,3,10,0,3,20,8,3,10,1068,3,10,11,3,20,1066,3,10,-9990,0,0,10,E,8,9,E,8,3.7,E,8,3.5,E,8,99,E,8,988,E,8,51,E,8,3.6,E,8,-9990,0,0,-9990,0,0,1.188,E,8,0.114,E,8,0.20,E,8,0,-9990,0,0
12/31/2005,11:00,307,1412,28,3,10,0,3,20,28,3,10,3416,3,10,0,3,20,3416,3,10,-9990,0,0,10,E,8,9,E,8,4.0,E,8,3.5,E,8,96,E,8,988,E,8,143,E,8,2.2,E,8,-9990,0,0,-9990,0,0,1.185,E,8,0.114,E,8,0.20,E,8,0,-9990,0,0
12/31/2005,12:00,411,1412,106,3,10,4,3,20,105,3,10,12100,3,10,311,3,20,12010,3,10,-9990,0,0,10,E,8,9,E,8,5.0,E,8,3.4,E,8,90,E,8,988,E,8,190,E,8,2.2,E,8,-9990,0,0,-9990,0,0,1.179,E,8,0.114,E,8,0.20,E,8,0,-9990,0,0
12/31/2005,13:00,458,1412,148,3,10,38,3,20,136,3,10,16419,3,10,2756,3,20,15525,3,10,-9990,0,0,10,E,8,9,E,8,5.8,E,8,3.5,E,8,85,E,8,988,E,8,234,E,8,2.2,E,8,-9990,0,0,-9990,0,0,1.181,E,8,0.114,E,8,0.20,E,8,0,-9990,0,0
12/31/2005,14:00,446,1412,197,3,10,195,3,20,136,3,10,21679,3,10,17961,3,20,16000,3,10,-9990,0,0,8,E,8,7,E,8,6.8,E,8,4.1,E,8,83,E,8,988,E,8,177,E,8,2.7,E,8,-9990,0,0,-9990,0,0,1.232,E,8,0.114,E,8,0.20,E,8,0,-9990,0,0
12/31/2005,15:00,376,1412,122,3,10,54,3,20,108,3,10,13501,3,10,4639,3,20,12264,3,10,-9990,0,0,10,E,8,9,E,8,7.0,E,8,3.6,E,8,79,E,8,988,E,8,116,E,8,3.0,E,8,-9990,0,0,-9990,0,0,1.190,E,8,0.114,E,8,0.20,E,8,0,-9990,0,0
12/31/2005,16:00,252,1412,44,3,10,0,3,20,44,3,10,4994,3,10,0,3,20,4994,3,10,-9990,0,0,10,E,8,9,E,8,6.6,E,8,3.3,E,8,80,E,8,988,E,8,166,E,8,4.1,E,8,-9990,0,0,-9990,0,0,1.170,E,8,0.114,E,8,0.20,E,8,0,-9990,0,0
12/31/2005,17:00,80,651,17,3,10,0,3,20,17,3,10,2033,3,10,0,3,20,2033,3,10,-9990,0,0,10,E,8,9,E,8,6.0,E,8,2.9,E,8,80,E,8,988,E,8,206,E,8,3.3,E,8,-9990,0,0,-9990,0,0,1.139,E,8,0.114,E,8,0.20,E,8,0,-9990,0,0
12/31/2005,18:00,0,0,0,3,0,0,3,0,0,3,0,0,3,0,0,3,0,0,3,0,-9990,0,0,10,E,8,9,E,8,5.6,E,8,2.7,E,8,82,E,8,988,E,8,272,E,8,3.3,E,8,-9990,0,0,-9990,0,0,1.122,E,8,0.114,E,8,0.20,E,8,0,-9990,0,0
12/31/2005,19:00,0,0,0,3,0,0,3,0,0,3,0,0,3,0,0,3,0,0,3,0,-9990,0,0,10,E,8,9,E,8,5.1,E,8,2.3,E,8,82,E,8,988,E,8,295,E,8,3.6,E,8,-9990,0,0,-9990,0,0,1.092,E,8,0.114,E,8,0.20,E,8,0,-9990,0,0
12/31/2005,20:00,0,0,0,3,0,0,3,0,0,3,0,0,3,0,0,3,0,0,3,0,-9990,0,0,10,E,8,9,E,8,4.6,E,8,2.0,E,8,83,E,8,988,E,8,219,E,8,2.3,E,8,-9990,0,0,-9990,0,0,1.064,E,8,0.114,E,8,0.20,E,8,0,-9990,0,0
12/31/2005,21:00,0,0,0,3,0,0,3,0,0,3,0,0,3,0,0,3,0,0,3,0,-9990,0,0,10,E,8,9,E,8,4.2,E,8,1.8,E,8,85,E,8,988,E,8,159,E,8,1.8,E,8,-9990,0,0,-9990,0,0,1.054,E,8,0.114,E,8,0.20,E,8,0,-9990,0,0
12/31/2005,22:00,0,0,0,3,0,0,3,0,0,3,0,0,3,0,0,3,0,0,3,0,-9990,0,0,10,E,8,9,E,8,3.7,E,8,1.2,E,8,84,E,8,988,E,8,210,E,8,0.6,E,8,-9990,0,0,-9990,0,0,1.012,E,8,0.114,E,8,0.20,E,8,0,-9990,0,0
12/31/2005,23:00,0,0,0,3,0,0,3,0,0,3,0,0,3,0,0,3,0,0,3,0,-9990,0,0,10,E,8,9,E,8,3.3,E,8,1.5,E,8,88,E,8,988,E,8,208,E,8,0.3,E,8,-9990,0,0,-9990,0,0,1.033,E,8,0.114,E,8,0.20,E,8,0,-9990,0,0
12/31/2005,24:00,0,0,0,3,0,0,3,0,0,3,0,0,3,0,0,3,0,0,3,0,-9990,0,0,10,E,8,9,E,8,2.8,E,8,0.8,E,8,86,E,8,988,E,8,223,E,8,0.5,E,8,-9990,0,0,-9990,0,0,0.978,E,8,0.114,E,8,0.20,E,8,0,-9990,0,0
